path,mean_relative_luminance,luminance_class,laplacian_features,foreground_texture_label,foreground_texture_class,distance_to_texture_center,foreground_candidate,background_candidate
C:\Users\Hamada.MSI\Desktop\Hamada\lab\data\raw\images\Describable Textures Dataset\images\banded\banded_0013.jpg,0.7199434366129915,5,"[2.343775510787964, 3.513646364212036, 4.520253658294678, 7.040216445922852]",,,,False,True
C:\Users\Hamada.MSI\Desktop\Hamada\lab\data\raw\images\Describable Textures Dataset\images\banded\banded_0016.jpg,0.5891775140771229,5,"[4.864923477172852, 6.796624183654785, 9.503570556640625, 20.799524307250977]",,,,False,True
C:\Users\Hamada.MSI\Desktop\Hamada\lab\data\raw\images\Describable Textures Dataset\images\banded\banded_0024.jpg,0.320713827941111,4,"[11.196755409240723, 8.875980377197266, 13.178180694580078, 20.81502914428711]",,,,False,True
C:\Users\Hamada.MSI\Desktop\Hamada\lab\data\raw\images\Describable Textures Dataset\images\banded\banded_0037.jpg,0.028004322357313816,1,"[1.2931983470916748, 2.117478609085083, 4.200809001922607, 27.57317543029785]",7,4,4.809283693880714,True,False
C:\Users\Hamada.MSI\Desktop\Hamada\lab\data\raw\images\Describable Textures Dataset\images\banded\banded_0069.jpg,0.7773106081976457,5,"[0.9075901508331299, 0.7218126654624939, 0.8495620489120483, 3.956059455871582]",,,,False,True
C:\Users\Hamada.MSI\Desktop\Hamada\lab\data\raw\images\Describable Textures Dataset\images\banded\banded_0081.jpg,0.8482697942035461,5,"[5.300628185272217, 8.681647300720215, 9.902596473693848, 9.298286437988281]",,,,False,True
C:\Users\Hamada.MSI\Desktop\Hamada\lab\data\raw\images\Describable Textures Dataset\images\banded\banded_0086.jpg,0.5416157560943892,5,"[12.235712051391602, 18.744884490966797, 37.87277603149414, 60.00672912597656]",,,,False,True
C:\Users\Hamada.MSI\Desktop\Hamada\lab\data\raw\images\Describable Textures Dataset\images\banded\banded_0088.jpg,0.16772388721945578,2,"[10.406197547912598, 6.389932632446289, 6.320495128631592, 17.575645446777344]",,,,False,False
C:\Users\Hamada.MSI\Desktop\Hamada\lab\data\raw\images\Describable Textures Dataset\images\banded\banded_0097.jpg,0.3068017225767449,4,"[2.7307372093200684, 4.704315185546875, 7.681827068328857, 43.0610237121582]",,,,False,True
C:\Users\Hamada.MSI\Desktop\Hamada\lab\data\raw\images\Describable Textures Dataset\images\banded\banded_0105.jpg,0.47093478967611163,5,"[7.939796447753906, 15.64919662475586, 29.755477905273438, 30.311071395874023]",,,,False,True
C:\Users\Hamada.MSI\Desktop\Hamada\lab\data\raw\images\Describable Textures Dataset\images\banded\banded_0108.jpg,0.11622969608655173,1,"[4.232824325561523, 6.3946099281311035, 11.64350414276123, 38.89717483520508]",2,8,4.154249494659503,True,False
C:\Users\Hamada.MSI\Desktop\Hamada\lab\data\raw\images\Describable Textures Dataset\images\banded\banded_0112.jpg,0.7476619597296282,5,"[6.971706390380859, 2.5772666931152344, 1.9562791585922241, 9.639935493469238]",,,,False,True
C:\Users\Hamada.MSI\Desktop\Hamada\lab\data\raw\images\Describable Textures Dataset\images\banded\banded_0113.jpg,0.20432872486661435,2,"[2.5245063304901123, 1.7756329774856567, 1.9612820148468018, 19.621946334838867]",,,,False,False
C:\Users\Hamada.MSI\Desktop\Hamada\lab\data\raw\images\Describable Textures Dataset\images\banded\banded_0116.jpg,0.07930200115511644,1,"[1.3749903440475464, 1.546162486076355, 2.2431323528289795, 19.115062713623047]",5,3,5.679818200969736,True,False
C:\Users\Hamada.MSI\Desktop\Hamada\lab\data\raw\images\Describable Textures Dataset\images\banded\banded_0121.jpg,0.3051456340509061,4,"[6.5922322273254395, 13.45949935913086, 28.26353645324707, 58.437076568603516]",,,,False,True
C:\Users\Hamada.MSI\Desktop\Hamada\lab\data\raw\images\Describable Textures Dataset\images\banded\banded_0131.jpg,0.4545004064792109,5,"[4.542523384094238, 6.132602214813232, 10.519754409790039, 50.050689697265625]",,,,False,True
C:\Users\Hamada.MSI\Desktop\Hamada\lab\data\raw\images\Describable Textures Dataset\images\banded\banded_0137.jpg,0.42922502224338044,5,"[2.767876625061035, 4.028355598449707, 7.387170314788818, 31.710575103759766]",,,,False,True
C:\Users\Hamada.MSI\Desktop\Hamada\lab\data\raw\images\Describable Textures Dataset\images\banded\banded_0139.jpg,0.37016788752416746,4,"[8.463163375854492, 9.163688659667969, 9.108865737915039, 48.7410888671875]",,,,False,True
C:\Users\Hamada.MSI\Desktop\Hamada\lab\data\raw\images\Describable Textures Dataset\images\banded\banded_0142.jpg,0.2031267812250982,2,"[2.903374671936035, 2.002639055252075, 2.6980230808258057, 39.536827087402344]",,,,False,False
C:\Users\Hamada.MSI\Desktop\Hamada\lab\data\raw\images\Describable Textures Dataset\images\banded\banded_0150.jpg,0.45434225596152433,5,"[10.649617195129395, 15.577736854553223, 14.609590530395508, 20.553239822387695]",,,,False,True
C:\Users\Hamada.MSI\Desktop\Hamada\lab\data\raw\images\Describable Textures Dataset\images\blotchy\blotchy_0017.jpg,0.31811308208914946,4,"[28.99405288696289, 14.08566665649414, 10.877338409423828, 21.1406192779541]",,,,False,True
C:\Users\Hamada.MSI\Desktop\Hamada\lab\data\raw\images\Describable Textures Dataset\images\blotchy\blotchy_0019.jpg,0.0706952485955564,1,"[9.870704650878906, 4.7602858543396, 3.687422037124634, 10.201770782470703]",0,2,3.217663165163788,True,False
C:\Users\Hamada.MSI\Desktop\Hamada\lab\data\raw\images\Describable Textures Dataset\images\blotchy\blotchy_0032.jpg,0.5907960948148484,5,"[3.065209150314331, 3.175182819366455, 2.800208330154419, 6.085114479064941]",,,,False,True
C:\Users\Hamada.MSI\Desktop\Hamada\lab\data\raw\images\Describable Textures Dataset\images\blotchy\blotchy_0034.jpg,0.2605677261352936,3,"[9.488874435424805, 6.538698673248291, 6.403143882751465, 12.878549575805664]",,,,False,False
C:\Users\Hamada.MSI\Desktop\Hamada\lab\data\raw\images\Describable Textures Dataset\images\blotchy\blotchy_0038.jpg,0.20944263583803682,2,"[7.958724498748779, 6.7367119789123535, 8.311063766479492, 12.385915756225586]",,,,False,False
C:\Users\Hamada.MSI\Desktop\Hamada\lab\data\raw\images\Describable Textures Dataset\images\blotchy\blotchy_0056.jpg,0.17347450104439746,2,"[10.832332611083984, 6.230363368988037, 5.348924160003662, 18.718006134033203]",,,,False,False
C:\Users\Hamada.MSI\Desktop\Hamada\lab\data\raw\images\Describable Textures Dataset\images\blotchy\blotchy_0060.jpg,0.17409146348726334,2,"[3.762521982192993, 4.29274320602417, 5.538585186004639, 47.235740661621094]",,,,False,False
C:\Users\Hamada.MSI\Desktop\Hamada\lab\data\raw\images\Describable Textures Dataset\images\blotchy\blotchy_0067.jpg,0.7836513055475798,5,"[4.316676616668701, 3.137584924697876, 3.980752944946289, 15.341315269470215]",,,,False,True
C:\Users\Hamada.MSI\Desktop\Hamada\lab\data\raw\images\Describable Textures Dataset\images\blotchy\blotchy_0072.jpg,0.3012392400149531,4,"[4.958712577819824, 3.3640778064727783, 3.411210060119629, 18.035200119018555]",,,,False,True
C:\Users\Hamada.MSI\Desktop\Hamada\lab\data\raw\images\Describable Textures Dataset\images\blotchy\blotchy_0077.jpg,0.022450658897063627,1,"[2.313908576965332, 2.5060415267944336, 2.6696155071258545, 8.797733306884766]",3,1,1.5805970346196723,True,False
C:\Users\Hamada.MSI\Desktop\Hamada\lab\data\raw\images\Describable Textures Dataset\images\blotchy\blotchy_0084.jpg,0.13264021681919808,1,"[3.784639358520508, 4.269232749938965, 5.138006210327148, 26.02847671508789]",7,4,4.986313695588289,True,False
C:\Users\Hamada.MSI\Desktop\Hamada\lab\data\raw\images\Describable Textures Dataset\images\blotchy\blotchy_0085.jpg,0.3594497767118151,4,"[6.869722366333008, 4.573347091674805, 4.403717041015625, 27.613895416259766]",,,,False,True
C:\Users\Hamada.MSI\Desktop\Hamada\lab\data\raw\images\Describable Textures Dataset\images\blotchy\blotchy_0093.jpg,0.2619120797719534,3,"[5.252795696258545, 4.563716411590576, 4.501413345336914, 32.59916687011719]",,,,False,False
C:\Users\Hamada.MSI\Desktop\Hamada\lab\data\raw\images\Describable Textures Dataset\images\blotchy\blotchy_0096.jpg,0.45602039924890503,5,"[6.712830066680908, 5.384238243103027, 6.42063045501709, 10.358864784240723]",,,,False,True
C:\Users\Hamada.MSI\Desktop\Hamada\lab\data\raw\images\Describable Textures Dataset\images\blotchy\blotchy_0100.jpg,0.5926833073693343,5,"[10.361401557922363, 7.340109825134277, 4.679951190948486, 10.822593688964844]",,,,False,True
C:\Users\Hamada.MSI\Desktop\Hamada\lab\data\raw\images\Describable Textures Dataset\images\blotchy\blotchy_0107.jpg,0.30863597942141424,4,"[8.054014205932617, 7.570925235748291, 8.858989715576172, 51.10250473022461]",,,,False,True
C:\Users\Hamada.MSI\Desktop\Hamada\lab\data\raw\images\Describable Textures Dataset\images\blotchy\blotchy_0108.jpg,0.22819618380598844,3,"[3.314270496368408, 3.400949001312256, 3.5954418182373047, 22.4425106048584]",,,,False,False
C:\Users\Hamada.MSI\Desktop\Hamada\lab\data\raw\images\Describable Textures Dataset\images\blotchy\blotchy_0111.jpg,0.14258656140632722,1,"[2.7271475791931152, 4.302509784698486, 5.950692653656006, 32.9890022277832]",7,4,2.23749860382459,True,False
C:\Users\Hamada.MSI\Desktop\Hamada\lab\data\raw\images\Describable Textures Dataset\images\blotchy\blotchy_0119.jpg,0.1367083553274292,1,"[3.73960542678833, 5.536090850830078, 9.211577415466309, 37.10065841674805]",2,8,4.904302390433799,True,False
C:\Users\Hamada.MSI\Desktop\Hamada\lab\data\raw\images\Describable Textures Dataset\images\blotchy\blotchy_0125.jpg,0.45306496679648367,5,"[4.100804328918457, 4.600971698760986, 6.357034683227539, 28.337324142456055]",,,,False,True
C:\Users\Hamada.MSI\Desktop\Hamada\lab\data\raw\images\Describable Textures Dataset\images\braided\braided_0061.jpg,0.37075631648679525,4,"[7.961989402770996, 10.657346725463867, 10.37244701385498, 23.5469970703125]",,,,False,True
C:\Users\Hamada.MSI\Desktop\Hamada\lab\data\raw\images\Describable Textures Dataset\images\braided\braided_0075.jpg,0.2609572345508402,3,"[9.441025733947754, 8.224650382995605, 8.299768447875977, 20.69640350341797]",,,,False,False
C:\Users\Hamada.MSI\Desktop\Hamada\lab\data\raw\images\Describable Textures Dataset\images\braided\braided_0106.jpg,0.21457210218367476,2,"[10.052970886230469, 9.542641639709473, 9.264406204223633, 30.296586990356445]",,,,False,False
C:\Users\Hamada.MSI\Desktop\Hamada\lab\data\raw\images\Describable Textures Dataset\images\braided\braided_0112.jpg,0.2999565784974241,4,"[6.331437110900879, 9.676945686340332, 15.055787086486816, 56.794921875]",,,,False,True
C:\Users\Hamada.MSI\Desktop\Hamada\lab\data\raw\images\Describable Textures Dataset\images\braided\braided_0122.jpg,0.40879891242169025,5,"[4.110686302185059, 4.376518726348877, 5.6937432289123535, 38.6647834777832]",,,,False,True
C:\Users\Hamada.MSI\Desktop\Hamada\lab\data\raw\images\Describable Textures Dataset\images\braided\braided_0123.jpg,0.22813871733522476,3,"[4.948750972747803, 6.405577659606934, 9.366868019104004, 23.12641716003418]",,,,False,False
C:\Users\Hamada.MSI\Desktop\Hamada\lab\data\raw\images\Describable Textures Dataset\images\braided\braided_0127.jpg,0.27820555597938,3,"[26.851957321166992, 19.789979934692383, 12.504030227661133, 44.48786926269531]",,,,False,False
C:\Users\Hamada.MSI\Desktop\Hamada\lab\data\raw\images\Describable Textures Dataset\images\braided\braided_0135.jpg,0.1894025367865884,2,"[16.41263198852539, 10.671222686767578, 13.115547180175781, 34.5828971862793]",,,,False,False
C:\Users\Hamada.MSI\Desktop\Hamada\lab\data\raw\images\Describable Textures Dataset\images\braided\braided_0145.jpg,0.09711718929554822,1,"[1.8867586851119995, 2.92024564743042, 3.9379947185516357, 19.671955108642578]",5,3,3.943998056620683,True,False
C:\Users\Hamada.MSI\Desktop\Hamada\lab\data\raw\images\Describable Textures Dataset\images\braided\braided_0146.jpg,0.24525675583592643,3,"[19.171056747436523, 15.875818252563477, 13.435221672058105, 36.05534362792969]",,,,False,False
C:\Users\Hamada.MSI\Desktop\Hamada\lab\data\raw\images\Describable Textures Dataset\images\braided\braided_0153.jpg,0.026443486426831947,1,"[10.388924598693848, 7.994528293609619, 4.620893478393555, 5.993528842926025]",0,2,2.5568887931913276,True,False
C:\Users\Hamada.MSI\Desktop\Hamada\lab\data\raw\images\Describable Textures Dataset\images\braided\braided_0159.jpg,0.3686559386737828,4,"[12.429234504699707, 12.824224472045898, 9.312456130981445, 39.417633056640625]",,,,False,True
C:\Users\Hamada.MSI\Desktop\Hamada\lab\data\raw\images\Describable Textures Dataset\images\braided\braided_0163.jpg,0.09314384687132415,1,"[3.1045377254486084, 4.218307018280029, 5.950115203857422, 31.280406951904297]",7,4,0.6569888813901543,True,False
C:\Users\Hamada.MSI\Desktop\Hamada\lab\data\raw\images\Describable Textures Dataset\images\braided\braided_0166.jpg,0.44431984100693495,5,"[9.330928802490234, 10.229734420776367, 7.824178695678711, 24.460874557495117]",,,,False,True
C:\Users\Hamada.MSI\Desktop\Hamada\lab\data\raw\images\Describable Textures Dataset\images\braided\braided_0169.jpg,0.2831585736567069,4,"[27.19175148010254, 18.280879974365234, 8.937582015991211, 29.097352981567383]",,,,False,True
C:\Users\Hamada.MSI\Desktop\Hamada\lab\data\raw\images\Describable Textures Dataset\images\braided\braided_0171.jpg,0.12881706369684745,1,"[7.199129104614258, 7.747779846191406, 8.451753616333008, 34.38930130004883]",2,8,6.054746955448649,True,False
C:\Users\Hamada.MSI\Desktop\Hamada\lab\data\raw\images\Describable Textures Dataset\images\braided\braided_0174.jpg,0.49612759539089646,5,"[10.448209762573242, 13.362104415893555, 15.529435157775879, 55.5140380859375]",,,,False,True
C:\Users\Hamada.MSI\Desktop\Hamada\lab\data\raw\images\Describable Textures Dataset\images\braided\braided_0183.jpg,0.1092388759764138,1,"[2.639774799346924, 3.2704360485076904, 4.442028045654297, 35.3735237121582]",7,4,4.7762242251948255,True,False
C:\Users\Hamada.MSI\Desktop\Hamada\lab\data\raw\images\Describable Textures Dataset\images\braided\braided_0192.jpg,0.3314331496028012,4,"[2.041300058364868, 2.8244729042053223, 4.564881324768066, 24.933530807495117]",,,,False,True
C:\Users\Hamada.MSI\Desktop\Hamada\lab\data\raw\images\Describable Textures Dataset\images\braided\braided_0195.jpg,0.1799933283190789,2,"[12.564173698425293, 11.711686134338379, 13.652912139892578, 36.651100158691406]",,,,False,False
C:\Users\Hamada.MSI\Desktop\Hamada\lab\data\raw\images\Describable Textures Dataset\images\bubbly\bubbly_0050.jpg,0.22386691708169384,3,"[13.022433280944824, 11.906216621398926, 13.111964225769043, 31.14764976501465]",,,,False,False
C:\Users\Hamada.MSI\Desktop\Hamada\lab\data\raw\images\Describable Textures Dataset\images\bubbly\bubbly_0052.jpg,0.23928756839166268,3,"[4.141000747680664, 5.605518817901611, 8.13733196258545, 23.399368286132812]",,,,False,False
C:\Users\Hamada.MSI\Desktop\Hamada\lab\data\raw\images\Describable Textures Dataset\images\bubbly\bubbly_0053.jpg,0.2642126804270513,3,"[10.325053215026855, 11.717554092407227, 12.708258628845215, 19.93516731262207]",,,,False,False
C:\Users\Hamada.MSI\Desktop\Hamada\lab\data\raw\images\Describable Textures Dataset\images\bubbly\bubbly_0056.jpg,0.25250439769716193,3,"[8.852239608764648, 8.914780616760254, 6.902636528015137, 11.492053031921387]",,,,False,False
C:\Users\Hamada.MSI\Desktop\Hamada\lab\data\raw\images\Describable Textures Dataset\images\bubbly\bubbly_0073.jpg,0.15327887564463,2,"[3.521270275115967, 5.093887805938721, 7.53372859954834, 24.222232818603516]",,,,False,False
C:\Users\Hamada.MSI\Desktop\Hamada\lab\data\raw\images\Describable Textures Dataset\images\bubbly\bubbly_0086.jpg,0.18314754807105446,2,"[10.511360168457031, 9.926774024963379, 10.812580108642578, 23.96668243408203]",,,,False,False
C:\Users\Hamada.MSI\Desktop\Hamada\lab\data\raw\images\Describable Textures Dataset\images\bubbly\bubbly_0097.jpg,0.19802376937826086,2,"[14.089406967163086, 8.95307731628418, 7.943429470062256, 7.507122039794922]",,,,False,False
C:\Users\Hamada.MSI\Desktop\Hamada\lab\data\raw\images\Describable Textures Dataset\images\bubbly\bubbly_0104.jpg,0.5429176389212457,5,"[4.068023204803467, 2.897484064102173, 1.737813115119934, 12.463665962219238]",,,,False,True
C:\Users\Hamada.MSI\Desktop\Hamada\lab\data\raw\images\Describable Textures Dataset\images\bubbly\bubbly_0115.jpg,0.20390450340638777,2,"[18.030641555786133, 13.359833717346191, 10.553223609924316, 19.06950569152832]",,,,False,False
C:\Users\Hamada.MSI\Desktop\Hamada\lab\data\raw\images\Describable Textures Dataset\images\bubbly\bubbly_0117.jpg,0.1346727871684137,1,"[2.836339235305786, 4.195733070373535, 6.877852439880371, 40.25721740722656]",2,8,5.546291249349019,True,False
C:\Users\Hamada.MSI\Desktop\Hamada\lab\data\raw\images\Describable Textures Dataset\images\bubbly\bubbly_0118.jpg,0.2352301553408437,3,"[9.455894470214844, 11.141617774963379, 10.570815086364746, 25.578462600708008]",,,,False,False
C:\Users\Hamada.MSI\Desktop\Hamada\lab\data\raw\images\Describable Textures Dataset\images\bubbly\bubbly_0119.jpg,0.18735492687666125,2,"[13.089099884033203, 15.103633880615234, 15.79725456237793, 22.384193420410156]",,,,False,False
C:\Users\Hamada.MSI\Desktop\Hamada\lab\data\raw\images\Describable Textures Dataset\images\bubbly\bubbly_0123.jpg,0.4862118740881705,5,"[2.9443585872650146, 2.383646011352539, 3.111722946166992, 53.3280143737793]",,,,False,True
C:\Users\Hamada.MSI\Desktop\Hamada\lab\data\raw\images\Describable Textures Dataset\images\bubbly\bubbly_0124.jpg,0.26156444745902435,3,"[10.646806716918945, 12.065000534057617, 14.548027992248535, 30.72393035888672]",,,,False,False
C:\Users\Hamada.MSI\Desktop\Hamada\lab\data\raw\images\Describable Textures Dataset\images\bubbly\bubbly_0125.jpg,0.4053438422423815,5,"[0.9134255051612854, 1.2486244440078735, 1.6090625524520874, 6.94349479675293]",,,,False,True
C:\Users\Hamada.MSI\Desktop\Hamada\lab\data\raw\images\Describable Textures Dataset\images\bubbly\bubbly_0126.jpg,0.14829869736739132,2,"[7.331174373626709, 7.736470699310303, 9.879002571105957, 33.91839599609375]",,,,False,False
C:\Users\Hamada.MSI\Desktop\Hamada\lab\data\raw\images\Describable Textures Dataset\images\bubbly\bubbly_0138.jpg,0.031619008204559824,1,"[2.875748872756958, 4.752606391906738, 7.175253868103027, 17.855205535888672]",5,3,2.9095000226506316,True,False
C:\Users\Hamada.MSI\Desktop\Hamada\lab\data\raw\images\Describable Textures Dataset\images\bubbly\bubbly_0146.jpg,0.5773047810615196,5,"[8.596237182617188, 10.330629348754883, 11.541975975036621, 51.83467102050781]",,,,False,True
C:\Users\Hamada.MSI\Desktop\Hamada\lab\data\raw\images\Describable Textures Dataset\images\bubbly\bubbly_0147.jpg,0.18346306832559275,2,"[8.761174201965332, 9.506195068359375, 9.138394355773926, 34.276397705078125]",,,,False,False
C:\Users\Hamada.MSI\Desktop\Hamada\lab\data\raw\images\Describable Textures Dataset\images\bubbly\bubbly_0167.jpg,0.3500026563836493,4,"[16.23331069946289, 13.218814849853516, 8.73997974395752, 15.651484489440918]",,,,False,True
C:\Users\Hamada.MSI\Desktop\Hamada\lab\data\raw\images\Describable Textures Dataset\images\bumpy\bumpy_0024.jpg,0.2369936593884262,3,"[9.508334159851074, 12.835000991821289, 16.834444046020508, 40.598854064941406]",,,,False,False
C:\Users\Hamada.MSI\Desktop\Hamada\lab\data\raw\images\Describable Textures Dataset\images\bumpy\bumpy_0077.jpg,0.18493130660154206,2,"[11.823424339294434, 11.568558692932129, 11.711676597595215, 28.26118278503418]",,,,False,False
C:\Users\Hamada.MSI\Desktop\Hamada\lab\data\raw\images\Describable Textures Dataset\images\bumpy\bumpy_0080.jpg,0.3795822205550958,4,"[6.155855655670166, 7.208066940307617, 7.463253974914551, 19.841331481933594]",,,,False,True
C:\Users\Hamada.MSI\Desktop\Hamada\lab\data\raw\images\Describable Textures Dataset\images\bumpy\bumpy_0102.jpg,0.2776593208878501,3,"[2.9429666996002197, 4.98782205581665, 7.707698822021484, 26.900920867919922]",,,,False,False
C:\Users\Hamada.MSI\Desktop\Hamada\lab\data\raw\images\Describable Textures Dataset\images\bumpy\bumpy_0119.jpg,0.15245836890315523,2,"[22.008333206176758, 15.638110160827637, 16.861614227294922, 28.692333221435547]",,,,False,False
C:\Users\Hamada.MSI\Desktop\Hamada\lab\data\raw\images\Describable Textures Dataset\images\bumpy\bumpy_0121.jpg,0.08709076376031306,1,"[4.921143531799316, 4.955752849578857, 5.9913129806518555, 17.02771759033203]",5,3,1.7355319806850937,True,False
C:\Users\Hamada.MSI\Desktop\Hamada\lab\data\raw\images\Describable Textures Dataset\images\bumpy\bumpy_0127.jpg,0.2557843420643732,3,"[1.7282848358154297, 2.865933895111084, 4.6918511390686035, 21.869443893432617]",,,,False,False
C:\Users\Hamada.MSI\Desktop\Hamada\lab\data\raw\images\Describable Textures Dataset\images\bumpy\bumpy_0129.jpg,0.19835517893685517,2,"[6.595980644226074, 6.230024814605713, 5.708047866821289, 11.259910583496094]",,,,False,False
C:\Users\Hamada.MSI\Desktop\Hamada\lab\data\raw\images\Describable Textures Dataset\images\bumpy\bumpy_0136.jpg,0.24171902432016515,3,"[6.071282386779785, 7.169230937957764, 9.73027515411377, 29.383630752563477]",,,,False,False
C:\Users\Hamada.MSI\Desktop\Hamada\lab\data\raw\images\Describable Textures Dataset\images\bumpy\bumpy_0139.jpg,0.22239834126012892,2,"[5.424380302429199, 6.690121650695801, 9.39517593383789, 30.25712776184082]",,,,False,False
C:\Users\Hamada.MSI\Desktop\Hamada\lab\data\raw\images\Describable Textures Dataset\images\bumpy\bumpy_0140.jpg,0.4063206518696409,5,"[13.085273742675781, 13.32413387298584, 12.359395027160645, 11.208871841430664]",,,,False,True
C:\Users\Hamada.MSI\Desktop\Hamada\lab\data\raw\images\Describable Textures Dataset\images\bumpy\bumpy_0154.jpg,0.41021037769905916,5,"[2.803208351135254, 5.263425350189209, 8.276877403259277, 30.316904067993164]",,,,False,True
C:\Users\Hamada.MSI\Desktop\Hamada\lab\data\raw\images\Describable Textures Dataset\images\bumpy\bumpy_0165.jpg,0.2842727988087095,4,"[3.5578200817108154, 3.881413698196411, 5.351742744445801, 10.969658851623535]",,,,False,True
C:\Users\Hamada.MSI\Desktop\Hamada\lab\data\raw\images\Describable Textures Dataset\images\bumpy\bumpy_0166.jpg,0.23731425748566634,3,"[13.329781532287598, 9.622671127319336, 9.265817642211914, 25.100515365600586]",,,,False,False
C:\Users\Hamada.MSI\Desktop\Hamada\lab\data\raw\images\Describable Textures Dataset\images\bumpy\bumpy_0169.jpg,0.217924760510407,2,"[3.2582006454467773, 2.691498279571533, 4.4228715896606445, 11.749730110168457]",,,,False,False
C:\Users\Hamada.MSI\Desktop\Hamada\lab\data\raw\images\Describable Textures Dataset\images\bumpy\bumpy_0173.jpg,0.36460651913538433,4,"[8.290017127990723, 8.589415550231934, 10.913790702819824, 35.282432556152344]",,,,False,True
C:\Users\Hamada.MSI\Desktop\Hamada\lab\data\raw\images\Describable Textures Dataset\images\bumpy\bumpy_0174.jpg,0.07737027182867764,1,"[11.160745620727539, 8.063925743103027, 6.473466873168945, 31.65110969543457]",1,6,7.369350331711857,True,False
C:\Users\Hamada.MSI\Desktop\Hamada\lab\data\raw\images\Describable Textures Dataset\images\bumpy\bumpy_0188.jpg,0.2216514959079063,2,"[10.495405197143555, 12.133299827575684, 16.92788314819336, 27.315343856811523]",,,,False,False
C:\Users\Hamada.MSI\Desktop\Hamada\lab\data\raw\images\Describable Textures Dataset\images\bumpy\bumpy_0191.jpg,0.3623275648557087,4,"[3.0279479026794434, 6.572578430175781, 12.754776000976562, 59.99786376953125]",,,,False,True
C:\Users\Hamada.MSI\Desktop\Hamada\lab\data\raw\images\Describable Textures Dataset\images\bumpy\bumpy_0198.jpg,0.2839647287317678,4,"[1.2577570676803589, 1.9413127899169922, 3.636838912963867, 35.38725662231445]",,,,False,True
C:\Users\Hamada.MSI\Desktop\Hamada\lab\data\raw\images\Describable Textures Dataset\images\chequered\chequered_0050.jpg,0.5774917634992124,5,"[4.992898464202881, 7.095477104187012, 10.323741912841797, 8.493878364562988]",,,,False,True
C:\Users\Hamada.MSI\Desktop\Hamada\lab\data\raw\images\Describable Textures Dataset\images\chequered\chequered_0054.jpg,0.41296184829032523,5,"[12.471009254455566, 18.77796745300293, 31.102130889892578, 53.0607795715332]",,,,False,True
C:\Users\Hamada.MSI\Desktop\Hamada\lab\data\raw\images\Describable Textures Dataset\images\chequered\chequered_0100.jpg,0.5344308515677727,5,"[6.253907203674316, 5.9272990226745605, 9.906064987182617, 43.2672233581543]",,,,False,True
C:\Users\Hamada.MSI\Desktop\Hamada\lab\data\raw\images\Describable Textures Dataset\images\chequered\chequered_0101.jpg,0.3596087945565216,4,"[6.302071571350098, 9.763426780700684, 17.21601104736328, 56.752017974853516]",,,,False,True
C:\Users\Hamada.MSI\Desktop\Hamada\lab\data\raw\images\Describable Textures Dataset\images\chequered\chequered_0107.jpg,0.12809229577432948,1,"[4.490213394165039, 4.979843616485596, 7.816041469573975, 32.67776107788086]",7,4,2.947889166119359,True,False
C:\Users\Hamada.MSI\Desktop\Hamada\lab\data\raw\images\Describable Textures Dataset\images\chequered\chequered_0108.jpg,0.3048595278026711,4,"[7.767527103424072, 15.255866050720215, 25.704174041748047, 48.17058181762695]",,,,False,True
C:\Users\Hamada.MSI\Desktop\Hamada\lab\data\raw\images\Describable Textures Dataset\images\chequered\chequered_0112.jpg,0.18663214763198965,2,"[7.616354465484619, 8.274187088012695, 11.636401176452637, 46.22760009765625]",,,,False,False
C:\Users\Hamada.MSI\Desktop\Hamada\lab\data\raw\images\Describable Textures Dataset\images\chequered\chequered_0129.jpg,0.3106631012985394,4,"[16.960317611694336, 18.192529678344727, 29.760574340820312, 62.19084930419922]",,,,False,True
C:\Users\Hamada.MSI\Desktop\Hamada\lab\data\raw\images\Describable Textures Dataset\images\chequered\chequered_0132.jpg,0.30805743298622934,4,"[14.583565711975098, 12.58238697052002, 9.353022575378418, 46.3027458190918]",,,,False,True
C:\Users\Hamada.MSI\Desktop\Hamada\lab\data\raw\images\Describable Textures Dataset\images\chequered\chequered_0172.jpg,0.3044592119520232,4,"[9.46730899810791, 16.51400375366211, 27.973976135253906, 30.108877182006836]",,,,False,True
C:\Users\Hamada.MSI\Desktop\Hamada\lab\data\raw\images\Describable Textures Dataset\images\chequered\chequered_0179.jpg,0.33448131140651877,4,"[3.082521438598633, 4.623439788818359, 7.817319869995117, 34.25343322753906]",,,,False,True
C:\Users\Hamada.MSI\Desktop\Hamada\lab\data\raw\images\Describable Textures Dataset\images\chequered\chequered_0181.jpg,0.3483866510026084,4,"[4.202023983001709, 8.147309303283691, 15.39484977722168, 86.65299987792969]",,,,False,True
C:\Users\Hamada.MSI\Desktop\Hamada\lab\data\raw\images\Describable Textures Dataset\images\chequered\chequered_0184.jpg,0.09575424801296503,1,"[2.449549674987793, 3.784010648727417, 6.6661200523376465, 17.28349494934082]",5,3,3.2793947183253747,True,False
C:\Users\Hamada.MSI\Desktop\Hamada\lab\data\raw\images\Describable Textures Dataset\images\chequered\chequered_0185.jpg,0.5592831698145678,5,"[10.237056732177734, 8.06441593170166, 13.299036026000977, 38.2530403137207]",,,,False,True
C:\Users\Hamada.MSI\Desktop\Hamada\lab\data\raw\images\Describable Textures Dataset\images\chequered\chequered_0189.jpg,0.2662027883720746,3,"[5.239419460296631, 8.042536735534668, 14.8848237991333, 59.84578323364258]",,,,False,False
C:\Users\Hamada.MSI\Desktop\Hamada\lab\data\raw\images\Describable Textures Dataset\images\chequered\chequered_0193.jpg,0.1334925891378264,1,"[2.6964197158813477, 4.219855785369873, 7.754881858825684, 39.732818603515625]",2,8,5.402283836642032,True,False
C:\Users\Hamada.MSI\Desktop\Hamada\lab\data\raw\images\Describable Textures Dataset\images\chequered\chequered_0196.jpg,0.4245355376616297,5,"[6.378417015075684, 10.147991180419922, 17.708560943603516, 85.59525299072266]",,,,False,True
C:\Users\Hamada.MSI\Desktop\Hamada\lab\data\raw\images\Describable Textures Dataset\images\chequered\chequered_0205.jpg,0.04386180186313785,1,"[3.831279754638672, 3.1938915252685547, 3.633582353591919, 9.859538078308105]",3,1,2.3506956752112895,True,False
C:\Users\Hamada.MSI\Desktop\Hamada\lab\data\raw\images\Describable Textures Dataset\images\chequered\chequered_0211.jpg,0.27262428302593616,3,"[6.148719310760498, 5.9863386154174805, 7.015911102294922, 14.159708023071289]",,,,False,False
C:\Users\Hamada.MSI\Desktop\Hamada\lab\data\raw\images\Describable Textures Dataset\images\chequered\chequered_0214.jpg,0.28345911750678787,4,"[5.656181335449219, 6.139983654022217, 9.209446907043457, 21.40251922607422]",,,,False,True
C:\Users\Hamada.MSI\Desktop\Hamada\lab\data\raw\images\Describable Textures Dataset\images\cobwebbed\cobwebbed_0045.jpg,0.012019972197606298,1,"[5.882310390472412, 4.893089771270752, 4.825829029083252, 8.679664611816406]",3,1,3.9151669639154747,True,False
C:\Users\Hamada.MSI\Desktop\Hamada\lab\data\raw\images\Describable Textures Dataset\images\cobwebbed\cobwebbed_0050.jpg,0.04763699263732761,1,"[6.9681715965271, 5.622585773468018, 5.026121616363525, 20.93680191040039]",5,3,3.2367575344950894,True,False
C:\Users\Hamada.MSI\Desktop\Hamada\lab\data\raw\images\Describable Textures Dataset\images\cobwebbed\cobwebbed_0051.jpg,0.13784009150740803,1,"[11.376785278320312, 9.818497657775879, 10.518770217895508, 38.620784759521484]",2,8,5.614973846975847,True,False
C:\Users\Hamada.MSI\Desktop\Hamada\lab\data\raw\images\Describable Textures Dataset\images\cobwebbed\cobwebbed_0056.jpg,0.301130235235909,4,"[8.700335502624512, 8.809478759765625, 9.716327667236328, 27.369993209838867]",,,,False,True
C:\Users\Hamada.MSI\Desktop\Hamada\lab\data\raw\images\Describable Textures Dataset\images\cobwebbed\cobwebbed_0061.jpg,0.20196126657431496,2,"[5.137171268463135, 5.870337009429932, 6.816708564758301, 22.62944221496582]",,,,False,False
C:\Users\Hamada.MSI\Desktop\Hamada\lab\data\raw\images\Describable Textures Dataset\images\cobwebbed\cobwebbed_0063.jpg,0.16033745408264408,2,"[11.725299835205078, 8.097349166870117, 5.997303485870361, 28.119741439819336]",,,,False,False
C:\Users\Hamada.MSI\Desktop\Hamada\lab\data\raw\images\Describable Textures Dataset\images\cobwebbed\cobwebbed_0074.jpg,0.1155665365628637,1,"[9.919381141662598, 9.487776756286621, 7.839032173156738, 33.91987991333008]",2,8,7.562442860467605,True,False
C:\Users\Hamada.MSI\Desktop\Hamada\lab\data\raw\images\Describable Textures Dataset\images\cobwebbed\cobwebbed_0081.jpg,0.07964891378960064,1,"[5.252940654754639, 3.118525505065918, 2.764622211456299, 19.70262908935547]",5,3,3.1865449304601565,True,False
C:\Users\Hamada.MSI\Desktop\Hamada\lab\data\raw\images\Describable Textures Dataset\images\cobwebbed\cobwebbed_0086.jpg,0.03490195073513092,1,"[9.645734786987305, 8.04109001159668, 6.215855121612549, 12.920236587524414]",8,5,5.268038277546921,True,False
C:\Users\Hamada.MSI\Desktop\Hamada\lab\data\raw\images\Describable Textures Dataset\images\cobwebbed\cobwebbed_0089.jpg,0.1016385548098984,1,"[20.905227661132812, 16.557632446289062, 14.212416648864746, 20.665647506713867]",9,10,8.048896799809855,True,False
C:\Users\Hamada.MSI\Desktop\Hamada\lab\data\raw\images\Describable Textures Dataset\images\cobwebbed\cobwebbed_0091.jpg,0.06843066216472962,1,"[11.936066627502441, 11.485276222229004, 9.185178756713867, 19.387649536132812]",8,5,6.089678890474651,True,False
C:\Users\Hamada.MSI\Desktop\Hamada\lab\data\raw\images\Describable Textures Dataset\images\cobwebbed\cobwebbed_0100.jpg,0.24405358704783592,3,"[22.775041580200195, 12.436521530151367, 7.010570526123047, 26.936391830444336]",,,,False,False
C:\Users\Hamada.MSI\Desktop\Hamada\lab\data\raw\images\Describable Textures Dataset\images\cobwebbed\cobwebbed_0105.jpg,0.16417849852307378,2,"[4.133571147918701, 7.0708513259887695, 9.651416778564453, 26.153745651245117]",,,,False,False
C:\Users\Hamada.MSI\Desktop\Hamada\lab\data\raw\images\Describable Textures Dataset\images\cobwebbed\cobwebbed_0108.jpg,0.1877051000075079,2,"[15.046180725097656, 13.516403198242188, 9.987346649169922, 15.965107917785645]",,,,False,False
C:\Users\Hamada.MSI\Desktop\Hamada\lab\data\raw\images\Describable Textures Dataset\images\cobwebbed\cobwebbed_0110.jpg,0.04079481323389496,1,"[19.551040649414062, 14.334872245788574, 8.701010704040527, 12.570030212402344]",6,7,5.735017378153933,True,False
C:\Users\Hamada.MSI\Desktop\Hamada\lab\data\raw\images\Describable Textures Dataset\images\cobwebbed\cobwebbed_0111.jpg,0.26931518665917725,3,"[21.214319229125977, 10.758869171142578, 9.750659942626953, 30.537818908691406]",,,,False,False
C:\Users\Hamada.MSI\Desktop\Hamada\lab\data\raw\images\Describable Textures Dataset\images\cobwebbed\cobwebbed_0113.jpg,0.26213861887614737,3,"[5.792759895324707, 5.7720136642456055, 8.415081024169922, 18.78650665283203]",,,,False,False
C:\Users\Hamada.MSI\Desktop\Hamada\lab\data\raw\images\Describable Textures Dataset\images\cobwebbed\cobwebbed_0115.jpg,0.13507752249116844,1,"[8.16235637664795, 8.965660095214844, 10.602066040039062, 43.14786148071289]",2,8,3.848718239603905,True,False
C:\Users\Hamada.MSI\Desktop\Hamada\lab\data\raw\images\Describable Textures Dataset\images\cobwebbed\cobwebbed_0127.jpg,0.05278334622729935,1,"[13.144701957702637, 12.673602104187012, 11.28715705871582, 15.277087211608887]",8,5,3.1775069058450423,True,False
C:\Users\Hamada.MSI\Desktop\Hamada\lab\data\raw\images\Describable Textures Dataset\images\cobwebbed\cobwebbed_0132.jpg,0.21287270497272906,2,"[6.838076591491699, 10.733820915222168, 12.180617332458496, 25.066898345947266]",,,,False,False
C:\Users\Hamada.MSI\Desktop\Hamada\lab\data\raw\images\Describable Textures Dataset\images\cracked\cracked_0051.jpg,0.11610145261373844,1,"[15.883398056030273, 8.37398624420166, 5.807084560394287, 7.555540561676025]",0,2,6.845500571762894,True,False
C:\Users\Hamada.MSI\Desktop\Hamada\lab\data\raw\images\Describable Textures Dataset\images\cracked\cracked_0053.jpg,0.28370962255673393,4,"[20.16392707824707, 11.961006164550781, 9.025308609008789, 21.225784301757812]",,,,False,True
C:\Users\Hamada.MSI\Desktop\Hamada\lab\data\raw\images\Describable Textures Dataset\images\cracked\cracked_0064.jpg,0.5225928488309831,5,"[13.874571800231934, 11.119099617004395, 11.685062408447266, 35.08247375488281]",,,,False,True
C:\Users\Hamada.MSI\Desktop\Hamada\lab\data\raw\images\Describable Textures Dataset\images\cracked\cracked_0075.jpg,0.28201578173284597,4,"[25.262632369995117, 16.345117568969727, 13.387737274169922, 32.55830001831055]",,,,False,True
C:\Users\Hamada.MSI\Desktop\Hamada\lab\data\raw\images\Describable Textures Dataset\images\cracked\cracked_0077.jpg,0.2616274566896565,3,"[8.050512313842773, 7.402715682983398, 7.767380237579346, 14.870153427124023]",,,,False,False
C:\Users\Hamada.MSI\Desktop\Hamada\lab\data\raw\images\Describable Textures Dataset\images\cracked\cracked_0089.jpg,0.44149785288119586,5,"[16.871816635131836, 11.837687492370605, 9.752115249633789, 10.595047950744629]",,,,False,True
C:\Users\Hamada.MSI\Desktop\Hamada\lab\data\raw\images\Describable Textures Dataset\images\cracked\cracked_0095.jpg,0.0816164915935614,1,"[11.725748062133789, 9.527405738830566, 7.369175434112549, 11.414968490600586]",8,5,3.6377275609656277,True,False
C:\Users\Hamada.MSI\Desktop\Hamada\lab\data\raw\images\Describable Textures Dataset\images\cracked\cracked_0097.jpg,0.3033048062467371,4,"[14.02761173248291, 10.377967834472656, 8.312211990356445, 14.976877212524414]",,,,False,True
C:\Users\Hamada.MSI\Desktop\Hamada\lab\data\raw\images\Describable Textures Dataset\images\cracked\cracked_0101.jpg,0.4198141451605104,5,"[13.882235527038574, 10.988016128540039, 10.810663223266602, 38.30274963378906]",,,,False,True
C:\Users\Hamada.MSI\Desktop\Hamada\lab\data\raw\images\Describable Textures Dataset\images\cracked\cracked_0102.jpg,0.1873740525051541,2,"[9.499520301818848, 9.435270309448242, 9.765921592712402, 13.349422454833984]",,,,False,False
C:\Users\Hamada.MSI\Desktop\Hamada\lab\data\raw\images\Describable Textures Dataset\images\cracked\cracked_0103.jpg,0.44825350631803224,5,"[13.412577629089355, 6.938090801239014, 5.440814971923828, 13.576351165771484]",,,,False,True
C:\Users\Hamada.MSI\Desktop\Hamada\lab\data\raw\images\Describable Textures Dataset\images\cracked\cracked_0110.jpg,0.30667312877432684,4,"[13.428411483764648, 8.984223365783691, 7.648801803588867, 20.017423629760742]",,,,False,True
C:\Users\Hamada.MSI\Desktop\Hamada\lab\data\raw\images\Describable Textures Dataset\images\cracked\cracked_0113.jpg,0.3298675117224964,4,"[2.7112274169921875, 3.458500385284424, 4.068424701690674, 23.7324275970459]",,,,False,True
C:\Users\Hamada.MSI\Desktop\Hamada\lab\data\raw\images\Describable Textures Dataset\images\cracked\cracked_0121.jpg,0.1714343894512123,2,"[24.147287368774414, 11.850886344909668, 8.749512672424316, 16.628591537475586]",,,,False,False
C:\Users\Hamada.MSI\Desktop\Hamada\lab\data\raw\images\Describable Textures Dataset\images\cracked\cracked_0130.jpg,0.16619314571644897,2,"[7.908487319946289, 8.934008598327637, 12.405061721801758, 25.982532501220703]",,,,False,False
C:\Users\Hamada.MSI\Desktop\Hamada\lab\data\raw\images\Describable Textures Dataset\images\cracked\cracked_0143.jpg,0.21402917280856806,2,"[11.770137786865234, 9.362652778625488, 9.087125778198242, 23.436052322387695]",,,,False,False
C:\Users\Hamada.MSI\Desktop\Hamada\lab\data\raw\images\Describable Textures Dataset\images\cracked\cracked_0144.jpg,0.1898606118240739,2,"[12.523259162902832, 7.848855495452881, 7.165722370147705, 19.2748966217041]",,,,False,False
C:\Users\Hamada.MSI\Desktop\Hamada\lab\data\raw\images\Describable Textures Dataset\images\cracked\cracked_0153.jpg,0.25455693562261955,3,"[16.78481101989746, 11.664078712463379, 10.008309364318848, 18.218263626098633]",,,,False,False
C:\Users\Hamada.MSI\Desktop\Hamada\lab\data\raw\images\Describable Textures Dataset\images\cracked\cracked_0159.jpg,0.24179517913920318,3,"[3.8959617614746094, 4.887030124664307, 5.845470428466797, 34.98933792114258]",,,,False,False
C:\Users\Hamada.MSI\Desktop\Hamada\lab\data\raw\images\Describable Textures Dataset\images\cracked\cracked_0162.jpg,0.22481101744498103,3,"[32.00646209716797, 21.244909286499023, 22.57107162475586, 30.563335418701172]",,,,False,False
C:\Users\Hamada.MSI\Desktop\Hamada\lab\data\raw\images\Describable Textures Dataset\images\crosshatched\crosshatched_0033.jpg,0.204475330785415,2,"[14.232671737670898, 5.605381965637207, 3.0981719493865967, 3.436772346496582]",,,,False,False
C:\Users\Hamada.MSI\Desktop\Hamada\lab\data\raw\images\Describable Textures Dataset\images\crosshatched\crosshatched_0049.jpg,0.07724225815059671,1,"[13.38942813873291, 6.063188076019287, 2.7691123485565186, 6.77235746383667]",0,2,4.5554055273118585,True,False
C:\Users\Hamada.MSI\Desktop\Hamada\lab\data\raw\images\Describable Textures Dataset\images\crosshatched\crosshatched_0050.jpg,0.2257257122537535,3,"[4.208221912384033, 2.1676361560821533, 1.0763916969299316, 4.9618024826049805]",,,,False,False
C:\Users\Hamada.MSI\Desktop\Hamada\lab\data\raw\images\Describable Textures Dataset\images\crosshatched\crosshatched_0054.jpg,0.6150134209965418,5,"[12.274765014648438, 6.250800132751465, 3.924426555633545, 5.554535865783691]",,,,False,True
C:\Users\Hamada.MSI\Desktop\Hamada\lab\data\raw\images\Describable Textures Dataset\images\crosshatched\crosshatched_0069.jpg,0.34640641584905174,4,"[12.787704467773438, 16.628639221191406, 22.402000427246094, 41.78966522216797]",,,,False,True
C:\Users\Hamada.MSI\Desktop\Hamada\lab\data\raw\images\Describable Textures Dataset\images\crosshatched\crosshatched_0071.jpg,0.5010470893844019,5,"[17.134326934814453, 4.69541072845459, 2.610063076019287, 3.8062355518341064]",,,,False,True
C:\Users\Hamada.MSI\Desktop\Hamada\lab\data\raw\images\Describable Textures Dataset\images\crosshatched\crosshatched_0072.jpg,0.3774097290613646,4,"[18.53965187072754, 13.496427536010742, 9.660557746887207, 27.160165786743164]",,,,False,True
C:\Users\Hamada.MSI\Desktop\Hamada\lab\data\raw\images\Describable Textures Dataset\images\crosshatched\crosshatched_0073.jpg,0.08935650477751737,1,"[30.370555877685547, 7.666239261627197, 5.077678680419922, 15.761576652526855]",6,7,8.814457828612007,True,False
C:\Users\Hamada.MSI\Desktop\Hamada\lab\data\raw\images\Describable Textures Dataset\images\crosshatched\crosshatched_0082.jpg,0.2270785782303087,3,"[5.864692687988281, 1.9162429571151733, 1.014625072479248, 1.2338602542877197]",,,,False,False
C:\Users\Hamada.MSI\Desktop\Hamada\lab\data\raw\images\Describable Textures Dataset\images\crosshatched\crosshatched_0097.jpg,0.17164848745225764,2,"[10.918807029724121, 8.112066268920898, 8.809062004089355, 36.65858840942383]",,,,False,False
C:\Users\Hamada.MSI\Desktop\Hamada\lab\data\raw\images\Describable Textures Dataset\images\crosshatched\crosshatched_0118.jpg,0.08759869347723392,1,"[11.189390182495117, 4.282591819763184, 4.943264484405518, 22.012420654296875]",5,3,7.134010532222626,True,False
C:\Users\Hamada.MSI\Desktop\Hamada\lab\data\raw\images\Describable Textures Dataset\images\crosshatched\crosshatched_0121.jpg,0.4390286326457746,5,"[16.106399536132812, 14.703347206115723, 13.909708023071289, 73.4470443725586]",,,,False,True
C:\Users\Hamada.MSI\Desktop\Hamada\lab\data\raw\images\Describable Textures Dataset\images\crosshatched\crosshatched_0129.jpg,0.22482070910525923,3,"[27.098556518554688, 17.74018096923828, 11.40363597869873, 45.121376037597656]",,,,False,False
C:\Users\Hamada.MSI\Desktop\Hamada\lab\data\raw\images\Describable Textures Dataset\images\crosshatched\crosshatched_0130.jpg,0.09342125953141082,1,"[2.5561606884002686, 1.2166578769683838, 0.7504990100860596, 11.740957260131836]",3,1,4.864804807083279,True,False
C:\Users\Hamada.MSI\Desktop\Hamada\lab\data\raw\images\Describable Textures Dataset\images\crosshatched\crosshatched_0136.jpg,0.09637118364563843,1,"[27.153799057006836, 16.189748764038086, 11.736489295959473, 15.801323890686035]",6,7,6.4412493615944815,True,False
C:\Users\Hamada.MSI\Desktop\Hamada\lab\data\raw\images\Describable Textures Dataset\images\crosshatched\crosshatched_0153.jpg,0.4147683992376662,5,"[2.9936370849609375, 3.638735771179199, 5.1014933586120605, 8.712139129638672]",,,,False,True
C:\Users\Hamada.MSI\Desktop\Hamada\lab\data\raw\images\Describable Textures Dataset\images\crosshatched\crosshatched_0155.jpg,0.04514239738502478,1,"[10.518867492675781, 4.69744873046875, 3.0533804893493652, 12.363767623901367]",0,2,5.386786898173181,True,False
C:\Users\Hamada.MSI\Desktop\Hamada\lab\data\raw\images\Describable Textures Dataset\images\crosshatched\crosshatched_0163.jpg,0.2337063811782417,3,"[6.64268684387207, 7.90070104598999, 5.892930507659912, 21.574920654296875]",,,,False,False
C:\Users\Hamada.MSI\Desktop\Hamada\lab\data\raw\images\Describable Textures Dataset\images\crosshatched\crosshatched_0165.jpg,0.44435273295961825,5,"[18.89008331298828, 11.998226165771484, 12.472878456115723, 28.70901870727539]",,,,False,True
C:\Users\Hamada.MSI\Desktop\Hamada\lab\data\raw\images\Describable Textures Dataset\images\crosshatched\crosshatched_0171.jpg,0.4967857978441718,5,"[38.373172760009766, 21.92411994934082, 13.922205924987793, 38.81114959716797]",,,,False,True
C:\Users\Hamada.MSI\Desktop\Hamada\lab\data\raw\images\Describable Textures Dataset\images\crystalline\crystalline_0103.jpg,0.1915891095710912,2,"[4.574697017669678, 3.8407790660858154, 4.30275821685791, 16.033763885498047]",,,,False,False
C:\Users\Hamada.MSI\Desktop\Hamada\lab\data\raw\images\Describable Textures Dataset\images\crystalline\crystalline_0105.jpg,0.31887026866443413,4,"[3.5292739868164062, 3.710479736328125, 4.100783348083496, 35.404014587402344]",,,,False,True
C:\Users\Hamada.MSI\Desktop\Hamada\lab\data\raw\images\Describable Textures Dataset\images\crystalline\crystalline_0110.jpg,0.3501712716902434,4,"[1.1976057291030884, 1.6452646255493164, 2.243018388748169, 10.040470123291016]",,,,False,True
C:\Users\Hamada.MSI\Desktop\Hamada\lab\data\raw\images\Describable Textures Dataset\images\crystalline\crystalline_0114.jpg,0.18176136620986977,2,"[4.311082363128662, 6.43996000289917, 10.011648178100586, 45.64927291870117]",,,,False,False
C:\Users\Hamada.MSI\Desktop\Hamada\lab\data\raw\images\Describable Textures Dataset\images\crystalline\crystalline_0117.jpg,0.22662260008569052,3,"[7.193612098693848, 10.132488250732422, 14.28747272491455, 60.17462921142578]",,,,False,False
C:\Users\Hamada.MSI\Desktop\Hamada\lab\data\raw\images\Describable Textures Dataset\images\crystalline\crystalline_0126.jpg,0.19683433941325904,2,"[5.612105369567871, 5.642558574676514, 6.874241828918457, 31.653913497924805]",,,,False,False
C:\Users\Hamada.MSI\Desktop\Hamada\lab\data\raw\images\Describable Textures Dataset\images\crystalline\crystalline_0131.jpg,0.10346213083501594,1,"[5.878069877624512, 3.003800868988037, 3.7415237426757812, 16.493900299072266]",5,3,3.2388794832379397,True,False
C:\Users\Hamada.MSI\Desktop\Hamada\lab\data\raw\images\Describable Textures Dataset\images\crystalline\crystalline_0137.jpg,0.12944355683608713,1,"[9.44653606414795, 9.608640670776367, 11.326292037963867, 24.829538345336914]",1,6,1.9486468176166518,True,False
C:\Users\Hamada.MSI\Desktop\Hamada\lab\data\raw\images\Describable Textures Dataset\images\crystalline\crystalline_0141.jpg,0.48960577097274316,5,"[2.7375271320343018, 3.454552173614502, 4.518460750579834, 24.039716720581055]",,,,False,True
C:\Users\Hamada.MSI\Desktop\Hamada\lab\data\raw\images\Describable Textures Dataset\images\crystalline\crystalline_0145.jpg,0.31473068162546386,4,"[1.3285905122756958, 1.727066993713379, 2.2461235523223877, 17.876039505004883]",,,,False,True
C:\Users\Hamada.MSI\Desktop\Hamada\lab\data\raw\images\Describable Textures Dataset\images\crystalline\crystalline_0155.jpg,0.06864739039285571,1,"[6.954485893249512, 8.441056251525879, 9.643868446350098, 30.73139190673828]",1,6,5.266571782081296,True,False
C:\Users\Hamada.MSI\Desktop\Hamada\lab\data\raw\images\Describable Textures Dataset\images\crystalline\crystalline_0160.jpg,0.29102751458204407,4,"[1.4969019889831543, 2.232553005218506, 3.0255091190338135, 22.359756469726562]",,,,False,True
C:\Users\Hamada.MSI\Desktop\Hamada\lab\data\raw\images\Describable Textures Dataset\images\crystalline\crystalline_0182.jpg,0.3595617450853969,4,"[4.24778413772583, 4.179967880249023, 5.28920316696167, 41.00624084472656]",,,,False,True
C:\Users\Hamada.MSI\Desktop\Hamada\lab\data\raw\images\Describable Textures Dataset\images\crystalline\crystalline_0192.jpg,0.37604562073828074,4,"[3.3695666790008545, 3.5130109786987305, 4.943210601806641, 23.445253372192383]",,,,False,True
C:\Users\Hamada.MSI\Desktop\Hamada\lab\data\raw\images\Describable Textures Dataset\images\crystalline\crystalline_0194.jpg,0.3184994859165534,4,"[7.020112991333008, 5.370354175567627, 6.462731838226318, 46.28647232055664]",,,,False,True
C:\Users\Hamada.MSI\Desktop\Hamada\lab\data\raw\images\Describable Textures Dataset\images\crystalline\crystalline_0196.jpg,0.33680932299123134,4,"[13.998481750488281, 6.399633884429932, 7.460348129272461, 38.62674331665039]",,,,False,True
C:\Users\Hamada.MSI\Desktop\Hamada\lab\data\raw\images\Describable Textures Dataset\images\crystalline\crystalline_0199.jpg,0.1705758481406641,2,"[6.280070781707764, 5.257024765014648, 4.665185928344727, 25.825414657592773]",,,,False,False
C:\Users\Hamada.MSI\Desktop\Hamada\lab\data\raw\images\Describable Textures Dataset\images\crystalline\crystalline_0201.jpg,0.2811125938870578,4,"[4.5762763023376465, 5.619960784912109, 7.01456356048584, 20.4000301361084]",,,,False,True
C:\Users\Hamada.MSI\Desktop\Hamada\lab\data\raw\images\Describable Textures Dataset\images\crystalline\crystalline_0205.jpg,0.279533889765348,4,"[3.5492870807647705, 4.590031147003174, 6.343705177307129, 53.831398010253906]",,,,False,True
C:\Users\Hamada.MSI\Desktop\Hamada\lab\data\raw\images\Describable Textures Dataset\images\crystalline\crystalline_0213.jpg,0.25769566599113786,3,"[2.153174638748169, 3.1205146312713623, 4.537242412567139, 22.905824661254883]",,,,False,False
C:\Users\Hamada.MSI\Desktop\Hamada\lab\data\raw\images\Describable Textures Dataset\images\dotted\dotted_0038.jpg,0.5765008841006313,5,"[3.826521873474121, 7.590114593505859, 14.937934875488281, 68.67069244384766]",,,,False,True
C:\Users\Hamada.MSI\Desktop\Hamada\lab\data\raw\images\Describable Textures Dataset\images\dotted\dotted_0053.jpg,0.5537788501717071,5,"[3.87283992767334, 6.6691575050354, 11.572714805603027, 17.72759246826172]",,,,False,True
C:\Users\Hamada.MSI\Desktop\Hamada\lab\data\raw\images\Describable Textures Dataset\images\dotted\dotted_0093.jpg,0.11303723797581819,1,"[2.5004019737243652, 2.6380481719970703, 4.280431270599365, 26.347482681274414]",7,4,5.17684426045267,True,False
C:\Users\Hamada.MSI\Desktop\Hamada\lab\data\raw\images\Describable Textures Dataset\images\dotted\dotted_0097.jpg,0.7253012075673079,5,"[6.711812496185303, 3.334251880645752, 4.1870880126953125, 13.537014961242676]",,,,False,True
C:\Users\Hamada.MSI\Desktop\Hamada\lab\data\raw\images\Describable Textures Dataset\images\dotted\dotted_0102.jpg,0.30536895779695616,4,"[4.151438236236572, 2.478827714920044, 3.3177053928375244, 31.483142852783203]",,,,False,True
C:\Users\Hamada.MSI\Desktop\Hamada\lab\data\raw\images\Describable Textures Dataset\images\dotted\dotted_0111.jpg,0.2964189039262614,4,"[4.8718581199646, 8.199834823608398, 12.841721534729004, 46.751976013183594]",,,,False,True
C:\Users\Hamada.MSI\Desktop\Hamada\lab\data\raw\images\Describable Textures Dataset\images\dotted\dotted_0115.jpg,0.0791663185026262,1,"[4.576363563537598, 8.403037071228027, 15.267142295837402, 30.71876335144043]",1,6,8.201016271662125,True,False
C:\Users\Hamada.MSI\Desktop\Hamada\lab\data\raw\images\Describable Textures Dataset\images\dotted\dotted_0117.jpg,0.42260722790691174,5,"[5.85206937789917, 4.022481918334961, 5.998830795288086, 44.67059326171875]",,,,False,True
C:\Users\Hamada.MSI\Desktop\Hamada\lab\data\raw\images\Describable Textures Dataset\images\dotted\dotted_0118.jpg,0.5437975785489887,5,"[5.0629401206970215, 3.1421568393707275, 4.916107654571533, 54.866207122802734]",,,,False,True
C:\Users\Hamada.MSI\Desktop\Hamada\lab\data\raw\images\Describable Textures Dataset\images\dotted\dotted_0131.jpg,0.5604198639906788,5,"[8.656238555908203, 8.623800277709961, 13.345516204833984, 19.583370208740234]",,,,False,True
C:\Users\Hamada.MSI\Desktop\Hamada\lab\data\raw\images\Describable Textures Dataset\images\dotted\dotted_0138.jpg,0.34430621121031335,4,"[2.822739839553833, 1.874837875366211, 2.519329786300659, 21.516267776489258]",,,,False,True
C:\Users\Hamada.MSI\Desktop\Hamada\lab\data\raw\images\Describable Textures Dataset\images\dotted\dotted_0139.jpg,0.36451601095536473,4,"[7.323996067047119, 7.265607833862305, 10.301430702209473, 41.33760070800781]",,,,False,True
C:\Users\Hamada.MSI\Desktop\Hamada\lab\data\raw\images\Describable Textures Dataset\images\dotted\dotted_0143.jpg,0.16523374463526788,2,"[7.501277923583984, 8.6890230178833, 12.663804054260254, 32.78793716430664]",,,,False,False
C:\Users\Hamada.MSI\Desktop\Hamada\lab\data\raw\images\Describable Textures Dataset\images\dotted\dotted_0158.jpg,0.744244060302618,5,"[7.82623291015625, 9.983482360839844, 14.148355484008789, 14.604684829711914]",,,,False,True
C:\Users\Hamada.MSI\Desktop\Hamada\lab\data\raw\images\Describable Textures Dataset\images\dotted\dotted_0172.jpg,0.43990834446883603,5,"[7.901700973510742, 10.242281913757324, 15.396230697631836, 27.535139083862305]",,,,False,True
C:\Users\Hamada.MSI\Desktop\Hamada\lab\data\raw\images\Describable Textures Dataset\images\dotted\dotted_0179.jpg,0.05857462705004615,1,"[7.601459980010986, 10.571786880493164, 15.451560974121094, 17.121660232543945]",8,5,7.735630083577464,True,False
C:\Users\Hamada.MSI\Desktop\Hamada\lab\data\raw\images\Describable Textures Dataset\images\dotted\dotted_0191.jpg,0.26636627829059306,3,"[3.3599941730499268, 5.222551345825195, 7.616089344024658, 15.24614143371582]",,,,False,False
C:\Users\Hamada.MSI\Desktop\Hamada\lab\data\raw\images\Describable Textures Dataset\images\dotted\dotted_0198.jpg,0.5710927599270134,5,"[10.185043334960938, 14.537981033325195, 12.027405738830566, 10.530735969543457]",,,,False,True
C:\Users\Hamada.MSI\Desktop\Hamada\lab\data\raw\images\Describable Textures Dataset\images\dotted\dotted_0199.jpg,0.04731176567453741,1,"[1.9856806993484497, 1.4547520875930786, 1.6532132625579834, 8.564730644226074]",3,1,2.4407826067783396,True,False
C:\Users\Hamada.MSI\Desktop\Hamada\lab\data\raw\images\Describable Textures Dataset\images\dotted\dotted_0202.jpg,0.19170510006488595,2,"[6.996588706970215, 7.1784563064575195, 13.116096496582031, 32.287559509277344]",,,,False,False
C:\Users\Hamada.MSI\Desktop\Hamada\lab\data\raw\images\Describable Textures Dataset\images\fibrous\fibrous_0104.jpg,0.22385235437736398,3,"[17.629560470581055, 14.757314682006836, 13.006624221801758, 22.1351261138916]",,,,False,False
C:\Users\Hamada.MSI\Desktop\Hamada\lab\data\raw\images\Describable Textures Dataset\images\fibrous\fibrous_0110.jpg,0.2460100849487434,3,"[6.676089286804199, 5.018904209136963, 3.7896203994750977, 10.45240306854248]",,,,False,False
C:\Users\Hamada.MSI\Desktop\Hamada\lab\data\raw\images\Describable Textures Dataset\images\fibrous\fibrous_0112.jpg,0.17189005991533027,2,"[6.609124183654785, 8.006671905517578, 7.861757755279541, 19.941631317138672]",,,,False,False
C:\Users\Hamada.MSI\Desktop\Hamada\lab\data\raw\images\Describable Textures Dataset\images\fibrous\fibrous_0131.jpg,0.27459873641571736,3,"[19.23149299621582, 12.016590118408203, 8.107568740844727, 34.03397750854492]",,,,False,False
C:\Users\Hamada.MSI\Desktop\Hamada\lab\data\raw\images\Describable Textures Dataset\images\fibrous\fibrous_0134.jpg,0.16752155856464335,2,"[11.618427276611328, 9.439648628234863, 10.498193740844727, 31.825218200683594]",,,,False,False
C:\Users\Hamada.MSI\Desktop\Hamada\lab\data\raw\images\Describable Textures Dataset\images\fibrous\fibrous_0141.jpg,0.3628612323850247,4,"[27.544923782348633, 13.52674674987793, 9.365490913391113, 20.585750579833984]",,,,False,True
C:\Users\Hamada.MSI\Desktop\Hamada\lab\data\raw\images\Describable Textures Dataset\images\fibrous\fibrous_0142.jpg,0.302460069275365,4,"[8.231783866882324, 10.719554901123047, 11.485084533691406, 32.56450653076172]",,,,False,True
C:\Users\Hamada.MSI\Desktop\Hamada\lab\data\raw\images\Describable Textures Dataset\images\fibrous\fibrous_0153.jpg,0.32653045009109305,4,"[5.177737712860107, 4.256014823913574, 3.4362664222717285, 28.015737533569336]",,,,False,True
C:\Users\Hamada.MSI\Desktop\Hamada\lab\data\raw\images\Describable Textures Dataset\images\fibrous\fibrous_0155.jpg,0.14549935524008578,2,"[5.782862186431885, 6.726518154144287, 7.00404167175293, 13.84978199005127]",,,,False,False
C:\Users\Hamada.MSI\Desktop\Hamada\lab\data\raw\images\Describable Textures Dataset\images\fibrous\fibrous_0158.jpg,0.07128068229142831,1,"[10.272380828857422, 10.678362846374512, 10.893948554992676, 19.953224182128906]",1,6,6.432383002366191,True,False
C:\Users\Hamada.MSI\Desktop\Hamada\lab\data\raw\images\Describable Textures Dataset\images\fibrous\fibrous_0159.jpg,0.3627425669759495,4,"[8.451598167419434, 9.236048698425293, 9.135882377624512, 37.114723205566406]",,,,False,True
C:\Users\Hamada.MSI\Desktop\Hamada\lab\data\raw\images\Describable Textures Dataset\images\fibrous\fibrous_0169.jpg,0.12628360946471498,1,"[2.260265350341797, 4.293164253234863, 5.812769412994385, 14.447700500488281]",5,3,4.985958109052918,True,False
C:\Users\Hamada.MSI\Desktop\Hamada\lab\data\raw\images\Describable Textures Dataset\images\fibrous\fibrous_0173.jpg,0.2396768748849966,3,"[9.12724781036377, 12.525201797485352, 15.127348899841309, 29.17694664001465]",,,,False,False
C:\Users\Hamada.MSI\Desktop\Hamada\lab\data\raw\images\Describable Textures Dataset\images\fibrous\fibrous_0174.jpg,0.0871478743277,1,"[4.822003364562988, 4.919565200805664, 4.675022125244141, 24.833728790283203]",5,3,6.27901103100786,True,False
C:\Users\Hamada.MSI\Desktop\Hamada\lab\data\raw\images\Describable Textures Dataset\images\fibrous\fibrous_0182.jpg,0.026783008317219293,1,"[5.305167198181152, 5.8599066734313965, 6.3429388999938965, 13.192438125610352]",5,3,5.631608369164924,True,False
C:\Users\Hamada.MSI\Desktop\Hamada\lab\data\raw\images\Describable Textures Dataset\images\fibrous\fibrous_0198.jpg,0.2502727418006541,3,"[25.386581420898438, 13.525731086730957, 9.149846076965332, 29.825714111328125]",,,,False,False
C:\Users\Hamada.MSI\Desktop\Hamada\lab\data\raw\images\Describable Textures Dataset\images\fibrous\fibrous_0203.jpg,0.15214963762827963,2,"[20.419654846191406, 9.400622367858887, 6.240586757659912, 18.098541259765625]",,,,False,False
C:\Users\Hamada.MSI\Desktop\Hamada\lab\data\raw\images\Describable Textures Dataset\images\fibrous\fibrous_0205.jpg,0.24431000030835565,3,"[25.069740295410156, 11.885642051696777, 5.953557968139648, 39.351776123046875]",,,,False,False
C:\Users\Hamada.MSI\Desktop\Hamada\lab\data\raw\images\Describable Textures Dataset\images\fibrous\fibrous_0206.jpg,0.28813418927141915,4,"[12.811119079589844, 15.333044052124023, 17.642183303833008, 26.57855224609375]",,,,False,True
C:\Users\Hamada.MSI\Desktop\Hamada\lab\data\raw\images\Describable Textures Dataset\images\fibrous\fibrous_0210.jpg,0.14335156602075586,1,"[11.489701271057129, 10.534449577331543, 8.573482513427734, 28.040538787841797]",1,6,4.3634387284392036,True,False
C:\Users\Hamada.MSI\Desktop\Hamada\lab\data\raw\images\Describable Textures Dataset\images\flecked\flecked_0041.jpg,0.36129469864032104,4,"[6.149525165557861, 2.972198724746704, 2.1350977420806885, 21.377552032470703]",,,,False,True
C:\Users\Hamada.MSI\Desktop\Hamada\lab\data\raw\images\Describable Textures Dataset\images\flecked\flecked_0055.jpg,0.4044598661092001,5,"[20.52643394470215, 21.04790496826172, 26.763275146484375, 76.41230010986328]",,,,False,True
C:\Users\Hamada.MSI\Desktop\Hamada\lab\data\raw\images\Describable Textures Dataset\images\flecked\flecked_0062.jpg,0.24277540851901624,3,"[8.885675430297852, 7.099399566650391, 6.056973457336426, 26.373714447021484]",,,,False,False
C:\Users\Hamada.MSI\Desktop\Hamada\lab\data\raw\images\Describable Textures Dataset\images\flecked\flecked_0071.jpg,0.6171219474171847,5,"[18.856037139892578, 13.894009590148926, 10.196163177490234, 9.031826972961426]",,,,False,True
C:\Users\Hamada.MSI\Desktop\Hamada\lab\data\raw\images\Describable Textures Dataset\images\flecked\flecked_0074.jpg,0.09884305261083344,1,"[16.95208740234375, 7.6832499504089355, 6.464430809020996, 13.515666961669922]",8,5,7.186969864716424,True,False
C:\Users\Hamada.MSI\Desktop\Hamada\lab\data\raw\images\Describable Textures Dataset\images\flecked\flecked_0078.jpg,0.3028995590038511,4,"[13.571223258972168, 13.654521942138672, 10.104114532470703, 10.575830459594727]",,,,False,True
C:\Users\Hamada.MSI\Desktop\Hamada\lab\data\raw\images\Describable Textures Dataset\images\flecked\flecked_0087.jpg,0.11252067459258508,1,"[6.350920677185059, 2.009428024291992, 0.9364050030708313, 16.378454208374023]",5,3,5.738865079635753,True,False
C:\Users\Hamada.MSI\Desktop\Hamada\lab\data\raw\images\Describable Textures Dataset\images\flecked\flecked_0094.jpg,0.4175808597950062,5,"[4.654601573944092, 3.938474178314209, 3.5685150623321533, 5.794346809387207]",,,,False,True
C:\Users\Hamada.MSI\Desktop\Hamada\lab\data\raw\images\Describable Textures Dataset\images\flecked\flecked_0099.jpg,0.20559635677582574,2,"[16.734708786010742, 15.445808410644531, 15.813797950744629, 23.43927001953125]",,,,False,False
C:\Users\Hamada.MSI\Desktop\Hamada\lab\data\raw\images\Describable Textures Dataset\images\flecked\flecked_0104.jpg,0.015639290206706288,1,"[3.811583995819092, 2.974942207336426, 2.657400369644165, 5.173028945922852]",3,1,2.593554543159297,True,False
C:\Users\Hamada.MSI\Desktop\Hamada\lab\data\raw\images\Describable Textures Dataset\images\flecked\flecked_0113.jpg,0.04146488546352368,1,"[8.132423400878906, 3.7095000743865967, 2.1866445541381836, 4.077352523803711]",0,2,5.322033015482428,True,False
C:\Users\Hamada.MSI\Desktop\Hamada\lab\data\raw\images\Describable Textures Dataset\images\flecked\flecked_0117.jpg,0.4993806737495128,5,"[17.053464889526367, 8.199444770812988, 4.5888471603393555, 10.599347114562988]",,,,False,True
C:\Users\Hamada.MSI\Desktop\Hamada\lab\data\raw\images\Describable Textures Dataset\images\flecked\flecked_0123.jpg,0.03238444999387697,1,"[9.115469932556152, 5.280835151672363, 4.250197887420654, 7.9614996910095215]",0,2,1.2649445499221637,True,False
C:\Users\Hamada.MSI\Desktop\Hamada\lab\data\raw\images\Describable Textures Dataset\images\flecked\flecked_0126.jpg,0.19160518141323213,2,"[22.539823532104492, 20.360862731933594, 18.46535301208496, 17.67194366455078]",,,,False,False
C:\Users\Hamada.MSI\Desktop\Hamada\lab\data\raw\images\Describable Textures Dataset\images\flecked\flecked_0133.jpg,0.1670539540831146,2,"[5.024804592132568, 6.940483570098877, 10.975043296813965, 32.90900802612305]",,,,False,False
C:\Users\Hamada.MSI\Desktop\Hamada\lab\data\raw\images\Describable Textures Dataset\images\flecked\flecked_0134.jpg,0.09820527794898766,1,"[15.779621124267578, 7.885427951812744, 4.513657093048096, 15.834501266479492]",8,5,7.946799112820462,True,False
C:\Users\Hamada.MSI\Desktop\Hamada\lab\data\raw\images\Describable Textures Dataset\images\flecked\flecked_0142.jpg,0.21445051069297077,2,"[13.658026695251465, 9.512804985046387, 7.50573205947876, 30.354053497314453]",,,,False,False
C:\Users\Hamada.MSI\Desktop\Hamada\lab\data\raw\images\Describable Textures Dataset\images\flecked\flecked_0144.jpg,0.2394309627461063,3,"[8.004659652709961, 4.6053786277771, 3.8919875621795654, 15.234461784362793]",,,,False,False
C:\Users\Hamada.MSI\Desktop\Hamada\lab\data\raw\images\Describable Textures Dataset\images\flecked\flecked_0145.jpg,0.16458277083598252,2,"[24.746435165405273, 6.851748943328857, 4.078990459442139, 7.781395435333252]",,,,False,False
C:\Users\Hamada.MSI\Desktop\Hamada\lab\data\raw\images\Describable Textures Dataset\images\flecked\flecked_0165.jpg,0.21189723141399097,2,"[38.331687927246094, 41.03779983520508, 23.67682456970215, 9.392109870910645]",,,,False,False
C:\Users\Hamada.MSI\Desktop\Hamada\lab\data\raw\images\Describable Textures Dataset\images\freckled\freckled_0054.jpg,0.11585463954196369,1,"[3.3032898902893066, 3.1467695236206055, 4.124112606048584, 44.458984375]",2,8,8.392829533321171,True,False
C:\Users\Hamada.MSI\Desktop\Hamada\lab\data\raw\images\Describable Textures Dataset\images\freckled\freckled_0060.jpg,0.2672606052765732,3,"[4.829891681671143, 6.101238250732422, 8.852828025817871, 43.79243469238281]",,,,False,False
C:\Users\Hamada.MSI\Desktop\Hamada\lab\data\raw\images\Describable Textures Dataset\images\freckled\freckled_0066.jpg,0.14352092744975573,1,"[2.902381658554077, 2.971029758453369, 3.87149977684021, 30.261381149291992]",7,4,2.4127811859545565,True,False
C:\Users\Hamada.MSI\Desktop\Hamada\lab\data\raw\images\Describable Textures Dataset\images\freckled\freckled_0076.jpg,0.2529605790221929,3,"[8.985950469970703, 7.257598876953125, 7.771045684814453, 50.673866271972656]",,,,False,False
C:\Users\Hamada.MSI\Desktop\Hamada\lab\data\raw\images\Describable Textures Dataset\images\freckled\freckled_0079.jpg,0.4965797665822231,5,"[3.199498414993286, 3.8550806045532227, 5.336585521697998, 62.64008712768555]",,,,False,True
C:\Users\Hamada.MSI\Desktop\Hamada\lab\data\raw\images\Describable Textures Dataset\images\freckled\freckled_0080.jpg,0.29978310731987495,4,"[7.805172920227051, 6.103723526000977, 6.615750789642334, 30.166522979736328]",,,,False,True
C:\Users\Hamada.MSI\Desktop\Hamada\lab\data\raw\images\Describable Textures Dataset\images\freckled\freckled_0084.jpg,0.2255158748743971,3,"[2.75132417678833, 2.773113250732422, 4.1110992431640625, 73.60173797607422]",,,,False,False
C:\Users\Hamada.MSI\Desktop\Hamada\lab\data\raw\images\Describable Textures Dataset\images\freckled\freckled_0094.jpg,0.21468209808750324,2,"[4.104523181915283, 3.657172203063965, 5.217144966125488, 59.524070739746094]",,,,False,False
C:\Users\Hamada.MSI\Desktop\Hamada\lab\data\raw\images\Describable Textures Dataset\images\freckled\freckled_0095.jpg,0.3394684121006146,4,"[2.554354429244995, 2.7580177783966064, 3.7709739208221436, 52.3834342956543]",,,,False,True
C:\Users\Hamada.MSI\Desktop\Hamada\lab\data\raw\images\Describable Textures Dataset\images\freckled\freckled_0099.jpg,0.2605632609551922,3,"[5.543012619018555, 7.438230037689209, 10.623749732971191, 54.2605094909668]",,,,False,False
C:\Users\Hamada.MSI\Desktop\Hamada\lab\data\raw\images\Describable Textures Dataset\images\freckled\freckled_0112.jpg,0.2780927387660356,3,"[4.6341552734375, 4.07960319519043, 4.733811378479004, 33.08265686035156]",,,,False,False
C:\Users\Hamada.MSI\Desktop\Hamada\lab\data\raw\images\Describable Textures Dataset\images\freckled\freckled_0126.jpg,0.0876966210204689,1,"[2.0674009323120117, 2.3649046421051025, 3.0090160369873047, 21.917150497436523]",5,3,5.479476036508567,True,False
C:\Users\Hamada.MSI\Desktop\Hamada\lab\data\raw\images\Describable Textures Dataset\images\freckled\freckled_0137.jpg,0.3497146964033285,4,"[2.006972074508667, 2.0181071758270264, 2.2580511569976807, 7.785346508026123]",,,,False,True
C:\Users\Hamada.MSI\Desktop\Hamada\lab\data\raw\images\Describable Textures Dataset\images\freckled\freckled_0146.jpg,0.428793498612191,5,"[2.6897878646850586, 2.7108662128448486, 3.4576070308685303, 48.59977722167969]",,,,False,True
C:\Users\Hamada.MSI\Desktop\Hamada\lab\data\raw\images\Describable Textures Dataset\images\freckled\freckled_0148.jpg,0.16003113231887084,2,"[3.3066635131835938, 3.552649974822998, 4.238292217254639, 36.49108123779297]",,,,False,False
C:\Users\Hamada.MSI\Desktop\Hamada\lab\data\raw\images\Describable Textures Dataset\images\freckled\freckled_0155.jpg,0.21907250387037805,2,"[1.604828119277954, 2.28157114982605, 3.4120230674743652, 27.60442352294922]",,,,False,False
C:\Users\Hamada.MSI\Desktop\Hamada\lab\data\raw\images\Describable Textures Dataset\images\freckled\freckled_0162.jpg,0.19254471608603826,2,"[6.077859878540039, 9.54065227508545, 11.496294975280762, 43.42704391479492]",,,,False,False
C:\Users\Hamada.MSI\Desktop\Hamada\lab\data\raw\images\Describable Textures Dataset\images\freckled\freckled_0166.jpg,0.10651077104713765,1,"[4.504429340362549, 4.798778533935547, 6.407763481140137, 42.26485824584961]",2,8,4.713508622208885,True,False
C:\Users\Hamada.MSI\Desktop\Hamada\lab\data\raw\images\Describable Textures Dataset\images\freckled\freckled_0169.jpg,0.2152604519582851,2,"[2.4266865253448486, 2.610659599304199, 3.144725799560547, 20.91674041748047]",,,,False,False
C:\Users\Hamada.MSI\Desktop\Hamada\lab\data\raw\images\Describable Textures Dataset\images\freckled\freckled_0175.jpg,0.3904204711333394,5,"[5.359691143035889, 5.520967960357666, 6.702049732208252, 39.583065032958984]",,,,False,True
C:\Users\Hamada.MSI\Desktop\Hamada\lab\data\raw\images\Describable Textures Dataset\images\frilly\frilly_0006.jpg,0.35285378629104563,4,"[5.1005330085754395, 6.600584506988525, 8.574865341186523, 26.915830612182617]",,,,False,True
C:\Users\Hamada.MSI\Desktop\Hamada\lab\data\raw\images\Describable Textures Dataset\images\frilly\frilly_0022.jpg,0.19848850314300182,2,"[15.169488906860352, 11.779840469360352, 11.398428916931152, 28.139129638671875]",,,,False,False
C:\Users\Hamada.MSI\Desktop\Hamada\lab\data\raw\images\Describable Textures Dataset\images\frilly\frilly_0030.jpg,0.07483127604379183,1,"[8.367592811584473, 9.463156700134277, 9.655278205871582, 28.07254981994629]",1,6,2.507841523978114,True,False
C:\Users\Hamada.MSI\Desktop\Hamada\lab\data\raw\images\Describable Textures Dataset\images\frilly\frilly_0036.jpg,0.24476154792488364,3,"[13.350746154785156, 12.9704008102417, 13.323407173156738, 31.83692741394043]",,,,False,False
C:\Users\Hamada.MSI\Desktop\Hamada\lab\data\raw\images\Describable Textures Dataset\images\frilly\frilly_0043.jpg,0.39029031536630615,5,"[5.819248199462891, 9.681965827941895, 17.67332649230957, 63.62470245361328]",,,,False,True
C:\Users\Hamada.MSI\Desktop\Hamada\lab\data\raw\images\Describable Textures Dataset\images\frilly\frilly_0045.jpg,0.054245792364417594,1,"[3.936163902282715, 5.7176737785339355, 7.490840911865234, 17.879547119140625]",5,3,2.7330309126340846,True,False
C:\Users\Hamada.MSI\Desktop\Hamada\lab\data\raw\images\Describable Textures Dataset\images\frilly\frilly_0055.jpg,0.5746079223702795,5,"[3.030029296875, 3.6432695388793945, 5.0024003982543945, 28.67264175415039]",,,,False,True
C:\Users\Hamada.MSI\Desktop\Hamada\lab\data\raw\images\Describable Textures Dataset\images\frilly\frilly_0057.jpg,0.10457884657992574,1,"[3.7874159812927246, 3.924036741256714, 4.202856063842773, 14.906875610351562]",5,3,4.08376382809798,True,False
C:\Users\Hamada.MSI\Desktop\Hamada\lab\data\raw\images\Describable Textures Dataset\images\frilly\frilly_0059.jpg,0.2993834585817974,4,"[4.31802225112915, 6.263166427612305, 7.7695465087890625, 33.815773010253906]",,,,False,True
C:\Users\Hamada.MSI\Desktop\Hamada\lab\data\raw\images\Describable Textures Dataset\images\frilly\frilly_0062.jpg,0.2655774820435113,3,"[9.949886322021484, 11.641729354858398, 13.805767059326172, 43.95960998535156]",,,,False,False
C:\Users\Hamada.MSI\Desktop\Hamada\lab\data\raw\images\Describable Textures Dataset\images\frilly\frilly_0063.jpg,0.3833772718670337,4,"[3.9638686180114746, 4.239450454711914, 5.876574516296387, 33.98523712158203]",,,,False,True
C:\Users\Hamada.MSI\Desktop\Hamada\lab\data\raw\images\Describable Textures Dataset\images\frilly\frilly_0072.jpg,0.3782504896030609,4,"[6.6140851974487305, 5.265669345855713, 5.935352802276611, 15.328315734863281]",,,,False,True
C:\Users\Hamada.MSI\Desktop\Hamada\lab\data\raw\images\Describable Textures Dataset\images\frilly\frilly_0083.jpg,0.17061975267286883,2,"[13.510968208312988, 13.667526245117188, 13.23377799987793, 39.708587646484375]",,,,False,False
C:\Users\Hamada.MSI\Desktop\Hamada\lab\data\raw\images\Describable Textures Dataset\images\frilly\frilly_0087.jpg,0.1600826129491257,2,"[7.21431827545166, 9.227262496948242, 11.64095401763916, 29.549081802368164]",,,,False,False
C:\Users\Hamada.MSI\Desktop\Hamada\lab\data\raw\images\Describable Textures Dataset\images\frilly\frilly_0092.jpg,0.24985363861171095,3,"[16.605680465698242, 11.699982643127441, 11.100940704345703, 19.073823928833008]",,,,False,False
C:\Users\Hamada.MSI\Desktop\Hamada\lab\data\raw\images\Describable Textures Dataset\images\frilly\frilly_0093.jpg,0.419993610956157,5,"[4.795181751251221, 6.889418601989746, 9.595078468322754, 53.47388458251953]",,,,False,True
C:\Users\Hamada.MSI\Desktop\Hamada\lab\data\raw\images\Describable Textures Dataset\images\frilly\frilly_0104.jpg,0.4262334417918451,5,"[0.9094948768615723, 1.4148107767105103, 2.452368974685669, 13.51576042175293]",,,,False,True
C:\Users\Hamada.MSI\Desktop\Hamada\lab\data\raw\images\Describable Textures Dataset\images\frilly\frilly_0105.jpg,0.15463081084312533,2,"[2.499284267425537, 3.929659843444824, 5.787596702575684, 18.78996467590332]",,,,False,False
C:\Users\Hamada.MSI\Desktop\Hamada\lab\data\raw\images\Describable Textures Dataset\images\frilly\frilly_0112.jpg,0.5017017804127487,5,"[10.8020658493042, 14.775066375732422, 12.08033275604248, 20.561275482177734]",,,,False,True
C:\Users\Hamada.MSI\Desktop\Hamada\lab\data\raw\images\Describable Textures Dataset\images\frilly\frilly_0114.jpg,0.2723895329397115,3,"[1.5160499811172485, 2.2884840965270996, 3.5662074089050293, 43.07434844970703]",,,,False,False
C:\Users\Hamada.MSI\Desktop\Hamada\lab\data\raw\images\Describable Textures Dataset\images\gauzy\gauzy_0090.jpg,0.18962717087103886,2,"[11.64635181427002, 11.485282897949219, 12.78525161743164, 30.574108123779297]",,,,False,False
C:\Users\Hamada.MSI\Desktop\Hamada\lab\data\raw\images\Describable Textures Dataset\images\gauzy\gauzy_0099.jpg,0.3214632616264277,4,"[3.5547711849212646, 5.0830397605896, 7.025872230529785, 47.65174865722656]",,,,False,True
C:\Users\Hamada.MSI\Desktop\Hamada\lab\data\raw\images\Describable Textures Dataset\images\gauzy\gauzy_0109.jpg,0.653187109563675,5,"[1.300882339477539, 1.6689203977584839, 2.467205762863159, 44.82548141479492]",,,,False,True
C:\Users\Hamada.MSI\Desktop\Hamada\lab\data\raw\images\Describable Textures Dataset\images\gauzy\gauzy_0119.jpg,0.15875517847342388,2,"[3.5040621757507324, 2.9650521278381348, 3.792198896408081, 24.49884605407715]",,,,False,False
C:\Users\Hamada.MSI\Desktop\Hamada\lab\data\raw\images\Describable Textures Dataset\images\gauzy\gauzy_0148.jpg,0.3204367841310597,4,"[0.865218997001648, 1.4051710367202759, 2.8099141120910645, 40.829673767089844]",,,,False,True
C:\Users\Hamada.MSI\Desktop\Hamada\lab\data\raw\images\Describable Textures Dataset\images\gauzy\gauzy_0154.jpg,0.5760895599786411,5,"[2.4316506385803223, 3.302854061126709, 4.891724109649658, 33.966407775878906]",,,,False,True
C:\Users\Hamada.MSI\Desktop\Hamada\lab\data\raw\images\Describable Textures Dataset\images\gauzy\gauzy_0155.jpg,0.47961884718812325,5,"[1.8135565519332886, 2.0703892707824707, 2.736229181289673, 23.519559860229492]",,,,False,True
C:\Users\Hamada.MSI\Desktop\Hamada\lab\data\raw\images\Describable Textures Dataset\images\gauzy\gauzy_0157.jpg,0.22293958472055314,2,"[2.5133979320526123, 2.4539618492126465, 2.852067708969116, 19.64200210571289]",,,,False,False
C:\Users\Hamada.MSI\Desktop\Hamada\lab\data\raw\images\Describable Textures Dataset\images\gauzy\gauzy_0168.jpg,0.37488949489402645,4,"[0.8404669761657715, 1.0731526613235474, 1.8354769945144653, 15.173137664794922]",,,,False,True
C:\Users\Hamada.MSI\Desktop\Hamada\lab\data\raw\images\Describable Textures Dataset\images\gauzy\gauzy_0171.jpg,0.48816906971936674,5,"[3.1726181507110596, 3.7446999549865723, 5.290815353393555, 20.72542953491211]",,,,False,True
C:\Users\Hamada.MSI\Desktop\Hamada\lab\data\raw\images\Describable Textures Dataset\images\gauzy\gauzy_0172.jpg,0.4234486164973072,5,"[6.975888729095459, 3.5714223384857178, 2.853879690170288, 16.62264060974121]",,,,False,True
C:\Users\Hamada.MSI\Desktop\Hamada\lab\data\raw\images\Describable Textures Dataset\images\gauzy\gauzy_0173.jpg,0.5678988275529728,5,"[13.340643882751465, 3.3106417655944824, 1.3974251747131348, 7.510063648223877]",,,,False,True
C:\Users\Hamada.MSI\Desktop\Hamada\lab\data\raw\images\Describable Textures Dataset\images\gauzy\gauzy_0175.jpg,0.4991002055575585,5,"[2.9901511669158936, 3.631014823913574, 5.379737377166748, 28.78135108947754]",,,,False,True
C:\Users\Hamada.MSI\Desktop\Hamada\lab\data\raw\images\Describable Textures Dataset\images\gauzy\gauzy_0177.jpg,0.20988075320797606,2,"[3.138190507888794, 2.988818883895874, 3.260733127593994, 16.06570816040039]",,,,False,False
C:\Users\Hamada.MSI\Desktop\Hamada\lab\data\raw\images\Describable Textures Dataset\images\gauzy\gauzy_0180.jpg,0.5878370343113213,5,"[2.82381272315979, 3.4385952949523926, 5.418563365936279, 17.480031967163086]",,,,False,True
C:\Users\Hamada.MSI\Desktop\Hamada\lab\data\raw\images\Describable Textures Dataset\images\gauzy\gauzy_0183.jpg,0.36065256027200315,4,"[1.8898725509643555, 1.743106484413147, 1.7550837993621826, 9.329113960266113]",,,,False,True
C:\Users\Hamada.MSI\Desktop\Hamada\lab\data\raw\images\Describable Textures Dataset\images\gauzy\gauzy_0190.jpg,0.10505948504764111,1,"[0.9593210816383362, 1.0328384637832642, 1.474916696548462, 28.326202392578125]",7,4,6.455978992431948,True,False
C:\Users\Hamada.MSI\Desktop\Hamada\lab\data\raw\images\Describable Textures Dataset\images\gauzy\gauzy_0196.jpg,0.4938190667037543,5,"[1.9767422676086426, 2.413785457611084, 2.9386708736419678, 8.454446792602539]",,,,False,True
C:\Users\Hamada.MSI\Desktop\Hamada\lab\data\raw\images\Describable Textures Dataset\images\gauzy\gauzy_0199.jpg,0.339968856982024,4,"[3.2410876750946045, 3.100722074508667, 4.531174659729004, 31.692028045654297]",,,,False,True
C:\Users\Hamada.MSI\Desktop\Hamada\lab\data\raw\images\Describable Textures Dataset\images\gauzy\gauzy_0201.jpg,0.3335789297075305,4,"[4.696699142456055, 3.9256744384765625, 3.423234701156616, 34.68854522705078]",,,,False,True
C:\Users\Hamada.MSI\Desktop\Hamada\lab\data\raw\images\Describable Textures Dataset\images\grid\grid_0029.jpg,0.48823119844778873,5,"[6.8377203941345215, 9.281508445739746, 8.386346817016602, 9.05262279510498]",,,,False,True
C:\Users\Hamada.MSI\Desktop\Hamada\lab\data\raw\images\Describable Textures Dataset\images\grid\grid_0032.jpg,0.2619378282115741,3,"[18.667144775390625, 10.512324333190918, 9.643805503845215, 15.856518745422363]",,,,False,False
C:\Users\Hamada.MSI\Desktop\Hamada\lab\data\raw\images\Describable Textures Dataset\images\grid\grid_0035.jpg,0.22703859921111832,3,"[20.45195960998535, 24.06939125061035, 23.60879135131836, 7.995566368103027]",,,,False,False
C:\Users\Hamada.MSI\Desktop\Hamada\lab\data\raw\images\Describable Textures Dataset\images\grid\grid_0045.jpg,0.8595836917835746,5,"[16.165849685668945, 7.948062896728516, 5.044431209564209, 10.860834121704102]",,,,False,True
C:\Users\Hamada.MSI\Desktop\Hamada\lab\data\raw\images\Describable Textures Dataset\images\grid\grid_0046.jpg,0.20591419039334283,2,"[16.5163631439209, 16.225313186645508, 14.390117645263672, 15.413189888000488]",,,,False,False
C:\Users\Hamada.MSI\Desktop\Hamada\lab\data\raw\images\Describable Textures Dataset\images\grid\grid_0047.jpg,0.901195739059325,5,"[34.51461410522461, 20.3194637298584, 13.170856475830078, 11.35428237915039]",,,,False,True
C:\Users\Hamada.MSI\Desktop\Hamada\lab\data\raw\images\Describable Textures Dataset\images\grid\grid_0050.jpg,0.3288468175566669,4,"[12.2323637008667, 18.045228958129883, 23.844270706176758, 43.49137878417969]",,,,False,True
C:\Users\Hamada.MSI\Desktop\Hamada\lab\data\raw\images\Describable Textures Dataset\images\grid\grid_0053.jpg,0.8893272753594009,5,"[14.785109519958496, 18.374792098999023, 18.558992385864258, 22.886640548706055]",,,,False,True
C:\Users\Hamada.MSI\Desktop\Hamada\lab\data\raw\images\Describable Textures Dataset\images\grid\grid_0060.jpg,0.920778949825081,5,"[26.70000648498535, 17.73050880432129, 13.689477920532227, 8.269370079040527]",,,,False,True
C:\Users\Hamada.MSI\Desktop\Hamada\lab\data\raw\images\Describable Textures Dataset\images\grid\grid_0066.jpg,0.12239983509275865,1,"[26.607187271118164, 26.324567794799805, 23.196277618408203, 20.007780075073242]",9,10,6.7399887766548465,True,False
C:\Users\Hamada.MSI\Desktop\Hamada\lab\data\raw\images\Describable Textures Dataset\images\grid\grid_0070.jpg,0.19456752853256098,2,"[23.868621826171875, 19.076520919799805, 9.468798637390137, 17.416799545288086]",,,,False,False
C:\Users\Hamada.MSI\Desktop\Hamada\lab\data\raw\images\Describable Textures Dataset\images\grid\grid_0074.jpg,0.68153172048061,5,"[8.444952964782715, 14.568083763122559, 26.152963638305664, 49.7945442199707]",,,,False,True
C:\Users\Hamada.MSI\Desktop\Hamada\lab\data\raw\images\Describable Textures Dataset\images\grid\grid_0091.jpg,0.12111862001952431,1,"[12.88211441040039, 13.037116050720215, 15.026772499084473, 20.483165740966797]",4,9,6.965941755279295,True,False
C:\Users\Hamada.MSI\Desktop\Hamada\lab\data\raw\images\Describable Textures Dataset\images\grid\grid_0093.jpg,0.14934092085575382,2,"[14.107734680175781, 17.045366287231445, 22.369937896728516, 22.19950294494629]",,,,False,False
C:\Users\Hamada.MSI\Desktop\Hamada\lab\data\raw\images\Describable Textures Dataset\images\grid\grid_0107.jpg,0.13665571637737806,1,"[8.5172758102417, 9.877409934997559, 14.932640075683594, 23.52698516845703]",1,6,5.423420647305214,True,False
C:\Users\Hamada.MSI\Desktop\Hamada\lab\data\raw\images\Describable Textures Dataset\images\grid\grid_0117.jpg,0.32769838213719904,4,"[10.575383186340332, 11.417318344116211, 14.263080596923828, 27.638303756713867]",,,,False,True
C:\Users\Hamada.MSI\Desktop\Hamada\lab\data\raw\images\Describable Textures Dataset\images\grid\grid_0121.jpg,0.6604368772598468,5,"[2.4716975688934326, 2.932434558868408, 3.438815116882324, 13.128159523010254]",,,,False,True
C:\Users\Hamada.MSI\Desktop\Hamada\lab\data\raw\images\Describable Textures Dataset\images\grid\grid_0124.jpg,0.19614979631608906,2,"[15.88062572479248, 20.911569595336914, 29.203256607055664, 14.753921508789062]",,,,False,False
C:\Users\Hamada.MSI\Desktop\Hamada\lab\data\raw\images\Describable Textures Dataset\images\grid\grid_0126.jpg,0.08691472268931925,1,"[14.130777359008789, 14.831893920898438, 15.071911811828613, 14.073402404785156]",8,5,6.815888386482965,True,False
C:\Users\Hamada.MSI\Desktop\Hamada\lab\data\raw\images\Describable Textures Dataset\images\grid\grid_0132.jpg,0.1571370966123048,2,"[8.592787742614746, 10.754653930664062, 11.845808982849121, 15.402445793151855]",,,,False,False
C:\Users\Hamada.MSI\Desktop\Hamada\lab\data\raw\images\Describable Textures Dataset\images\grooved\grooved_0054.jpg,0.1059156467988574,1,"[14.398165702819824, 8.554353713989258, 9.325749397277832, 43.44260787963867]",2,8,8.119710614184447,True,False
C:\Users\Hamada.MSI\Desktop\Hamada\lab\data\raw\images\Describable Textures Dataset\images\grooved\grooved_0055.jpg,0.2146314820036237,2,"[7.434840679168701, 5.333378791809082, 4.842070579528809, 31.3785400390625]",,,,False,False
C:\Users\Hamada.MSI\Desktop\Hamada\lab\data\raw\images\Describable Textures Dataset\images\grooved\grooved_0059.jpg,0.3629863247011712,4,"[9.61486530303955, 6.475992679595947, 3.9270544052124023, 76.98771667480469]",,,,False,True
C:\Users\Hamada.MSI\Desktop\Hamada\lab\data\raw\images\Describable Textures Dataset\images\grooved\grooved_0061.jpg,0.4870130042420114,5,"[8.209202766418457, 6.086374282836914, 3.140679121017456, 2.633103609085083]",,,,False,True
C:\Users\Hamada.MSI\Desktop\Hamada\lab\data\raw\images\Describable Textures Dataset\images\grooved\grooved_0065.jpg,0.09555493932926465,1,"[9.21058464050293, 12.805391311645508, 15.033190727233887, 30.556962966918945]",4,9,5.293406960209633,True,False
C:\Users\Hamada.MSI\Desktop\Hamada\lab\data\raw\images\Describable Textures Dataset\images\grooved\grooved_0102.jpg,0.3949295791961439,5,"[16.208126068115234, 7.951901435852051, 7.084174633026123, 20.94585609436035]",,,,False,True
C:\Users\Hamada.MSI\Desktop\Hamada\lab\data\raw\images\Describable Textures Dataset\images\grooved\grooved_0110.jpg,0.35726387427514295,4,"[11.683175086975098, 4.671507358551025, 1.9838134050369263, 8.51208782196045]",,,,False,True
C:\Users\Hamada.MSI\Desktop\Hamada\lab\data\raw\images\Describable Textures Dataset\images\grooved\grooved_0116.jpg,0.12568427710464736,1,"[6.345339298248291, 5.745081424713135, 5.208730220794678, 19.836103439331055]",5,3,2.139971645748488,True,False
C:\Users\Hamada.MSI\Desktop\Hamada\lab\data\raw\images\Describable Textures Dataset\images\grooved\grooved_0119.jpg,0.42547049258446135,5,"[14.977272987365723, 8.118988037109375, 3.4788899421691895, 2.41693115234375]",,,,False,True
C:\Users\Hamada.MSI\Desktop\Hamada\lab\data\raw\images\Describable Textures Dataset\images\grooved\grooved_0121.jpg,0.11726756612062188,1,"[8.014533042907715, 6.3157782554626465, 3.438365936279297, 29.960874557495117]",7,4,5.568223076992775,True,False
C:\Users\Hamada.MSI\Desktop\Hamada\lab\data\raw\images\Describable Textures Dataset\images\grooved\grooved_0132.jpg,0.03124985179326409,1,"[4.093844413757324, 3.4195189476013184, 3.120958089828491, 4.8188886642456055]",3,1,3.061559533831487,True,False
C:\Users\Hamada.MSI\Desktop\Hamada\lab\data\raw\images\Describable Textures Dataset\images\grooved\grooved_0135.jpg,0.2145288336487152,2,"[0.9391546249389648, 1.398567795753479, 1.891470193862915, 17.008216857910156]",,,,False,False
C:\Users\Hamada.MSI\Desktop\Hamada\lab\data\raw\images\Describable Textures Dataset\images\grooved\grooved_0140.jpg,0.3229505761605429,4,"[1.977451205253601, 2.5558979511260986, 3.489046096801758, 24.23881721496582]",,,,False,True
C:\Users\Hamada.MSI\Desktop\Hamada\lab\data\raw\images\Describable Textures Dataset\images\grooved\grooved_0147.jpg,0.24990053250556568,3,"[9.364831924438477, 7.1471452713012695, 6.454905033111572, 15.338041305541992]",,,,False,False
C:\Users\Hamada.MSI\Desktop\Hamada\lab\data\raw\images\Describable Textures Dataset\images\grooved\grooved_0152.jpg,0.13901235227011827,1,"[3.5238099098205566, 2.4993276596069336, 2.4259254932403564, 9.163907051086426]",3,1,1.5232097120693604,True,False
C:\Users\Hamada.MSI\Desktop\Hamada\lab\data\raw\images\Describable Textures Dataset\images\grooved\grooved_0159.jpg,0.1939405786540082,2,"[7.747307777404785, 8.791837692260742, 7.3846259117126465, 60.924373626708984]",,,,False,False
C:\Users\Hamada.MSI\Desktop\Hamada\lab\data\raw\images\Describable Textures Dataset\images\grooved\grooved_0161.jpg,0.6644750333467492,5,"[8.534148216247559, 8.719684600830078, 10.513969421386719, 24.76935386657715]",,,,False,True
C:\Users\Hamada.MSI\Desktop\Hamada\lab\data\raw\images\Describable Textures Dataset\images\grooved\grooved_0163.jpg,0.10107667985726883,1,"[4.598020553588867, 5.846401691436768, 9.05109977722168, 37.709190368652344]",2,8,3.8236510419265133,True,False
C:\Users\Hamada.MSI\Desktop\Hamada\lab\data\raw\images\Describable Textures Dataset\images\grooved\grooved_0165.jpg,0.11749020139252361,1,"[4.335717678070068, 3.39141845703125, 3.865260362625122, 23.022876739501953]",5,3,4.874396968132927,True,False
C:\Users\Hamada.MSI\Desktop\Hamada\lab\data\raw\images\Describable Textures Dataset\images\grooved\grooved_0169.jpg,0.20400853489336726,2,"[7.193371772766113, 12.052080154418945, 18.747220993041992, 45.99041748046875]",,,,False,False
C:\Users\Hamada.MSI\Desktop\Hamada\lab\data\raw\images\Describable Textures Dataset\images\honeycombed\honeycombed_0003.jpg,0.15683208375319932,2,"[6.011105537414551, 9.574625968933105, 12.41477108001709, 21.21279525756836]",,,,False,False
C:\Users\Hamada.MSI\Desktop\Hamada\lab\data\raw\images\Describable Textures Dataset\images\honeycombed\honeycombed_0053.jpg,0.39234545098346335,5,"[1.3715312480926514, 0.9513034820556641, 0.882494330406189, 8.720392227172852]",,,,False,True
C:\Users\Hamada.MSI\Desktop\Hamada\lab\data\raw\images\Describable Textures Dataset\images\honeycombed\honeycombed_0059.jpg,0.16950793576573242,2,"[7.581847190856934, 9.469869613647461, 13.302675247192383, 37.44092559814453]",,,,False,False
C:\Users\Hamada.MSI\Desktop\Hamada\lab\data\raw\images\Describable Textures Dataset\images\honeycombed\honeycombed_0061.jpg,0.5371433790553967,5,"[10.501058578491211, 12.907485008239746, 12.428386688232422, 12.544174194335938]",,,,False,True
C:\Users\Hamada.MSI\Desktop\Hamada\lab\data\raw\images\Describable Textures Dataset\images\honeycombed\honeycombed_0078.jpg,0.6011484315792612,5,"[10.438298225402832, 19.14240837097168, 35.71987533569336, 47.937095642089844]",,,,False,True
C:\Users\Hamada.MSI\Desktop\Hamada\lab\data\raw\images\Describable Textures Dataset\images\honeycombed\honeycombed_0106.jpg,0.25107711300363206,3,"[8.698807716369629, 8.565265655517578, 7.4169392585754395, 9.321606636047363]",,,,False,False
C:\Users\Hamada.MSI\Desktop\Hamada\lab\data\raw\images\Describable Textures Dataset\images\honeycombed\honeycombed_0113.jpg,0.32434828049993397,4,"[3.50136661529541, 5.509429454803467, 8.651862144470215, 34.2116584777832]",,,,False,True
C:\Users\Hamada.MSI\Desktop\Hamada\lab\data\raw\images\Describable Textures Dataset\images\honeycombed\honeycombed_0114.jpg,0.14450047648284475,2,"[5.7471747398376465, 8.284337997436523, 12.543652534484863, 31.783369064331055]",,,,False,False
C:\Users\Hamada.MSI\Desktop\Hamada\lab\data\raw\images\Describable Textures Dataset\images\honeycombed\honeycombed_0115.jpg,0.22746979019181587,3,"[5.615183353424072, 6.959743976593018, 8.745863914489746, 33.7818717956543]",,,,False,False
C:\Users\Hamada.MSI\Desktop\Hamada\lab\data\raw\images\Describable Textures Dataset\images\honeycombed\honeycombed_0116.jpg,0.21455078021476093,2,"[10.318020820617676, 13.571434020996094, 19.06692123413086, 28.062538146972656]",,,,False,False
C:\Users\Hamada.MSI\Desktop\Hamada\lab\data\raw\images\Describable Textures Dataset\images\honeycombed\honeycombed_0126.jpg,0.23416934111404097,3,"[7.225353240966797, 9.249189376831055, 14.640090942382812, 53.80951690673828]",,,,False,False
C:\Users\Hamada.MSI\Desktop\Hamada\lab\data\raw\images\Describable Textures Dataset\images\honeycombed\honeycombed_0130.jpg,0.4314932457923014,5,"[17.48224449157715, 14.186697006225586, 13.168985366821289, 19.934030532836914]",,,,False,True
C:\Users\Hamada.MSI\Desktop\Hamada\lab\data\raw\images\Describable Textures Dataset\images\honeycombed\honeycombed_0136.jpg,0.22865328829123746,3,"[8.812373161315918, 11.774279594421387, 17.829317092895508, 49.755897521972656]",,,,False,False
C:\Users\Hamada.MSI\Desktop\Hamada\lab\data\raw\images\Describable Textures Dataset\images\honeycombed\honeycombed_0141.jpg,0.40330327964476187,5,"[6.857700824737549, 11.995980262756348, 15.901228904724121, 25.644685745239258]",,,,False,True
C:\Users\Hamada.MSI\Desktop\Hamada\lab\data\raw\images\Describable Textures Dataset\images\honeycombed\honeycombed_0147.jpg,0.05958809531603164,1,"[5.687101364135742, 6.06807279586792, 7.157201766967773, 21.24689483642578]",5,3,3.605733539653967,True,False
C:\Users\Hamada.MSI\Desktop\Hamada\lab\data\raw\images\Describable Textures Dataset\images\honeycombed\honeycombed_0159.jpg,0.2679811937164518,3,"[19.984710693359375, 18.611146926879883, 11.288152694702148, 11.61236572265625]",,,,False,False
C:\Users\Hamada.MSI\Desktop\Hamada\lab\data\raw\images\Describable Textures Dataset\images\honeycombed\honeycombed_0163.jpg,0.4824073461015213,5,"[2.7631518840789795, 3.1264021396636963, 4.800022125244141, 15.993414878845215]",,,,False,True
C:\Users\Hamada.MSI\Desktop\Hamada\lab\data\raw\images\Describable Textures Dataset\images\honeycombed\honeycombed_0167.jpg,0.11791422597007625,1,"[27.230167388916016, 26.36041831970215, 16.957412719726562, 20.819618225097656]",9,10,5.333991175590776,True,False
C:\Users\Hamada.MSI\Desktop\Hamada\lab\data\raw\images\Describable Textures Dataset\images\honeycombed\honeycombed_0171.jpg,0.15030344170691165,2,"[1.670280933380127, 2.0532586574554443, 2.6383745670318604, 7.884899616241455]",,,,False,False
C:\Users\Hamada.MSI\Desktop\Hamada\lab\data\raw\images\Describable Textures Dataset\images\honeycombed\honeycombed_0174.jpg,0.04555447110881028,1,"[10.270317077636719, 9.458837509155273, 10.552098274230957, 14.965981483459473]",8,5,2.654602501227306,True,False
C:\Users\Hamada.MSI\Desktop\Hamada\lab\data\raw\images\Describable Textures Dataset\images\interlaced\interlaced_0060.jpg,0.24864928785254095,3,"[25.01186752319336, 17.98387336730957, 14.187824249267578, 34.942501068115234]",,,,False,False
C:\Users\Hamada.MSI\Desktop\Hamada\lab\data\raw\images\Describable Textures Dataset\images\interlaced\interlaced_0082.jpg,0.3052168871635972,4,"[7.347257137298584, 7.099918842315674, 11.306970596313477, 22.113245010375977]",,,,False,True
C:\Users\Hamada.MSI\Desktop\Hamada\lab\data\raw\images\Describable Textures Dataset\images\interlaced\interlaced_0087.jpg,0.7430017108241704,5,"[28.204687118530273, 24.033857345581055, 17.575803756713867, 7.8253889083862305]",,,,False,True
C:\Users\Hamada.MSI\Desktop\Hamada\lab\data\raw\images\Describable Textures Dataset\images\interlaced\interlaced_0093.jpg,0.13777049128584748,1,"[7.996533393859863, 9.674456596374512, 11.39452838897705, 21.13203239440918]",1,6,4.987297073776376,True,False
C:\Users\Hamada.MSI\Desktop\Hamada\lab\data\raw\images\Describable Textures Dataset\images\interlaced\interlaced_0102.jpg,0.26844727578679245,3,"[18.2899112701416, 6.755568981170654, 10.518657684326172, 19.798690795898438]",,,,False,False
C:\Users\Hamada.MSI\Desktop\Hamada\lab\data\raw\images\Describable Textures Dataset\images\interlaced\interlaced_0108.jpg,0.23382190997327398,3,"[21.269210815429688, 15.65114974975586, 15.141777992248535, 33.971519470214844]",,,,False,False
C:\Users\Hamada.MSI\Desktop\Hamada\lab\data\raw\images\Describable Textures Dataset\images\interlaced\interlaced_0115.jpg,0.17957019619847442,2,"[7.002889633178711, 10.200190544128418, 13.228215217590332, 33.19713592529297]",,,,False,False
C:\Users\Hamada.MSI\Desktop\Hamada\lab\data\raw\images\Describable Textures Dataset\images\interlaced\interlaced_0120.jpg,0.30440854780574844,4,"[12.750011444091797, 11.309566497802734, 13.129383087158203, 25.031993865966797]",,,,False,True
C:\Users\Hamada.MSI\Desktop\Hamada\lab\data\raw\images\Describable Textures Dataset\images\interlaced\interlaced_0126.jpg,0.16519743562535938,2,"[5.7953972816467285, 7.932168960571289, 11.888311386108398, 40.744876861572266]",,,,False,False
C:\Users\Hamada.MSI\Desktop\Hamada\lab\data\raw\images\Describable Textures Dataset\images\interlaced\interlaced_0132.jpg,0.20927461346989373,2,"[9.047317504882812, 7.77610969543457, 10.058765411376953, 19.528396606445312]",,,,False,False
C:\Users\Hamada.MSI\Desktop\Hamada\lab\data\raw\images\Describable Textures Dataset\images\interlaced\interlaced_0138.jpg,0.27137766038656114,3,"[8.079968452453613, 9.938671112060547, 8.822504043579102, 16.034786224365234]",,,,False,False
C:\Users\Hamada.MSI\Desktop\Hamada\lab\data\raw\images\Describable Textures Dataset\images\interlaced\interlaced_0145.jpg,0.23464148067598103,3,"[16.676483154296875, 8.276888847351074, 8.211347579956055, 14.544507026672363]",,,,False,False
C:\Users\Hamada.MSI\Desktop\Hamada\lab\data\raw\images\Describable Textures Dataset\images\interlaced\interlaced_0146.jpg,0.26796047369270004,3,"[8.457331657409668, 15.889327049255371, 28.577871322631836, 45.08513259887695]",,,,False,False
C:\Users\Hamada.MSI\Desktop\Hamada\lab\data\raw\images\Describable Textures Dataset\images\interlaced\interlaced_0159.jpg,0.19455049656686832,2,"[10.143045425415039, 12.073819160461426, 11.617077827453613, 25.8933048248291]",,,,False,False
C:\Users\Hamada.MSI\Desktop\Hamada\lab\data\raw\images\Describable Textures Dataset\images\interlaced\interlaced_0164.jpg,0.40215600136526075,5,"[16.755090713500977, 15.197519302368164, 17.482458114624023, 34.1190185546875]",,,,False,True
C:\Users\Hamada.MSI\Desktop\Hamada\lab\data\raw\images\Describable Textures Dataset\images\interlaced\interlaced_0167.jpg,0.24367330015432945,3,"[10.521052360534668, 12.4349946975708, 20.156034469604492, 51.47868347167969]",,,,False,False
C:\Users\Hamada.MSI\Desktop\Hamada\lab\data\raw\images\Describable Textures Dataset\images\interlaced\interlaced_0168.jpg,0.25028277113889513,3,"[8.158868789672852, 9.123431205749512, 10.777527809143066, 15.203943252563477]",,,,False,False
C:\Users\Hamada.MSI\Desktop\Hamada\lab\data\raw\images\Describable Textures Dataset\images\interlaced\interlaced_0187.jpg,0.3414587969557393,4,"[16.826339721679688, 27.62406349182129, 29.864683151245117, 35.740753173828125]",,,,False,True
C:\Users\Hamada.MSI\Desktop\Hamada\lab\data\raw\images\Describable Textures Dataset\images\interlaced\interlaced_0189.jpg,0.15867647556369016,2,"[4.965780258178711, 9.913494110107422, 17.891904830932617, 46.889732360839844]",,,,False,False
C:\Users\Hamada.MSI\Desktop\Hamada\lab\data\raw\images\Describable Textures Dataset\images\interlaced\interlaced_0194.jpg,0.1143267271558254,1,"[19.667749404907227, 11.023433685302734, 7.663588523864746, 11.55197525024414]",6,7,5.797345599894763,True,False
C:\Users\Hamada.MSI\Desktop\Hamada\lab\data\raw\images\Describable Textures Dataset\images\knitted\knitted_0072.jpg,0.20808076026600428,2,"[8.811762809753418, 8.927501678466797, 9.501964569091797, 24.523700714111328]",,,,False,False
C:\Users\Hamada.MSI\Desktop\Hamada\lab\data\raw\images\Describable Textures Dataset\images\knitted\knitted_0075.jpg,0.21568959894748702,2,"[8.823509216308594, 10.615234375, 13.618772506713867, 25.647876739501953]",,,,False,False
C:\Users\Hamada.MSI\Desktop\Hamada\lab\data\raw\images\Describable Textures Dataset\images\knitted\knitted_0091.jpg,0.17690464401694905,2,"[18.786256790161133, 13.600831031799316, 6.412674903869629, 8.477312088012695]",,,,False,False
C:\Users\Hamada.MSI\Desktop\Hamada\lab\data\raw\images\Describable Textures Dataset\images\knitted\knitted_0093.jpg,0.7118788507649565,5,"[14.960390090942383, 3.844057559967041, 2.6264686584472656, 6.325143337249756]",,,,False,True
C:\Users\Hamada.MSI\Desktop\Hamada\lab\data\raw\images\Describable Textures Dataset\images\knitted\knitted_0118.jpg,0.405212410531961,5,"[1.7537482976913452, 3.564403772354126, 5.243738174438477, 6.734279632568359]",,,,False,True
C:\Users\Hamada.MSI\Desktop\Hamada\lab\data\raw\images\Describable Textures Dataset\images\knitted\knitted_0121.jpg,0.17621038160775157,2,"[2.882565975189209, 5.264636993408203, 8.814465522766113, 24.829355239868164]",,,,False,False
C:\Users\Hamada.MSI\Desktop\Hamada\lab\data\raw\images\Describable Textures Dataset\images\knitted\knitted_0133.jpg,0.040585955895344306,1,"[10.237123489379883, 8.613496780395508, 9.722223281860352, 10.059552192687988]",8,5,4.344984309203445,True,False
C:\Users\Hamada.MSI\Desktop\Hamada\lab\data\raw\images\Describable Textures Dataset\images\knitted\knitted_0134.jpg,0.24643420255250148,3,"[7.667672634124756, 8.226539611816406, 9.904950141906738, 12.282151222229004]",,,,False,False
C:\Users\Hamada.MSI\Desktop\Hamada\lab\data\raw\images\Describable Textures Dataset\images\knitted\knitted_0137.jpg,0.4063729990748564,5,"[8.696914672851562, 10.604931831359863, 10.170304298400879, 16.405038833618164]",,,,False,True
C:\Users\Hamada.MSI\Desktop\Hamada\lab\data\raw\images\Describable Textures Dataset\images\knitted\knitted_0138.jpg,0.05355030175436207,1,"[9.544218063354492, 3.3209269046783447, 1.5435007810592651, 3.815049409866333]",0,2,5.8815362401918625,True,False
C:\Users\Hamada.MSI\Desktop\Hamada\lab\data\raw\images\Describable Textures Dataset\images\knitted\knitted_0143.jpg,0.06912429237625638,1,"[5.461802005767822, 5.168304443359375, 4.801392078399658, 6.43958854675293]",3,1,3.9142804579435517,True,False
C:\Users\Hamada.MSI\Desktop\Hamada\lab\data\raw\images\Describable Textures Dataset\images\knitted\knitted_0146.jpg,0.027531399065422388,1,"[2.5348830223083496, 2.9707274436950684, 3.700944423675537, 6.891031742095947]",3,1,1.5171486342929736,True,False
C:\Users\Hamada.MSI\Desktop\Hamada\lab\data\raw\images\Describable Textures Dataset\images\knitted\knitted_0148.jpg,0.06253022968168812,1,"[9.193676948547363, 10.535079956054688, 11.263206481933594, 12.575492858886719]",8,5,2.912425090280826,True,False
C:\Users\Hamada.MSI\Desktop\Hamada\lab\data\raw\images\Describable Textures Dataset\images\knitted\knitted_0158.jpg,0.5217850155843726,5,"[6.821625709533691, 8.588542938232422, 11.739386558532715, 23.42151641845703]",,,,False,True
C:\Users\Hamada.MSI\Desktop\Hamada\lab\data\raw\images\Describable Textures Dataset\images\knitted\knitted_0165.jpg,0.10893036977625957,1,"[5.837376594543457, 6.759091854095459, 5.708843231201172, 13.661184310913086]",5,3,5.428462861342595,True,False
C:\Users\Hamada.MSI\Desktop\Hamada\lab\data\raw\images\Describable Textures Dataset\images\knitted\knitted_0172.jpg,0.2666770650064885,3,"[5.455495834350586, 8.40870475769043, 7.8143486976623535, 18.111928939819336]",,,,False,False
C:\Users\Hamada.MSI\Desktop\Hamada\lab\data\raw\images\Describable Textures Dataset\images\knitted\knitted_0178.jpg,0.17903545218434697,2,"[18.319412231445312, 13.568050384521484, 7.646072864532471, 11.329618453979492]",,,,False,False
C:\Users\Hamada.MSI\Desktop\Hamada\lab\data\raw\images\Describable Textures Dataset\images\knitted\knitted_0188.jpg,0.08026285335380626,1,"[3.7156364917755127, 5.676146030426025, 7.268899440765381, 18.884252548217773]",5,3,2.556415799842236,True,False
C:\Users\Hamada.MSI\Desktop\Hamada\lab\data\raw\images\Describable Textures Dataset\images\knitted\knitted_0196.jpg,0.227939319116701,3,"[14.597617149353027, 9.369462966918945, 11.025397300720215, 18.81770896911621]",,,,False,False
C:\Users\Hamada.MSI\Desktop\Hamada\lab\data\raw\images\Describable Textures Dataset\images\knitted\knitted_0198.jpg,0.2114128773113203,2,"[6.099201202392578, 4.543499946594238, 2.486433744430542, 7.659488201141357]",,,,False,False
C:\Users\Hamada.MSI\Desktop\Hamada\lab\data\raw\images\Describable Textures Dataset\images\lacelike\lacelike_0002.jpg,0.1276449840100526,1,"[17.10655975341797, 12.838988304138184, 16.640634536743164, 36.56916427612305]",4,9,10.259391250030353,True,False
C:\Users\Hamada.MSI\Desktop\Hamada\lab\data\raw\images\Describable Textures Dataset\images\lacelike\lacelike_0003.jpg,0.26200341077007183,3,"[9.055546760559082, 10.175387382507324, 11.402505874633789, 35.43936538696289]",,,,False,False
C:\Users\Hamada.MSI\Desktop\Hamada\lab\data\raw\images\Describable Textures Dataset\images\lacelike\lacelike_0004.jpg,0.45442881528970924,5,"[25.913982391357422, 24.376554489135742, 16.585676193237305, 27.37496566772461]",,,,False,True
C:\Users\Hamada.MSI\Desktop\Hamada\lab\data\raw\images\Describable Textures Dataset\images\lacelike\lacelike_0010.jpg,0.21134280370437836,2,"[10.535163879394531, 6.799779891967773, 6.526338577270508, 8.799243927001953]",,,,False,False
C:\Users\Hamada.MSI\Desktop\Hamada\lab\data\raw\images\Describable Textures Dataset\images\lacelike\lacelike_0015.jpg,0.29659968564750405,4,"[31.034502029418945, 20.41348648071289, 17.649194717407227, 31.978120803833008]",,,,False,True
C:\Users\Hamada.MSI\Desktop\Hamada\lab\data\raw\images\Describable Textures Dataset\images\lacelike\lacelike_0017.jpg,0.32955922193388415,4,"[16.71878433227539, 12.25181770324707, 12.328883171081543, 20.2440242767334]",,,,False,True
C:\Users\Hamada.MSI\Desktop\Hamada\lab\data\raw\images\Describable Textures Dataset\images\lacelike\lacelike_0024.jpg,0.5774881214998481,5,"[13.309761047363281, 9.802923202514648, 8.031946182250977, 10.936368942260742]",,,,False,True
C:\Users\Hamada.MSI\Desktop\Hamada\lab\data\raw\images\Describable Textures Dataset\images\lacelike\lacelike_0028.jpg,0.381418854841858,4,"[32.97568130493164, 30.607988357543945, 19.948528289794922, 36.05657196044922]",,,,False,True
C:\Users\Hamada.MSI\Desktop\Hamada\lab\data\raw\images\Describable Textures Dataset\images\lacelike\lacelike_0052.jpg,0.7243161471136516,5,"[2.196488618850708, 4.036181449890137, 6.540073871612549, 18.703100204467773]",,,,False,True
C:\Users\Hamada.MSI\Desktop\Hamada\lab\data\raw\images\Describable Textures Dataset\images\lacelike\lacelike_0067.jpg,0.15019473207163372,2,"[19.298912048339844, 17.367910385131836, 13.530784606933594, 22.806102752685547]",,,,False,False
C:\Users\Hamada.MSI\Desktop\Hamada\lab\data\raw\images\Describable Textures Dataset\images\lacelike\lacelike_0069.jpg,0.2673377533017284,3,"[21.558828353881836, 17.927780151367188, 16.82008171081543, 28.71800994873047]",,,,False,False
C:\Users\Hamada.MSI\Desktop\Hamada\lab\data\raw\images\Describable Textures Dataset\images\lacelike\lacelike_0074.jpg,0.6380126163176992,5,"[16.006101608276367, 16.13568878173828, 10.87425422668457, 23.715810775756836]",,,,False,True
C:\Users\Hamada.MSI\Desktop\Hamada\lab\data\raw\images\Describable Textures Dataset\images\lacelike\lacelike_0092.jpg,0.315845223188034,4,"[14.753325462341309, 12.536067962646484, 11.05423355102539, 23.35284996032715]",,,,False,True
C:\Users\Hamada.MSI\Desktop\Hamada\lab\data\raw\images\Describable Textures Dataset\images\lacelike\lacelike_0096.jpg,0.20621384182534735,2,"[34.4138298034668, 26.977519989013672, 20.898462295532227, 16.900848388671875]",,,,False,False
C:\Users\Hamada.MSI\Desktop\Hamada\lab\data\raw\images\Describable Textures Dataset\images\lacelike\lacelike_0097.jpg,0.04985861085357241,1,"[13.885628700256348, 5.862784385681152, 6.054629325866699, 10.339079856872559]",0,2,5.363868232200063,True,False
C:\Users\Hamada.MSI\Desktop\Hamada\lab\data\raw\images\Describable Textures Dataset\images\lacelike\lacelike_0099.jpg,0.22993438868351715,3,"[30.352331161499023, 17.62352752685547, 8.23300552368164, 19.844757080078125]",,,,False,False
C:\Users\Hamada.MSI\Desktop\Hamada\lab\data\raw\images\Describable Textures Dataset\images\lacelike\lacelike_0101.jpg,0.6281756676714607,5,"[5.583186626434326, 6.879607200622559, 5.1697611808776855, 8.468647003173828]",,,,False,True
C:\Users\Hamada.MSI\Desktop\Hamada\lab\data\raw\images\Describable Textures Dataset\images\lacelike\lacelike_0102.jpg,0.4072233771704648,5,"[21.631811141967773, 14.250991821289062, 12.430569648742676, 43.44895553588867]",,,,False,True
C:\Users\Hamada.MSI\Desktop\Hamada\lab\data\raw\images\Describable Textures Dataset\images\lacelike\lacelike_0106.jpg,0.17019067702122664,2,"[11.081428527832031, 9.342511177062988, 9.033544540405273, 39.6478157043457]",,,,False,False
C:\Users\Hamada.MSI\Desktop\Hamada\lab\data\raw\images\Describable Textures Dataset\images\lacelike\lacelike_0114.jpg,0.15889514738904792,2,"[19.709579467773438, 6.647282123565674, 7.22750997543335, 20.73670768737793]",,,,False,False
C:\Users\Hamada.MSI\Desktop\Hamada\lab\data\raw\images\Describable Textures Dataset\images\lined\lined_0024.jpg,0.6336173579208574,5,"[1.2472642660140991, 1.3045196533203125, 2.5449652671813965, 4.549431800842285]",,,,False,True
C:\Users\Hamada.MSI\Desktop\Hamada\lab\data\raw\images\Describable Textures Dataset\images\lined\lined_0038.jpg,0.5960850290746605,5,"[10.743673324584961, 9.117835998535156, 8.073262214660645, 7.402528285980225]",,,,False,True
C:\Users\Hamada.MSI\Desktop\Hamada\lab\data\raw\images\Describable Textures Dataset\images\lined\lined_0039.jpg,0.4482409270857321,5,"[22.1138973236084, 23.525644302368164, 16.535261154174805, 38.970062255859375]",,,,False,True
C:\Users\Hamada.MSI\Desktop\Hamada\lab\data\raw\images\Describable Textures Dataset\images\lined\lined_0041.jpg,0.3653388568782031,4,"[20.52217674255371, 12.054036140441895, 6.916523456573486, 9.991644859313965]",,,,False,True
C:\Users\Hamada.MSI\Desktop\Hamada\lab\data\raw\images\Describable Textures Dataset\images\lined\lined_0059.jpg,0.8668437774859341,5,"[47.00428009033203, 25.067296981811523, 7.316431999206543, 11.058354377746582]",,,,False,True
C:\Users\Hamada.MSI\Desktop\Hamada\lab\data\raw\images\Describable Textures Dataset\images\lined\lined_0103.jpg,0.1507489532088222,2,"[5.247987270355225, 7.787441730499268, 9.07328987121582, 9.893190383911133]",,,,False,False
C:\Users\Hamada.MSI\Desktop\Hamada\lab\data\raw\images\Describable Textures Dataset\images\lined\lined_0105.jpg,0.11958836815146917,1,"[11.83195686340332, 14.89945125579834, 21.073863983154297, 19.227685928344727]",4,9,9.638542797599493,True,False
C:\Users\Hamada.MSI\Desktop\Hamada\lab\data\raw\images\Describable Textures Dataset\images\lined\lined_0114.jpg,0.0743160827109,1,"[6.512211322784424, 5.938159465789795, 5.880044460296631, 8.31521987915039]",0,2,3.1947462377386344,True,False
C:\Users\Hamada.MSI\Desktop\Hamada\lab\data\raw\images\Describable Textures Dataset\images\lined\lined_0119.jpg,0.04170071452153631,1,"[8.307055473327637, 10.10815715789795, 11.329710960388184, 12.480635643005371]",8,5,3.8164205527432267,True,False
C:\Users\Hamada.MSI\Desktop\Hamada\lab\data\raw\images\Describable Textures Dataset\images\lined\lined_0122.jpg,0.31509207795450267,4,"[2.1272146701812744, 2.6372272968292236, 2.890152931213379, 5.437209129333496]",,,,False,True
C:\Users\Hamada.MSI\Desktop\Hamada\lab\data\raw\images\Describable Textures Dataset\images\lined\lined_0130.jpg,0.09563062709765503,1,"[7.793736457824707, 8.505316734313965, 8.170907974243164, 27.452281951904297]",1,6,2.757935066167106,True,False
C:\Users\Hamada.MSI\Desktop\Hamada\lab\data\raw\images\Describable Textures Dataset\images\lined\lined_0136.jpg,0.43992509760403825,5,"[5.546076774597168, 6.761758804321289, 10.657261848449707, 15.543128967285156]",,,,False,True
C:\Users\Hamada.MSI\Desktop\Hamada\lab\data\raw\images\Describable Textures Dataset\images\lined\lined_0146.jpg,0.5338606617549502,5,"[3.126749038696289, 4.914207458496094, 8.182072639465332, 11.744100570678711]",,,,False,True
C:\Users\Hamada.MSI\Desktop\Hamada\lab\data\raw\images\Describable Textures Dataset\images\lined\lined_0147.jpg,0.39648302684536463,5,"[8.370295524597168, 10.552684783935547, 11.912252426147461, 7.036718368530273]",,,,False,True
C:\Users\Hamada.MSI\Desktop\Hamada\lab\data\raw\images\Describable Textures Dataset\images\lined\lined_0150.jpg,0.48170394953063667,5,"[14.707403182983398, 18.68719482421875, 12.714612007141113, 11.724783897399902]",,,,False,True
C:\Users\Hamada.MSI\Desktop\Hamada\lab\data\raw\images\Describable Textures Dataset\images\lined\lined_0154.jpg,0.19589099230629192,2,"[10.329882621765137, 14.926072120666504, 13.005337715148926, 15.77686595916748]",,,,False,False
C:\Users\Hamada.MSI\Desktop\Hamada\lab\data\raw\images\Describable Textures Dataset\images\lined\lined_0157.jpg,0.41548468078005496,5,"[16.367895126342773, 21.937782287597656, 26.301963806152344, 19.972627639770508]",,,,False,True
C:\Users\Hamada.MSI\Desktop\Hamada\lab\data\raw\images\Describable Textures Dataset\images\lined\lined_0163.jpg,0.41981018427617744,5,"[3.7996914386749268, 5.146320343017578, 9.14499568939209, 15.724822044372559]",,,,False,True
C:\Users\Hamada.MSI\Desktop\Hamada\lab\data\raw\images\Describable Textures Dataset\images\lined\lined_0174.jpg,0.5417231890018531,5,"[8.480036735534668, 10.792176246643066, 11.912117958068848, 14.914855003356934]",,,,False,True
C:\Users\Hamada.MSI\Desktop\Hamada\lab\data\raw\images\Describable Textures Dataset\images\lined\lined_0177.jpg,0.2798617717481129,4,"[14.01165771484375, 15.875356674194336, 28.3040771484375, 34.10746765136719]",,,,False,True
C:\Users\Hamada.MSI\Desktop\Hamada\lab\data\raw\images\Describable Textures Dataset\images\marbled\marbled_0035.jpg,0.0630120887919798,1,"[6.544416904449463, 6.2167181968688965, 6.1642537117004395, 8.68078899383545]",0,2,3.3427802489695857,True,False
C:\Users\Hamada.MSI\Desktop\Hamada\lab\data\raw\images\Describable Textures Dataset\images\marbled\marbled_0075.jpg,0.7056764777407313,5,"[7.547415256500244, 5.784971237182617, 4.919223308563232, 5.340151786804199]",,,,False,True
C:\Users\Hamada.MSI\Desktop\Hamada\lab\data\raw\images\Describable Textures Dataset\images\marbled\marbled_0076.jpg,0.7898759427933112,5,"[4.619503974914551, 3.405592679977417, 2.6459145545959473, 2.4760398864746094]",,,,False,True
C:\Users\Hamada.MSI\Desktop\Hamada\lab\data\raw\images\Describable Textures Dataset\images\marbled\marbled_0079.jpg,0.22480954629109057,3,"[13.399581909179688, 5.963048934936523, 3.884598970413208, 7.0919952392578125]",,,,False,False
C:\Users\Hamada.MSI\Desktop\Hamada\lab\data\raw\images\Describable Textures Dataset\images\marbled\marbled_0082.jpg,0.3006130721765798,4,"[5.787541389465332, 4.141098499298096, 4.103525638580322, 24.216428756713867]",,,,False,True
C:\Users\Hamada.MSI\Desktop\Hamada\lab\data\raw\images\Describable Textures Dataset\images\marbled\marbled_0093.jpg,0.8197654812848698,5,"[10.806909561157227, 8.549040794372559, 6.981818199157715, 10.534682273864746]",,,,False,True
C:\Users\Hamada.MSI\Desktop\Hamada\lab\data\raw\images\Describable Textures Dataset\images\marbled\marbled_0095.jpg,0.5054195214960227,5,"[8.446175575256348, 6.767829418182373, 7.044242858886719, 25.446500778198242]",,,,False,True
C:\Users\Hamada.MSI\Desktop\Hamada\lab\data\raw\images\Describable Textures Dataset\images\marbled\marbled_0097.jpg,0.371792167329935,4,"[1.8996790647506714, 1.9123245477676392, 2.291611433029175, 9.085909843444824]",,,,False,True
C:\Users\Hamada.MSI\Desktop\Hamada\lab\data\raw\images\Describable Textures Dataset\images\marbled\marbled_0115.jpg,0.428560206946516,5,"[3.426435708999634, 4.807339191436768, 5.57460355758667, 15.80770206451416]",,,,False,True
C:\Users\Hamada.MSI\Desktop\Hamada\lab\data\raw\images\Describable Textures Dataset\images\marbled\marbled_0117.jpg,0.3265586856702973,4,"[4.7797064781188965, 4.441361904144287, 4.309521675109863, 20.506507873535156]",,,,False,True
C:\Users\Hamada.MSI\Desktop\Hamada\lab\data\raw\images\Describable Textures Dataset\images\marbled\marbled_0119.jpg,0.5068864685356331,5,"[1.9022763967514038, 2.161466121673584, 2.2900400161743164, 15.193416595458984]",,,,False,True
C:\Users\Hamada.MSI\Desktop\Hamada\lab\data\raw\images\Describable Textures Dataset\images\marbled\marbled_0123.jpg,0.23738908864852457,3,"[12.506431579589844, 12.909564971923828, 12.857876777648926, 15.222066879272461]",,,,False,False
C:\Users\Hamada.MSI\Desktop\Hamada\lab\data\raw\images\Describable Textures Dataset\images\marbled\marbled_0129.jpg,0.11107226640250635,1,"[12.899089813232422, 12.336060523986816, 14.158116340637207, 30.422645568847656]",4,9,4.076754797361589,True,False
C:\Users\Hamada.MSI\Desktop\Hamada\lab\data\raw\images\Describable Textures Dataset\images\marbled\marbled_0138.jpg,0.13078371259090046,1,"[2.834634780883789, 2.923105478286743, 3.003812551498413, 11.711020469665527]",3,1,4.0340458763296425,True,False
C:\Users\Hamada.MSI\Desktop\Hamada\lab\data\raw\images\Describable Textures Dataset\images\marbled\marbled_0140.jpg,0.5463019346404574,5,"[3.3760628700256348, 3.3528761863708496, 3.3271849155426025, 20.56990623474121]",,,,False,True
C:\Users\Hamada.MSI\Desktop\Hamada\lab\data\raw\images\Describable Textures Dataset\images\marbled\marbled_0144.jpg,0.3260459979842232,4,"[18.519058227539062, 9.079657554626465, 5.961267948150635, 28.76578712463379]",,,,False,True
C:\Users\Hamada.MSI\Desktop\Hamada\lab\data\raw\images\Describable Textures Dataset\images\marbled\marbled_0152.jpg,0.3335869264224317,4,"[12.963500022888184, 10.741595268249512, 12.179696083068848, 36.88362121582031]",,,,False,True
C:\Users\Hamada.MSI\Desktop\Hamada\lab\data\raw\images\Describable Textures Dataset\images\marbled\marbled_0162.jpg,0.14274816403090118,1,"[1.9528852701187134, 2.2549049854278564, 2.524812698364258, 9.237359046936035]",3,1,2.2008688741245033,True,False
C:\Users\Hamada.MSI\Desktop\Hamada\lab\data\raw\images\Describable Textures Dataset\images\marbled\marbled_0169.jpg,0.12727207947653937,1,"[7.739803791046143, 7.170270919799805, 7.262937068939209, 20.56572914123535]",5,3,4.6580262588581665,True,False
C:\Users\Hamada.MSI\Desktop\Hamada\lab\data\raw\images\Describable Textures Dataset\images\marbled\marbled_0189.jpg,0.08520925756538966,1,"[2.3234751224517822, 2.511260509490967, 2.6292452812194824, 8.44947624206543]",3,1,1.3650349061042586,True,False
C:\Users\Hamada.MSI\Desktop\Hamada\lab\data\raw\images\Describable Textures Dataset\images\matted\matted_0038.jpg,0.2657610030761728,3,"[2.7166926860809326, 3.1385037899017334, 4.157556056976318, 46.23822021484375]",,,,False,False
C:\Users\Hamada.MSI\Desktop\Hamada\lab\data\raw\images\Describable Textures Dataset\images\matted\matted_0042.jpg,0.09288962178236254,1,"[22.841114044189453, 9.850205421447754, 6.861388206481934, 23.29044532775879]",6,7,11.795622660771022,True,False
C:\Users\Hamada.MSI\Desktop\Hamada\lab\data\raw\images\Describable Textures Dataset\images\matted\matted_0044.jpg,0.0953956383441594,1,"[9.789491653442383, 8.81748104095459, 9.796061515808105, 22.383167266845703]",1,6,3.6067345773611987,True,False
C:\Users\Hamada.MSI\Desktop\Hamada\lab\data\raw\images\Describable Textures Dataset\images\matted\matted_0046.jpg,0.129249373055367,1,"[14.490106582641602, 9.305635452270508, 8.756122589111328, 31.19455337524414]",1,6,8.06732270817948,True,False
C:\Users\Hamada.MSI\Desktop\Hamada\lab\data\raw\images\Describable Textures Dataset\images\matted\matted_0070.jpg,0.22748054774258014,3,"[17.8502140045166, 8.045404434204102, 5.815913677215576, 8.187858581542969]",,,,False,False
C:\Users\Hamada.MSI\Desktop\Hamada\lab\data\raw\images\Describable Textures Dataset\images\matted\matted_0074.jpg,0.30549842086231893,4,"[6.856761932373047, 9.62324047088623, 11.85053539276123, 29.238874435424805]",,,,False,True
C:\Users\Hamada.MSI\Desktop\Hamada\lab\data\raw\images\Describable Textures Dataset\images\matted\matted_0083.jpg,0.34496250235575016,4,"[16.096784591674805, 12.985587120056152, 10.708704948425293, 23.149608612060547]",,,,False,True
C:\Users\Hamada.MSI\Desktop\Hamada\lab\data\raw\images\Describable Textures Dataset\images\matted\matted_0089.jpg,0.2944234022149387,4,"[2.7772908210754395, 3.6307358741760254, 4.186769485473633, 30.23480796813965]",,,,False,True
C:\Users\Hamada.MSI\Desktop\Hamada\lab\data\raw\images\Describable Textures Dataset\images\matted\matted_0092.jpg,0.20262873184905356,2,"[7.5106425285339355, 7.094552040100098, 8.92644214630127, 38.24030685424805]",,,,False,False
C:\Users\Hamada.MSI\Desktop\Hamada\lab\data\raw\images\Describable Textures Dataset\images\matted\matted_0093.jpg,0.0956090819624735,1,"[9.394859313964844, 11.429433822631836, 11.84417724609375, 22.017295837402344]",1,6,5.0468945137906704,True,False
C:\Users\Hamada.MSI\Desktop\Hamada\lab\data\raw\images\Describable Textures Dataset\images\matted\matted_0097.jpg,0.12631469362492764,1,"[10.52714729309082, 11.470332145690918, 7.657837867736816, 13.089845657348633]",8,5,2.7188849284349477,True,False
C:\Users\Hamada.MSI\Desktop\Hamada\lab\data\raw\images\Describable Textures Dataset\images\matted\matted_0118.jpg,0.14849589319114123,2,"[13.73355770111084, 6.902281761169434, 6.8981547355651855, 32.719642639160156]",,,,False,False
C:\Users\Hamada.MSI\Desktop\Hamada\lab\data\raw\images\Describable Textures Dataset\images\matted\matted_0119.jpg,0.33110802667174755,4,"[17.3996524810791, 21.206357955932617, 22.971689224243164, 38.927059173583984]",,,,False,True
C:\Users\Hamada.MSI\Desktop\Hamada\lab\data\raw\images\Describable Textures Dataset\images\matted\matted_0120.jpg,0.22667526958101256,3,"[2.8912668228149414, 3.6619603633880615, 4.632129192352295, 36.075626373291016]",,,,False,False
C:\Users\Hamada.MSI\Desktop\Hamada\lab\data\raw\images\Describable Textures Dataset\images\matted\matted_0140.jpg,0.15752287878057145,2,"[5.874603748321533, 4.842343330383301, 5.082944393157959, 36.08951187133789]",,,,False,False
C:\Users\Hamada.MSI\Desktop\Hamada\lab\data\raw\images\Describable Textures Dataset\images\matted\matted_0144.jpg,0.24931406486125804,3,"[9.492483139038086, 5.932230472564697, 5.158390998840332, 16.941078186035156]",,,,False,False
C:\Users\Hamada.MSI\Desktop\Hamada\lab\data\raw\images\Describable Textures Dataset\images\matted\matted_0148.jpg,0.16945189829992283,2,"[7.691275596618652, 5.838553428649902, 5.35833215713501, 14.825701713562012]",,,,False,False
C:\Users\Hamada.MSI\Desktop\Hamada\lab\data\raw\images\Describable Textures Dataset\images\matted\matted_0154.jpg,0.31842669970134835,4,"[2.564579963684082, 3.7567670345306396, 4.985269546508789, 12.835993766784668]",,,,False,True
C:\Users\Hamada.MSI\Desktop\Hamada\lab\data\raw\images\Describable Textures Dataset\images\matted\matted_0155.jpg,0.2805348069443948,4,"[4.598498344421387, 4.38960599899292, 5.153293132781982, 11.99839973449707]",,,,False,True
C:\Users\Hamada.MSI\Desktop\Hamada\lab\data\raw\images\Describable Textures Dataset\images\matted\matted_0158.jpg,0.26478590335496244,3,"[1.5930172204971313, 2.080575942993164, 2.8484387397766113, 16.578256607055664]",,,,False,False
C:\Users\Hamada.MSI\Desktop\Hamada\lab\data\raw\images\Describable Textures Dataset\images\meshed\meshed_0039.jpg,0.07473629556240331,1,"[12.47938346862793, 12.824258804321289, 10.284517288208008, 12.033492088317871]",8,5,2.431184139011503,True,False
C:\Users\Hamada.MSI\Desktop\Hamada\lab\data\raw\images\Describable Textures Dataset\images\meshed\meshed_0074.jpg,0.7458525804993532,5,"[19.662982940673828, 26.431507110595703, 29.882251739501953, 32.750885009765625]",,,,False,True
C:\Users\Hamada.MSI\Desktop\Hamada\lab\data\raw\images\Describable Textures Dataset\images\meshed\meshed_0076.jpg,0.20787245463332496,2,"[3.3798513412475586, 5.470890045166016, 6.801732063293457, 35.82871627807617]",,,,False,False
C:\Users\Hamada.MSI\Desktop\Hamada\lab\data\raw\images\Describable Textures Dataset\images\meshed\meshed_0099.jpg,0.0728480990321037,1,"[6.813783168792725, 7.759901523590088, 8.150490760803223, 13.761496543884277]",8,5,6.149449868555097,True,False
C:\Users\Hamada.MSI\Desktop\Hamada\lab\data\raw\images\Describable Textures Dataset\images\meshed\meshed_0106.jpg,0.33867145753855493,4,"[20.431774139404297, 21.4927921295166, 28.63808822631836, 34.4639892578125]",,,,False,True
C:\Users\Hamada.MSI\Desktop\Hamada\lab\data\raw\images\Describable Textures Dataset\images\meshed\meshed_0107.jpg,0.14590777150048712,2,"[26.065889358520508, 16.21522331237793, 5.948632717132568, 17.4394588470459]",,,,False,False
C:\Users\Hamada.MSI\Desktop\Hamada\lab\data\raw\images\Describable Textures Dataset\images\meshed\meshed_0110.jpg,0.07624433927130518,1,"[17.34264373779297, 22.199569702148438, 18.925413131713867, 13.195843696594238]",9,10,9.348185201534,True,False
C:\Users\Hamada.MSI\Desktop\Hamada\lab\data\raw\images\Describable Textures Dataset\images\meshed\meshed_0122.jpg,0.17424024148978542,2,"[11.286737442016602, 14.306379318237305, 15.00822639465332, 14.79083251953125]",,,,False,False
C:\Users\Hamada.MSI\Desktop\Hamada\lab\data\raw\images\Describable Textures Dataset\images\meshed\meshed_0129.jpg,0.12723956462309816,1,"[7.892663955688477, 8.536728858947754, 9.980323791503906, 20.774869918823242]",1,6,5.091439702157169,True,False
C:\Users\Hamada.MSI\Desktop\Hamada\lab\data\raw\images\Describable Textures Dataset\images\meshed\meshed_0130.jpg,0.16281769142764213,2,"[19.776819229125977, 21.993915557861328, 23.736284255981445, 20.314876556396484]",,,,False,False
C:\Users\Hamada.MSI\Desktop\Hamada\lab\data\raw\images\Describable Textures Dataset\images\meshed\meshed_0133.jpg,0.16781973070988587,2,"[19.336517333984375, 20.636262893676758, 17.327350616455078, 23.048391342163086]",,,,False,False
C:\Users\Hamada.MSI\Desktop\Hamada\lab\data\raw\images\Describable Textures Dataset\images\meshed\meshed_0134.jpg,0.17109861903114865,2,"[20.284311294555664, 10.694575309753418, 3.7940192222595215, 30.1960506439209]",,,,False,False
C:\Users\Hamada.MSI\Desktop\Hamada\lab\data\raw\images\Describable Textures Dataset\images\meshed\meshed_0135.jpg,0.24895914374036107,3,"[8.79871940612793, 7.7687273025512695, 7.202324390411377, 40.24382400512695]",,,,False,False
C:\Users\Hamada.MSI\Desktop\Hamada\lab\data\raw\images\Describable Textures Dataset\images\meshed\meshed_0140.jpg,0.2686608879054271,3,"[6.287434101104736, 6.588042259216309, 5.971930503845215, 12.819550514221191]",,,,False,False
C:\Users\Hamada.MSI\Desktop\Hamada\lab\data\raw\images\Describable Textures Dataset\images\meshed\meshed_0141.jpg,0.2285371613664336,3,"[5.019481658935547, 7.959280967712402, 12.846242904663086, 48.033058166503906]",,,,False,False
C:\Users\Hamada.MSI\Desktop\Hamada\lab\data\raw\images\Describable Textures Dataset\images\meshed\meshed_0143.jpg,0.1771139003476929,2,"[13.518045425415039, 13.410727500915527, 13.238957405090332, 44.828765869140625]",,,,False,False
C:\Users\Hamada.MSI\Desktop\Hamada\lab\data\raw\images\Describable Textures Dataset\images\meshed\meshed_0146.jpg,0.32764391583358865,4,"[25.398225784301758, 23.070049285888672, 22.001523971557617, 35.33032989501953]",,,,False,True
C:\Users\Hamada.MSI\Desktop\Hamada\lab\data\raw\images\Describable Textures Dataset\images\meshed\meshed_0161.jpg,0.1441733274298792,2,"[24.850078582763672, 19.227445602416992, 21.38823699951172, 17.269990921020508]",,,,False,False
C:\Users\Hamada.MSI\Desktop\Hamada\lab\data\raw\images\Describable Textures Dataset\images\meshed\meshed_0179.jpg,0.2445696311265053,3,"[9.476378440856934, 7.801955223083496, 9.356685638427734, 38.10784912109375]",,,,False,False
C:\Users\Hamada.MSI\Desktop\Hamada\lab\data\raw\images\Describable Textures Dataset\images\meshed\meshed_0188.jpg,0.23177427874057846,3,"[5.994992733001709, 7.359394550323486, 8.829242706298828, 42.528968811035156]",,,,False,False
C:\Users\Hamada.MSI\Desktop\Hamada\lab\data\raw\images\Describable Textures Dataset\images\paisley\paisley_0005.jpg,0.531044186617326,5,"[20.21190643310547, 13.508444786071777, 12.856019973754883, 17.460968017578125]",,,,False,True
C:\Users\Hamada.MSI\Desktop\Hamada\lab\data\raw\images\Describable Textures Dataset\images\paisley\paisley_0006.jpg,0.4345870006876656,5,"[21.91795539855957, 11.47050666809082, 7.418628215789795, 9.399589538574219]",,,,False,True
C:\Users\Hamada.MSI\Desktop\Hamada\lab\data\raw\images\Describable Textures Dataset\images\paisley\paisley_0007.jpg,0.5184788724336711,5,"[16.92304229736328, 7.68710994720459, 7.131880283355713, 12.895344734191895]",,,,False,True
C:\Users\Hamada.MSI\Desktop\Hamada\lab\data\raw\images\Describable Textures Dataset\images\paisley\paisley_0008.jpg,0.551227649549659,5,"[29.341808319091797, 20.00912094116211, 15.132862091064453, 25.39877700805664]",,,,False,True
C:\Users\Hamada.MSI\Desktop\Hamada\lab\data\raw\images\Describable Textures Dataset\images\paisley\paisley_0009.jpg,0.33940330594424634,4,"[35.68350601196289, 17.372827529907227, 9.546934127807617, 11.14941120147705]",,,,False,True
C:\Users\Hamada.MSI\Desktop\Hamada\lab\data\raw\images\Describable Textures Dataset\images\paisley\paisley_0014.jpg,0.2980086209289932,4,"[16.528526306152344, 12.615989685058594, 11.477943420410156, 20.42723846435547]",,,,False,True
C:\Users\Hamada.MSI\Desktop\Hamada\lab\data\raw\images\Describable Textures Dataset\images\paisley\paisley_0022.jpg,0.13467867857220076,1,"[23.86478042602539, 17.3275203704834, 15.335932731628418, 17.06325340270996]",9,10,6.182535678953268,True,False
C:\Users\Hamada.MSI\Desktop\Hamada\lab\data\raw\images\Describable Textures Dataset\images\paisley\paisley_0035.jpg,0.3126207041254753,4,"[12.85934829711914, 9.52529525756836, 7.035007953643799, 12.605802536010742]",,,,False,True
C:\Users\Hamada.MSI\Desktop\Hamada\lab\data\raw\images\Describable Textures Dataset\images\paisley\paisley_0042.jpg,0.17560818247367121,2,"[22.260547637939453, 14.974099159240723, 12.258133888244629, 14.911968231201172]",,,,False,False
C:\Users\Hamada.MSI\Desktop\Hamada\lab\data\raw\images\Describable Textures Dataset\images\paisley\paisley_0043.jpg,0.09701078349542665,1,"[13.525081634521484, 12.876458168029785, 10.729777336120605, 13.021286010742188]",8,5,2.753720628716306,True,False
C:\Users\Hamada.MSI\Desktop\Hamada\lab\data\raw\images\Describable Textures Dataset\images\paisley\paisley_0044.jpg,0.08772435569799918,1,"[13.185133934020996, 12.291422843933105, 10.423463821411133, 14.757146835327148]",8,5,2.448631905285458,True,False
C:\Users\Hamada.MSI\Desktop\Hamada\lab\data\raw\images\Describable Textures Dataset\images\paisley\paisley_0058.jpg,0.4690645410699193,5,"[24.993274688720703, 23.886629104614258, 22.278059005737305, 31.604717254638672]",,,,False,True
C:\Users\Hamada.MSI\Desktop\Hamada\lab\data\raw\images\Describable Textures Dataset\images\paisley\paisley_0059.jpg,0.7135301939583768,5,"[7.346053123474121, 5.8905720710754395, 4.978953838348389, 7.591297626495361]",,,,False,True
C:\Users\Hamada.MSI\Desktop\Hamada\lab\data\raw\images\Describable Textures Dataset\images\paisley\paisley_0065.jpg,0.24018773629177562,3,"[7.574594974517822, 8.322061538696289, 8.174385070800781, 20.12162971496582]",,,,False,False
C:\Users\Hamada.MSI\Desktop\Hamada\lab\data\raw\images\Describable Textures Dataset\images\paisley\paisley_0074.jpg,0.2399800093383627,3,"[17.62117576599121, 14.55968952178955, 15.239072799682617, 27.772945404052734]",,,,False,False
C:\Users\Hamada.MSI\Desktop\Hamada\lab\data\raw\images\Describable Textures Dataset\images\paisley\paisley_0097.jpg,0.2650889299382449,3,"[29.905864715576172, 20.030284881591797, 18.596940994262695, 25.427997589111328]",,,,False,False
C:\Users\Hamada.MSI\Desktop\Hamada\lab\data\raw\images\Describable Textures Dataset\images\paisley\paisley_0098.jpg,0.27834739364847283,3,"[4.541052341461182, 4.500138282775879, 5.228399276733398, 25.456172943115234]",,,,False,False
C:\Users\Hamada.MSI\Desktop\Hamada\lab\data\raw\images\Describable Textures Dataset\images\paisley\paisley_0103.jpg,0.27691898240909835,3,"[10.372564315795898, 9.08941650390625, 10.094991683959961, 25.858890533447266]",,,,False,False
C:\Users\Hamada.MSI\Desktop\Hamada\lab\data\raw\images\Describable Textures Dataset\images\paisley\paisley_0104.jpg,0.5042741043156286,5,"[15.045552253723145, 20.258665084838867, 21.498872756958008, 23.634937286376953]",,,,False,True
C:\Users\Hamada.MSI\Desktop\Hamada\lab\data\raw\images\Describable Textures Dataset\images\paisley\paisley_0106.jpg,0.37752251169281587,4,"[8.973699569702148, 10.526324272155762, 12.694972038269043, 32.6860466003418]",,,,False,True
C:\Users\Hamada.MSI\Desktop\Hamada\lab\data\raw\images\Describable Textures Dataset\images\perforated\perforated_0003.jpg,0.2677822284015365,3,"[4.519847393035889, 5.891036510467529, 9.662947654724121, 39.321380615234375]",,,,False,False
C:\Users\Hamada.MSI\Desktop\Hamada\lab\data\raw\images\Describable Textures Dataset\images\perforated\perforated_0016.jpg,0.3145773635468833,4,"[6.160196781158447, 9.179213523864746, 16.054960250854492, 20.458755493164062]",,,,False,True
C:\Users\Hamada.MSI\Desktop\Hamada\lab\data\raw\images\Describable Textures Dataset\images\perforated\perforated_0036.jpg,0.15774775073987957,2,"[28.4093017578125, 31.78093719482422, 14.924522399902344, 18.990144729614258]",,,,False,False
C:\Users\Hamada.MSI\Desktop\Hamada\lab\data\raw\images\Describable Textures Dataset\images\perforated\perforated_0045.jpg,0.28534585632270903,4,"[2.2378766536712646, 3.350121259689331, 5.390712261199951, 7.73504114151001]",,,,False,True
C:\Users\Hamada.MSI\Desktop\Hamada\lab\data\raw\images\Describable Textures Dataset\images\perforated\perforated_0066.jpg,0.2483807689949766,3,"[6.910092353820801, 8.006492614746094, 14.9483060836792, 17.621015548706055]",,,,False,False
C:\Users\Hamada.MSI\Desktop\Hamada\lab\data\raw\images\Describable Textures Dataset\images\perforated\perforated_0077.jpg,0.3226745568839054,4,"[8.112512588500977, 14.328364372253418, 21.5336971282959, 39.65827941894531]",,,,False,True
C:\Users\Hamada.MSI\Desktop\Hamada\lab\data\raw\images\Describable Textures Dataset\images\perforated\perforated_0087.jpg,0.1552460000727072,2,"[12.494799613952637, 20.360063552856445, 26.090150833129883, 17.60569953918457]",,,,False,False
C:\Users\Hamada.MSI\Desktop\Hamada\lab\data\raw\images\Describable Textures Dataset\images\perforated\perforated_0088.jpg,0.2347261877079276,3,"[8.856783866882324, 10.98074722290039, 13.031661987304688, 15.313349723815918]",,,,False,False
C:\Users\Hamada.MSI\Desktop\Hamada\lab\data\raw\images\Describable Textures Dataset\images\perforated\perforated_0090.jpg,0.24933086906181315,3,"[10.726085662841797, 9.100128173828125, 10.466553688049316, 26.023324966430664]",,,,False,False
C:\Users\Hamada.MSI\Desktop\Hamada\lab\data\raw\images\Describable Textures Dataset\images\perforated\perforated_0126.jpg,0.0436433133700604,1,"[4.058115005493164, 3.320094585418701, 3.796081781387329, 8.394707679748535]",3,1,1.436662241087085,True,False
C:\Users\Hamada.MSI\Desktop\Hamada\lab\data\raw\images\Describable Textures Dataset\images\perforated\perforated_0127.jpg,0.32277347164757964,4,"[2.709724187850952, 4.3732523918151855, 8.545584678649902, 34.90291213989258]",,,,False,True
C:\Users\Hamada.MSI\Desktop\Hamada\lab\data\raw\images\Describable Textures Dataset\images\perforated\perforated_0131.jpg,0.4125497043740711,5,"[10.077070236206055, 12.054018020629883, 18.039905548095703, 35.08979797363281]",,,,False,True
C:\Users\Hamada.MSI\Desktop\Hamada\lab\data\raw\images\Describable Textures Dataset\images\perforated\perforated_0132.jpg,0.3259865684682274,4,"[11.974123001098633, 14.759676933288574, 20.319557189941406, 39.442630767822266]",,,,False,True
C:\Users\Hamada.MSI\Desktop\Hamada\lab\data\raw\images\Describable Textures Dataset\images\perforated\perforated_0134.jpg,0.7176521904889932,5,"[3.8056652545928955, 4.956460952758789, 8.524127006530762, 20.383075714111328]",,,,False,True
C:\Users\Hamada.MSI\Desktop\Hamada\lab\data\raw\images\Describable Textures Dataset\images\perforated\perforated_0136.jpg,0.6422288704131555,5,"[15.540071487426758, 13.546221733093262, 11.443480491638184, 16.714323043823242]",,,,False,True
C:\Users\Hamada.MSI\Desktop\Hamada\lab\data\raw\images\Describable Textures Dataset\images\perforated\perforated_0137.jpg,0.09385022509920063,1,"[9.276287078857422, 12.465194702148438, 11.42650318145752, 9.024227142333984]",8,5,5.372269715397599,True,False
C:\Users\Hamada.MSI\Desktop\Hamada\lab\data\raw\images\Describable Textures Dataset\images\perforated\perforated_0143.jpg,0.20964159322348228,2,"[6.823190689086914, 8.166915893554688, 10.69715690612793, 19.4425048828125]",,,,False,False
C:\Users\Hamada.MSI\Desktop\Hamada\lab\data\raw\images\Describable Textures Dataset\images\perforated\perforated_0149.jpg,0.46424521621497167,5,"[3.042797803878784, 5.243998050689697, 7.442178726196289, 19.537309646606445]",,,,False,True
C:\Users\Hamada.MSI\Desktop\Hamada\lab\data\raw\images\Describable Textures Dataset\images\perforated\perforated_0155.jpg,0.49889576104200123,5,"[2.057013988494873, 3.086998462677002, 4.715365409851074, 12.815550804138184]",,,,False,True
C:\Users\Hamada.MSI\Desktop\Hamada\lab\data\raw\images\Describable Textures Dataset\images\perforated\perforated_0158.jpg,0.24179511699915182,3,"[42.161460876464844, 23.844066619873047, 6.979241371154785, 14.61065673828125]",,,,False,False
C:\Users\Hamada.MSI\Desktop\Hamada\lab\data\raw\images\Describable Textures Dataset\images\pitted\pitted_0005.jpg,0.07295682611078576,1,"[6.6676812171936035, 4.615047931671143, 3.8963711261749268, 20.566688537597656]",5,3,2.9600427301307137,True,False
C:\Users\Hamada.MSI\Desktop\Hamada\lab\data\raw\images\Describable Textures Dataset\images\pitted\pitted_0006.jpg,0.3743808800772308,4,"[11.813667297363281, 7.320180892944336, 6.791110515594482, 30.2625732421875]",,,,False,True
C:\Users\Hamada.MSI\Desktop\Hamada\lab\data\raw\images\Describable Textures Dataset\images\pitted\pitted_0009.jpg,0.07703240125339096,1,"[4.493316173553467, 6.436634063720703, 8.657386779785156, 23.702402114868164]",1,6,5.401859712556037,True,False
C:\Users\Hamada.MSI\Desktop\Hamada\lab\data\raw\images\Describable Textures Dataset\images\pitted\pitted_0031.jpg,0.27216110466536003,3,"[27.11811065673828, 11.345357894897461, 4.6836347579956055, 9.974686622619629]",,,,False,False
C:\Users\Hamada.MSI\Desktop\Hamada\lab\data\raw\images\Describable Textures Dataset\images\pitted\pitted_0037.jpg,0.7357173955638429,5,"[11.274871826171875, 3.8033835887908936, 1.7455108165740967, 1.892484188079834]",,,,False,True
C:\Users\Hamada.MSI\Desktop\Hamada\lab\data\raw\images\Describable Textures Dataset\images\pitted\pitted_0051.jpg,0.09797981414983371,1,"[7.755716323852539, 6.362490653991699, 4.717381954193115, 7.946867942810059]",0,2,1.6982855099827718,True,False
C:\Users\Hamada.MSI\Desktop\Hamada\lab\data\raw\images\Describable Textures Dataset\images\pitted\pitted_0052.jpg,0.1803661723048882,2,"[6.747092247009277, 5.095515727996826, 3.2447457313537598, 14.823433876037598]",,,,False,False
C:\Users\Hamada.MSI\Desktop\Hamada\lab\data\raw\images\Describable Textures Dataset\images\pitted\pitted_0060.jpg,0.33429858752441294,4,"[2.150904893875122, 2.096961736679077, 1.816654086112976, 17.237760543823242]",,,,False,True
C:\Users\Hamada.MSI\Desktop\Hamada\lab\data\raw\images\Describable Textures Dataset\images\pitted\pitted_0061.jpg,0.12109890994418941,1,"[6.299437522888184, 3.6837923526763916, 2.405435085296631, 1.688370943069458]",3,1,6.757184234803796,True,False
C:\Users\Hamada.MSI\Desktop\Hamada\lab\data\raw\images\Describable Textures Dataset\images\pitted\pitted_0071.jpg,0.32534065093859477,4,"[21.572467803955078, 18.80938720703125, 18.195858001708984, 26.15742301940918]",,,,False,True
C:\Users\Hamada.MSI\Desktop\Hamada\lab\data\raw\images\Describable Textures Dataset\images\pitted\pitted_0077.jpg,0.06602724419451496,1,"[4.500564098358154, 3.6450750827789307, 3.342393636703491, 12.563066482543945]",3,1,5.051936249043314,True,False
C:\Users\Hamada.MSI\Desktop\Hamada\lab\data\raw\images\Describable Textures Dataset\images\pitted\pitted_0084.jpg,0.28756898291034194,4,"[4.574300289154053, 1.942728042602539, 1.410327672958374, 22.63908576965332]",,,,False,True
C:\Users\Hamada.MSI\Desktop\Hamada\lab\data\raw\images\Describable Textures Dataset\images\pitted\pitted_0089.jpg,0.7321306288946243,5,"[29.179479598999023, 14.934197425842285, 9.034806251525879, 9.6923189163208]",,,,False,True
C:\Users\Hamada.MSI\Desktop\Hamada\lab\data\raw\images\Describable Textures Dataset\images\pitted\pitted_0118.jpg,0.4283987641856989,5,"[4.728789806365967, 2.9131813049316406, 2.6553988456726074, 8.098905563354492]",,,,False,True
C:\Users\Hamada.MSI\Desktop\Hamada\lab\data\raw\images\Describable Textures Dataset\images\pitted\pitted_0123.jpg,0.14739822527950505,2,"[10.683862686157227, 8.833701133728027, 9.293944358825684, 18.73656463623047]",,,,False,False
C:\Users\Hamada.MSI\Desktop\Hamada\lab\data\raw\images\Describable Textures Dataset\images\pitted\pitted_0128.jpg,0.20919398037699974,2,"[6.163987159729004, 5.874948501586914, 7.172244548797607, 26.232770919799805]",,,,False,False
C:\Users\Hamada.MSI\Desktop\Hamada\lab\data\raw\images\Describable Textures Dataset\images\pitted\pitted_0130.jpg,0.08718426135980936,1,"[5.332193851470947, 4.314682483673096, 5.789220809936523, 31.657135009765625]",7,4,1.8635477076198994,True,False
C:\Users\Hamada.MSI\Desktop\Hamada\lab\data\raw\images\Describable Textures Dataset\images\pitted\pitted_0145.jpg,0.15718326715024614,2,"[2.3025755882263184, 3.494445562362671, 5.300339221954346, 7.934918403625488]",,,,False,False
C:\Users\Hamada.MSI\Desktop\Hamada\lab\data\raw\images\Describable Textures Dataset\images\pitted\pitted_0148.jpg,0.12037729448255312,1,"[5.418225288391113, 3.704098701477051, 2.41536808013916, 1.6940600872039795]",3,1,6.429283148708977,True,False
C:\Users\Hamada.MSI\Desktop\Hamada\lab\data\raw\images\Describable Textures Dataset\images\pitted\pitted_0153.jpg,0.33050513215496735,4,"[11.833395957946777, 6.860171318054199, 4.99330472946167, 6.096286773681641]",,,,False,True
C:\Users\Hamada.MSI\Desktop\Hamada\lab\data\raw\images\Describable Textures Dataset\images\pleated\pleated_0050.jpg,0.06183035895192267,1,"[7.688461780548096, 6.031495094299316, 6.1879987716674805, 15.819668769836426]",5,3,4.211594755321316,True,False
C:\Users\Hamada.MSI\Desktop\Hamada\lab\data\raw\images\Describable Textures Dataset\images\pleated\pleated_0089.jpg,0.2293398970150956,3,"[11.532878875732422, 12.676600456237793, 16.343923568725586, 33.10976028442383]",,,,False,False
C:\Users\Hamada.MSI\Desktop\Hamada\lab\data\raw\images\Describable Textures Dataset\images\pleated\pleated_0092.jpg,0.09594905412032573,1,"[3.914243221282959, 5.517867565155029, 7.376251220703125, 19.81830596923828]",5,3,2.7684873198380964,True,False
C:\Users\Hamada.MSI\Desktop\Hamada\lab\data\raw\images\Describable Textures Dataset\images\pleated\pleated_0098.jpg,0.29943148912561235,4,"[2.7001101970672607, 4.557472229003906, 8.150315284729004, 43.463260650634766]",,,,False,True
C:\Users\Hamada.MSI\Desktop\Hamada\lab\data\raw\images\Describable Textures Dataset\images\pleated\pleated_0109.jpg,0.3703952133276469,4,"[6.229053974151611, 2.939469814300537, 3.0157840251922607, 8.461609840393066]",,,,False,True
C:\Users\Hamada.MSI\Desktop\Hamada\lab\data\raw\images\Describable Textures Dataset\images\pleated\pleated_0112.jpg,0.27586774812787296,3,"[7.487980365753174, 5.0364603996276855, 5.157951354980469, 8.612774848937988]",,,,False,False
C:\Users\Hamada.MSI\Desktop\Hamada\lab\data\raw\images\Describable Textures Dataset\images\pleated\pleated_0115.jpg,0.4938539953001425,5,"[7.5568037033081055, 10.568323135375977, 13.268891334533691, 39.013851165771484]",,,,False,True
C:\Users\Hamada.MSI\Desktop\Hamada\lab\data\raw\images\Describable Textures Dataset\images\pleated\pleated_0117.jpg,0.12283157498334296,1,"[6.805357456207275, 8.032220840454102, 10.798367500305176, 32.19670486450195]",1,6,6.730826638855314,True,False
C:\Users\Hamada.MSI\Desktop\Hamada\lab\data\raw\images\Describable Textures Dataset\images\pleated\pleated_0121.jpg,0.22130129572641583,2,"[5.062526226043701, 8.859672546386719, 12.55769157409668, 61.77994155883789]",,,,False,False
C:\Users\Hamada.MSI\Desktop\Hamada\lab\data\raw\images\Describable Textures Dataset\images\pleated\pleated_0130.jpg,0.2557118538108497,3,"[5.386547565460205, 3.8044016361236572, 3.4937984943389893, 32.0527458190918]",,,,False,False
C:\Users\Hamada.MSI\Desktop\Hamada\lab\data\raw\images\Describable Textures Dataset\images\pleated\pleated_0132.jpg,0.2483822294341773,3,"[4.471556186676025, 5.413201808929443, 6.105915546417236, 15.386792182922363]",,,,False,False
C:\Users\Hamada.MSI\Desktop\Hamada\lab\data\raw\images\Describable Textures Dataset\images\pleated\pleated_0134.jpg,0.2224392563410538,2,"[5.293224334716797, 7.509439945220947, 10.447322845458984, 32.709495544433594]",,,,False,False
C:\Users\Hamada.MSI\Desktop\Hamada\lab\data\raw\images\Describable Textures Dataset\images\pleated\pleated_0135.jpg,0.24156446684821564,3,"[2.7918717861175537, 4.270684242248535, 5.712392807006836, 35.55311584472656]",,,,False,False
C:\Users\Hamada.MSI\Desktop\Hamada\lab\data\raw\images\Describable Textures Dataset\images\pleated\pleated_0143.jpg,0.24958857268246262,3,"[2.989440679550171, 4.700829982757568, 6.483000755310059, 19.206045150756836]",,,,False,False
C:\Users\Hamada.MSI\Desktop\Hamada\lab\data\raw\images\Describable Textures Dataset\images\pleated\pleated_0149.jpg,0.19584437820363068,2,"[8.972318649291992, 6.033479690551758, 2.9572856426239014, 13.851664543151855]",,,,False,False
C:\Users\Hamada.MSI\Desktop\Hamada\lab\data\raw\images\Describable Textures Dataset\images\pleated\pleated_0150.jpg,0.5121880871591411,5,"[2.352494955062866, 2.927412271499634, 4.152137756347656, 18.994356155395508]",,,,False,True
C:\Users\Hamada.MSI\Desktop\Hamada\lab\data\raw\images\Describable Textures Dataset\images\pleated\pleated_0155.jpg,0.43849521281705467,5,"[1.5342103242874146, 2.1968231201171875, 3.1775572299957275, 38.09248733520508]",,,,False,True
C:\Users\Hamada.MSI\Desktop\Hamada\lab\data\raw\images\Describable Textures Dataset\images\pleated\pleated_0158.jpg,0.2543344613943389,3,"[3.203246831893921, 4.800234317779541, 8.389602661132812, 17.906314849853516]",,,,False,False
C:\Users\Hamada.MSI\Desktop\Hamada\lab\data\raw\images\Describable Textures Dataset\images\pleated\pleated_0167.jpg,0.3090699687643813,4,"[9.671266555786133, 9.2352876663208, 10.572400093078613, 33.17027282714844]",,,,False,True
C:\Users\Hamada.MSI\Desktop\Hamada\lab\data\raw\images\Describable Textures Dataset\images\pleated\pleated_0171.jpg,0.32952969198032794,4,"[2.4710237979888916, 3.130763053894043, 4.125075817108154, 18.1978702545166]",,,,False,True
C:\Users\Hamada.MSI\Desktop\Hamada\lab\data\raw\images\Describable Textures Dataset\images\polka-dotted\polka-dotted_0032.jpg,0.596838917943338,5,"[3.417973041534424, 2.486818552017212, 3.8577589988708496, 13.053147315979004]",,,,False,True
C:\Users\Hamada.MSI\Desktop\Hamada\lab\data\raw\images\Describable Textures Dataset\images\polka-dotted\polka-dotted_0068.jpg,0.1850865549959009,2,"[8.388509750366211, 9.560542106628418, 10.111112594604492, 5.4794087409973145]",,,,False,False
C:\Users\Hamada.MSI\Desktop\Hamada\lab\data\raw\images\Describable Textures Dataset\images\polka-dotted\polka-dotted_0105.jpg,0.34371623425197084,4,"[4.22418212890625, 3.346651792526245, 5.259517192840576, 46.30582809448242]",,,,False,True
C:\Users\Hamada.MSI\Desktop\Hamada\lab\data\raw\images\Describable Textures Dataset\images\polka-dotted\polka-dotted_0107.jpg,0.10264120859936965,1,"[1.285667061805725, 1.9173916578292847, 3.6871767044067383, 42.73382568359375]",2,8,9.704641882654183,True,False
C:\Users\Hamada.MSI\Desktop\Hamada\lab\data\raw\images\Describable Textures Dataset\images\polka-dotted\polka-dotted_0109.jpg,0.190624432935757,2,"[6.46927547454834, 6.745342254638672, 11.258623123168945, 52.952510833740234]",,,,False,False
C:\Users\Hamada.MSI\Desktop\Hamada\lab\data\raw\images\Describable Textures Dataset\images\polka-dotted\polka-dotted_0120.jpg,0.34448247110427577,4,"[10.584059715270996, 6.32706356048584, 6.428107738494873, 42.33277130126953]",,,,False,True
C:\Users\Hamada.MSI\Desktop\Hamada\lab\data\raw\images\Describable Textures Dataset\images\polka-dotted\polka-dotted_0125.jpg,0.3212727478095029,4,"[3.152261734008789, 4.313903331756592, 6.356760501861572, 26.434953689575195]",,,,False,True
C:\Users\Hamada.MSI\Desktop\Hamada\lab\data\raw\images\Describable Textures Dataset\images\polka-dotted\polka-dotted_0127.jpg,0.5273326507873473,5,"[1.2776885032653809, 1.3988487720489502, 2.108247995376587, 8.146787643432617]",,,,False,True
C:\Users\Hamada.MSI\Desktop\Hamada\lab\data\raw\images\Describable Textures Dataset\images\polka-dotted\polka-dotted_0132.jpg,0.3112200165005361,4,"[2.9881722927093506, 4.002808570861816, 6.458644866943359, 22.4570255279541]",,,,False,True
C:\Users\Hamada.MSI\Desktop\Hamada\lab\data\raw\images\Describable Textures Dataset\images\polka-dotted\polka-dotted_0141.jpg,0.10727388429952035,1,"[2.27875018119812, 3.1867241859436035, 5.934044361114502, 37.163124084472656]",7,4,6.401676499260752,True,False
C:\Users\Hamada.MSI\Desktop\Hamada\lab\data\raw\images\Describable Textures Dataset\images\polka-dotted\polka-dotted_0144.jpg,0.2963694362888265,4,"[3.129478693008423, 3.660008430480957, 6.530796051025391, 53.2601432800293]",,,,False,True
C:\Users\Hamada.MSI\Desktop\Hamada\lab\data\raw\images\Describable Textures Dataset\images\polka-dotted\polka-dotted_0161.jpg,0.28773506394758475,4,"[15.55875015258789, 18.78748321533203, 31.726512908935547, 25.096576690673828]",,,,False,True
C:\Users\Hamada.MSI\Desktop\Hamada\lab\data\raw\images\Describable Textures Dataset\images\polka-dotted\polka-dotted_0162.jpg,0.22730352695316955,3,"[6.9494452476501465, 7.02147912979126, 12.494746208190918, 19.78883934020996]",,,,False,False
C:\Users\Hamada.MSI\Desktop\Hamada\lab\data\raw\images\Describable Textures Dataset\images\polka-dotted\polka-dotted_0169.jpg,0.0735284833562925,1,"[16.150484085083008, 5.52954626083374, 7.020339012145996, 22.369998931884766]",1,6,9.30664532612515,True,False
C:\Users\Hamada.MSI\Desktop\Hamada\lab\data\raw\images\Describable Textures Dataset\images\polka-dotted\polka-dotted_0174.jpg,0.10496390617473061,1,"[5.0205769538879395, 3.197378635406494, 3.537560224533081, 19.506113052368164]",5,3,2.4780781683034685,True,False
C:\Users\Hamada.MSI\Desktop\Hamada\lab\data\raw\images\Describable Textures Dataset\images\polka-dotted\polka-dotted_0184.jpg,0.1981735465091681,2,"[22.033172607421875, 3.2903714179992676, 2.555546760559082, 13.395140647888184]",,,,False,False
C:\Users\Hamada.MSI\Desktop\Hamada\lab\data\raw\images\Describable Textures Dataset\images\polka-dotted\polka-dotted_0213.jpg,0.271405792511651,3,"[10.227149963378906, 6.285489559173584, 10.989643096923828, 12.349055290222168]",,,,False,False
C:\Users\Hamada.MSI\Desktop\Hamada\lab\data\raw\images\Describable Textures Dataset\images\polka-dotted\polka-dotted_0228.jpg,0.37227885335259336,4,"[8.757122039794922, 12.71494197845459, 19.09836196899414, 49.94512939453125]",,,,False,True
C:\Users\Hamada.MSI\Desktop\Hamada\lab\data\raw\images\Describable Textures Dataset\images\polka-dotted\polka-dotted_0231.jpg,0.36749165114208737,4,"[5.116091728210449, 5.675787925720215, 3.9422225952148438, 20.519201278686523]",,,,False,True
C:\Users\Hamada.MSI\Desktop\Hamada\lab\data\raw\images\Describable Textures Dataset\images\polka-dotted\polka-dotted_0232.jpg,0.5771106832137797,5,"[5.425480842590332, 2.135190010070801, 2.621068000793457, 19.588397979736328]",,,,False,True
C:\Users\Hamada.MSI\Desktop\Hamada\lab\data\raw\images\Describable Textures Dataset\images\porous\porous_0052.jpg,0.12659360903427863,1,"[8.987008094787598, 6.286018371582031, 4.684799671173096, 7.962092876434326]",0,2,0.5478249617638632,True,False
C:\Users\Hamada.MSI\Desktop\Hamada\lab\data\raw\images\Describable Textures Dataset\images\porous\porous_0059.jpg,0.33043135845034705,4,"[22.63773536682129, 15.834071159362793, 13.01980972290039, 23.697072982788086]",,,,False,True
C:\Users\Hamada.MSI\Desktop\Hamada\lab\data\raw\images\Describable Textures Dataset\images\porous\porous_0069.jpg,0.23558953758302958,3,"[5.610097408294678, 7.488903045654297, 12.779745101928711, 33.0472412109375]",,,,False,False
C:\Users\Hamada.MSI\Desktop\Hamada\lab\data\raw\images\Describable Textures Dataset\images\porous\porous_0104.jpg,0.27599398568462247,3,"[15.119223594665527, 8.644980430603027, 8.020133018493652, 16.130144119262695]",,,,False,False
C:\Users\Hamada.MSI\Desktop\Hamada\lab\data\raw\images\Describable Textures Dataset\images\porous\porous_0105.jpg,0.5139530914659411,5,"[6.251251220703125, 6.029651165008545, 5.637482166290283, 19.721759796142578]",,,,False,True
C:\Users\Hamada.MSI\Desktop\Hamada\lab\data\raw\images\Describable Textures Dataset\images\porous\porous_0111.jpg,0.1277919411573155,1,"[32.23762893676758, 14.812978744506836, 6.1589131355285645, 4.373203277587891]",6,7,10.923458107994069,True,False
C:\Users\Hamada.MSI\Desktop\Hamada\lab\data\raw\images\Describable Textures Dataset\images\porous\porous_0119.jpg,0.3371975651655793,4,"[10.91260814666748, 7.6537957191467285, 6.93142557144165, 23.302778244018555]",,,,False,True
C:\Users\Hamada.MSI\Desktop\Hamada\lab\data\raw\images\Describable Textures Dataset\images\porous\porous_0120.jpg,0.22551417854273512,3,"[31.249731063842773, 17.125171661376953, 10.160025596618652, 15.400131225585938]",,,,False,False
C:\Users\Hamada.MSI\Desktop\Hamada\lab\data\raw\images\Describable Textures Dataset\images\porous\porous_0129.jpg,0.33545610426702877,4,"[19.98613929748535, 7.108330726623535, 4.310573577880859, 9.497660636901855]",,,,False,True
C:\Users\Hamada.MSI\Desktop\Hamada\lab\data\raw\images\Describable Textures Dataset\images\porous\porous_0132.jpg,0.37435293221445276,4,"[11.16744327545166, 15.178325653076172, 18.758817672729492, 22.956363677978516]",,,,False,True
C:\Users\Hamada.MSI\Desktop\Hamada\lab\data\raw\images\Describable Textures Dataset\images\porous\porous_0136.jpg,0.0510023047925957,1,"[7.267152786254883, 7.011828422546387, 5.404696464538574, 16.539382934570312]",5,3,3.858805615684888,True,False
C:\Users\Hamada.MSI\Desktop\Hamada\lab\data\raw\images\Describable Textures Dataset\images\porous\porous_0137.jpg,0.42087109747995216,5,"[14.739892959594727, 11.959380149841309, 10.724058151245117, 37.81396484375]",,,,False,True
C:\Users\Hamada.MSI\Desktop\Hamada\lab\data\raw\images\Describable Textures Dataset\images\porous\porous_0146.jpg,0.43666756797085476,5,"[5.667819023132324, 4.820146560668945, 4.45686149597168, 11.58668327331543]",,,,False,True
C:\Users\Hamada.MSI\Desktop\Hamada\lab\data\raw\images\Describable Textures Dataset\images\porous\porous_0148.jpg,0.42609393279188795,5,"[5.087639808654785, 7.376620769500732, 8.182636260986328, 19.631942749023438]",,,,False,True
C:\Users\Hamada.MSI\Desktop\Hamada\lab\data\raw\images\Describable Textures Dataset\images\porous\porous_0154.jpg,0.19347742810671853,2,"[7.966744899749756, 7.2371907234191895, 6.6516289710998535, 14.742940902709961]",,,,False,False
C:\Users\Hamada.MSI\Desktop\Hamada\lab\data\raw\images\Describable Textures Dataset\images\porous\porous_0166.jpg,0.13295917656528736,1,"[31.197134017944336, 15.145949363708496, 8.15351390838623, 7.757091522216797]",6,7,7.86962399809056,True,False
C:\Users\Hamada.MSI\Desktop\Hamada\lab\data\raw\images\Describable Textures Dataset\images\porous\porous_0170.jpg,0.36557349293747393,4,"[4.596217155456543, 6.148438930511475, 8.463499069213867, 54.963016510009766]",,,,False,True
C:\Users\Hamada.MSI\Desktop\Hamada\lab\data\raw\images\Describable Textures Dataset\images\porous\porous_0172.jpg,0.22783539930007923,3,"[18.97801971435547, 16.150556564331055, 10.268231391906738, 12.824661254882812]",,,,False,False
C:\Users\Hamada.MSI\Desktop\Hamada\lab\data\raw\images\Describable Textures Dataset\images\porous\porous_0174.jpg,0.18916987793319098,2,"[8.886696815490723, 8.415266036987305, 10.964439392089844, 26.492443084716797]",,,,False,False
C:\Users\Hamada.MSI\Desktop\Hamada\lab\data\raw\images\Describable Textures Dataset\images\porous\porous_0175.jpg,0.1784301477931307,2,"[12.610757827758789, 10.755217552185059, 8.163317680358887, 53.5056037902832]",,,,False,False
C:\Users\Hamada.MSI\Desktop\Hamada\lab\data\raw\images\Describable Textures Dataset\images\potholed\potholed_0044.jpg,0.1934923762109856,2,"[9.693674087524414, 7.5648932456970215, 7.130143642425537, 33.397220611572266]",,,,False,False
C:\Users\Hamada.MSI\Desktop\Hamada\lab\data\raw\images\Describable Textures Dataset\images\potholed\potholed_0046.jpg,0.25573336388149015,3,"[11.193755149841309, 6.559986591339111, 6.340075492858887, 33.2376823425293]",,,,False,False
C:\Users\Hamada.MSI\Desktop\Hamada\lab\data\raw\images\Describable Textures Dataset\images\potholed\potholed_0047.jpg,0.19101821838541286,2,"[10.587721824645996, 6.511954307556152, 5.632360935211182, 16.694162368774414]",,,,False,False
C:\Users\Hamada.MSI\Desktop\Hamada\lab\data\raw\images\Describable Textures Dataset\images\potholed\potholed_0049.jpg,0.15888972175643384,2,"[11.749895095825195, 8.6336030960083, 8.260692596435547, 27.845645904541016]",,,,False,False
C:\Users\Hamada.MSI\Desktop\Hamada\lab\data\raw\images\Describable Textures Dataset\images\potholed\potholed_0069.jpg,0.2263792326180807,3,"[8.824821472167969, 7.79811954498291, 9.059883117675781, 57.517608642578125]",,,,False,False
C:\Users\Hamada.MSI\Desktop\Hamada\lab\data\raw\images\Describable Textures Dataset\images\potholed\potholed_0073.jpg,0.2249197178633092,3,"[10.305136680603027, 6.1764655113220215, 3.792659282684326, 15.614739418029785]",,,,False,False
C:\Users\Hamada.MSI\Desktop\Hamada\lab\data\raw\images\Describable Textures Dataset\images\potholed\potholed_0076.jpg,0.20386646976433173,2,"[18.632190704345703, 11.386165618896484, 8.936763763427734, 23.362699508666992]",,,,False,False
C:\Users\Hamada.MSI\Desktop\Hamada\lab\data\raw\images\Describable Textures Dataset\images\potholed\potholed_0078.jpg,0.30549149073370596,4,"[11.978410720825195, 6.79128885269165, 5.456555366516113, 25.096162796020508]",,,,False,True
C:\Users\Hamada.MSI\Desktop\Hamada\lab\data\raw\images\Describable Textures Dataset\images\potholed\potholed_0092.jpg,0.17445950311313385,2,"[3.007448673248291, 3.175947666168213, 3.8655779361724854, 22.4947509765625]",,,,False,False
C:\Users\Hamada.MSI\Desktop\Hamada\lab\data\raw\images\Describable Textures Dataset\images\potholed\potholed_0096.jpg,0.3744708923078728,4,"[13.322266578674316, 8.44478702545166, 6.956240653991699, 46.6689567565918]",,,,False,True
C:\Users\Hamada.MSI\Desktop\Hamada\lab\data\raw\images\Describable Textures Dataset\images\potholed\potholed_0103.jpg,0.1973816012760603,2,"[23.854820251464844, 12.184381484985352, 8.557002067565918, 23.016408920288086]",,,,False,False
C:\Users\Hamada.MSI\Desktop\Hamada\lab\data\raw\images\Describable Textures Dataset\images\potholed\potholed_0111.jpg,0.28124969439558717,4,"[12.712358474731445, 7.273773193359375, 6.448658466339111, 24.5772647857666]",,,,False,True
C:\Users\Hamada.MSI\Desktop\Hamada\lab\data\raw\images\Describable Textures Dataset\images\potholed\potholed_0113.jpg,0.26730215199627966,3,"[24.184064865112305, 11.925567626953125, 8.303857803344727, 16.613262176513672]",,,,False,False
C:\Users\Hamada.MSI\Desktop\Hamada\lab\data\raw\images\Describable Textures Dataset\images\potholed\potholed_0121.jpg,0.1185634241485443,1,"[4.879675388336182, 5.116832256317139, 5.738555431365967, 22.87185287475586]",5,3,4.328407138989113,True,False
C:\Users\Hamada.MSI\Desktop\Hamada\lab\data\raw\images\Describable Textures Dataset\images\potholed\potholed_0136.jpg,0.2595278479290257,3,"[3.6314687728881836, 4.2536940574646, 5.1445088386535645, 20.66054344177246]",,,,False,False
C:\Users\Hamada.MSI\Desktop\Hamada\lab\data\raw\images\Describable Textures Dataset\images\potholed\potholed_0141.jpg,0.28018080104097004,4,"[8.286765098571777, 5.5216569900512695, 4.5971503257751465, 12.364102363586426]",,,,False,True
C:\Users\Hamada.MSI\Desktop\Hamada\lab\data\raw\images\Describable Textures Dataset\images\potholed\potholed_0147.jpg,0.2841601323331845,4,"[6.9402995109558105, 7.131570816040039, 8.062190055847168, 52.710025787353516]",,,,False,True
C:\Users\Hamada.MSI\Desktop\Hamada\lab\data\raw\images\Describable Textures Dataset\images\potholed\potholed_0151.jpg,0.2983302988286161,4,"[6.377562046051025, 6.446970462799072, 7.918102741241455, 32.107112884521484]",,,,False,True
C:\Users\Hamada.MSI\Desktop\Hamada\lab\data\raw\images\Describable Textures Dataset\images\potholed\potholed_0157.jpg,0.20223762428817757,2,"[6.935520172119141, 3.858114242553711, 3.5472657680511475, 20.093158721923828]",,,,False,False
C:\Users\Hamada.MSI\Desktop\Hamada\lab\data\raw\images\Describable Textures Dataset\images\potholed\potholed_0160.jpg,0.31467123208877346,4,"[14.603050231933594, 10.013240814208984, 10.26602554321289, 39.8399772644043]",,,,False,True
C:\Users\Hamada.MSI\Desktop\Hamada\lab\data\raw\images\Describable Textures Dataset\images\scaly\scaly_0081.jpg,0.21266238859242587,2,"[10.567987442016602, 11.752196311950684, 14.370540618896484, 43.4658203125]",,,,False,False
C:\Users\Hamada.MSI\Desktop\Hamada\lab\data\raw\images\Describable Textures Dataset\images\scaly\scaly_0107.jpg,0.019736087381260876,1,"[4.825715065002441, 3.452383279800415, 2.505221366882324, 7.271793842315674]",3,1,1.6381010419624191,True,False
C:\Users\Hamada.MSI\Desktop\Hamada\lab\data\raw\images\Describable Textures Dataset\images\scaly\scaly_0115.jpg,0.22673490591109755,3,"[6.564517974853516, 7.180976867675781, 7.890070915222168, 18.88983917236328]",,,,False,False
C:\Users\Hamada.MSI\Desktop\Hamada\lab\data\raw\images\Describable Textures Dataset\images\scaly\scaly_0128.jpg,0.16174997991574386,2,"[2.4433531761169434, 2.7755916118621826, 3.20582914352417, 11.263677597045898]",,,,False,False
C:\Users\Hamada.MSI\Desktop\Hamada\lab\data\raw\images\Describable Textures Dataset\images\scaly\scaly_0129.jpg,0.14302936626782595,1,"[4.945143222808838, 4.394290924072266, 4.265442848205566, 23.261926651000977]",5,3,4.791399937865039,True,False
C:\Users\Hamada.MSI\Desktop\Hamada\lab\data\raw\images\Describable Textures Dataset\images\scaly\scaly_0133.jpg,0.08902401822719391,1,"[8.30046558380127, 8.379182815551758, 9.961074829101562, 27.10252571105957]",1,6,1.4041827909445137,True,False
C:\Users\Hamada.MSI\Desktop\Hamada\lab\data\raw\images\Describable Textures Dataset\images\scaly\scaly_0135.jpg,0.45827459157734013,5,"[7.382297039031982, 8.020511627197266, 10.723360061645508, 17.675155639648438]",,,,False,True
C:\Users\Hamada.MSI\Desktop\Hamada\lab\data\raw\images\Describable Textures Dataset\images\scaly\scaly_0151.jpg,0.2597821048073029,3,"[12.737895965576172, 16.07675552368164, 19.10672950744629, 51.60394287109375]",,,,False,False
C:\Users\Hamada.MSI\Desktop\Hamada\lab\data\raw\images\Describable Textures Dataset\images\scaly\scaly_0152.jpg,0.11754039789121573,1,"[7.226403713226318, 7.449503421783447, 10.827591896057129, 20.466167449951172]",1,6,5.690513564803796,True,False
C:\Users\Hamada.MSI\Desktop\Hamada\lab\data\raw\images\Describable Textures Dataset\images\scaly\scaly_0161.jpg,0.25371669584040296,3,"[4.572916030883789, 5.262559413909912, 7.6897969245910645, 25.28978729248047]",,,,False,False
C:\Users\Hamada.MSI\Desktop\Hamada\lab\data\raw\images\Describable Textures Dataset\images\scaly\scaly_0164.jpg,0.41995282682453705,5,"[4.98567533493042, 6.333934307098389, 7.320128440856934, 35.77170181274414]",,,,False,True
C:\Users\Hamada.MSI\Desktop\Hamada\lab\data\raw\images\Describable Textures Dataset\images\scaly\scaly_0169.jpg,0.18154167724893364,2,"[9.745298385620117, 6.1507086753845215, 8.305747032165527, 20.597152709960938]",,,,False,False
C:\Users\Hamada.MSI\Desktop\Hamada\lab\data\raw\images\Describable Textures Dataset\images\scaly\scaly_0177.jpg,0.14328604611170936,1,"[2.8473973274230957, 3.909928798675537, 5.280487537384033, 12.281963348388672]",3,1,5.326131731376086,True,False
C:\Users\Hamada.MSI\Desktop\Hamada\lab\data\raw\images\Describable Textures Dataset\images\scaly\scaly_0180.jpg,0.2690646115129298,3,"[9.538393020629883, 10.178582191467285, 12.054272651672363, 25.428936004638672]",,,,False,False
C:\Users\Hamada.MSI\Desktop\Hamada\lab\data\raw\images\Describable Textures Dataset\images\scaly\scaly_0184.jpg,0.037997285145317444,1,"[6.821783542633057, 7.952825546264648, 7.309103488922119, 15.005766868591309]",5,3,5.56862715880549,True,False
C:\Users\Hamada.MSI\Desktop\Hamada\lab\data\raw\images\Describable Textures Dataset\images\scaly\scaly_0186.jpg,0.27024800399137533,3,"[2.3937172889709473, 4.4143900871276855, 6.970947742462158, 28.1404972076416]",,,,False,False
C:\Users\Hamada.MSI\Desktop\Hamada\lab\data\raw\images\Describable Textures Dataset\images\scaly\scaly_0191.jpg,0.6228182527097595,5,"[3.2784640789031982, 4.295963764190674, 4.80720329284668, 13.408092498779297]",,,,False,True
C:\Users\Hamada.MSI\Desktop\Hamada\lab\data\raw\images\Describable Textures Dataset\images\scaly\scaly_0196.jpg,0.3292398980292207,4,"[8.77932357788086, 8.124496459960938, 6.705935001373291, 9.848245620727539]",,,,False,True
C:\Users\Hamada.MSI\Desktop\Hamada\lab\data\raw\images\Describable Textures Dataset\images\scaly\scaly_0208.jpg,0.28321564280427397,4,"[31.318599700927734, 17.795372009277344, 9.810898780822754, 20.170272827148438]",,,,False,True
C:\Users\Hamada.MSI\Desktop\Hamada\lab\data\raw\images\Describable Textures Dataset\images\scaly\scaly_0210.jpg,0.13333965035494683,1,"[8.268641471862793, 8.764785766601562, 8.758445739746094, 26.834211349487305]",1,6,1.8167364314111762,True,False
C:\Users\Hamada.MSI\Desktop\Hamada\lab\data\raw\images\Describable Textures Dataset\images\smeared\smeared_0027.jpg,0.17633980523544704,2,"[4.5786943435668945, 5.653389930725098, 7.7049102783203125, 37.147071838378906]",,,,False,False
C:\Users\Hamada.MSI\Desktop\Hamada\lab\data\raw\images\Describable Textures Dataset\images\smeared\smeared_0032.jpg,0.2960602617157599,4,"[9.538256645202637, 11.183663368225098, 11.971539497375488, 30.100341796875]",,,,False,True
C:\Users\Hamada.MSI\Desktop\Hamada\lab\data\raw\images\Describable Textures Dataset\images\smeared\smeared_0034.jpg,0.3097063732573144,4,"[6.992169380187988, 4.72011137008667, 4.896982669830322, 71.87259674072266]",,,,False,True
C:\Users\Hamada.MSI\Desktop\Hamada\lab\data\raw\images\Describable Textures Dataset\images\smeared\smeared_0042.jpg,0.09734066152440535,1,"[5.04135799407959, 4.47091007232666, 5.05426025390625, 16.895429611206055]",5,3,1.725836618865437,True,False
C:\Users\Hamada.MSI\Desktop\Hamada\lab\data\raw\images\Describable Textures Dataset\images\smeared\smeared_0055.jpg,0.0824458874370135,1,"[2.5893378257751465, 2.7387633323669434, 3.461643934249878, 16.127609252929688]",5,3,4.336420904347537,True,False
C:\Users\Hamada.MSI\Desktop\Hamada\lab\data\raw\images\Describable Textures Dataset\images\smeared\smeared_0057.jpg,0.2468775238962548,3,"[12.089202880859375, 7.830248832702637, 7.119748592376709, 73.04924011230469]",,,,False,False
C:\Users\Hamada.MSI\Desktop\Hamada\lab\data\raw\images\Describable Textures Dataset\images\smeared\smeared_0070.jpg,0.21044800301886665,2,"[14.519908905029297, 6.015417098999023, 4.915840148925781, 41.809730529785156]",,,,False,False
C:\Users\Hamada.MSI\Desktop\Hamada\lab\data\raw\images\Describable Textures Dataset\images\smeared\smeared_0072.jpg,0.18230659593618012,2,"[5.686454772949219, 4.690675735473633, 5.533325672149658, 27.703397750854492]",,,,False,False
C:\Users\Hamada.MSI\Desktop\Hamada\lab\data\raw\images\Describable Textures Dataset\images\smeared\smeared_0073.jpg,0.04657147924838092,1,"[1.4442591667175293, 1.4213837385177612, 1.6440824270248413, 6.720269680023193]",3,1,2.8700201038060853,True,False
C:\Users\Hamada.MSI\Desktop\Hamada\lab\data\raw\images\Describable Textures Dataset\images\smeared\smeared_0086.jpg,0.2973919499005492,4,"[2.094700574874878, 3.847280979156494, 7.208048343658447, 38.69363784790039]",,,,False,True
C:\Users\Hamada.MSI\Desktop\Hamada\lab\data\raw\images\Describable Textures Dataset\images\smeared\smeared_0090.jpg,0.12401219861817749,1,"[14.172969818115234, 12.860925674438477, 10.635406494140625, 30.971538543701172]",4,9,6.718773873239929,True,False
C:\Users\Hamada.MSI\Desktop\Hamada\lab\data\raw\images\Describable Textures Dataset\images\smeared\smeared_0096.jpg,0.22600046029321688,3,"[8.17025089263916, 8.620003700256348, 12.230203628540039, 53.849388122558594]",,,,False,False
C:\Users\Hamada.MSI\Desktop\Hamada\lab\data\raw\images\Describable Textures Dataset\images\smeared\smeared_0097.jpg,0.4223977790492802,5,"[10.856932640075684, 9.528971672058105, 11.20191478729248, 41.17936325073242]",,,,False,True
C:\Users\Hamada.MSI\Desktop\Hamada\lab\data\raw\images\Describable Textures Dataset\images\smeared\smeared_0099.jpg,0.2347353375882056,3,"[3.6547794342041016, 2.241328239440918, 2.28704571723938, 16.91564178466797]",,,,False,False
C:\Users\Hamada.MSI\Desktop\Hamada\lab\data\raw\images\Describable Textures Dataset\images\smeared\smeared_0100.jpg,0.12042965623168042,1,"[1.65227210521698, 3.1198554039001465, 5.9160566329956055, 32.548954010009766]",7,4,2.6937449280525203,True,False
C:\Users\Hamada.MSI\Desktop\Hamada\lab\data\raw\images\Describable Textures Dataset\images\smeared\smeared_0107.jpg,0.1441745698017494,2,"[4.3892364501953125, 5.164403915405273, 9.952031135559082, 45.31787872314453]",,,,False,False
C:\Users\Hamada.MSI\Desktop\Hamada\lab\data\raw\images\Describable Textures Dataset\images\smeared\smeared_0118.jpg,0.0671829089395699,1,"[2.216027021408081, 1.9142088890075684, 2.734705924987793, 22.78669548034668]",5,3,6.274129305672025,True,False
C:\Users\Hamada.MSI\Desktop\Hamada\lab\data\raw\images\Describable Textures Dataset\images\smeared\smeared_0140.jpg,0.49320594261250944,5,"[9.629504203796387, 7.008253574371338, 7.706369876861572, 39.93444061279297]",,,,False,True
C:\Users\Hamada.MSI\Desktop\Hamada\lab\data\raw\images\Describable Textures Dataset\images\smeared\smeared_0143.jpg,0.21100409758029678,2,"[16.77202033996582, 11.48424243927002, 8.114336967468262, 33.61752700805664]",,,,False,False
C:\Users\Hamada.MSI\Desktop\Hamada\lab\data\raw\images\Describable Textures Dataset\images\smeared\smeared_0150.jpg,0.425202349792359,5,"[8.303964614868164, 11.695596694946289, 18.00212287902832, 54.655696868896484]",,,,False,True
C:\Users\Hamada.MSI\Desktop\Hamada\lab\data\raw\images\Describable Textures Dataset\images\spiralled\spiralled_0009.jpg,0.14119515136112049,1,"[6.559441566467285, 8.928610801696777, 12.28686237335205, 41.12029266357422]",2,8,3.816425359307051,True,False
C:\Users\Hamada.MSI\Desktop\Hamada\lab\data\raw\images\Describable Textures Dataset\images\spiralled\spiralled_0042.jpg,0.14384518626677611,1,"[12.590106010437012, 8.666786193847656, 12.386157035827637, 43.38850784301758]",2,8,7.32299953914268,True,False
C:\Users\Hamada.MSI\Desktop\Hamada\lab\data\raw\images\Describable Textures Dataset\images\spiralled\spiralled_0045.jpg,0.17173450105224933,2,"[6.047907829284668, 5.772219657897949, 7.073101997375488, 32.01173782348633]",,,,False,False
C:\Users\Hamada.MSI\Desktop\Hamada\lab\data\raw\images\Describable Textures Dataset\images\spiralled\spiralled_0048.jpg,0.2975844832136004,4,"[21.12486457824707, 13.194999694824219, 6.993242263793945, 25.991165161132812]",,,,False,True
C:\Users\Hamada.MSI\Desktop\Hamada\lab\data\raw\images\Describable Textures Dataset\images\spiralled\spiralled_0054.jpg,0.2004778768056699,2,"[5.098347187042236, 6.239044666290283, 8.548956871032715, 31.16065788269043]",,,,False,False
C:\Users\Hamada.MSI\Desktop\Hamada\lab\data\raw\images\Describable Textures Dataset\images\spiralled\spiralled_0060.jpg,0.1904853028131986,2,"[7.960597515106201, 8.863470077514648, 11.443408012390137, 43.932579040527344]",,,,False,False
C:\Users\Hamada.MSI\Desktop\Hamada\lab\data\raw\images\Describable Textures Dataset\images\spiralled\spiralled_0062.jpg,0.10545670836061942,1,"[8.917378425598145, 9.596540451049805, 10.98799991607666, 40.161293029785156]",2,8,3.6836061447218813,True,False
C:\Users\Hamada.MSI\Desktop\Hamada\lab\data\raw\images\Describable Textures Dataset\images\spiralled\spiralled_0066.jpg,0.17888257198774174,2,"[26.517324447631836, 13.47168254852295, 12.243544578552246, 10.971152305603027]",,,,False,False
C:\Users\Hamada.MSI\Desktop\Hamada\lab\data\raw\images\Describable Textures Dataset\images\spiralled\spiralled_0075.jpg,0.20844623096867573,2,"[16.457969665527344, 19.089683532714844, 14.483107566833496, 38.2098388671875]",,,,False,False
C:\Users\Hamada.MSI\Desktop\Hamada\lab\data\raw\images\Describable Textures Dataset\images\spiralled\spiralled_0081.jpg,0.19056719258056187,2,"[17.724077224731445, 10.561395645141602, 10.59196949005127, 35.61711502075195]",,,,False,False
C:\Users\Hamada.MSI\Desktop\Hamada\lab\data\raw\images\Describable Textures Dataset\images\spiralled\spiralled_0085.jpg,0.15381815061360915,2,"[12.6947603225708, 10.011337280273438, 11.03846263885498, 28.16324234008789]",,,,False,False
C:\Users\Hamada.MSI\Desktop\Hamada\lab\data\raw\images\Describable Textures Dataset\images\spiralled\spiralled_0105.jpg,0.07695396417841308,1,"[5.312933921813965, 5.543684005737305, 5.68280553817749, 33.74348831176758]",7,4,3.586923118447776,True,False
C:\Users\Hamada.MSI\Desktop\Hamada\lab\data\raw\images\Describable Textures Dataset\images\spiralled\spiralled_0114.jpg,0.03549836625860307,1,"[3.686548948287964, 4.319423675537109, 7.849099636077881, 28.91146469116211]",7,4,2.9227354479970122,True,False
C:\Users\Hamada.MSI\Desktop\Hamada\lab\data\raw\images\Describable Textures Dataset\images\spiralled\spiralled_0118.jpg,0.8334921161154654,5,"[4.92094612121582, 3.835984945297241, 2.975985288619995, 5.1521806716918945]",,,,False,True
C:\Users\Hamada.MSI\Desktop\Hamada\lab\data\raw\images\Describable Textures Dataset\images\spiralled\spiralled_0121.jpg,0.19844720414462644,2,"[3.7877585887908936, 2.4676029682159424, 3.3245773315429688, 29.011043548583984]",,,,False,False
C:\Users\Hamada.MSI\Desktop\Hamada\lab\data\raw\images\Describable Textures Dataset\images\spiralled\spiralled_0127.jpg,0.20284879747923637,2,"[7.951175212860107, 10.9717378616333, 13.372846603393555, 36.45288848876953]",,,,False,False
C:\Users\Hamada.MSI\Desktop\Hamada\lab\data\raw\images\Describable Textures Dataset\images\spiralled\spiralled_0128.jpg,0.08749836963376097,1,"[6.7921462059021, 3.186354637145996, 3.346902847290039, 35.33298873901367]",7,4,5.9831457583627525,True,False
C:\Users\Hamada.MSI\Desktop\Hamada\lab\data\raw\images\Describable Textures Dataset\images\spiralled\spiralled_0134.jpg,0.4692575841397746,5,"[12.737805366516113, 23.628971099853516, 35.92723846435547, 67.83987426757812]",,,,False,True
C:\Users\Hamada.MSI\Desktop\Hamada\lab\data\raw\images\Describable Textures Dataset\images\spiralled\spiralled_0139.jpg,0.28809146412858566,4,"[11.272404670715332, 9.72335147857666, 12.373035430908203, 31.095563888549805]",,,,False,True
C:\Users\Hamada.MSI\Desktop\Hamada\lab\data\raw\images\Describable Textures Dataset\images\spiralled\spiralled_0140.jpg,0.21958812450771173,2,"[1.5745291709899902, 2.4220004081726074, 4.037511348724365, 30.22365379333496]",,,,False,False
C:\Users\Hamada.MSI\Desktop\Hamada\lab\data\raw\images\Describable Textures Dataset\images\sprinkled\sprinkled_0005.jpg,0.7458035080807723,5,"[8.993288040161133, 12.335213661193848, 15.34457015991211, 34.94760513305664]",,,,False,True
C:\Users\Hamada.MSI\Desktop\Hamada\lab\data\raw\images\Describable Textures Dataset\images\sprinkled\sprinkled_0016.jpg,0.3939781096432164,5,"[2.24018931388855, 3.4144790172576904, 5.655840873718262, 24.155092239379883]",,,,False,True
C:\Users\Hamada.MSI\Desktop\Hamada\lab\data\raw\images\Describable Textures Dataset\images\sprinkled\sprinkled_0034.jpg,0.5356267989455898,5,"[8.84749698638916, 5.266884803771973, 4.984918594360352, 48.60038375854492]",,,,False,True
C:\Users\Hamada.MSI\Desktop\Hamada\lab\data\raw\images\Describable Textures Dataset\images\sprinkled\sprinkled_0036.jpg,0.3629117210034806,4,"[3.609219551086426, 5.402040958404541, 9.836299896240234, 48.925350189208984]",,,,False,True
C:\Users\Hamada.MSI\Desktop\Hamada\lab\data\raw\images\Describable Textures Dataset\images\sprinkled\sprinkled_0046.jpg,0.3868441422440095,5,"[3.302783966064453, 6.288824558258057, 9.040701866149902, 33.93070983886719]",,,,False,True
C:\Users\Hamada.MSI\Desktop\Hamada\lab\data\raw\images\Describable Textures Dataset\images\sprinkled\sprinkled_0049.jpg,0.38889919016878105,5,"[10.704874038696289, 9.840374946594238, 9.360967636108398, 45.34062194824219]",,,,False,True
C:\Users\Hamada.MSI\Desktop\Hamada\lab\data\raw\images\Describable Textures Dataset\images\sprinkled\sprinkled_0055.jpg,0.12198953611847173,1,"[10.134010314941406, 8.505525588989258, 10.082517623901367, 26.896387100219727]",1,6,1.80754010000672,True,False
C:\Users\Hamada.MSI\Desktop\Hamada\lab\data\raw\images\Describable Textures Dataset\images\sprinkled\sprinkled_0069.jpg,0.3579478593976426,4,"[7.055425643920898, 4.873211860656738, 5.250734329223633, 38.61849594116211]",,,,False,True
C:\Users\Hamada.MSI\Desktop\Hamada\lab\data\raw\images\Describable Textures Dataset\images\sprinkled\sprinkled_0076.jpg,0.9056138600420799,5,"[5.496185779571533, 8.102102279663086, 11.634360313415527, 29.209482192993164]",,,,False,True
C:\Users\Hamada.MSI\Desktop\Hamada\lab\data\raw\images\Describable Textures Dataset\images\sprinkled\sprinkled_0082.jpg,0.8592169092839227,5,"[8.525193214416504, 9.596604347229004, 10.473567962646484, 29.169212341308594]",,,,False,True
C:\Users\Hamada.MSI\Desktop\Hamada\lab\data\raw\images\Describable Textures Dataset\images\sprinkled\sprinkled_0088.jpg,0.21885439991814773,2,"[13.347006797790527, 14.898163795471191, 14.461073875427246, 40.23744583129883]",,,,False,False
C:\Users\Hamada.MSI\Desktop\Hamada\lab\data\raw\images\Describable Textures Dataset\images\sprinkled\sprinkled_0095.jpg,0.410593006117287,5,"[8.520284652709961, 8.736044883728027, 8.578898429870605, 23.950002670288086]",,,,False,True
C:\Users\Hamada.MSI\Desktop\Hamada\lab\data\raw\images\Describable Textures Dataset\images\sprinkled\sprinkled_0096.jpg,0.14323600466728612,1,"[9.332500457763672, 8.205914497375488, 7.498652935028076, 55.700008392333984]",2,8,15.6089001033786,True,False
C:\Users\Hamada.MSI\Desktop\Hamada\lab\data\raw\images\Describable Textures Dataset\images\sprinkled\sprinkled_0105.jpg,0.24102057154454468,3,"[1.6979182958602905, 3.0930392742156982, 6.153677463531494, 36.39109802246094]",,,,False,False
C:\Users\Hamada.MSI\Desktop\Hamada\lab\data\raw\images\Describable Textures Dataset\images\sprinkled\sprinkled_0112.jpg,0.1692454720622362,2,"[2.246760368347168, 4.452610015869141, 7.707389831542969, 38.898590087890625]",,,,False,False
C:\Users\Hamada.MSI\Desktop\Hamada\lab\data\raw\images\Describable Textures Dataset\images\sprinkled\sprinkled_0115.jpg,0.20661774876610686,2,"[7.662750720977783, 8.988235473632812, 8.765113830566406, 30.547225952148438]",,,,False,False
C:\Users\Hamada.MSI\Desktop\Hamada\lab\data\raw\images\Describable Textures Dataset\images\sprinkled\sprinkled_0124.jpg,0.19579367216424362,2,"[5.349693775177002, 5.406946182250977, 6.837162494659424, 25.774295806884766]",,,,False,False
C:\Users\Hamada.MSI\Desktop\Hamada\lab\data\raw\images\Describable Textures Dataset\images\sprinkled\sprinkled_0136.jpg,0.46994046006910173,5,"[3.456707000732422, 4.140909194946289, 4.671108722686768, 9.834329605102539]",,,,False,True
C:\Users\Hamada.MSI\Desktop\Hamada\lab\data\raw\images\Describable Textures Dataset\images\sprinkled\sprinkled_0141.jpg,0.2301819827725112,3,"[2.1954119205474854, 3.0280885696411133, 4.251842021942139, 25.80524253845215]",,,,False,False
C:\Users\Hamada.MSI\Desktop\Hamada\lab\data\raw\images\Describable Textures Dataset\images\sprinkled\sprinkled_0142.jpg,0.24502774019068993,3,"[3.9977569580078125, 5.064642429351807, 5.4087114334106445, 19.002988815307617]",,,,False,False
C:\Users\Hamada.MSI\Desktop\Hamada\lab\data\raw\images\Describable Textures Dataset\images\stained\stained_0024.jpg,0.1623770038238029,2,"[5.5718231201171875, 6.142074108123779, 7.622036933898926, 52.70189666748047]",,,,False,False
C:\Users\Hamada.MSI\Desktop\Hamada\lab\data\raw\images\Describable Textures Dataset\images\stained\stained_0025.jpg,0.12418617144949225,1,"[6.470087051391602, 5.016556262969971, 4.136319637298584, 15.66814136505127]",5,3,3.4964035190648532,True,False
C:\Users\Hamada.MSI\Desktop\Hamada\lab\data\raw\images\Describable Textures Dataset\images\stained\stained_0026.jpg,0.10491135855969153,1,"[2.4538910388946533, 2.915609121322632, 4.196732997894287, 29.565034866333008]",7,4,2.667186319540077,True,False
C:\Users\Hamada.MSI\Desktop\Hamada\lab\data\raw\images\Describable Textures Dataset\images\stained\stained_0028.jpg,0.14182766522822896,1,"[3.0509769916534424, 2.3365488052368164, 2.7153162956237793, 10.246175765991211]",3,1,2.5913691061690303,True,False
C:\Users\Hamada.MSI\Desktop\Hamada\lab\data\raw\images\Describable Textures Dataset\images\stained\stained_0032.jpg,0.2596224169860926,3,"[1.501668930053711, 1.709755539894104, 1.9197160005569458, 16.667884826660156]",,,,False,False
C:\Users\Hamada.MSI\Desktop\Hamada\lab\data\raw\images\Describable Textures Dataset\images\stained\stained_0035.jpg,0.11410258801794587,1,"[4.104040622711182, 4.878701686859131, 6.277784824371338, 35.159114837646484]",7,4,4.33385044012785,True,False
C:\Users\Hamada.MSI\Desktop\Hamada\lab\data\raw\images\Describable Textures Dataset\images\stained\stained_0048.jpg,0.2930295998010565,4,"[9.113555908203125, 7.245368957519531, 7.171123027801514, 24.748096466064453]",,,,False,True
C:\Users\Hamada.MSI\Desktop\Hamada\lab\data\raw\images\Describable Textures Dataset\images\stained\stained_0051.jpg,0.38709133651354233,5,"[3.2858691215515137, 2.5467538833618164, 2.648115396499634, 30.816608428955078]",,,,False,True
C:\Users\Hamada.MSI\Desktop\Hamada\lab\data\raw\images\Describable Textures Dataset\images\stained\stained_0052.jpg,0.3608015741168426,4,"[11.119065284729004, 4.834606170654297, 4.43914794921875, 29.45623016357422]",,,,False,True
C:\Users\Hamada.MSI\Desktop\Hamada\lab\data\raw\images\Describable Textures Dataset\images\stained\stained_0058.jpg,0.29152664846572673,4,"[7.774986267089844, 3.7819268703460693, 4.835860729217529, 36.64116668701172]",,,,False,True
C:\Users\Hamada.MSI\Desktop\Hamada\lab\data\raw\images\Describable Textures Dataset\images\stained\stained_0064.jpg,0.28823138591283104,4,"[4.009049415588379, 3.236063241958618, 4.507177829742432, 36.69169998168945]",,,,False,True
C:\Users\Hamada.MSI\Desktop\Hamada\lab\data\raw\images\Describable Textures Dataset\images\stained\stained_0073.jpg,0.15885166327347008,2,"[8.512866020202637, 3.6314167976379395, 3.25643253326416, 19.782255172729492]",,,,False,False
C:\Users\Hamada.MSI\Desktop\Hamada\lab\data\raw\images\Describable Textures Dataset\images\stained\stained_0081.jpg,0.7430264545939749,5,"[3.1744651794433594, 2.39101505279541, 2.712012767791748, 15.648298263549805]",,,,False,True
C:\Users\Hamada.MSI\Desktop\Hamada\lab\data\raw\images\Describable Textures Dataset\images\stained\stained_0085.jpg,0.4943932850703303,5,"[4.993380069732666, 2.208984136581421, 1.4936211109161377, 6.917893409729004]",,,,False,True
C:\Users\Hamada.MSI\Desktop\Hamada\lab\data\raw\images\Describable Textures Dataset\images\stained\stained_0099.jpg,0.1662171529179244,2,"[3.924109697341919, 3.8887078762054443, 4.039770126342773, 48.39911651611328]",,,,False,False
C:\Users\Hamada.MSI\Desktop\Hamada\lab\data\raw\images\Describable Textures Dataset\images\stained\stained_0114.jpg,0.22630633497399016,3,"[0.7265843152999878, 1.0066850185394287, 1.561283826828003, 16.976909637451172]",,,,False,False
C:\Users\Hamada.MSI\Desktop\Hamada\lab\data\raw\images\Describable Textures Dataset\images\stained\stained_0118.jpg,0.38468703570844,5,"[4.44573450088501, 4.017175674438477, 5.542962074279785, 45.25193786621094]",,,,False,True
C:\Users\Hamada.MSI\Desktop\Hamada\lab\data\raw\images\Describable Textures Dataset\images\stained\stained_0121.jpg,0.46742037108684603,5,"[2.623223066329956, 2.791104316711426, 3.6762688159942627, 12.407265663146973]",,,,False,True
C:\Users\Hamada.MSI\Desktop\Hamada\lab\data\raw\images\Describable Textures Dataset\images\stained\stained_0133.jpg,0.7537239328416041,5,"[0.9506481289863586, 0.9222630262374878, 1.2359565496444702, 7.050884246826172]",,,,False,True
C:\Users\Hamada.MSI\Desktop\Hamada\lab\data\raw\images\Describable Textures Dataset\images\stained\stained_0140.jpg,0.3239082725335761,4,"[4.333633899688721, 4.420341968536377, 6.444570064544678, 32.43337631225586]",,,,False,True
C:\Users\Hamada.MSI\Desktop\Hamada\lab\data\raw\images\Describable Textures Dataset\images\stratified\stratified_0027.jpg,0.2295580199168997,3,"[17.601945877075195, 10.76372241973877, 10.076106071472168, 28.602663040161133]",,,,False,False
C:\Users\Hamada.MSI\Desktop\Hamada\lab\data\raw\images\Describable Textures Dataset\images\stratified\stratified_0045.jpg,0.2870025970093121,4,"[9.735968589782715, 6.9640069007873535, 6.838775157928467, 21.76186180114746]",,,,False,True
C:\Users\Hamada.MSI\Desktop\Hamada\lab\data\raw\images\Describable Textures Dataset\images\stratified\stratified_0054.jpg,0.03631120383958983,1,"[8.759574890136719, 6.244426727294922, 6.534978866577148, 16.99063491821289]",5,3,4.581824611648138,True,False
C:\Users\Hamada.MSI\Desktop\Hamada\lab\data\raw\images\Describable Textures Dataset\images\stratified\stratified_0063.jpg,0.21023643285757357,2,"[10.815312385559082, 10.669647216796875, 9.19100284576416, 16.27696990966797]",,,,False,False
C:\Users\Hamada.MSI\Desktop\Hamada\lab\data\raw\images\Describable Textures Dataset\images\stratified\stratified_0078.jpg,0.21292907413595774,2,"[7.934898376464844, 6.7340779304504395, 6.843898773193359, 22.704364776611328]",,,,False,False
C:\Users\Hamada.MSI\Desktop\Hamada\lab\data\raw\images\Describable Textures Dataset\images\stratified\stratified_0083.jpg,0.6439845311208041,5,"[20.751192092895508, 12.347115516662598, 9.84512996673584, 22.628095626831055]",,,,False,True
C:\Users\Hamada.MSI\Desktop\Hamada\lab\data\raw\images\Describable Textures Dataset\images\stratified\stratified_0090.jpg,0.2301240368189415,3,"[15.201818466186523, 14.155096054077148, 14.813368797302246, 28.74675750732422]",,,,False,False
C:\Users\Hamada.MSI\Desktop\Hamada\lab\data\raw\images\Describable Textures Dataset\images\stratified\stratified_0097.jpg,0.10211757123607332,1,"[8.20639419555664, 8.168191909790039, 9.840790748596191, 38.80949783325195]",2,8,2.367884348598172,True,False
C:\Users\Hamada.MSI\Desktop\Hamada\lab\data\raw\images\Describable Textures Dataset\images\stratified\stratified_0101.jpg,0.2940921735122666,4,"[14.162883758544922, 11.88815975189209, 9.645406723022461, 25.260255813598633]",,,,False,True
C:\Users\Hamada.MSI\Desktop\Hamada\lab\data\raw\images\Describable Textures Dataset\images\stratified\stratified_0104.jpg,0.14232588059532048,1,"[12.320054054260254, 9.998428344726562, 9.082201957702637, 36.96829605102539]",2,8,6.928601169235049,True,False
C:\Users\Hamada.MSI\Desktop\Hamada\lab\data\raw\images\Describable Textures Dataset\images\stratified\stratified_0108.jpg,0.12071204246833138,1,"[16.574054718017578, 14.5772123336792, 16.265470504760742, 28.483795166015625]",4,9,3.7846372315179333,True,False
C:\Users\Hamada.MSI\Desktop\Hamada\lab\data\raw\images\Describable Textures Dataset\images\stratified\stratified_0109.jpg,0.1505541625053072,2,"[8.294761657714844, 6.266470909118652, 6.445836544036865, 24.889129638671875]",,,,False,False
C:\Users\Hamada.MSI\Desktop\Hamada\lab\data\raw\images\Describable Textures Dataset\images\stratified\stratified_0118.jpg,0.14896093897044366,2,"[9.837571144104004, 6.827218532562256, 7.376243591308594, 27.5997257232666]",,,,False,False
C:\Users\Hamada.MSI\Desktop\Hamada\lab\data\raw\images\Describable Textures Dataset\images\stratified\stratified_0144.jpg,0.26480457127429596,3,"[10.980201721191406, 10.50953483581543, 10.501486778259277, 17.76363754272461]",,,,False,False
C:\Users\Hamada.MSI\Desktop\Hamada\lab\data\raw\images\Describable Textures Dataset\images\stratified\stratified_0145.jpg,0.057975760018896566,1,"[10.511284828186035, 8.26810359954834, 7.384458541870117, 28.281612396240234]",1,6,4.1644194964785255,True,False
C:\Users\Hamada.MSI\Desktop\Hamada\lab\data\raw\images\Describable Textures Dataset\images\stratified\stratified_0154.jpg,0.05076638162922287,1,"[5.81886100769043, 2.472323417663574, 1.451719045639038, 2.1979880332946777]",3,1,6.185882169675616,True,False
C:\Users\Hamada.MSI\Desktop\Hamada\lab\data\raw\images\Describable Textures Dataset\images\stratified\stratified_0161.jpg,0.31415486902730344,4,"[12.621964454650879, 7.347787380218506, 7.471679210662842, 31.194217681884766]",,,,False,True
C:\Users\Hamada.MSI\Desktop\Hamada\lab\data\raw\images\Describable Textures Dataset\images\stratified\stratified_0163.jpg,0.2843846853880384,4,"[10.26999568939209, 9.851768493652344, 9.366909980773926, 21.458534240722656]",,,,False,True
C:\Users\Hamada.MSI\Desktop\Hamada\lab\data\raw\images\Describable Textures Dataset\images\stratified\stratified_0171.jpg,0.16610206755285434,2,"[9.632954597473145, 9.066632270812988, 9.28631591796875, 22.89813232421875]",,,,False,False
C:\Users\Hamada.MSI\Desktop\Hamada\lab\data\raw\images\Describable Textures Dataset\images\stratified\stratified_0173.jpg,0.22348875814489388,2,"[12.516040802001953, 6.741406440734863, 5.619148254394531, 10.758008003234863]",,,,False,False
C:\Users\Hamada.MSI\Desktop\Hamada\lab\data\raw\images\Describable Textures Dataset\images\striped\striped_0002.jpg,0.11905678617295835,1,"[4.419071674346924, 6.554890155792236, 10.707566261291504, 23.935087203979492]",1,6,5.134959501892709,True,False
C:\Users\Hamada.MSI\Desktop\Hamada\lab\data\raw\images\Describable Textures Dataset\images\striped\striped_0003.jpg,0.3828273770548661,4,"[5.789882659912109, 8.860756874084473, 18.536773681640625, 45.07579040527344]",,,,False,True
C:\Users\Hamada.MSI\Desktop\Hamada\lab\data\raw\images\Describable Textures Dataset\images\striped\striped_0004.jpg,0.2458558009618407,3,"[3.7522871494293213, 6.588794231414795, 8.022160530090332, 38.45620346069336]",,,,False,False
C:\Users\Hamada.MSI\Desktop\Hamada\lab\data\raw\images\Describable Textures Dataset\images\striped\striped_0005.jpg,0.3778036469992749,4,"[6.704068183898926, 10.075862884521484, 20.327409744262695, 73.47794342041016]",,,,False,True
C:\Users\Hamada.MSI\Desktop\Hamada\lab\data\raw\images\Describable Textures Dataset\images\striped\striped_0012.jpg,0.2589219044960677,3,"[15.359989166259766, 13.596534729003906, 22.064077377319336, 38.01734924316406]",,,,False,False
C:\Users\Hamada.MSI\Desktop\Hamada\lab\data\raw\images\Describable Textures Dataset\images\striped\striped_0015.jpg,0.1525620300773023,2,"[1.8805885314941406, 3.6821861267089844, 7.224109172821045, 53.26494598388672]",,,,False,False
C:\Users\Hamada.MSI\Desktop\Hamada\lab\data\raw\images\Describable Textures Dataset\images\striped\striped_0017.jpg,0.15286361924019773,2,"[5.270517349243164, 6.206572532653809, 8.72406005859375, 53.12702178955078]",,,,False,False
C:\Users\Hamada.MSI\Desktop\Hamada\lab\data\raw\images\Describable Textures Dataset\images\striped\striped_0019.jpg,0.0890990572519426,1,"[3.641214609146118, 6.7760009765625, 13.18421745300293, 31.66729164123535]",7,4,7.918774773336198,True,False
C:\Users\Hamada.MSI\Desktop\Hamada\lab\data\raw\images\Describable Textures Dataset\images\striped\striped_0021.jpg,0.20242637969622204,2,"[7.220489978790283, 6.85264253616333, 8.890032768249512, 65.84945678710938]",,,,False,False
C:\Users\Hamada.MSI\Desktop\Hamada\lab\data\raw\images\Describable Textures Dataset\images\striped\striped_0023.jpg,0.28835726293796626,4,"[5.782423973083496, 8.750301361083984, 18.346345901489258, 45.41703796386719]",,,,False,True
C:\Users\Hamada.MSI\Desktop\Hamada\lab\data\raw\images\Describable Textures Dataset\images\striped\striped_0025.jpg,0.29315237177368947,4,"[6.7785115242004395, 11.080543518066406, 20.124908447265625, 47.81097412109375]",,,,False,True
C:\Users\Hamada.MSI\Desktop\Hamada\lab\data\raw\images\Describable Textures Dataset\images\striped\striped_0037.jpg,0.23862760003908107,3,"[7.908257007598877, 8.511298179626465, 16.207738876342773, 40.32279586791992]",,,,False,False
C:\Users\Hamada.MSI\Desktop\Hamada\lab\data\raw\images\Describable Textures Dataset\images\striped\striped_0063.jpg,0.29132447439695724,4,"[5.038620948791504, 8.679313659667969, 19.432071685791016, 45.91091537475586]",,,,False,True
C:\Users\Hamada.MSI\Desktop\Hamada\lab\data\raw\images\Describable Textures Dataset\images\striped\striped_0068.jpg,0.43062011736946554,5,"[7.030082702636719, 14.300281524658203, 27.275985717773438, 38.11589431762695]",,,,False,True
C:\Users\Hamada.MSI\Desktop\Hamada\lab\data\raw\images\Describable Textures Dataset\images\striped\striped_0077.jpg,0.17719537976603555,2,"[6.366243839263916, 12.761561393737793, 21.605850219726562, 41.48747253417969]",,,,False,False
C:\Users\Hamada.MSI\Desktop\Hamada\lab\data\raw\images\Describable Textures Dataset\images\striped\striped_0079.jpg,0.11274056749667459,1,"[6.177871227264404, 9.740382194519043, 13.49044132232666, 25.92085838317871]",1,6,4.320792948087651,True,False
C:\Users\Hamada.MSI\Desktop\Hamada\lab\data\raw\images\Describable Textures Dataset\images\striped\striped_0089.jpg,0.1811693880748025,2,"[6.48799467086792, 8.229301452636719, 12.013702392578125, 31.856359481811523]",,,,False,False
C:\Users\Hamada.MSI\Desktop\Hamada\lab\data\raw\images\Describable Textures Dataset\images\striped\striped_0099.jpg,0.20237110758543397,2,"[13.4177827835083, 16.505250930786133, 25.17420768737793, 37.66434097290039]",,,,False,False
C:\Users\Hamada.MSI\Desktop\Hamada\lab\data\raw\images\Describable Textures Dataset\images\striped\striped_0106.jpg,0.11003646356635224,1,"[7.661809921264648, 8.152716636657715, 10.260680198669434, 36.52474594116211]",2,8,4.221400961422179,True,False
C:\Users\Hamada.MSI\Desktop\Hamada\lab\data\raw\images\Describable Textures Dataset\images\striped\striped_0110.jpg,0.2068036772827974,2,"[11.546908378601074, 14.820646286010742, 24.55232048034668, 52.47896957397461]",,,,False,False
C:\Users\Hamada.MSI\Desktop\Hamada\lab\data\raw\images\Describable Textures Dataset\images\studded\studded_0054.jpg,0.11545533568702926,1,"[9.175386428833008, 7.421950817108154, 9.786652565002441, 25.15314483642578]",1,6,1.4844187676530487,True,False
C:\Users\Hamada.MSI\Desktop\Hamada\lab\data\raw\images\Describable Textures Dataset\images\studded\studded_0072.jpg,0.07593776132180798,1,"[7.64099645614624, 6.651843547821045, 8.303851127624512, 22.802980422973633]",1,6,4.176921936925435,True,False
C:\Users\Hamada.MSI\Desktop\Hamada\lab\data\raw\images\Describable Textures Dataset\images\studded\studded_0101.jpg,0.12598562335481017,1,"[4.056606292724609, 6.161007404327393, 7.540929317474365, 16.78230094909668]",5,3,3.3642150568750875,True,False
C:\Users\Hamada.MSI\Desktop\Hamada\lab\data\raw\images\Describable Textures Dataset\images\studded\studded_0110.jpg,0.4032601037962954,5,"[8.055301666259766, 8.444009780883789, 10.249597549438477, 35.321964263916016]",,,,False,True
C:\Users\Hamada.MSI\Desktop\Hamada\lab\data\raw\images\Describable Textures Dataset\images\studded\studded_0115.jpg,0.0920573254822759,1,"[7.623587131500244, 7.756949424743652, 10.528142929077148, 32.07102584838867]",1,6,6.434363446942277,True,False
C:\Users\Hamada.MSI\Desktop\Hamada\lab\data\raw\images\Describable Textures Dataset\images\studded\studded_0126.jpg,0.0651569996098047,1,"[10.130057334899902, 9.780860900878906, 11.150662422180176, 19.76882553100586]",1,6,6.377466275379732,True,False
C:\Users\Hamada.MSI\Desktop\Hamada\lab\data\raw\images\Describable Textures Dataset\images\studded\studded_0132.jpg,0.09522386033232844,1,"[4.928018093109131, 7.2435712814331055, 11.948436737060547, 28.611730575561523]",1,6,5.217565793752386,True,False
C:\Users\Hamada.MSI\Desktop\Hamada\lab\data\raw\images\Describable Textures Dataset\images\studded\studded_0141.jpg,0.15249469159126192,2,"[9.803716659545898, 11.271592140197754, 15.84173583984375, 43.915489196777344]",,,,False,False
C:\Users\Hamada.MSI\Desktop\Hamada\lab\data\raw\images\Describable Textures Dataset\images\studded\studded_0154.jpg,0.14078764015780387,1,"[9.916686058044434, 13.743802070617676, 20.493675231933594, 32.99717712402344]",4,9,7.93495175915701,True,False
C:\Users\Hamada.MSI\Desktop\Hamada\lab\data\raw\images\Describable Textures Dataset\images\studded\studded_0161.jpg,0.05830153810227862,1,"[2.309818744659424, 3.788170576095581, 6.044376850128174, 23.521909713745117]",5,3,5.7234622531190364,True,False
C:\Users\Hamada.MSI\Desktop\Hamada\lab\data\raw\images\Describable Textures Dataset\images\studded\studded_0162.jpg,0.018767198170855034,1,"[1.6431047916412354, 2.6670267581939697, 4.058927059173584, 10.579459190368652]",3,1,3.5883085585358523,True,False
C:\Users\Hamada.MSI\Desktop\Hamada\lab\data\raw\images\Describable Textures Dataset\images\studded\studded_0169.jpg,0.08916927823683805,1,"[3.081949472427368, 6.129298210144043, 11.290494918823242, 28.734798431396484]",7,4,6.318564071406389,True,False
C:\Users\Hamada.MSI\Desktop\Hamada\lab\data\raw\images\Describable Textures Dataset\images\studded\studded_0180.jpg,0.29423860711896577,4,"[7.680229663848877, 5.159958839416504, 5.711069107055664, 26.639787673950195]",,,,False,True
C:\Users\Hamada.MSI\Desktop\Hamada\lab\data\raw\images\Describable Textures Dataset\images\studded\studded_0190.jpg,0.09072947624039275,1,"[12.619561195373535, 16.24844741821289, 19.17685890197754, 23.606136322021484]",4,9,5.308428048135554,True,False
C:\Users\Hamada.MSI\Desktop\Hamada\lab\data\raw\images\Describable Textures Dataset\images\studded\studded_0192.jpg,0.05897942452735694,1,"[12.659738540649414, 14.23831558227539, 11.91141414642334, 7.954854965209961]",8,5,6.670838092687316,True,False
C:\Users\Hamada.MSI\Desktop\Hamada\lab\data\raw\images\Describable Textures Dataset\images\studded\studded_0193.jpg,0.09166285633709056,1,"[9.210456848144531, 10.782057762145996, 14.057145118713379, 36.609130859375]",2,8,7.587524613469693,True,False
C:\Users\Hamada.MSI\Desktop\Hamada\lab\data\raw\images\Describable Textures Dataset\images\studded\studded_0197.jpg,0.01808872932592406,1,"[5.387045383453369, 3.55269193649292, 3.08628249168396, 6.286008834838867]",3,1,2.5590195874480846,True,False
C:\Users\Hamada.MSI\Desktop\Hamada\lab\data\raw\images\Describable Textures Dataset\images\studded\studded_0200.jpg,0.24030504185037138,3,"[17.228450775146484, 16.95096206665039, 19.219802856445312, 39.68094253540039]",,,,False,False
C:\Users\Hamada.MSI\Desktop\Hamada\lab\data\raw\images\Describable Textures Dataset\images\studded\studded_0201.jpg,0.1713799902635419,2,"[21.454633712768555, 14.964146614074707, 16.113046646118164, 28.68370246887207]",,,,False,False
C:\Users\Hamada.MSI\Desktop\Hamada\lab\data\raw\images\Describable Textures Dataset\images\studded\studded_0206.jpg,0.068218393362978,1,"[10.95173168182373, 13.121376037597656, 15.1386079788208, 27.286296844482422]",4,9,2.4740489181637284,True,False
C:\Users\Hamada.MSI\Desktop\Hamada\lab\data\raw\images\Describable Textures Dataset\images\swirly\swirly_0061.jpg,0.07938020434163882,1,"[17.380144119262695, 14.326766967773438, 11.819716453552246, 13.244909286499023]",8,5,6.84346834314627,True,False
C:\Users\Hamada.MSI\Desktop\Hamada\lab\data\raw\images\Describable Textures Dataset\images\swirly\swirly_0068.jpg,0.16190610913607423,2,"[4.643352508544922, 4.855860710144043, 5.17555570602417, 45.92317199707031]",,,,False,False
C:\Users\Hamada.MSI\Desktop\Hamada\lab\data\raw\images\Describable Textures Dataset\images\swirly\swirly_0069.jpg,0.25395784016091466,3,"[9.650171279907227, 5.707833766937256, 4.717008113861084, 37.82941436767578]",,,,False,False
C:\Users\Hamada.MSI\Desktop\Hamada\lab\data\raw\images\Describable Textures Dataset\images\swirly\swirly_0070.jpg,0.10715772888066685,1,"[1.4490700960159302, 3.425119161605835, 7.072471618652344, 42.3857421875]",2,8,7.252716556924231,True,False
C:\Users\Hamada.MSI\Desktop\Hamada\lab\data\raw\images\Describable Textures Dataset\images\swirly\swirly_0071.jpg,0.13777119286383344,1,"[31.106613159179688, 24.997825622558594, 21.111474990844727, 23.228715896606445]",9,10,8.678601707303988,True,False
C:\Users\Hamada.MSI\Desktop\Hamada\lab\data\raw\images\Describable Textures Dataset\images\swirly\swirly_0075.jpg,0.551533671417246,5,"[17.031274795532227, 26.131771087646484, 36.47943115234375, 71.08635711669922]",,,,False,True
C:\Users\Hamada.MSI\Desktop\Hamada\lab\data\raw\images\Describable Textures Dataset\images\swirly\swirly_0080.jpg,0.5976722030202045,5,"[5.93547248840332, 13.76093578338623, 19.478940963745117, 8.174765586853027]",,,,False,True
C:\Users\Hamada.MSI\Desktop\Hamada\lab\data\raw\images\Describable Textures Dataset\images\swirly\swirly_0085.jpg,0.06898371843873757,1,"[13.125927925109863, 13.488513946533203, 12.201444625854492, 24.171550750732422]",4,9,4.937754303490307,True,False
C:\Users\Hamada.MSI\Desktop\Hamada\lab\data\raw\images\Describable Textures Dataset\images\swirly\swirly_0088.jpg,0.5348424655715036,5,"[4.375844955444336, 5.466009140014648, 8.119096755981445, 24.827733993530273]",,,,False,True
C:\Users\Hamada.MSI\Desktop\Hamada\lab\data\raw\images\Describable Textures Dataset\images\swirly\swirly_0119.jpg,0.3097996525999125,4,"[7.94543981552124, 11.265460968017578, 13.711039543151855, 32.386444091796875]",,,,False,True
C:\Users\Hamada.MSI\Desktop\Hamada\lab\data\raw\images\Describable Textures Dataset\images\swirly\swirly_0123.jpg,0.2721414159880076,3,"[2.7791061401367188, 3.8954522609710693, 6.32042121887207, 24.479883193969727]",,,,False,False
C:\Users\Hamada.MSI\Desktop\Hamada\lab\data\raw\images\Describable Textures Dataset\images\swirly\swirly_0130.jpg,0.29685106550027307,4,"[16.9659481048584, 6.143896579742432, 6.50184965133667, 20.74600601196289]",,,,False,True
C:\Users\Hamada.MSI\Desktop\Hamada\lab\data\raw\images\Describable Textures Dataset\images\swirly\swirly_0135.jpg,0.2668875924950212,3,"[7.678511142730713, 13.63630485534668, 25.166271209716797, 55.76972198486328]",,,,False,False
C:\Users\Hamada.MSI\Desktop\Hamada\lab\data\raw\images\Describable Textures Dataset\images\swirly\swirly_0138.jpg,0.2974925631154131,4,"[34.45769119262695, 42.576385498046875, 36.888187408447266, 26.101408004760742]",,,,False,True
C:\Users\Hamada.MSI\Desktop\Hamada\lab\data\raw\images\Describable Textures Dataset\images\swirly\swirly_0144.jpg,0.1577282441899088,2,"[7.944549083709717, 8.648131370544434, 8.824658393859863, 8.773201942443848]",,,,False,False
C:\Users\Hamada.MSI\Desktop\Hamada\lab\data\raw\images\Describable Textures Dataset\images\swirly\swirly_0145.jpg,0.3313404869237855,4,"[6.456439971923828, 7.671838760375977, 8.355658531188965, 12.428261756896973]",,,,False,True
C:\Users\Hamada.MSI\Desktop\Hamada\lab\data\raw\images\Describable Textures Dataset\images\swirly\swirly_0152.jpg,0.30834234659843907,4,"[10.714065551757812, 8.433210372924805, 6.300689697265625, 5.346438407897949]",,,,False,True
C:\Users\Hamada.MSI\Desktop\Hamada\lab\data\raw\images\Describable Textures Dataset\images\swirly\swirly_0154.jpg,0.3800953998415405,4,"[12.69437313079834, 12.35821533203125, 13.501039505004883, 26.6651668548584]",,,,False,True
C:\Users\Hamada.MSI\Desktop\Hamada\lab\data\raw\images\Describable Textures Dataset\images\swirly\swirly_0169.jpg,0.49955821425177616,5,"[7.561148643493652, 8.379552841186523, 10.370616912841797, 20.24497413635254]",,,,False,True
C:\Users\Hamada.MSI\Desktop\Hamada\lab\data\raw\images\Describable Textures Dataset\images\swirly\swirly_0172.jpg,0.4202457079414867,5,"[6.284620761871338, 9.300325393676758, 11.520583152770996, 34.559295654296875]",,,,False,True
C:\Users\Hamada.MSI\Desktop\Hamada\lab\data\raw\images\Describable Textures Dataset\images\veined\veined_0066.jpg,0.4148377961024721,5,"[13.522829055786133, 14.071077346801758, 11.264154434204102, 12.258030891418457]",,,,False,True
C:\Users\Hamada.MSI\Desktop\Hamada\lab\data\raw\images\Describable Textures Dataset\images\veined\veined_0069.jpg,0.03186725609733792,1,"[5.560267925262451, 3.449289321899414, 2.3807573318481445, 2.497070789337158]",3,1,5.701814587178852,True,False
C:\Users\Hamada.MSI\Desktop\Hamada\lab\data\raw\images\Describable Textures Dataset\images\veined\veined_0081.jpg,0.35059416758965595,4,"[8.28331470489502, 9.483285903930664, 11.610706329345703, 37.4285774230957]",,,,False,True
C:\Users\Hamada.MSI\Desktop\Hamada\lab\data\raw\images\Describable Textures Dataset\images\veined\veined_0087.jpg,0.1292773794458053,1,"[13.713340759277344, 11.305315017700195, 9.973692893981934, 16.59876251220703]",8,5,3.8177875382502715,True,False
C:\Users\Hamada.MSI\Desktop\Hamada\lab\data\raw\images\Describable Textures Dataset\images\veined\veined_0090.jpg,0.085229720750906,1,"[9.366801261901855, 5.992943286895752, 4.77692174911499, 7.167786121368408]",0,2,0.6051294487479503,True,False
C:\Users\Hamada.MSI\Desktop\Hamada\lab\data\raw\images\Describable Textures Dataset\images\veined\veined_0097.jpg,0.13807993576045247,1,"[12.23702621459961, 11.43713665008545, 11.4254150390625, 25.626487731933594]",1,6,4.6934961298978175,True,False
C:\Users\Hamada.MSI\Desktop\Hamada\lab\data\raw\images\Describable Textures Dataset\images\veined\veined_0101.jpg,0.20628679598612956,2,"[5.642227649688721, 6.231992721557617, 8.59635066986084, 33.11643981933594]",,,,False,False
C:\Users\Hamada.MSI\Desktop\Hamada\lab\data\raw\images\Describable Textures Dataset\images\veined\veined_0107.jpg,0.25902503131845844,3,"[4.440319061279297, 7.826081275939941, 13.638019561767578, 54.14109802246094]",,,,False,False
C:\Users\Hamada.MSI\Desktop\Hamada\lab\data\raw\images\Describable Textures Dataset\images\veined\veined_0116.jpg,0.28340118027280986,4,"[9.392545700073242, 7.462009906768799, 5.794400215148926, 15.884570121765137]",,,,False,True
C:\Users\Hamada.MSI\Desktop\Hamada\lab\data\raw\images\Describable Textures Dataset\images\veined\veined_0133.jpg,0.11405965392541717,1,"[1.4723517894744873, 2.059365749359131, 3.1378824710845947, 11.037551879882812]",3,1,3.9289425348156124,True,False
C:\Users\Hamada.MSI\Desktop\Hamada\lab\data\raw\images\Describable Textures Dataset\images\veined\veined_0139.jpg,0.22878880611675068,3,"[5.399542331695557, 3.851104259490967, 2.817812442779541, 29.10772705078125]",,,,False,False
C:\Users\Hamada.MSI\Desktop\Hamada\lab\data\raw\images\Describable Textures Dataset\images\veined\veined_0142.jpg,0.28484634464043285,4,"[6.918816089630127, 9.484814643859863, 11.354907989501953, 28.390300750732422]",,,,False,True
C:\Users\Hamada.MSI\Desktop\Hamada\lab\data\raw\images\Describable Textures Dataset\images\veined\veined_0144.jpg,0.23222446331067714,3,"[13.405800819396973, 9.847237586975098, 9.049751281738281, 28.944942474365234]",,,,False,False
C:\Users\Hamada.MSI\Desktop\Hamada\lab\data\raw\images\Describable Textures Dataset\images\veined\veined_0163.jpg,0.24572893643233967,3,"[3.815014362335205, 5.359557628631592, 7.423526763916016, 26.597713470458984]",,,,False,False
C:\Users\Hamada.MSI\Desktop\Hamada\lab\data\raw\images\Describable Textures Dataset\images\veined\veined_0170.jpg,0.34319951999983267,4,"[11.469740867614746, 6.401707649230957, 2.769615411758423, 10.477147102355957]",,,,False,True
C:\Users\Hamada.MSI\Desktop\Hamada\lab\data\raw\images\Describable Textures Dataset\images\veined\veined_0174.jpg,0.22579741948016943,3,"[6.521370887756348, 6.116987705230713, 7.493233680725098, 20.50414276123047]",,,,False,False
C:\Users\Hamada.MSI\Desktop\Hamada\lab\data\raw\images\Describable Textures Dataset\images\veined\veined_0178.jpg,0.26038797163988026,3,"[4.448566436767578, 5.990391254425049, 8.191381454467773, 38.9156379699707]",,,,False,False
C:\Users\Hamada.MSI\Desktop\Hamada\lab\data\raw\images\Describable Textures Dataset\images\veined\veined_0184.jpg,0.2500024265088099,3,"[2.8955886363983154, 3.0234673023223877, 2.715670585632324, 40.312381744384766]",,,,False,False
C:\Users\Hamada.MSI\Desktop\Hamada\lab\data\raw\images\Describable Textures Dataset\images\veined\veined_0186.jpg,0.12293567966848065,1,"[13.992021560668945, 13.830361366271973, 10.618721008300781, 24.286352157592773]",4,9,6.218063572629637,True,False
C:\Users\Hamada.MSI\Desktop\Hamada\lab\data\raw\images\Describable Textures Dataset\images\veined\veined_0187.jpg,0.3925671099438778,5,"[5.809711456298828, 4.029006004333496, 3.191276788711548, 6.16050386428833]",,,,False,True
C:\Users\Hamada.MSI\Desktop\Hamada\lab\data\raw\images\Describable Textures Dataset\images\waffled\waffled_0051.jpg,0.3042684962860449,4,"[9.258099555969238, 9.742839813232422, 8.750760078430176, 45.04070281982422]",,,,False,True
C:\Users\Hamada.MSI\Desktop\Hamada\lab\data\raw\images\Describable Textures Dataset\images\waffled\waffled_0054.jpg,0.2853821041064189,4,"[3.5365874767303467, 4.6205315589904785, 7.549385070800781, 28.738767623901367]",,,,False,True
C:\Users\Hamada.MSI\Desktop\Hamada\lab\data\raw\images\Describable Textures Dataset\images\waffled\waffled_0063.jpg,0.23075453199237642,3,"[4.680628299713135, 8.401246070861816, 15.332441329956055, 38.55095672607422]",,,,False,False
C:\Users\Hamada.MSI\Desktop\Hamada\lab\data\raw\images\Describable Textures Dataset\images\waffled\waffled_0090.jpg,0.522608851954268,5,"[6.353791236877441, 7.120462894439697, 11.09534740447998, 28.581907272338867]",,,,False,True
C:\Users\Hamada.MSI\Desktop\Hamada\lab\data\raw\images\Describable Textures Dataset\images\waffled\waffled_0116.jpg,0.3279864828115562,4,"[1.2104713916778564, 1.6330132484436035, 2.748532295227051, 18.27881622314453]",,,,False,True
C:\Users\Hamada.MSI\Desktop\Hamada\lab\data\raw\images\Describable Textures Dataset\images\waffled\waffled_0121.jpg,0.25349076691305933,3,"[2.907111883163452, 3.957918405532837, 5.9071760177612305, 11.85451602935791]",,,,False,False
C:\Users\Hamada.MSI\Desktop\Hamada\lab\data\raw\images\Describable Textures Dataset\images\waffled\waffled_0124.jpg,0.4836744819955962,5,"[6.923530578613281, 6.1393585205078125, 6.593201637268066, 9.048697471618652]",,,,False,True
C:\Users\Hamada.MSI\Desktop\Hamada\lab\data\raw\images\Describable Textures Dataset\images\waffled\waffled_0125.jpg,0.23008950433598988,3,"[3.4107961654663086, 5.140446662902832, 9.013630867004395, 41.977394104003906]",,,,False,False
C:\Users\Hamada.MSI\Desktop\Hamada\lab\data\raw\images\Describable Textures Dataset\images\waffled\waffled_0126.jpg,0.19157895069027558,2,"[2.229783296585083, 3.957416534423828, 7.04918098449707, 20.690263748168945]",,,,False,False
C:\Users\Hamada.MSI\Desktop\Hamada\lab\data\raw\images\Describable Textures Dataset\images\waffled\waffled_0132.jpg,0.24600897481056894,3,"[3.051330804824829, 3.81669282913208, 5.978234767913818, 31.16023826599121]",,,,False,False
C:\Users\Hamada.MSI\Desktop\Hamada\lab\data\raw\images\Describable Textures Dataset\images\waffled\waffled_0135.jpg,0.1151615753608591,1,"[2.0590147972106934, 2.1103830337524414, 3.180284261703491, 4.735726833343506]",3,1,3.3807537135043826,True,False
C:\Users\Hamada.MSI\Desktop\Hamada\lab\data\raw\images\Describable Textures Dataset\images\waffled\waffled_0156.jpg,0.11998001138381521,1,"[5.2186360359191895, 7.298031806945801, 7.645343780517578, 6.440324306488037]",0,2,5.307565471058983,True,False
C:\Users\Hamada.MSI\Desktop\Hamada\lab\data\raw\images\Describable Textures Dataset\images\waffled\waffled_0161.jpg,0.4509883904032387,5,"[1.120435118675232, 1.7201765775680542, 3.531949758529663, 31.0417423248291]",,,,False,True
C:\Users\Hamada.MSI\Desktop\Hamada\lab\data\raw\images\Describable Textures Dataset\images\waffled\waffled_0165.jpg,0.19786005959310496,2,"[4.662998199462891, 4.708614826202393, 5.483616828918457, 13.87463665008545]",,,,False,False
C:\Users\Hamada.MSI\Desktop\Hamada\lab\data\raw\images\Describable Textures Dataset\images\waffled\waffled_0168.jpg,0.14056585669455215,1,"[2.4735729694366455, 3.6972947120666504, 6.231980323791504, 19.661958694458008]",5,3,3.0384312095887114,True,False
C:\Users\Hamada.MSI\Desktop\Hamada\lab\data\raw\images\Describable Textures Dataset\images\waffled\waffled_0174.jpg,0.2252746970305324,3,"[7.776376247406006, 2.826698064804077, 2.9662866592407227, 13.530466079711914]",,,,False,False
C:\Users\Hamada.MSI\Desktop\Hamada\lab\data\raw\images\Describable Textures Dataset\images\waffled\waffled_0178.jpg,0.37198589205161076,4,"[3.1825289726257324, 4.007588863372803, 5.212055206298828, 8.95200252532959]",,,,False,True
C:\Users\Hamada.MSI\Desktop\Hamada\lab\data\raw\images\Describable Textures Dataset\images\waffled\waffled_0182.jpg,0.23660732989933134,3,"[1.823373794555664, 2.852440118789673, 5.146568298339844, 19.150983810424805]",,,,False,False
C:\Users\Hamada.MSI\Desktop\Hamada\lab\data\raw\images\Describable Textures Dataset\images\waffled\waffled_0185.jpg,0.22910202981609343,3,"[2.4378223419189453, 3.0672833919525146, 4.614856243133545, 43.36735916137695]",,,,False,False
C:\Users\Hamada.MSI\Desktop\Hamada\lab\data\raw\images\Describable Textures Dataset\images\waffled\waffled_0204.jpg,0.555212411088568,5,"[2.653005599975586, 3.0545406341552734, 3.5522100925445557, 6.124850273132324]",,,,False,True
C:\Users\Hamada.MSI\Desktop\Hamada\lab\data\raw\images\Describable Textures Dataset\images\woven\woven_0011.jpg,0.6597578006028784,5,"[10.34776782989502, 4.83311653137207, 2.188340187072754, 3.41344952583313]",,,,False,True
C:\Users\Hamada.MSI\Desktop\Hamada\lab\data\raw\images\Describable Textures Dataset\images\woven\woven_0013.jpg,0.34096012055802316,4,"[26.331466674804688, 12.128185272216797, 5.1090087890625, 8.955619812011719]",,,,False,True
C:\Users\Hamada.MSI\Desktop\Hamada\lab\data\raw\images\Describable Textures Dataset\images\woven\woven_0044.jpg,0.08119942302223106,1,"[17.54486083984375, 14.937037467956543, 9.629522323608398, 6.4989728927612305]",6,7,9.776361285908253,True,False
C:\Users\Hamada.MSI\Desktop\Hamada\lab\data\raw\images\Describable Textures Dataset\images\woven\woven_0048.jpg,0.11907408536782238,1,"[7.0090436935424805, 7.1970038414001465, 7.307740688323975, 20.476966857910156]",5,3,4.257800372414033,True,False
C:\Users\Hamada.MSI\Desktop\Hamada\lab\data\raw\images\Describable Textures Dataset\images\woven\woven_0056.jpg,0.1566718618590819,2,"[13.953643798828125, 14.43627643585205, 13.953206062316895, 12.901443481445312]",,,,False,False
C:\Users\Hamada.MSI\Desktop\Hamada\lab\data\raw\images\Describable Textures Dataset\images\woven\woven_0060.jpg,0.15877258899287455,2,"[18.140485763549805, 21.541973114013672, 13.085716247558594, 34.60916519165039]",,,,False,False
C:\Users\Hamada.MSI\Desktop\Hamada\lab\data\raw\images\Describable Textures Dataset\images\woven\woven_0065.jpg,0.44524102442702945,5,"[36.9443244934082, 32.958351135253906, 15.853654861450195, 6.1102294921875]",,,,False,True
C:\Users\Hamada.MSI\Desktop\Hamada\lab\data\raw\images\Describable Textures Dataset\images\woven\woven_0070.jpg,0.32277848305701745,4,"[11.068827629089355, 12.010972023010254, 13.510956764221191, 22.212560653686523]",,,,False,True
C:\Users\Hamada.MSI\Desktop\Hamada\lab\data\raw\images\Describable Textures Dataset\images\woven\woven_0072.jpg,0.019791162323651953,1,"[5.4568657875061035, 5.847993850708008, 6.508090972900391, 13.051132202148438]",5,3,5.8087783681809935,True,False
C:\Users\Hamada.MSI\Desktop\Hamada\lab\data\raw\images\Describable Textures Dataset\images\woven\woven_0077.jpg,0.10045202904705725,1,"[13.929399490356445, 20.884889602661133, 21.080751419067383, 25.638715744018555]",4,9,8.621380015301977,True,False
C:\Users\Hamada.MSI\Desktop\Hamada\lab\data\raw\images\Describable Textures Dataset\images\woven\woven_0087.jpg,0.42101702989308226,5,"[7.058840274810791, 5.837677955627441, 4.5852179527282715, 11.81344223022461]",,,,False,True
C:\Users\Hamada.MSI\Desktop\Hamada\lab\data\raw\images\Describable Textures Dataset\images\woven\woven_0092.jpg,0.4512074019210292,5,"[13.587647438049316, 19.811025619506836, 19.041831970214844, 14.166844367980957]",,,,False,True
C:\Users\Hamada.MSI\Desktop\Hamada\lab\data\raw\images\Describable Textures Dataset\images\woven\woven_0098.jpg,0.025140241746390853,1,"[5.102010726928711, 6.8349995613098145, 8.10246467590332, 8.112688064575195]",0,2,5.474856252055823,True,False
C:\Users\Hamada.MSI\Desktop\Hamada\lab\data\raw\images\Describable Textures Dataset\images\woven\woven_0101.jpg,0.04177184819768871,1,"[10.051709175109863, 12.58525562286377, 5.909063339233398, 6.6246795654296875]",0,2,6.46714189781491,True,False
C:\Users\Hamada.MSI\Desktop\Hamada\lab\data\raw\images\Describable Textures Dataset\images\woven\woven_0107.jpg,0.38268134465715886,4,"[26.399089813232422, 12.966773986816406, 8.412113189697266, 13.555519104003906]",,,,False,True
C:\Users\Hamada.MSI\Desktop\Hamada\lab\data\raw\images\Describable Textures Dataset\images\woven\woven_0114.jpg,0.19060628718468126,2,"[12.727096557617188, 7.554080963134766, 7.435328483581543, 22.774187088012695]",,,,False,False
C:\Users\Hamada.MSI\Desktop\Hamada\lab\data\raw\images\Describable Textures Dataset\images\woven\woven_0116.jpg,0.07441782780036323,1,"[5.75851583480835, 5.721052169799805, 6.258753776550293, 32.79340362548828]",7,4,3.3115127300210814,True,False
C:\Users\Hamada.MSI\Desktop\Hamada\lab\data\raw\images\Describable Textures Dataset\images\woven\woven_0117.jpg,0.17154561861934053,2,"[10.836138725280762, 11.297158241271973, 11.906853675842285, 19.846834182739258]",,,,False,False
C:\Users\Hamada.MSI\Desktop\Hamada\lab\data\raw\images\Describable Textures Dataset\images\woven\woven_0119.jpg,0.22682832320081878,3,"[14.45571231842041, 13.450770378112793, 10.975225448608398, 32.66443634033203]",,,,False,False
C:\Users\Hamada.MSI\Desktop\Hamada\lab\data\raw\images\Describable Textures Dataset\images\woven\woven_0130.jpg,0.24558025577970188,3,"[17.510215759277344, 19.205320358276367, 23.955291748046875, 31.925987243652344]",,,,False,False
C:\Users\Hamada.MSI\Desktop\Hamada\lab\data\raw\images\Describable Textures Dataset\images\wrinkled\wrinkled_0012.jpg,0.11073806509617475,1,"[2.6104965209960938, 3.0262081623077393, 6.266749858856201, 25.57872772216797]",7,4,5.5922321162422906,True,False
C:\Users\Hamada.MSI\Desktop\Hamada\lab\data\raw\images\Describable Textures Dataset\images\wrinkled\wrinkled_0021.jpg,0.4947864831005067,5,"[17.329444885253906, 9.848867416381836, 7.388610363006592, 8.261137962341309]",,,,False,True
C:\Users\Hamada.MSI\Desktop\Hamada\lab\data\raw\images\Describable Textures Dataset\images\wrinkled\wrinkled_0039.jpg,0.27931276677894074,4,"[3.7785258293151855, 3.5319042205810547, 4.176790237426758, 5.455712795257568]",,,,False,True
C:\Users\Hamada.MSI\Desktop\Hamada\lab\data\raw\images\Describable Textures Dataset\images\wrinkled\wrinkled_0050.jpg,0.0803998158988994,1,"[1.4780762195587158, 0.9264739751815796, 1.4043817520141602, 11.532156944274902]",3,1,4.878638779741015,True,False
C:\Users\Hamada.MSI\Desktop\Hamada\lab\data\raw\images\Describable Textures Dataset\images\wrinkled\wrinkled_0053.jpg,0.06368670481208102,1,"[3.3761253356933594, 2.626070022583008, 4.149308204650879, 30.882081985473633]",7,4,2.176643645722863,True,False
C:\Users\Hamada.MSI\Desktop\Hamada\lab\data\raw\images\Describable Textures Dataset\images\wrinkled\wrinkled_0057.jpg,0.31186236419606617,4,"[2.6893362998962402, 2.210456371307373, 2.5280115604400635, 65.00993347167969]",,,,False,True
C:\Users\Hamada.MSI\Desktop\Hamada\lab\data\raw\images\Describable Textures Dataset\images\wrinkled\wrinkled_0058.jpg,0.3493178370789265,4,"[10.039584159851074, 8.454935073852539, 8.14082145690918, 18.055301666259766]",,,,False,True
C:\Users\Hamada.MSI\Desktop\Hamada\lab\data\raw\images\Describable Textures Dataset\images\wrinkled\wrinkled_0060.jpg,0.17279860202507574,2,"[9.587836265563965, 8.167057037353516, 6.4838480949401855, 13.118773460388184]",,,,False,False
C:\Users\Hamada.MSI\Desktop\Hamada\lab\data\raw\images\Describable Textures Dataset\images\wrinkled\wrinkled_0062.jpg,0.22024976390205558,2,"[2.788358688354492, 5.635721683502197, 11.224247932434082, 47.54096221923828]",,,,False,False
C:\Users\Hamada.MSI\Desktop\Hamada\lab\data\raw\images\Describable Textures Dataset\images\wrinkled\wrinkled_0063.jpg,0.4345471479150538,5,"[7.750298023223877, 8.841472625732422, 10.239468574523926, 13.409492492675781]",,,,False,True
C:\Users\Hamada.MSI\Desktop\Hamada\lab\data\raw\images\Describable Textures Dataset\images\wrinkled\wrinkled_0065.jpg,0.6073755076375775,5,"[5.945371627807617, 7.428153991699219, 9.260363578796387, 13.278656959533691]",,,,False,True
C:\Users\Hamada.MSI\Desktop\Hamada\lab\data\raw\images\Describable Textures Dataset\images\wrinkled\wrinkled_0072.jpg,0.7470716463958739,5,"[2.099443197250366, 2.1973836421966553, 3.042569875717163, 7.876250743865967]",,,,False,True
C:\Users\Hamada.MSI\Desktop\Hamada\lab\data\raw\images\Describable Textures Dataset\images\wrinkled\wrinkled_0077.jpg,0.39861516525799207,5,"[8.08584976196289, 4.796020984649658, 5.026907920837402, 15.322800636291504]",,,,False,True
C:\Users\Hamada.MSI\Desktop\Hamada\lab\data\raw\images\Describable Textures Dataset\images\wrinkled\wrinkled_0080.jpg,0.045290948901140195,1,"[0.9274626970291138, 0.829735517501831, 1.503232717514038, 10.779068946838379]",3,1,4.603248378604109,True,False
C:\Users\Hamada.MSI\Desktop\Hamada\lab\data\raw\images\Describable Textures Dataset\images\wrinkled\wrinkled_0084.jpg,0.2765970277794902,3,"[8.415514945983887, 8.756564140319824, 10.00417423248291, 14.210237503051758]",,,,False,False
C:\Users\Hamada.MSI\Desktop\Hamada\lab\data\raw\images\Describable Textures Dataset\images\wrinkled\wrinkled_0085.jpg,0.5580209437844686,5,"[11.465423583984375, 11.887164115905762, 11.95456314086914, 13.134631156921387]",,,,False,True
C:\Users\Hamada.MSI\Desktop\Hamada\lab\data\raw\images\Describable Textures Dataset\images\wrinkled\wrinkled_0086.jpg,0.4332492436581425,5,"[8.285466194152832, 8.531238555908203, 8.820586204528809, 9.404687881469727]",,,,False,True
C:\Users\Hamada.MSI\Desktop\Hamada\lab\data\raw\images\Describable Textures Dataset\images\wrinkled\wrinkled_0088.jpg,0.46714189759386404,5,"[5.578460693359375, 6.600122928619385, 7.460468292236328, 8.83052921295166]",,,,False,True
C:\Users\Hamada.MSI\Desktop\Hamada\lab\data\raw\images\Describable Textures Dataset\images\wrinkled\wrinkled_0118.jpg,0.2973453374810646,4,"[2.3484764099121094, 4.328378200531006, 8.449026107788086, 68.21197509765625]",,,,False,True
C:\Users\Hamada.MSI\Desktop\Hamada\lab\data\raw\images\Describable Textures Dataset\images\wrinkled\wrinkled_0129.jpg,0.301913848860808,4,"[16.679853439331055, 10.984307289123535, 7.905019283294678, 11.350666046142578]",,,,False,True
C:\Users\Hamada.MSI\Desktop\Hamada\lab\data\raw\images\Describable Textures Dataset\images\zigzagged\zigzagged_0008.jpg,0.39165872939271423,5,"[15.682416915893555, 12.850176811218262, 26.30539321899414, 36.309906005859375]",,,,False,True
C:\Users\Hamada.MSI\Desktop\Hamada\lab\data\raw\images\Describable Textures Dataset\images\zigzagged\zigzagged_0016.jpg,0.41289776733980144,5,"[19.472055435180664, 16.0352725982666, 20.92847442626953, 15.981305122375488]",,,,False,True
C:\Users\Hamada.MSI\Desktop\Hamada\lab\data\raw\images\Describable Textures Dataset\images\zigzagged\zigzagged_0017.jpg,0.6920223091797921,5,"[5.434693336486816, 6.705352306365967, 6.251891613006592, 6.800481796264648]",,,,False,True
C:\Users\Hamada.MSI\Desktop\Hamada\lab\data\raw\images\Describable Textures Dataset\images\zigzagged\zigzagged_0021.jpg,0.5136461994838076,5,"[12.192654609680176, 14.604578971862793, 15.814916610717773, 28.604145050048828]",,,,False,True
C:\Users\Hamada.MSI\Desktop\Hamada\lab\data\raw\images\Describable Textures Dataset\images\zigzagged\zigzagged_0025.jpg,0.3719567867412224,4,"[27.008281707763672, 10.44219970703125, 10.192137718200684, 12.405884742736816]",,,,False,True
C:\Users\Hamada.MSI\Desktop\Hamada\lab\data\raw\images\Describable Textures Dataset\images\zigzagged\zigzagged_0032.jpg,0.23924632728076423,3,"[30.249757766723633, 10.176008224487305, 8.454034805297852, 9.728954315185547]",,,,False,False
C:\Users\Hamada.MSI\Desktop\Hamada\lab\data\raw\images\Describable Textures Dataset\images\zigzagged\zigzagged_0034.jpg,0.5354367998239354,5,"[5.9534196853637695, 8.17679214477539, 14.751669883728027, 33.26991271972656]",,,,False,True
C:\Users\Hamada.MSI\Desktop\Hamada\lab\data\raw\images\Describable Textures Dataset\images\zigzagged\zigzagged_0042.jpg,0.3619898290748126,4,"[6.848473072052002, 5.772457122802734, 7.408731937408447, 48.41472244262695]",,,,False,True
C:\Users\Hamada.MSI\Desktop\Hamada\lab\data\raw\images\Describable Textures Dataset\images\zigzagged\zigzagged_0062.jpg,0.5992812268202383,5,"[9.999495506286621, 17.22681427001953, 27.574138641357422, 28.149465560913086]",,,,False,True
C:\Users\Hamada.MSI\Desktop\Hamada\lab\data\raw\images\Describable Textures Dataset\images\zigzagged\zigzagged_0063.jpg,0.4961542032385641,5,"[7.5792436599731445, 12.567631721496582, 24.054975509643555, 63.39427185058594]",,,,False,True
C:\Users\Hamada.MSI\Desktop\Hamada\lab\data\raw\images\Describable Textures Dataset\images\zigzagged\zigzagged_0064.jpg,0.5122459641903621,5,"[1.8392748832702637, 2.4876036643981934, 3.5807549953460693, 18.970808029174805]",,,,False,True
C:\Users\Hamada.MSI\Desktop\Hamada\lab\data\raw\images\Describable Textures Dataset\images\zigzagged\zigzagged_0068.jpg,0.4911228042321326,5,"[3.145599365234375, 5.991569995880127, 11.754250526428223, 79.56610870361328]",,,,False,True
C:\Users\Hamada.MSI\Desktop\Hamada\lab\data\raw\images\Describable Textures Dataset\images\zigzagged\zigzagged_0069.jpg,0.590293479058263,5,"[1.9981075525283813, 3.0771448612213135, 5.279942512512207, 37.84638595581055]",,,,False,True
C:\Users\Hamada.MSI\Desktop\Hamada\lab\data\raw\images\Describable Textures Dataset\images\zigzagged\zigzagged_0073.jpg,0.6807406521344991,5,"[2.754850149154663, 3.296696186065674, 5.9914069175720215, 30.031597137451172]",,,,False,True
C:\Users\Hamada.MSI\Desktop\Hamada\lab\data\raw\images\Describable Textures Dataset\images\zigzagged\zigzagged_0090.jpg,0.4992375580769913,5,"[6.869598865509033, 5.602668762207031, 9.414693832397461, 30.197057723999023]",,,,False,True
C:\Users\Hamada.MSI\Desktop\Hamada\lab\data\raw\images\Describable Textures Dataset\images\zigzagged\zigzagged_0094.jpg,0.7727803009456308,5,"[6.104783058166504, 5.901493072509766, 10.791632652282715, 11.05961799621582]",,,,False,True
C:\Users\Hamada.MSI\Desktop\Hamada\lab\data\raw\images\Describable Textures Dataset\images\zigzagged\zigzagged_0114.jpg,0.42939685512779385,5,"[4.217559337615967, 5.932895660400391, 8.306124687194824, 30.184432983398438]",,,,False,True
C:\Users\Hamada.MSI\Desktop\Hamada\lab\data\raw\images\Describable Textures Dataset\images\zigzagged\zigzagged_0121.jpg,0.18738203577193271,2,"[5.687542915344238, 8.1194486618042, 13.640825271606445, 35.2032585144043]",,,,False,False
C:\Users\Hamada.MSI\Desktop\Hamada\lab\data\raw\images\Describable Textures Dataset\images\zigzagged\zigzagged_0125.jpg,0.41072686711243184,5,"[14.903627395629883, 23.004207611083984, 39.949337005615234, 35.46164321899414]",,,,False,True
C:\Users\Hamada.MSI\Desktop\Hamada\lab\data\raw\images\Describable Textures Dataset\images\zigzagged\zigzagged_0130.jpg,0.4539272939853612,5,"[3.9790327548980713, 6.450077533721924, 11.805624961853027, 47.763763427734375]",,,,False,True
C:\Users\Hamada.MSI\Desktop\Hamada\lab\data\raw\images\McGill Calibrated Color Image Database\Textures\Textures\merry_flor0019.tif,0.21011348622476658,2,"[5.828911781311035, 7.229665279388428, 10.267433166503906, 21.613574981689453]",,,,False,False
C:\Users\Hamada.MSI\Desktop\Hamada\lab\data\raw\images\McGill Calibrated Color Image Database\Textures\Textures\merry_italy0171.tif,0.29559859829654855,4,"[8.246822357177734, 3.419771432876587, 2.745516061782837, 36.6829833984375]",,,,False,True
C:\Users\Hamada.MSI\Desktop\Hamada\lab\data\raw\images\McGill Calibrated Color Image Database\Textures\Textures\merry_mexico0067.tif,0.27398185294628274,3,"[9.325175285339355, 6.298009395599365, 5.0400238037109375, 10.093144416809082]",,,,False,False
C:\Users\Hamada.MSI\Desktop\Hamada\lab\data\raw\images\McGill Calibrated Color Image Database\Textures\Textures\merry_mexico0118.tif,0.14599158682189572,2,"[12.01824951171875, 10.085105895996094, 8.617748260498047, 24.741487503051758]",,,,False,False
C:\Users\Hamada.MSI\Desktop\Hamada\lab\data\raw\images\McGill Calibrated Color Image Database\Textures\Textures\merry_mexico0121.tif,0.13611491028027256,1,"[7.545132160186768, 7.71260929107666, 7.906570911407471, 25.47071647644043]",1,6,2.723075877470951,True,False
C:\Users\Hamada.MSI\Desktop\Hamada\lab\data\raw\images\McGill Calibrated Color Image Database\Textures\Textures\merry_mexico0122.tif,0.2507637865199863,3,"[15.297112464904785, 12.375791549682617, 9.154848098754883, 10.945798873901367]",,,,False,False
C:\Users\Hamada.MSI\Desktop\Hamada\lab\data\raw\images\McGill Calibrated Color Image Database\Textures\Textures\merry_mexico0123.tif,0.26980293905407765,3,"[6.4520263671875, 5.3642144203186035, 5.712560653686523, 41.08025360107422]",,,,False,False
C:\Users\Hamada.MSI\Desktop\Hamada\lab\data\raw\images\McGill Calibrated Color Image Database\Textures\Textures\merry_mexico0140.tif,0.2043486029016551,2,"[13.924261093139648, 7.877543926239014, 6.057224750518799, 23.979015350341797]",,,,False,False
C:\Users\Hamada.MSI\Desktop\Hamada\lab\data\raw\images\McGill Calibrated Color Image Database\Textures\Textures\merry_mexico0154.tif,0.16586383141068772,2,"[9.659346580505371, 8.27238941192627, 6.624996185302734, 51.48738479614258]",,,,False,False
C:\Users\Hamada.MSI\Desktop\Hamada\lab\data\raw\images\McGill Calibrated Color Image Database\Textures\Textures\merry_mexico0219.tif,0.18242522937867167,2,"[2.666187047958374, 1.1071289777755737, 0.8540928959846497, 10.575807571411133]",,,,False,False
C:\Users\Hamada.MSI\Desktop\Hamada\lab\data\raw\images\McGill Calibrated Color Image Database\Textures\Textures\merry_mtl07_001.tif,0.255431448234964,3,"[4.876453399658203, 3.169609308242798, 2.4857537746429443, 5.287338733673096]",,,,False,False
C:\Users\Hamada.MSI\Desktop\Hamada\lab\data\raw\images\McGill Calibrated Color Image Database\Textures\Textures\merry_mtl07_003.tif,0.22006388472179483,2,"[4.220631122589111, 4.514615535736084, 3.1852023601531982, 4.785824298858643]",,,,False,False
C:\Users\Hamada.MSI\Desktop\Hamada\lab\data\raw\images\McGill Calibrated Color Image Database\Textures\Textures\merry_mtl07_005.tif,0.00414150245979611,1,"[2.9572858810424805, 2.4964544773101807, 1.90511155128479, 1.778277039527893]",3,1,6.044819593672691,True,False
C:\Users\Hamada.MSI\Desktop\Hamada\lab\data\raw\images\McGill Calibrated Color Image Database\Textures\Textures\merry_mtl07_008.tif,0.12993952054127816,1,"[4.512421607971191, 4.94208288192749, 6.229568004608154, 28.578243255615234]",7,4,2.7382749546781553,True,False
C:\Users\Hamada.MSI\Desktop\Hamada\lab\data\raw\images\McGill Calibrated Color Image Database\Textures\Textures\merry_mtl07_009.tif,0.2128940153401693,2,"[4.753865718841553, 6.414233684539795, 7.607662677764893, 11.361717224121094]",,,,False,False
C:\Users\Hamada.MSI\Desktop\Hamada\lab\data\raw\images\McGill Calibrated Color Image Database\Textures\Textures\merry_mtl07_012.tif,0.2788426073110781,4,"[10.219409942626953, 6.268075466156006, 5.285864353179932, 20.049270629882812]",,,,False,True
C:\Users\Hamada.MSI\Desktop\Hamada\lab\data\raw\images\McGill Calibrated Color Image Database\Textures\Textures\merry_mtl07_019.tif,0.23899506603251422,3,"[9.770270347595215, 6.600065231323242, 4.758328914642334, 5.428438663482666]",,,,False,False
C:\Users\Hamada.MSI\Desktop\Hamada\lab\data\raw\images\McGill Calibrated Color Image Database\Textures\Textures\merry_mtl07_021.tif,0.2024742946062624,2,"[10.38956069946289, 7.293914794921875, 5.656966209411621, 6.794509410858154]",,,,False,False
C:\Users\Hamada.MSI\Desktop\Hamada\lab\data\raw\images\McGill Calibrated Color Image Database\Textures\Textures\merry_mtl07_022.tif,0.22296620518904967,2,"[4.989986896514893, 6.240170001983643, 6.228306293487549, 22.79066276550293]",,,,False,False
C:\Users\Hamada.MSI\Desktop\Hamada\lab\data\raw\images\McGill Calibrated Color Image Database\Textures\Textures\merry_mtl07_023.tif,0.2764514160919657,3,"[13.013450622558594, 13.880805015563965, 17.04889488220215, 40.61937713623047]",,,,False,False
C:\Users\Hamada.MSI\Desktop\Hamada\lab\data\raw\images\McGill Calibrated Color Image Database\Textures\Textures\merry_mtl07_025.tif,0.1834406588683434,2,"[16.04759979248047, 12.644346237182617, 13.313912391662598, 47.35086441040039]",,,,False,False
C:\Users\Hamada.MSI\Desktop\Hamada\lab\data\raw\images\McGill Calibrated Color Image Database\Textures\Textures\merry_mtl07_033.tif,0.25786329827431126,3,"[23.81107521057129, 17.193523406982422, 14.738808631896973, 11.79832649230957]",,,,False,False
C:\Users\Hamada.MSI\Desktop\Hamada\lab\data\raw\images\McGill Calibrated Color Image Database\Textures\Textures\merry_mtl07_034.tif,0.20070750366611687,2,"[3.9716761112213135, 3.870887517929077, 4.611186504364014, 25.55521583557129]",,,,False,False
C:\Users\Hamada.MSI\Desktop\Hamada\lab\data\raw\images\McGill Calibrated Color Image Database\Textures\Textures\merry_mtl07_037.tif,0.23184594636049383,3,"[20.513029098510742, 17.96179962158203, 13.760857582092285, 10.444659233093262]",,,,False,False
C:\Users\Hamada.MSI\Desktop\Hamada\lab\data\raw\images\McGill Calibrated Color Image Database\Textures\Textures\merry_mtl07_041.tif,0.2068088493751377,2,"[12.512139320373535, 7.040738582611084, 5.951873779296875, 10.466191291809082]",,,,False,False
C:\Users\Hamada.MSI\Desktop\Hamada\lab\data\raw\images\McGill Calibrated Color Image Database\Textures\Textures\merry_mtl07_053.tif,0.24361462929846772,3,"[20.120479583740234, 12.182978630065918, 9.057122230529785, 32.747013092041016]",,,,False,False
C:\Users\Hamada.MSI\Desktop\Hamada\lab\data\raw\images\McGill Calibrated Color Image Database\Textures\Textures\merry_win07_009.tif,0.22309000379606592,2,"[1.78140127658844, 0.9123574495315552, 1.1313797235488892, 11.345871925354004]",,,,False,False
C:\Users\Hamada.MSI\Desktop\Hamada\lab\data\raw\images\McGill Calibrated Color Image Database\Textures\Textures\merry_win07_012.tif,0.22633276755197945,3,"[8.242873191833496, 4.632543563842773, 3.260502338409424, 5.527364253997803]",,,,False,False
C:\Users\Hamada.MSI\Desktop\Hamada\lab\data\raw\images\McGill Calibrated Color Image Database\Textures\Textures\pippin0063.tif,0.2815798321168921,4,"[11.334492683410645, 8.720760345458984, 8.007387161254883, 15.73176383972168]",,,,False,True
C:\Users\Hamada.MSI\Desktop\Hamada\lab\data\raw\images\McGill Calibrated Color Image Database\Textures\Textures\pippin0178.tif,0.38926698784543834,5,"[4.856189727783203, 2.331902503967285, 1.6621500253677368, 18.484132766723633]",,,,False,True
C:\Users\Hamada.MSI\Desktop\Hamada\lab\data\raw\images\McGill Calibrated Color Image Database\Textures\Textures\pippin0223.tif,0.2464150217232054,3,"[7.803289413452148, 6.5335259437561035, 11.947077751159668, 19.75985336303711]",,,,False,False
C:\Users\Hamada.MSI\Desktop\Hamada\lab\data\raw\images\McGill Calibrated Color Image Database\Textures\Textures\pippin0224.tif,0.3256687332567499,4,"[8.334237098693848, 6.331523418426514, 11.440987586975098, 17.688377380371094]",,,,False,True
C:\Users\Hamada.MSI\Desktop\Hamada\lab\data\raw\images\McGill Calibrated Color Image Database\Textures\Textures\pippin0225.tif,0.2800591522959636,4,"[8.26210880279541, 5.772900581359863, 10.384035110473633, 18.23596954345703]",,,,False,True
C:\Users\Hamada.MSI\Desktop\Hamada\lab\data\raw\images\McGill Calibrated Color Image Database\Textures\Textures\pippin0226.tif,0.2668915012353872,3,"[8.334403038024902, 6.072298049926758, 11.290434837341309, 11.08731460571289]",,,,False,False
C:\Users\Hamada.MSI\Desktop\Hamada\lab\data\raw\images\McGill Calibrated Color Image Database\Textures\Textures\pippin0275.tif,0.20233568732532461,2,"[8.10771656036377, 5.86957311630249, 5.784395694732666, 28.391313552856445]",,,,False,False
C:\Users\Hamada.MSI\Desktop\Hamada\lab\data\raw\images\McGill Calibrated Color Image Database\Textures\Textures\pippin_adirondacks0013.tif,0.23617425713312842,3,"[14.234814643859863, 10.778596878051758, 10.84445571899414, 44.78792190551758]",,,,False,False
C:\Users\Hamada.MSI\Desktop\Hamada\lab\data\raw\images\McGill Calibrated Color Image Database\Textures\Textures\pippin_adirondacks0025.tif,0.17764160954944053,2,"[8.676485061645508, 9.592784881591797, 11.281767845153809, 30.567781448364258]",,,,False,False
C:\Users\Hamada.MSI\Desktop\Hamada\lab\data\raw\images\McGill Calibrated Color Image Database\Textures\Textures\pippin_Biodome030.tif,0.25259155876022166,3,"[7.258605003356934, 6.158584117889404, 4.065298080444336, 8.584474563598633]",,,,False,False
C:\Users\Hamada.MSI\Desktop\Hamada\lab\data\raw\images\McGill Calibrated Color Image Database\Textures\Textures\pippin_Biodome044.tif,0.23900799299270228,3,"[8.95392894744873, 8.117528915405273, 8.630437850952148, 14.911252975463867]",,,,False,False
C:\Users\Hamada.MSI\Desktop\Hamada\lab\data\raw\images\McGill Calibrated Color Image Database\Textures\Textures\pippin_jtalon0015.tif,0.3902098629696487,5,"[4.5198798179626465, 3.0118861198425293, 2.8332934379577637, 8.66977310180664]",,,,False,True
C:\Users\Hamada.MSI\Desktop\Hamada\lab\data\raw\images\McGill Calibrated Color Image Database\Textures\Textures\pippin_jtalon0016.tif,0.22320601805096033,2,"[6.5561065673828125, 6.123484134674072, 6.062435626983643, 14.186884880065918]",,,,False,False
C:\Users\Hamada.MSI\Desktop\Hamada\lab\data\raw\images\McGill Calibrated Color Image Database\Textures\Textures\pippin_jtalon0022.tif,0.22351050853638513,3,"[6.506952285766602, 6.10218620300293, 4.959624767303467, 6.351293087005615]",,,,False,False
C:\Users\Hamada.MSI\Desktop\Hamada\lab\data\raw\images\McGill Calibrated Color Image Database\Textures\Textures\pippin_jtalon0032.tif,0.30551047016646893,4,"[5.951572418212891, 4.478015422821045, 3.2771260738372803, 20.731910705566406]",,,,False,True
C:\Users\Hamada.MSI\Desktop\Hamada\lab\data\raw\images\McGill Calibrated Color Image Database\Textures\Textures\pippin_Mex07_011.tif,0.0486039752413009,1,"[4.530890941619873, 4.094970703125, 5.618281841278076, 15.909552574157715]",5,3,2.8009327628216356,True,False
C:\Users\Hamada.MSI\Desktop\Hamada\lab\data\raw\images\McGill Calibrated Color Image Database\Textures\Textures\pippin_ParcSafari005.tif,0.22733339372177805,3,"[6.103071212768555, 3.4736807346343994, 4.320929527282715, 61.75269317626953]",,,,False,False
C:\Users\Hamada.MSI\Desktop\Hamada\lab\data\raw\images\McGill Calibrated Color Image Database\Textures\Textures\pippin_ParcSafari048.tif,0.23436931547940834,3,"[7.622961044311523, 5.126745223999023, 6.166263103485107, 20.994640350341797]",,,,False,False
C:\Users\Hamada.MSI\Desktop\Hamada\lab\data\raw\images\McGill Calibrated Color Image Database\Textures\Textures\pippin_ParcSafari050.tif,0.20165228711810632,2,"[14.930938720703125, 8.779367446899414, 6.3497538566589355, 23.202232360839844]",,,,False,False
C:\Users\Hamada.MSI\Desktop\Hamada\lab\data\raw\images\McGill Calibrated Color Image Database\Textures\Textures\pippin_park0010.tif,0.24541723903410023,3,"[7.6305928230285645, 8.74840259552002, 10.086359977722168, 20.468961715698242]",,,,False,False
C:\Users\Hamada.MSI\Desktop\Hamada\lab\data\raw\images\McGill Calibrated Color Image Database\Textures\Textures\pippin_park0019.tif,0.22211861430096883,2,"[11.265448570251465, 11.887152671813965, 12.143807411193848, 13.000166893005371]",,,,False,False
C:\Users\Hamada.MSI\Desktop\Hamada\lab\data\raw\images\McGill Calibrated Color Image Database\Textures\Textures\pippin_park0035.tif,0.05820117361531873,1,"[8.39029312133789, 10.705921173095703, 10.417593955993652, 11.398408889770508]",8,5,3.867803256289169,True,False
C:\Users\Hamada.MSI\Desktop\Hamada\lab\data\raw\images\McGill Calibrated Color Image Database\Textures\Textures\pippin_park0037.tif,0.27345781902297733,3,"[11.670638084411621, 8.648795127868652, 8.768577575683594, 26.949478149414062]",,,,False,False
C:\Users\Hamada.MSI\Desktop\Hamada\lab\data\raw\images\McGill Calibrated Color Image Database\Textures\Textures\pippin_park0038.tif,0.2312246263180965,3,"[17.15193748474121, 18.934110641479492, 6.397512912750244, 5.8468194007873535]",,,,False,False
C:\Users\Hamada.MSI\Desktop\Hamada\lab\data\raw\images\McGill Calibrated Color Image Database\Textures\Textures\pippin_park0039.tif,0.2117926723527605,2,"[10.564416885375977, 9.857060432434082, 10.334254264831543, 13.2357177734375]",,,,False,False
C:\Users\Hamada.MSI\Desktop\Hamada\lab\data\raw\images\McGill Calibrated Color Image Database\Textures\Textures\pippin_park0040.tif,0.2666440720234017,3,"[6.735180854797363, 5.808978080749512, 5.99764347076416, 14.781622886657715]",,,,False,False
C:\Users\Hamada.MSI\Desktop\Hamada\lab\data\raw\images\McGill Calibrated Color Image Database\Textures\Textures\pippin_park0042.tif,0.296572258716867,4,"[5.392996311187744, 4.746099472045898, 4.563957214355469, 6.713236331939697]",,,,False,True
C:\Users\Hamada.MSI\Desktop\Hamada\lab\data\raw\images\McGill Calibrated Color Image Database\Textures\Textures\pippin_park0043.tif,0.23342342847389302,3,"[11.937556266784668, 8.263559341430664, 7.175159931182861, 9.656187057495117]",,,,False,False
C:\Users\Hamada.MSI\Desktop\Hamada\lab\data\raw\images\McGill Calibrated Color Image Database\Textures\Textures\pippin_park0044.tif,0.2100563008655652,2,"[2.427748680114746, 3.752833127975464, 8.945228576660156, 64.59371948242188]",,,,False,False
C:\Users\Hamada.MSI\Desktop\Hamada\lab\data\raw\images\McGill Calibrated Color Image Database\Textures\Textures\pippin_park0047.tif,0.22585607715913592,3,"[4.851918697357178, 5.278987407684326, 6.280575275421143, 25.229415893554688]",,,,False,False
C:\Users\Hamada.MSI\Desktop\Hamada\lab\data\raw\images\McGill Calibrated Color Image Database\Textures\Textures\pippin_park0048.tif,0.24742193879779006,3,"[19.38526725769043, 17.659767150878906, 15.012548446655273, 21.613813400268555]",,,,False,False
C:\Users\Hamada.MSI\Desktop\Hamada\lab\data\raw\images\McGill Calibrated Color Image Database\Textures\Textures\pippin_park0049.tif,0.24998193533213425,3,"[12.288257598876953, 10.140494346618652, 9.70848274230957, 31.098493576049805]",,,,False,False
C:\Users\Hamada.MSI\Desktop\Hamada\lab\data\raw\images\McGill Calibrated Color Image Database\Textures\Textures\pippin_park0050.tif,0.2826636917256564,4,"[5.90443229675293, 3.750378370285034, 3.10976505279541, 11.082880973815918]",,,,False,True
C:\Users\Hamada.MSI\Desktop\Hamada\lab\data\raw\images\McGill Calibrated Color Image Database\Textures\Textures\pippin_park0051.tif,0.20818177438448712,2,"[12.810168266296387, 10.999835014343262, 11.116901397705078, 21.478382110595703]",,,,False,False
C:\Users\Hamada.MSI\Desktop\Hamada\lab\data\raw\images\McGill Calibrated Color Image Database\Textures\Textures\pippin_park0052.tif,0.22656109798854177,3,"[16.32192611694336, 10.619696617126465, 8.257303237915039, 15.124195098876953]",,,,False,False
C:\Users\Hamada.MSI\Desktop\Hamada\lab\data\raw\images\McGill Calibrated Color Image Database\Textures\Textures\pippin_park0054.tif,0.26241809008595635,3,"[4.1202569007873535, 4.328867435455322, 5.739779949188232, 35.55408477783203]",,,,False,False
C:\Users\Hamada.MSI\Desktop\Hamada\lab\data\raw\images\McGill Calibrated Color Image Database\Textures\Textures\pippin_park0055.tif,0.24549415049201034,3,"[3.35990571975708, 4.371760845184326, 6.066267013549805, 14.786439895629883]",,,,False,False
C:\Users\Hamada.MSI\Desktop\Hamada\lab\data\raw\images\McGill Calibrated Color Image Database\Textures\Textures\pippin_park0058.tif,0.2881275726920891,4,"[7.319574356079102, 8.608874320983887, 15.846925735473633, 44.51492691040039]",,,,False,True
C:\Users\Hamada.MSI\Desktop\Hamada\lab\data\raw\images\McGill Calibrated Color Image Database\Textures\Textures\pippin_park0059.tif,0.29435380301587516,4,"[3.623366355895996, 5.317927837371826, 9.281517028808594, 56.56477737426758]",,,,False,True
C:\Users\Hamada.MSI\Desktop\Hamada\lab\data\raw\images\McGill Calibrated Color Image Database\Textures\Textures\pippin_park0060.tif,0.23138324316088135,3,"[14.919078826904297, 11.38226318359375, 9.32736873626709, 12.780305862426758]",,,,False,False
C:\Users\Hamada.MSI\Desktop\Hamada\lab\data\raw\images\McGill Calibrated Color Image Database\Textures\Textures\pippin_Peel013.tif,0.23342893618889007,3,"[10.618602752685547, 11.336517333984375, 11.552299499511719, 27.276439666748047]",,,,False,False
C:\Users\Hamada.MSI\Desktop\Hamada\lab\data\raw\images\McGill Calibrated Color Image Database\Textures\Textures\pippin_Peel018.tif,0.38214207547706247,4,"[5.460611820220947, 4.277266979217529, 4.075682640075684, 8.639158248901367]",,,,False,True
C:\Users\Hamada.MSI\Desktop\Hamada\lab\data\raw\images\McGill Calibrated Color Image Database\Textures\Textures\pippin_Peel037.tif,0.3845234533850886,4,"[19.913022994995117, 12.57985782623291, 11.173924446105957, 30.852479934692383]",,,,False,True
C:\Users\Hamada.MSI\Desktop\Hamada\lab\data\raw\images\McGill Calibrated Color Image Database\Textures\Textures\pippin_Peel043.tif,0.22357550353395955,3,"[7.470091819763184, 4.173360347747803, 4.613626480102539, 69.2586898803711]",,,,False,False
C:\Users\Hamada.MSI\Desktop\Hamada\lab\data\raw\images\McGill Calibrated Color Image Database\Textures\Textures\pippin_Peel065.tif,0.2514714299318407,3,"[10.300309181213379, 8.048263549804688, 9.34975814819336, 20.766393661499023]",,,,False,False
C:\Users\Hamada.MSI\Desktop\Hamada\lab\data\raw\images\McGill Calibrated Color Image Database\Textures\Textures\pippin_Peel069.tif,0.32321939523020604,4,"[7.0590691566467285, 4.792008399963379, 4.84791374206543, 16.189157485961914]",,,,False,True
C:\Users\Hamada.MSI\Desktop\Hamada\lab\data\raw\images\McGill Calibrated Color Image Database\Textures\Textures\pippin_Peel071.tif,0.2754197230827806,3,"[18.442049026489258, 17.676145553588867, 16.746156692504883, 15.339447975158691]",,,,False,False
C:\Users\Hamada.MSI\Desktop\Hamada\lab\data\raw\images\McGill Calibrated Color Image Database\Textures\Textures\pippin_Peel095.tif,0.28779521450800066,4,"[7.357009410858154, 6.916158199310303, 6.747852802276611, 11.626197814941406]",,,,False,True
C:\Users\Hamada.MSI\Desktop\Hamada\lab\data\raw\images\McGill Calibrated Color Image Database\Textures\Textures\pippin_Peel096.tif,0.28953923170119805,4,"[10.694230079650879, 7.006711006164551, 8.611262321472168, 21.392578125]",,,,False,True
C:\Users\Hamada.MSI\Desktop\Hamada\lab\data\raw\images\McGill Calibrated Color Image Database\Textures\Textures\pippin_Peel097.tif,0.2043216432626363,2,"[4.1025614738464355, 2.538544178009033, 3.193305015563965, 6.707101345062256]",,,,False,False
C:\Users\Hamada.MSI\Desktop\Hamada\lab\data\raw\images\McGill Calibrated Color Image Database\Textures\Textures\pippin_Peel109.tif,0.35710098147658614,4,"[9.437971115112305, 4.942295551300049, 4.4297308921813965, 36.29104995727539]",,,,False,True
C:\Users\Hamada.MSI\Desktop\Hamada\lab\data\raw\images\McGill Calibrated Color Image Database\Textures\Textures\pippin_RS_YachtClub006.tif,0.22433431819365057,3,"[10.786768913269043, 11.593993186950684, 12.034271240234375, 20.968809127807617]",,,,False,False
C:\Users\Hamada.MSI\Desktop\Hamada\lab\data\raw\images\McGill Calibrated Color Image Database\Textures\Textures\pippin_RS_YachtClub007.tif,0.3558654565397487,4,"[7.041131496429443, 5.965545654296875, 5.173788547515869, 14.785653114318848]",,,,False,True
C:\Users\Hamada.MSI\Desktop\Hamada\lab\data\raw\images\McGill Calibrated Color Image Database\Textures\Textures\pippin_RS_YachtClub016.tif,0.39059025307852613,5,"[10.870366096496582, 10.516674041748047, 10.379186630249023, 12.20744514465332]",,,,False,True
C:\Users\Hamada.MSI\Desktop\Hamada\lab\data\raw\images\McGill Calibrated Color Image Database\Textures\Textures\pippin_RS_YachtClub019.tif,0.2289674018735146,3,"[6.529521942138672, 7.865495681762695, 7.9512457847595215, 17.03602409362793]",,,,False,False
C:\Users\Hamada.MSI\Desktop\Hamada\lab\data\raw\images\McGill Calibrated Color Image Database\Textures\Textures\pippin_RS_YachtClub023.tif,0.23343361070230365,3,"[6.389786243438721, 6.164948463439941, 6.723809242248535, 12.94532585144043]",,,,False,False
C:\Users\Hamada.MSI\Desktop\Hamada\lab\data\raw\images\McGill Calibrated Color Image Database\Textures\Textures\pippin_RS_YachtClub026.tif,0.23051148156036738,3,"[7.505313396453857, 5.478422164916992, 5.7059502601623535, 16.286623001098633]",,,,False,False
C:\Users\Hamada.MSI\Desktop\Hamada\lab\data\raw\images\McGill Calibrated Color Image Database\Textures\Textures\pippin_RS_YachtClub030.tif,0.380399155222523,4,"[6.462124347686768, 6.035097599029541, 5.455888748168945, 15.670310974121094]",,,,False,True
C:\Users\Hamada.MSI\Desktop\Hamada\lab\data\raw\images\McGill Calibrated Color Image Database\Textures\Textures\pippin_RS_YachtClub047.tif,0.34209411632691994,4,"[6.375058174133301, 7.637042045593262, 8.631000518798828, 17.44890594482422]",,,,False,True
C:\Users\Hamada.MSI\Desktop\Hamada\lab\data\raw\images\McGill Calibrated Color Image Database\Textures\Textures\pippin_RS_YachtClub055.tif,0.24015830028916685,3,"[9.231311798095703, 8.633265495300293, 8.99930477142334, 15.186619758605957]",,,,False,False
C:\Users\Hamada.MSI\Desktop\Hamada\lab\data\raw\images\McGill Calibrated Color Image Database\Textures\Textures\pippin_RVHtexture001.tif,0.2174129415586173,2,"[19.169301986694336, 14.852396965026855, 16.140291213989258, 48.822845458984375]",,,,False,False
C:\Users\Hamada.MSI\Desktop\Hamada\lab\data\raw\images\McGill Calibrated Color Image Database\Textures\Textures\pippin_RVHtexture002.tif,0.29892649584971887,4,"[8.592414855957031, 4.527836799621582, 3.039388656616211, 8.499388694763184]",,,,False,True
C:\Users\Hamada.MSI\Desktop\Hamada\lab\data\raw\images\McGill Calibrated Color Image Database\Textures\Textures\pippin_RVHtexture003.tif,0.2242721474882172,3,"[14.938499450683594, 7.699361324310303, 4.588662147521973, 14.110444068908691]",,,,False,False
C:\Users\Hamada.MSI\Desktop\Hamada\lab\data\raw\images\McGill Calibrated Color Image Database\Textures\Textures\pippin_RVHtexture004.tif,0.21875019051263805,2,"[24.84185028076172, 20.527673721313477, 17.60367774963379, 26.54888153076172]",,,,False,False
C:\Users\Hamada.MSI\Desktop\Hamada\lab\data\raw\images\McGill Calibrated Color Image Database\Textures\Textures\pippin_RVHtexture005.tif,0.23949185347216317,3,"[13.29612922668457, 16.053550720214844, 17.10405731201172, 21.783327102661133]",,,,False,False
C:\Users\Hamada.MSI\Desktop\Hamada\lab\data\raw\images\McGill Calibrated Color Image Database\Textures\Textures\pippin_RVHtexture006.tif,0.2723411394414479,3,"[22.848953247070312, 13.37024974822998, 10.800063133239746, 16.07955551147461]",,,,False,False
C:\Users\Hamada.MSI\Desktop\Hamada\lab\data\raw\images\McGill Calibrated Color Image Database\Textures\Textures\pippin_RVHtexture007.tif,0.24730734159696338,3,"[18.04439926147461, 11.061150550842285, 7.727726459503174, 6.723227500915527]",,,,False,False
C:\Users\Hamada.MSI\Desktop\Hamada\lab\data\raw\images\McGill Calibrated Color Image Database\Textures\Textures\pippin_RVHtexture008.tif,0.23591903864924502,3,"[11.725133895874023, 6.396371364593506, 5.175839424133301, 12.943156242370605]",,,,False,False
C:\Users\Hamada.MSI\Desktop\Hamada\lab\data\raw\images\McGill Calibrated Color Image Database\Textures\Textures\pippin_RVHtexture009.tif,0.24162786181661342,3,"[13.945554733276367, 7.3297953605651855, 6.5467047691345215, 9.966346740722656]",,,,False,False
C:\Users\Hamada.MSI\Desktop\Hamada\lab\data\raw\images\McGill Calibrated Color Image Database\Textures\Textures\pippin_RVHtexture010.tif,0.2445257912956101,3,"[24.596729278564453, 11.861828804016113, 7.2988057136535645, 6.98350715637207]",,,,False,False
C:\Users\Hamada.MSI\Desktop\Hamada\lab\data\raw\images\McGill Calibrated Color Image Database\Textures\Textures\pippin_RVHtexture011.tif,0.38264906918592534,4,"[5.915326118469238, 3.7831268310546875, 3.284014940261841, 5.611676216125488]",,,,False,True
C:\Users\Hamada.MSI\Desktop\Hamada\lab\data\raw\images\McGill Calibrated Color Image Database\Textures\Textures\pippin_RVHtexture012.tif,0.2717496221524032,3,"[5.175610065460205, 4.374739646911621, 4.338147163391113, 13.047019004821777]",,,,False,False
C:\Users\Hamada.MSI\Desktop\Hamada\lab\data\raw\images\McGill Calibrated Color Image Database\Textures\Textures\pippin_RVHtexture013.tif,0.23906493430460826,3,"[6.923294544219971, 4.642722129821777, 3.714607000350952, 7.027425289154053]",,,,False,False
C:\Users\Hamada.MSI\Desktop\Hamada\lab\data\raw\images\McGill Calibrated Color Image Database\Textures\Textures\pippin_RVHtexture014.tif,0.3319534680975373,4,"[21.01074981689453, 18.94034194946289, 17.228425979614258, 29.654699325561523]",,,,False,True
C:\Users\Hamada.MSI\Desktop\Hamada\lab\data\raw\images\McGill Calibrated Color Image Database\Textures\Textures\pippin_RVHtexture015.tif,0.3939098134828115,5,"[8.541437149047852, 4.128299236297607, 3.394310235977173, 9.028057098388672]",,,,False,True
C:\Users\Hamada.MSI\Desktop\Hamada\lab\data\raw\images\McGill Calibrated Color Image Database\Textures\Textures\pippin_RVHtexture016.tif,0.22588311344916182,3,"[6.107921600341797, 7.033999919891357, 8.801085472106934, 38.79684829711914]",,,,False,False
C:\Users\Hamada.MSI\Desktop\Hamada\lab\data\raw\images\McGill Calibrated Color Image Database\Textures\Textures\pippin_RVHtexture017.tif,0.3594674957143996,4,"[13.917503356933594, 6.387258052825928, 4.559855937957764, 5.260630130767822]",,,,False,True
C:\Users\Hamada.MSI\Desktop\Hamada\lab\data\raw\images\McGill Calibrated Color Image Database\Textures\Textures\pippin_RVHtexture018.tif,0.34506355896558705,4,"[21.50616455078125, 11.038114547729492, 8.082528114318848, 8.263192176818848]",,,,False,True
C:\Users\Hamada.MSI\Desktop\Hamada\lab\data\raw\images\McGill Calibrated Color Image Database\Textures\Textures\pippin_RVHtexture019.tif,0.25129361176729265,3,"[28.033479690551758, 20.244869232177734, 17.330322265625, 18.499530792236328]",,,,False,False
C:\Users\Hamada.MSI\Desktop\Hamada\lab\data\raw\images\McGill Calibrated Color Image Database\Textures\Textures\pippin_RVHtexture020.tif,0.3087934378723572,4,"[19.008237838745117, 10.65950870513916, 6.712174415588379, 5.447552680969238]",,,,False,True
C:\Users\Hamada.MSI\Desktop\Hamada\lab\data\raw\images\McGill Calibrated Color Image Database\Textures\Textures\pippin_RVHtexture021.tif,0.2926551903796374,4,"[24.740535736083984, 12.340973854064941, 7.911586284637451, 7.225327014923096]",,,,False,True
C:\Users\Hamada.MSI\Desktop\Hamada\lab\data\raw\images\McGill Calibrated Color Image Database\Textures\Textures\pippin_RVHtexture022.tif,0.3369830355754605,4,"[8.709260940551758, 4.917158126831055, 3.380366325378418, 13.003693580627441]",,,,False,True
C:\Users\Hamada.MSI\Desktop\Hamada\lab\data\raw\images\McGill Calibrated Color Image Database\Textures\Textures\pippin_RVHtexture023.tif,0.18708788630866793,2,"[10.622612953186035, 8.511570930480957, 7.96504020690918, 24.449386596679688]",,,,False,False
C:\Users\Hamada.MSI\Desktop\Hamada\lab\data\raw\images\McGill Calibrated Color Image Database\Textures\Textures\pippin_RVHtexture024.tif,0.21955879454685354,2,"[20.961801528930664, 17.625438690185547, 17.97184181213379, 25.280359268188477]",,,,False,False
C:\Users\Hamada.MSI\Desktop\Hamada\lab\data\raw\images\McGill Calibrated Color Image Database\Textures\Textures\pippin_RVHtexture025.tif,0.20874434294212313,2,"[22.641813278198242, 22.725698471069336, 24.684831619262695, 33.74544143676758]",,,,False,False
C:\Users\Hamada.MSI\Desktop\Hamada\lab\data\raw\images\McGill Calibrated Color Image Database\Textures\Textures\pippin_RVHtexture026.tif,0.23523034219247563,3,"[8.860637664794922, 9.56856918334961, 10.112883567810059, 11.987471580505371]",,,,False,False
C:\Users\Hamada.MSI\Desktop\Hamada\lab\data\raw\images\McGill Calibrated Color Image Database\Textures\Textures\pippin_spring0003.tif,0.2610465058304958,3,"[8.383458137512207, 6.339812755584717, 5.50455904006958, 10.649864196777344]",,,,False,False
C:\Users\Hamada.MSI\Desktop\Hamada\lab\data\raw\images\McGill Calibrated Color Image Database\Textures\Textures\pippin_spring0006.tif,0.2394735162988291,3,"[11.614748001098633, 7.822690486907959, 6.802362442016602, 27.128114700317383]",,,,False,False
C:\Users\Hamada.MSI\Desktop\Hamada\lab\data\raw\images\McGill Calibrated Color Image Database\Textures\Textures\pippin_UniStrt005.tif,0.23355898021229318,3,"[6.7233805656433105, 7.800807476043701, 8.424660682678223, 16.189125061035156]",,,,False,False
C:\Users\Hamada.MSI\Desktop\Hamada\lab\data\raw\images\McGill Calibrated Color Image Database\Textures\Textures\pippin_UniStrt010.tif,0.23352937639666407,3,"[6.016496658325195, 8.543824195861816, 7.777060031890869, 6.67484712600708]",,,,False,False
C:\Users\Hamada.MSI\Desktop\Hamada\lab\data\raw\images\McGill Calibrated Color Image Database\Textures\Textures\pippin_UniStrt012.tif,0.31880225999432005,4,"[2.049604892730713, 1.3507546186447144, 1.7430860996246338, 68.3119125366211]",,,,False,True
C:\Users\Hamada.MSI\Desktop\Hamada\lab\data\raw\images\McGill Calibrated Color Image Database\Textures\Textures\pippin_UniStrt013.tif,0.2626554796057352,3,"[4.00105094909668, 3.65612530708313, 5.4424309730529785, 77.12339782714844]",,,,False,False
C:\Users\Hamada.MSI\Desktop\Hamada\lab\data\raw\images\McGill Calibrated Color Image Database\Textures\Textures\pippin_UniStrt020.tif,0.22276244646077928,2,"[6.550859451293945, 6.372239112854004, 9.241988182067871, 29.01499366760254]",,,,False,False
C:\Users\Hamada.MSI\Desktop\Hamada\lab\data\raw\images\McGill Calibrated Color Image Database\Textures\Textures\pippin_UniStrt021.tif,0.2557580199812196,3,"[12.459454536437988, 9.856429100036621, 9.8609619140625, 44.056396484375]",,,,False,False
C:\Users\Hamada.MSI\Desktop\Hamada\lab\data\raw\images\McGill Calibrated Color Image Database\Textures\Textures\pippin_UniStrt022.tif,0.4018388202806242,5,"[3.2221155166625977, 2.2962327003479004, 2.0259954929351807, 6.102956295013428]",,,,False,True
C:\Users\Hamada.MSI\Desktop\Hamada\lab\data\raw\images\McGill Calibrated Color Image Database\Textures\Textures\pippin_UniStrt024.tif,0.19748402683965785,2,"[5.106375694274902, 8.398589134216309, 14.879149436950684, 47.060672760009766]",,,,False,False
C:\Users\Hamada.MSI\Desktop\Hamada\lab\data\raw\images\McGill Calibrated Color Image Database\Textures\Textures\pippin_UniStrt028.tif,0.2318611028945281,3,"[10.70853042602539, 8.282585144042969, 7.151273250579834, 10.083809852600098]",,,,False,False
C:\Users\Hamada.MSI\Desktop\Hamada\lab\data\raw\images\McGill Calibrated Color Image Database\Textures\Textures\pippin_UniStrt029.tif,0.33035847760591885,4,"[5.725283145904541, 3.8585195541381836, 2.2667222023010254, 4.686507225036621]",,,,False,True
