path,mean_relative_luminance,luminance_class,foreground_candidate
C:\Users\Hamada.MSI\Desktop\Hamada\lab\data\raw\images\Describable Textures Dataset\images\honeycombed\honeycombed_0040.jpg,0.001992798527618269,1,True
C:\Users\Hamada.MSI\Desktop\Hamada\lab\data\raw\images\Describable Textures Dataset\images\cobwebbed\cobwebbed_0075.jpg,0.0033731397477353917,1,True
C:\Users\Hamada.MSI\Desktop\Hamada\lab\data\raw\images\McGill Calibrated Color Image Database\Textures\Textures\merry_mtl07_005.tif,0.00414150245979611,1,True
C:\Users\Hamada.MSI\Desktop\Hamada\lab\data\raw\images\Describable Textures Dataset\images\cobwebbed\cobwebbed_0078.jpg,0.005346260977641386,1,True
C:\Users\Hamada.MSI\Desktop\Hamada\lab\data\raw\images\Describable Textures Dataset\images\spiralled\spiralled_0044.jpg,0.006265144084573567,1,True
C:\Users\Hamada.MSI\Desktop\Hamada\lab\data\raw\images\Describable Textures Dataset\images\honeycombed\honeycombed_0157.jpg,0.00727097403481861,1,True
C:\Users\Hamada.MSI\Desktop\Hamada\lab\data\raw\images\Describable Textures Dataset\images\cobwebbed\cobwebbed_0125.jpg,0.007874830039618246,1,True
C:\Users\Hamada.MSI\Desktop\Hamada\lab\data\raw\images\Describable Textures Dataset\images\perforated\perforated_0046.jpg,0.00859379025898519,1,True
C:\Users\Hamada.MSI\Desktop\Hamada\lab\data\raw\images\Describable Textures Dataset\images\wrinkled\wrinkled_0030.jpg,0.009253623006243527,1,True
C:\Users\Hamada.MSI\Desktop\Hamada\lab\data\raw\images\Describable Textures Dataset\images\matted\matted_0104.jpg,0.009707984645649571,1,True
C:\Users\Hamada.MSI\Desktop\Hamada\lab\data\raw\images\Describable Textures Dataset\images\spiralled\spiralled_0028.jpg,0.010117628740419946,1,True
C:\Users\Hamada.MSI\Desktop\Hamada\lab\data\raw\images\Describable Textures Dataset\images\chequered\chequered_0176.jpg,0.010335112374536777,1,True
C:\Users\Hamada.MSI\Desktop\Hamada\lab\data\raw\images\Describable Textures Dataset\images\waffled\waffled_0057.jpg,0.010858333991102068,1,True
C:\Users\Hamada.MSI\Desktop\Hamada\lab\data\raw\images\Describable Textures Dataset\images\perforated\perforated_0146.jpg,0.011065261129337155,1,True
C:\Users\Hamada.MSI\Desktop\Hamada\lab\data\raw\images\Describable Textures Dataset\images\flecked\flecked_0125.jpg,0.011676375468245466,1,True
C:\Users\Hamada.MSI\Desktop\Hamada\lab\data\raw\images\Describable Textures Dataset\images\cobwebbed\cobwebbed_0045.jpg,0.012019972197606298,1,True
C:\Users\Hamada.MSI\Desktop\Hamada\lab\data\raw\images\Describable Textures Dataset\images\flecked\flecked_0151.jpg,0.012580972206071142,1,True
C:\Users\Hamada.MSI\Desktop\Hamada\lab\data\raw\images\Describable Textures Dataset\images\woven\woven_0115.jpg,0.01288851148301603,1,True
C:\Users\Hamada.MSI\Desktop\Hamada\lab\data\raw\images\Describable Textures Dataset\images\cobwebbed\cobwebbed_0097.jpg,0.0133360198784579,1,True
C:\Users\Hamada.MSI\Desktop\Hamada\lab\data\raw\images\Describable Textures Dataset\images\pleated\pleated_0159.jpg,0.013543971748765066,1,True
C:\Users\Hamada.MSI\Desktop\Hamada\lab\data\raw\images\Describable Textures Dataset\images\cobwebbed\cobwebbed_0112.jpg,0.013621235417163017,1,True
C:\Users\Hamada.MSI\Desktop\Hamada\lab\data\raw\images\Describable Textures Dataset\images\studded\studded_0069.jpg,0.014308575510855098,1,True
C:\Users\Hamada.MSI\Desktop\Hamada\lab\data\raw\images\Describable Textures Dataset\images\cobwebbed\cobwebbed_0071.jpg,0.014493453239155261,1,True
C:\Users\Hamada.MSI\Desktop\Hamada\lab\data\raw\images\Describable Textures Dataset\images\smeared\smeared_0085.jpg,0.014503928624225513,1,True
C:\Users\Hamada.MSI\Desktop\Hamada\lab\data\raw\images\Describable Textures Dataset\images\woven\woven_0010.jpg,0.014885062975176229,1,True
C:\Users\Hamada.MSI\Desktop\Hamada\lab\data\raw\images\Describable Textures Dataset\images\frilly\frilly_0076.jpg,0.014991753097624879,1,True
C:\Users\Hamada.MSI\Desktop\Hamada\lab\data\raw\images\Describable Textures Dataset\images\flecked\flecked_0163.jpg,0.015028932147345398,1,True
C:\Users\Hamada.MSI\Desktop\Hamada\lab\data\raw\images\Describable Textures Dataset\images\studded\studded_0216.jpg,0.01520015818139762,1,True
C:\Users\Hamada.MSI\Desktop\Hamada\lab\data\raw\images\Describable Textures Dataset\images\flecked\flecked_0120.jpg,0.015356048702396348,1,True
C:\Users\Hamada.MSI\Desktop\Hamada\lab\data\raw\images\Describable Textures Dataset\images\flecked\flecked_0114.jpg,0.01555219080992911,1,True
C:\Users\Hamada.MSI\Desktop\Hamada\lab\data\raw\images\Describable Textures Dataset\images\flecked\flecked_0104.jpg,0.015639290206706288,1,True
C:\Users\Hamada.MSI\Desktop\Hamada\lab\data\raw\images\Describable Textures Dataset\images\grooved\grooved_0111.jpg,0.015914263857709186,1,True
C:\Users\Hamada.MSI\Desktop\Hamada\lab\data\raw\images\Describable Textures Dataset\images\flecked\flecked_0161.jpg,0.016090153020151685,1,True
C:\Users\Hamada.MSI\Desktop\Hamada\lab\data\raw\images\Describable Textures Dataset\images\flecked\flecked_0167.jpg,0.016364793967599045,1,True
C:\Users\Hamada.MSI\Desktop\Hamada\lab\data\raw\images\Describable Textures Dataset\images\flecked\flecked_0131.jpg,0.016433709066529942,1,True
C:\Users\Hamada.MSI\Desktop\Hamada\lab\data\raw\images\Describable Textures Dataset\images\matted\matted_0145.jpg,0.01648239242043263,1,True
C:\Users\Hamada.MSI\Desktop\Hamada\lab\data\raw\images\Describable Textures Dataset\images\honeycombed\honeycombed_0127.jpg,0.017074250280794654,1,True
C:\Users\Hamada.MSI\Desktop\Hamada\lab\data\raw\images\Describable Textures Dataset\images\flecked\flecked_0102.jpg,0.017098219811685914,1,True
C:\Users\Hamada.MSI\Desktop\Hamada\lab\data\raw\images\Describable Textures Dataset\images\cobwebbed\cobwebbed_0088.jpg,0.017444047119686033,1,True
C:\Users\Hamada.MSI\Desktop\Hamada\lab\data\raw\images\Describable Textures Dataset\images\studded\studded_0197.jpg,0.01808872932592406,1,True
C:\Users\Hamada.MSI\Desktop\Hamada\lab\data\raw\images\Describable Textures Dataset\images\studded\studded_0162.jpg,0.018767198170855034,1,True
C:\Users\Hamada.MSI\Desktop\Hamada\lab\data\raw\images\Describable Textures Dataset\images\flecked\flecked_0068.jpg,0.01893077247483054,1,True
C:\Users\Hamada.MSI\Desktop\Hamada\lab\data\raw\images\Describable Textures Dataset\images\polka-dotted\polka-dotted_0201.jpg,0.01923224050579687,1,True
C:\Users\Hamada.MSI\Desktop\Hamada\lab\data\raw\images\Describable Textures Dataset\images\studded\studded_0157.jpg,0.019513575804244086,1,True
C:\Users\Hamada.MSI\Desktop\Hamada\lab\data\raw\images\Describable Textures Dataset\images\studded\studded_0176.jpg,0.019634803517487837,1,True
C:\Users\Hamada.MSI\Desktop\Hamada\lab\data\raw\images\Describable Textures Dataset\images\scaly\scaly_0107.jpg,0.019736087381260876,1,True
C:\Users\Hamada.MSI\Desktop\Hamada\lab\data\raw\images\Describable Textures Dataset\images\woven\woven_0072.jpg,0.019791162323651953,1,True
C:\Users\Hamada.MSI\Desktop\Hamada\lab\data\raw\images\Describable Textures Dataset\images\flecked\flecked_0130.jpg,0.019966190851760417,1,True
C:\Users\Hamada.MSI\Desktop\Hamada\lab\data\raw\images\Describable Textures Dataset\images\interlaced\interlaced_0135.jpg,0.020407612602765562,1,True
C:\Users\Hamada.MSI\Desktop\Hamada\lab\data\raw\images\Describable Textures Dataset\images\marbled\marbled_0191.jpg,0.020429552184297907,1,True
C:\Users\Hamada.MSI\Desktop\Hamada\lab\data\raw\images\Describable Textures Dataset\images\flecked\flecked_0168.jpg,0.0219252696314312,1,True
C:\Users\Hamada.MSI\Desktop\Hamada\lab\data\raw\images\Describable Textures Dataset\images\flecked\flecked_0162.jpg,0.022212890497994003,1,True
C:\Users\Hamada.MSI\Desktop\Hamada\lab\data\raw\images\Describable Textures Dataset\images\spiralled\spiralled_0092.jpg,0.02237146915119368,1,True
C:\Users\Hamada.MSI\Desktop\Hamada\lab\data\raw\images\Describable Textures Dataset\images\blotchy\blotchy_0077.jpg,0.022450658897063627,1,True
C:\Users\Hamada.MSI\Desktop\Hamada\lab\data\raw\images\Describable Textures Dataset\images\flecked\flecked_0140.jpg,0.022476335272023,1,True
C:\Users\Hamada.MSI\Desktop\Hamada\lab\data\raw\images\Describable Textures Dataset\images\crosshatched\crosshatched_0010.jpg,0.022824813220265968,1,True
C:\Users\Hamada.MSI\Desktop\Hamada\lab\data\raw\images\Describable Textures Dataset\images\honeycombed\honeycombed_0122.jpg,0.023578580481056537,1,True
C:\Users\Hamada.MSI\Desktop\Hamada\lab\data\raw\images\Describable Textures Dataset\images\flecked\flecked_0139.jpg,0.02385196999737811,1,True
C:\Users\Hamada.MSI\Desktop\Hamada\lab\data\raw\images\Describable Textures Dataset\images\frilly\frilly_0056.jpg,0.02503156278057381,1,True
C:\Users\Hamada.MSI\Desktop\Hamada\lab\data\raw\images\Describable Textures Dataset\images\woven\woven_0014.jpg,0.025095646866175048,1,True
C:\Users\Hamada.MSI\Desktop\Hamada\lab\data\raw\images\Describable Textures Dataset\images\woven\woven_0098.jpg,0.025140241746390853,1,True
C:\Users\Hamada.MSI\Desktop\Hamada\lab\data\raw\images\Describable Textures Dataset\images\perforated\perforated_0052.jpg,0.02545299547024829,1,True
C:\Users\Hamada.MSI\Desktop\Hamada\lab\data\raw\images\Describable Textures Dataset\images\studded\studded_0163.jpg,0.02546880987572331,1,True
C:\Users\Hamada.MSI\Desktop\Hamada\lab\data\raw\images\Describable Textures Dataset\images\bubbly\bubbly_0071.jpg,0.025933681202433737,1,True
C:\Users\Hamada.MSI\Desktop\Hamada\lab\data\raw\images\Describable Textures Dataset\images\spiralled\spiralled_0113.jpg,0.026221011071244242,1,True
C:\Users\Hamada.MSI\Desktop\Hamada\lab\data\raw\images\Describable Textures Dataset\images\studded\studded_0183.jpg,0.026232134727111528,1,True
C:\Users\Hamada.MSI\Desktop\Hamada\lab\data\raw\images\Describable Textures Dataset\images\woven\woven_0124.jpg,0.02630298747130789,1,True
C:\Users\Hamada.MSI\Desktop\Hamada\lab\data\raw\images\Describable Textures Dataset\images\braided\braided_0153.jpg,0.026443486426831947,1,True
C:\Users\Hamada.MSI\Desktop\Hamada\lab\data\raw\images\Describable Textures Dataset\images\flecked\flecked_0158.jpg,0.026497383658731218,1,True
C:\Users\Hamada.MSI\Desktop\Hamada\lab\data\raw\images\Describable Textures Dataset\images\blotchy\blotchy_0075.jpg,0.026502901060099154,1,True
C:\Users\Hamada.MSI\Desktop\Hamada\lab\data\raw\images\Describable Textures Dataset\images\grid\grid_0020.jpg,0.026538960203914986,1,True
C:\Users\Hamada.MSI\Desktop\Hamada\lab\data\raw\images\Describable Textures Dataset\images\fibrous\fibrous_0182.jpg,0.026783008317219293,1,True
C:\Users\Hamada.MSI\Desktop\Hamada\lab\data\raw\images\Describable Textures Dataset\images\flecked\flecked_0107.jpg,0.026837418953009368,1,True
C:\Users\Hamada.MSI\Desktop\Hamada\lab\data\raw\images\Describable Textures Dataset\images\flecked\flecked_0109.jpg,0.02693084509702433,1,True
C:\Users\Hamada.MSI\Desktop\Hamada\lab\data\raw\images\Describable Textures Dataset\images\grooved\grooved_0126.jpg,0.027031590183878847,1,True
C:\Users\Hamada.MSI\Desktop\Hamada\lab\data\raw\images\Describable Textures Dataset\images\chequered\chequered_0195.jpg,0.02704565979288151,1,True
C:\Users\Hamada.MSI\Desktop\Hamada\lab\data\raw\images\Describable Textures Dataset\images\flecked\flecked_0164.jpg,0.02730565268684303,1,True
C:\Users\Hamada.MSI\Desktop\Hamada\lab\data\raw\images\Describable Textures Dataset\images\flecked\flecked_0148.jpg,0.027309080407764506,1,True
C:\Users\Hamada.MSI\Desktop\Hamada\lab\data\raw\images\Describable Textures Dataset\images\knitted\knitted_0146.jpg,0.027531399065422388,1,True
C:\Users\Hamada.MSI\Desktop\Hamada\lab\data\raw\images\Describable Textures Dataset\images\cracked\cracked_0119.jpg,0.027612506880892472,1,True
C:\Users\Hamada.MSI\Desktop\Hamada\lab\data\raw\images\Describable Textures Dataset\images\lined\lined_0121.jpg,0.027620375342603306,1,True
C:\Users\Hamada.MSI\Desktop\Hamada\lab\data\raw\images\Describable Textures Dataset\images\flecked\flecked_0057.jpg,0.027764190887111732,1,True
C:\Users\Hamada.MSI\Desktop\Hamada\lab\data\raw\images\Describable Textures Dataset\images\banded\banded_0037.jpg,0.028004322357313816,1,True
C:\Users\Hamada.MSI\Desktop\Hamada\lab\data\raw\images\Describable Textures Dataset\images\chequered\chequered_0194.jpg,0.028213554028668538,1,True
C:\Users\Hamada.MSI\Desktop\Hamada\lab\data\raw\images\Describable Textures Dataset\images\marbled\marbled_0105.jpg,0.028273280243689698,1,True
C:\Users\Hamada.MSI\Desktop\Hamada\lab\data\raw\images\Describable Textures Dataset\images\interlaced\interlaced_0198.jpg,0.02874634534883963,1,True
C:\Users\Hamada.MSI\Desktop\Hamada\lab\data\raw\images\Describable Textures Dataset\images\grooved\grooved_0162.jpg,0.02889350588329295,1,True
C:\Users\Hamada.MSI\Desktop\Hamada\lab\data\raw\images\Describable Textures Dataset\images\honeycombed\honeycombed_0093.jpg,0.02893392560755199,1,True
C:\Users\Hamada.MSI\Desktop\Hamada\lab\data\raw\images\Describable Textures Dataset\images\chequered\chequered_0159.jpg,0.028954252910301025,1,True
C:\Users\Hamada.MSI\Desktop\Hamada\lab\data\raw\images\Describable Textures Dataset\images\polka-dotted\polka-dotted_0156.jpg,0.02896001681439577,1,True
C:\Users\Hamada.MSI\Desktop\Hamada\lab\data\raw\images\Describable Textures Dataset\images\spiralled\spiralled_0129.jpg,0.02919263291825714,1,True
C:\Users\Hamada.MSI\Desktop\Hamada\lab\data\raw\images\Describable Textures Dataset\images\cobwebbed\cobwebbed_0070.jpg,0.02920969100356538,1,True
C:\Users\Hamada.MSI\Desktop\Hamada\lab\data\raw\images\Describable Textures Dataset\images\swirly\swirly_0157.jpg,0.02929296226435371,1,True
C:\Users\Hamada.MSI\Desktop\Hamada\lab\data\raw\images\Describable Textures Dataset\images\flecked\flecked_0150.jpg,0.02933143383884203,1,True
C:\Users\Hamada.MSI\Desktop\Hamada\lab\data\raw\images\Describable Textures Dataset\images\polka-dotted\polka-dotted_0158.jpg,0.02958784506113024,1,True
C:\Users\Hamada.MSI\Desktop\Hamada\lab\data\raw\images\Describable Textures Dataset\images\swirly\swirly_0129.jpg,0.029787550881554496,1,True
C:\Users\Hamada.MSI\Desktop\Hamada\lab\data\raw\images\Describable Textures Dataset\images\flecked\flecked_0128.jpg,0.029832813569267723,1,True
C:\Users\Hamada.MSI\Desktop\Hamada\lab\data\raw\images\Describable Textures Dataset\images\polka-dotted\polka-dotted_0126.jpg,0.030166601812002612,1,True
C:\Users\Hamada.MSI\Desktop\Hamada\lab\data\raw\images\Describable Textures Dataset\images\perforated\perforated_0115.jpg,0.03025750028406333,1,True
C:\Users\Hamada.MSI\Desktop\Hamada\lab\data\raw\images\Describable Textures Dataset\images\woven\woven_0105.jpg,0.03062429687510629,1,True
C:\Users\Hamada.MSI\Desktop\Hamada\lab\data\raw\images\Describable Textures Dataset\images\grid\grid_0048.jpg,0.030654783196092442,1,True
C:\Users\Hamada.MSI\Desktop\Hamada\lab\data\raw\images\Describable Textures Dataset\images\honeycombed\honeycombed_0066.jpg,0.030997404918262052,1,True
C:\Users\Hamada.MSI\Desktop\Hamada\lab\data\raw\images\Describable Textures Dataset\images\stained\stained_0045.jpg,0.031041745413170924,1,True
C:\Users\Hamada.MSI\Desktop\Hamada\lab\data\raw\images\Describable Textures Dataset\images\swirly\swirly_0141.jpg,0.031154778300704934,1,True
C:\Users\Hamada.MSI\Desktop\Hamada\lab\data\raw\images\Describable Textures Dataset\images\grooved\grooved_0132.jpg,0.03124985179326409,1,True
C:\Users\Hamada.MSI\Desktop\Hamada\lab\data\raw\images\Describable Textures Dataset\images\flecked\flecked_0132.jpg,0.03125338123445479,1,True
C:\Users\Hamada.MSI\Desktop\Hamada\lab\data\raw\images\Describable Textures Dataset\images\banded\banded_0136.jpg,0.03133197079795547,1,True
C:\Users\Hamada.MSI\Desktop\Hamada\lab\data\raw\images\Describable Textures Dataset\images\matted\matted_0063.jpg,0.03143956074379717,1,True
C:\Users\Hamada.MSI\Desktop\Hamada\lab\data\raw\images\Describable Textures Dataset\images\bubbly\bubbly_0138.jpg,0.031619008204559824,1,True
C:\Users\Hamada.MSI\Desktop\Hamada\lab\data\raw\images\Describable Textures Dataset\images\veined\veined_0069.jpg,0.03186725609733792,1,True
C:\Users\Hamada.MSI\Desktop\Hamada\lab\data\raw\images\Describable Textures Dataset\images\flecked\flecked_0046.jpg,0.03203663818662962,1,True
C:\Users\Hamada.MSI\Desktop\Hamada\lab\data\raw\images\Describable Textures Dataset\images\blotchy\blotchy_0049.jpg,0.032100620266614116,1,True
C:\Users\Hamada.MSI\Desktop\Hamada\lab\data\raw\images\Describable Textures Dataset\images\flecked\flecked_0123.jpg,0.03238444999387697,1,True
C:\Users\Hamada.MSI\Desktop\Hamada\lab\data\raw\images\Describable Textures Dataset\images\studded\studded_0153.jpg,0.03248485114983859,1,True
C:\Users\Hamada.MSI\Desktop\Hamada\lab\data\raw\images\Describable Textures Dataset\images\flecked\flecked_0050.jpg,0.03249855795807313,1,True
C:\Users\Hamada.MSI\Desktop\Hamada\lab\data\raw\images\Describable Textures Dataset\images\crosshatched\crosshatched_0139.jpg,0.03285639288309889,1,True
C:\Users\Hamada.MSI\Desktop\Hamada\lab\data\raw\images\Describable Textures Dataset\images\flecked\flecked_0127.jpg,0.03290471965531484,1,True
C:\Users\Hamada.MSI\Desktop\Hamada\lab\data\raw\images\Describable Textures Dataset\images\crosshatched\crosshatched_0170.jpg,0.03292862535823243,1,True
C:\Users\Hamada.MSI\Desktop\Hamada\lab\data\raw\images\Describable Textures Dataset\images\sprinkled\sprinkled_0020.jpg,0.03341950273026207,1,True
C:\Users\Hamada.MSI\Desktop\Hamada\lab\data\raw\images\Describable Textures Dataset\images\marbled\marbled_0124.jpg,0.033546468705189916,1,True
C:\Users\Hamada.MSI\Desktop\Hamada\lab\data\raw\images\Describable Textures Dataset\images\knitted\knitted_0151.jpg,0.033777195506829456,1,True
C:\Users\Hamada.MSI\Desktop\Hamada\lab\data\raw\images\Describable Textures Dataset\images\flecked\flecked_0166.jpg,0.03379184692977397,1,True
C:\Users\Hamada.MSI\Desktop\Hamada\lab\data\raw\images\Describable Textures Dataset\images\meshed\meshed_0056.jpg,0.03420564472250808,1,True
C:\Users\Hamada.MSI\Desktop\Hamada\lab\data\raw\images\Describable Textures Dataset\images\grooved\grooved_0097.jpg,0.034511953519249655,1,True
C:\Users\Hamada.MSI\Desktop\Hamada\lab\data\raw\images\Describable Textures Dataset\images\dotted\dotted_0180.jpg,0.034518540984653255,1,True
C:\Users\Hamada.MSI\Desktop\Hamada\lab\data\raw\images\Describable Textures Dataset\images\banded\banded_0118.jpg,0.034776765764278385,1,True
C:\Users\Hamada.MSI\Desktop\Hamada\lab\data\raw\images\Describable Textures Dataset\images\cobwebbed\cobwebbed_0086.jpg,0.03490195073513092,1,True
C:\Users\Hamada.MSI\Desktop\Hamada\lab\data\raw\images\Describable Textures Dataset\images\woven\woven_0059.jpg,0.03504211951743118,1,True
C:\Users\Hamada.MSI\Desktop\Hamada\lab\data\raw\images\Describable Textures Dataset\images\stratified\stratified_0117.jpg,0.03509300184510647,1,True
C:\Users\Hamada.MSI\Desktop\Hamada\lab\data\raw\images\Describable Textures Dataset\images\flecked\flecked_0116.jpg,0.03511624444415791,1,True
C:\Users\Hamada.MSI\Desktop\Hamada\lab\data\raw\images\Describable Textures Dataset\images\cobwebbed\cobwebbed_0046.jpg,0.035136630420092824,1,True
C:\Users\Hamada.MSI\Desktop\Hamada\lab\data\raw\images\Describable Textures Dataset\images\interlaced\interlaced_0160.jpg,0.03524385919305204,1,True
C:\Users\Hamada.MSI\Desktop\Hamada\lab\data\raw\images\Describable Textures Dataset\images\dotted\dotted_0148.jpg,0.035269508478221766,1,True
C:\Users\Hamada.MSI\Desktop\Hamada\lab\data\raw\images\Describable Textures Dataset\images\frilly\frilly_0116.jpg,0.03527198838487602,1,True
C:\Users\Hamada.MSI\Desktop\Hamada\lab\data\raw\images\Describable Textures Dataset\images\flecked\flecked_0156.jpg,0.03530863352205511,1,True
C:\Users\Hamada.MSI\Desktop\Hamada\lab\data\raw\images\Describable Textures Dataset\images\spiralled\spiralled_0114.jpg,0.03549836625860307,1,True
C:\Users\Hamada.MSI\Desktop\Hamada\lab\data\raw\images\Describable Textures Dataset\images\dotted\dotted_0155.jpg,0.03560255524099219,1,True
C:\Users\Hamada.MSI\Desktop\Hamada\lab\data\raw\images\Describable Textures Dataset\images\dotted\dotted_0186.jpg,0.03560255524099219,1,True
C:\Users\Hamada.MSI\Desktop\Hamada\lab\data\raw\images\Describable Textures Dataset\images\lined\lined_0159.jpg,0.03560537129890266,1,True
C:\Users\Hamada.MSI\Desktop\Hamada\lab\data\raw\images\Describable Textures Dataset\images\studded\studded_0159.jpg,0.035812454048971806,1,True
C:\Users\Hamada.MSI\Desktop\Hamada\lab\data\raw\images\Describable Textures Dataset\images\pleated\pleated_0099.jpg,0.03605135934864445,1,True
C:\Users\Hamada.MSI\Desktop\Hamada\lab\data\raw\images\Describable Textures Dataset\images\studded\studded_0210.jpg,0.03619742819453843,1,True
C:\Users\Hamada.MSI\Desktop\Hamada\lab\data\raw\images\Describable Textures Dataset\images\stratified\stratified_0054.jpg,0.03631120383958983,1,True
C:\Users\Hamada.MSI\Desktop\Hamada\lab\data\raw\images\Describable Textures Dataset\images\dotted\dotted_0094.jpg,0.0365210624476383,1,True
C:\Users\Hamada.MSI\Desktop\Hamada\lab\data\raw\images\Describable Textures Dataset\images\bubbly\bubbly_0152.jpg,0.03749689667769992,1,True
C:\Users\Hamada.MSI\Desktop\Hamada\lab\data\raw\images\Describable Textures Dataset\images\scaly\scaly_0184.jpg,0.037997285145317444,1,True
C:\Users\Hamada.MSI\Desktop\Hamada\lab\data\raw\images\Describable Textures Dataset\images\polka-dotted\polka-dotted_0180.jpg,0.03819792085651676,1,True
C:\Users\Hamada.MSI\Desktop\Hamada\lab\data\raw\images\Describable Textures Dataset\images\studded\studded_0020.jpg,0.03841020154903896,1,True
C:\Users\Hamada.MSI\Desktop\Hamada\lab\data\raw\images\Describable Textures Dataset\images\knitted\knitted_0184.jpg,0.038704184323846084,1,True
C:\Users\Hamada.MSI\Desktop\Hamada\lab\data\raw\images\Describable Textures Dataset\images\cobwebbed\cobwebbed_0098.jpg,0.03877964266572761,1,True
C:\Users\Hamada.MSI\Desktop\Hamada\lab\data\raw\images\Describable Textures Dataset\images\lined\lined_0120.jpg,0.03885488855714629,1,True
C:\Users\Hamada.MSI\Desktop\Hamada\lab\data\raw\images\Describable Textures Dataset\images\polka-dotted\polka-dotted_0185.jpg,0.038891028582996985,1,True
C:\Users\Hamada.MSI\Desktop\Hamada\lab\data\raw\images\Describable Textures Dataset\images\swirly\swirly_0114.jpg,0.03902697907905905,1,True
C:\Users\Hamada.MSI\Desktop\Hamada\lab\data\raw\images\Describable Textures Dataset\images\polka-dotted\polka-dotted_0181.jpg,0.039366445590747375,1,True
C:\Users\Hamada.MSI\Desktop\Hamada\lab\data\raw\images\Describable Textures Dataset\images\cobwebbed\cobwebbed_0149.jpg,0.03956829147780633,1,True
C:\Users\Hamada.MSI\Desktop\Hamada\lab\data\raw\images\Describable Textures Dataset\images\veined\veined_0067.jpg,0.0396579638982803,1,True
C:\Users\Hamada.MSI\Desktop\Hamada\lab\data\raw\images\Describable Textures Dataset\images\dotted\dotted_0137.jpg,0.03979981225362577,1,True
C:\Users\Hamada.MSI\Desktop\Hamada\lab\data\raw\images\Describable Textures Dataset\images\cobwebbed\cobwebbed_0082.jpg,0.040016520746246786,1,True
C:\Users\Hamada.MSI\Desktop\Hamada\lab\data\raw\images\Describable Textures Dataset\images\studded\studded_0208.jpg,0.04026164427904863,1,True
C:\Users\Hamada.MSI\Desktop\Hamada\lab\data\raw\images\Describable Textures Dataset\images\dotted\dotted_0175.jpg,0.04033424081926758,1,True
C:\Users\Hamada.MSI\Desktop\Hamada\lab\data\raw\images\Describable Textures Dataset\images\dotted\dotted_0208.jpg,0.04033424081926758,1,True
C:\Users\Hamada.MSI\Desktop\Hamada\lab\data\raw\images\Describable Textures Dataset\images\crosshatched\crosshatched_0048.jpg,0.04041086645993602,1,True
C:\Users\Hamada.MSI\Desktop\Hamada\lab\data\raw\images\Describable Textures Dataset\images\knitted\knitted_0133.jpg,0.040585955895344306,1,True
C:\Users\Hamada.MSI\Desktop\Hamada\lab\data\raw\images\Describable Textures Dataset\images\crosshatched\crosshatched_0156.jpg,0.040763046581129746,1,True
C:\Users\Hamada.MSI\Desktop\Hamada\lab\data\raw\images\Describable Textures Dataset\images\cobwebbed\cobwebbed_0110.jpg,0.04079481323389496,1,True
C:\Users\Hamada.MSI\Desktop\Hamada\lab\data\raw\images\Describable Textures Dataset\images\matted\matted_0114.jpg,0.040845404156505165,1,True
C:\Users\Hamada.MSI\Desktop\Hamada\lab\data\raw\images\Describable Textures Dataset\images\polka-dotted\polka-dotted_0214.jpg,0.040957756377478144,1,True
C:\Users\Hamada.MSI\Desktop\Hamada\lab\data\raw\images\Describable Textures Dataset\images\pitted\pitted_0152.jpg,0.041108846683982514,1,True
C:\Users\Hamada.MSI\Desktop\Hamada\lab\data\raw\images\Describable Textures Dataset\images\smeared\smeared_0048.jpg,0.04125363576977237,1,True
C:\Users\Hamada.MSI\Desktop\Hamada\lab\data\raw\images\Describable Textures Dataset\images\waffled\waffled_0111.jpg,0.04136014361207985,1,True
C:\Users\Hamada.MSI\Desktop\Hamada\lab\data\raw\images\Describable Textures Dataset\images\flecked\flecked_0113.jpg,0.04146488546352368,1,True
C:\Users\Hamada.MSI\Desktop\Hamada\lab\data\raw\images\Describable Textures Dataset\images\flecked\flecked_0108.jpg,0.041499486630071976,1,True
C:\Users\Hamada.MSI\Desktop\Hamada\lab\data\raw\images\Describable Textures Dataset\images\lined\lined_0119.jpg,0.04170071452153631,1,True
C:\Users\Hamada.MSI\Desktop\Hamada\lab\data\raw\images\Describable Textures Dataset\images\waffled\waffled_0147.jpg,0.041753596332937376,1,True
C:\Users\Hamada.MSI\Desktop\Hamada\lab\data\raw\images\Describable Textures Dataset\images\woven\woven_0101.jpg,0.04177184819768871,1,True
C:\Users\Hamada.MSI\Desktop\Hamada\lab\data\raw\images\Describable Textures Dataset\images\woven\woven_0053.jpg,0.041831236882733415,1,True
C:\Users\Hamada.MSI\Desktop\Hamada\lab\data\raw\images\Describable Textures Dataset\images\lined\lined_0097.jpg,0.041887124433024295,1,True
C:\Users\Hamada.MSI\Desktop\Hamada\lab\data\raw\images\Describable Textures Dataset\images\spiralled\spiralled_0132.jpg,0.04221705606645058,1,True
C:\Users\Hamada.MSI\Desktop\Hamada\lab\data\raw\images\Describable Textures Dataset\images\studded\studded_0100.jpg,0.04257387625575211,1,True
C:\Users\Hamada.MSI\Desktop\Hamada\lab\data\raw\images\Describable Textures Dataset\images\gauzy\gauzy_0149.jpg,0.04263003089755023,1,True
C:\Users\Hamada.MSI\Desktop\Hamada\lab\data\raw\images\Describable Textures Dataset\images\bubbly\bubbly_0095.jpg,0.042891398839649195,1,True
C:\Users\Hamada.MSI\Desktop\Hamada\lab\data\raw\images\Describable Textures Dataset\images\interlaced\interlaced_0200.jpg,0.04359066192458185,1,True
C:\Users\Hamada.MSI\Desktop\Hamada\lab\data\raw\images\Describable Textures Dataset\images\perforated\perforated_0126.jpg,0.0436433133700604,1,True
C:\Users\Hamada.MSI\Desktop\Hamada\lab\data\raw\images\Describable Textures Dataset\images\studded\studded_0160.jpg,0.04376437317777281,1,True
C:\Users\Hamada.MSI\Desktop\Hamada\lab\data\raw\images\Describable Textures Dataset\images\grooved\grooved_0120.jpg,0.04384389540438069,1,True
C:\Users\Hamada.MSI\Desktop\Hamada\lab\data\raw\images\Describable Textures Dataset\images\chequered\chequered_0205.jpg,0.04386180186313785,1,True
C:\Users\Hamada.MSI\Desktop\Hamada\lab\data\raw\images\Describable Textures Dataset\images\pleated\pleated_0047.jpg,0.044072772784202886,1,True
C:\Users\Hamada.MSI\Desktop\Hamada\lab\data\raw\images\Describable Textures Dataset\images\cobwebbed\cobwebbed_0049.jpg,0.04459954164057664,1,True
C:\Users\Hamada.MSI\Desktop\Hamada\lab\data\raw\images\Describable Textures Dataset\images\studded\studded_0149.jpg,0.04461304690517597,1,True
C:\Users\Hamada.MSI\Desktop\Hamada\lab\data\raw\images\Describable Textures Dataset\images\studded\studded_0001.jpg,0.04491114535875975,1,True
C:\Users\Hamada.MSI\Desktop\Hamada\lab\data\raw\images\Describable Textures Dataset\images\crosshatched\crosshatched_0155.jpg,0.04514239738502478,1,True
C:\Users\Hamada.MSI\Desktop\Hamada\lab\data\raw\images\Describable Textures Dataset\images\wrinkled\wrinkled_0080.jpg,0.045290948901140195,1,True
C:\Users\Hamada.MSI\Desktop\Hamada\lab\data\raw\images\Describable Textures Dataset\images\honeycombed\honeycombed_0174.jpg,0.04555447110881028,1,True
C:\Users\Hamada.MSI\Desktop\Hamada\lab\data\raw\images\Describable Textures Dataset\images\scaly\scaly_0182.jpg,0.04566938019621277,1,True
C:\Users\Hamada.MSI\Desktop\Hamada\lab\data\raw\images\Describable Textures Dataset\images\interlaced\interlaced_0162.jpg,0.045925585339917994,1,True
C:\Users\Hamada.MSI\Desktop\Hamada\lab\data\raw\images\Describable Textures Dataset\images\grooved\grooved_0131.jpg,0.04594376291082802,1,True
C:\Users\Hamada.MSI\Desktop\Hamada\lab\data\raw\images\Describable Textures Dataset\images\crosshatched\crosshatched_0146.jpg,0.046201558933880615,1,True
C:\Users\Hamada.MSI\Desktop\Hamada\lab\data\raw\images\Describable Textures Dataset\images\studded\studded_0098.jpg,0.04639546767568191,1,True
C:\Users\Hamada.MSI\Desktop\Hamada\lab\data\raw\images\Describable Textures Dataset\images\smeared\smeared_0073.jpg,0.04657147924838092,1,True
C:\Users\Hamada.MSI\Desktop\Hamada\lab\data\raw\images\Describable Textures Dataset\images\bumpy\bumpy_0151.jpg,0.046759010929834297,1,True
C:\Users\Hamada.MSI\Desktop\Hamada\lab\data\raw\images\Describable Textures Dataset\images\crosshatched\crosshatched_0102.jpg,0.046834388623181386,1,True
C:\Users\Hamada.MSI\Desktop\Hamada\lab\data\raw\images\Describable Textures Dataset\images\wrinkled\wrinkled_0137.jpg,0.04687366224524354,1,True
C:\Users\Hamada.MSI\Desktop\Hamada\lab\data\raw\images\Describable Textures Dataset\images\smeared\smeared_0024.jpg,0.04694594637063639,1,True
C:\Users\Hamada.MSI\Desktop\Hamada\lab\data\raw\images\Describable Textures Dataset\images\meshed\meshed_0168.jpg,0.04724879057112096,1,True
C:\Users\Hamada.MSI\Desktop\Hamada\lab\data\raw\images\Describable Textures Dataset\images\dotted\dotted_0166.jpg,0.04731176567453741,1,True
C:\Users\Hamada.MSI\Desktop\Hamada\lab\data\raw\images\Describable Textures Dataset\images\dotted\dotted_0199.jpg,0.04731176567453741,1,True
C:\Users\Hamada.MSI\Desktop\Hamada\lab\data\raw\images\Describable Textures Dataset\images\crystalline\crystalline_0172.jpg,0.04736961160831037,1,True
C:\Users\Hamada.MSI\Desktop\Hamada\lab\data\raw\images\Describable Textures Dataset\images\cobwebbed\cobwebbed_0140.jpg,0.04748830860255439,1,True
C:\Users\Hamada.MSI\Desktop\Hamada\lab\data\raw\images\Describable Textures Dataset\images\swirly\swirly_0082.jpg,0.0474995790292454,1,True
C:\Users\Hamada.MSI\Desktop\Hamada\lab\data\raw\images\Describable Textures Dataset\images\crosshatched\crosshatched_0101.jpg,0.04755734876981848,1,True
C:\Users\Hamada.MSI\Desktop\Hamada\lab\data\raw\images\Describable Textures Dataset\images\cobwebbed\cobwebbed_0050.jpg,0.04763699263732761,1,True
C:\Users\Hamada.MSI\Desktop\Hamada\lab\data\raw\images\Describable Textures Dataset\images\studded\studded_0189.jpg,0.04789752875474362,1,True
C:\Users\Hamada.MSI\Desktop\Hamada\lab\data\raw\images\Describable Textures Dataset\images\paisley\paisley_0093.jpg,0.048199594915036226,1,True
C:\Users\Hamada.MSI\Desktop\Hamada\lab\data\raw\images\Describable Textures Dataset\images\paisley\paisley_0095.jpg,0.04822950758160023,1,True
C:\Users\Hamada.MSI\Desktop\Hamada\lab\data\raw\images\Describable Textures Dataset\images\marbled\marbled_0116.jpg,0.048546407489683335,1,True
C:\Users\Hamada.MSI\Desktop\Hamada\lab\data\raw\images\McGill Calibrated Color Image Database\Textures\Textures\pippin_Mex07_011.tif,0.0486039752413009,1,True
C:\Users\Hamada.MSI\Desktop\Hamada\lab\data\raw\images\Describable Textures Dataset\images\cobwebbed\cobwebbed_0102.jpg,0.04862299236789832,1,True
C:\Users\Hamada.MSI\Desktop\Hamada\lab\data\raw\images\Describable Textures Dataset\images\braided\braided_0116.jpg,0.04878642455314714,1,True
C:\Users\Hamada.MSI\Desktop\Hamada\lab\data\raw\images\Describable Textures Dataset\images\banded\banded_0110.jpg,0.04885699658569171,1,True
C:\Users\Hamada.MSI\Desktop\Hamada\lab\data\raw\images\Describable Textures Dataset\images\grooved\grooved_0075.jpg,0.04894965530288497,1,True
C:\Users\Hamada.MSI\Desktop\Hamada\lab\data\raw\images\Describable Textures Dataset\images\honeycombed\honeycombed_0097.jpg,0.04927622476828053,1,True
C:\Users\Hamada.MSI\Desktop\Hamada\lab\data\raw\images\Describable Textures Dataset\images\spiralled\spiralled_0088.jpg,0.04951970005936377,1,True
C:\Users\Hamada.MSI\Desktop\Hamada\lab\data\raw\images\Describable Textures Dataset\images\honeycombed\honeycombed_0140.jpg,0.049524086408326125,1,True
C:\Users\Hamada.MSI\Desktop\Hamada\lab\data\raw\images\Describable Textures Dataset\images\lacelike\lacelike_0097.jpg,0.04985861085357241,1,True
C:\Users\Hamada.MSI\Desktop\Hamada\lab\data\raw\images\Describable Textures Dataset\images\knitted\knitted_0173.jpg,0.050269584535983076,1,True
C:\Users\Hamada.MSI\Desktop\Hamada\lab\data\raw\images\Describable Textures Dataset\images\marbled\marbled_0126.jpg,0.050361589799459545,1,True
C:\Users\Hamada.MSI\Desktop\Hamada\lab\data\raw\images\Describable Textures Dataset\images\perforated\perforated_0165.jpg,0.05038385913252256,1,True
C:\Users\Hamada.MSI\Desktop\Hamada\lab\data\raw\images\Describable Textures Dataset\images\wrinkled\wrinkled_0119.jpg,0.050389130323448335,1,True
C:\Users\Hamada.MSI\Desktop\Hamada\lab\data\raw\images\Describable Textures Dataset\images\porous\porous_0139.jpg,0.050507953217122384,1,True
C:\Users\Hamada.MSI\Desktop\Hamada\lab\data\raw\images\Describable Textures Dataset\images\perforated\perforated_0157.jpg,0.05074682619783889,1,True
C:\Users\Hamada.MSI\Desktop\Hamada\lab\data\raw\images\Describable Textures Dataset\images\stratified\stratified_0154.jpg,0.05076638162922287,1,True
C:\Users\Hamada.MSI\Desktop\Hamada\lab\data\raw\images\Describable Textures Dataset\images\chequered\chequered_0198.jpg,0.05077331336480233,1,True
C:\Users\Hamada.MSI\Desktop\Hamada\lab\data\raw\images\Describable Textures Dataset\images\pitted\pitted_0027.jpg,0.050874205844729174,1,True
C:\Users\Hamada.MSI\Desktop\Hamada\lab\data\raw\images\Describable Textures Dataset\images\freckled\freckled_0071.jpg,0.05094100567357019,1,True
C:\Users\Hamada.MSI\Desktop\Hamada\lab\data\raw\images\Describable Textures Dataset\images\porous\porous_0136.jpg,0.0510023047925957,1,True
C:\Users\Hamada.MSI\Desktop\Hamada\lab\data\raw\images\Describable Textures Dataset\images\lined\lined_0129.jpg,0.05105372232124011,1,True
C:\Users\Hamada.MSI\Desktop\Hamada\lab\data\raw\images\Describable Textures Dataset\images\bubbly\bubbly_0109.jpg,0.05114322864896439,1,True
C:\Users\Hamada.MSI\Desktop\Hamada\lab\data\raw\images\Describable Textures Dataset\images\studded\studded_0166.jpg,0.05143042348888789,1,True
C:\Users\Hamada.MSI\Desktop\Hamada\lab\data\raw\images\Describable Textures Dataset\images\pleated\pleated_0118.jpg,0.05165649681927787,1,True
C:\Users\Hamada.MSI\Desktop\Hamada\lab\data\raw\images\Describable Textures Dataset\images\grooved\grooved_0149.jpg,0.05168127767297598,1,True
C:\Users\Hamada.MSI\Desktop\Hamada\lab\data\raw\images\Describable Textures Dataset\images\studded\studded_0111.jpg,0.051816782458497856,1,True
C:\Users\Hamada.MSI\Desktop\Hamada\lab\data\raw\images\Describable Textures Dataset\images\grid\grid_0100.jpg,0.051989664844187,1,True
C:\Users\Hamada.MSI\Desktop\Hamada\lab\data\raw\images\Describable Textures Dataset\images\studded\studded_0198.jpg,0.05212851539324111,1,True
C:\Users\Hamada.MSI\Desktop\Hamada\lab\data\raw\images\Describable Textures Dataset\images\cobwebbed\cobwebbed_0127.jpg,0.05278334622729935,1,True
C:\Users\Hamada.MSI\Desktop\Hamada\lab\data\raw\images\Describable Textures Dataset\images\gauzy\gauzy_0108.jpg,0.053125257954910785,1,True
C:\Users\Hamada.MSI\Desktop\Hamada\lab\data\raw\images\Describable Textures Dataset\images\knitted\knitted_0138.jpg,0.05355030175436207,1,True
C:\Users\Hamada.MSI\Desktop\Hamada\lab\data\raw\images\Describable Textures Dataset\images\scaly\scaly_0220.jpg,0.053712354811994864,1,True
C:\Users\Hamada.MSI\Desktop\Hamada\lab\data\raw\images\Describable Textures Dataset\images\frilly\frilly_0045.jpg,0.054245792364417594,1,True
C:\Users\Hamada.MSI\Desktop\Hamada\lab\data\raw\images\Describable Textures Dataset\images\honeycombed\honeycombed_0175.jpg,0.054590152064215594,1,True
C:\Users\Hamada.MSI\Desktop\Hamada\lab\data\raw\images\Describable Textures Dataset\images\bumpy\bumpy_0181.jpg,0.05475110100446399,1,True
C:\Users\Hamada.MSI\Desktop\Hamada\lab\data\raw\images\Describable Textures Dataset\images\marbled\marbled_0147.jpg,0.05516102313917901,1,True
C:\Users\Hamada.MSI\Desktop\Hamada\lab\data\raw\images\Describable Textures Dataset\images\braided\braided_0102.jpg,0.055164439364084654,1,True
C:\Users\Hamada.MSI\Desktop\Hamada\lab\data\raw\images\Describable Textures Dataset\images\cobwebbed\cobwebbed_0156.jpg,0.05580466981718302,1,True
C:\Users\Hamada.MSI\Desktop\Hamada\lab\data\raw\images\Describable Textures Dataset\images\cobwebbed\cobwebbed_0126.jpg,0.05618226445713289,1,True
C:\Users\Hamada.MSI\Desktop\Hamada\lab\data\raw\images\Describable Textures Dataset\images\wrinkled\wrinkled_0051.jpg,0.05648269143985379,1,True
C:\Users\Hamada.MSI\Desktop\Hamada\lab\data\raw\images\Describable Textures Dataset\images\woven\woven_0055.jpg,0.05669065534172098,1,True
C:\Users\Hamada.MSI\Desktop\Hamada\lab\data\raw\images\Describable Textures Dataset\images\braided\braided_0150.jpg,0.05669075279353931,1,True
C:\Users\Hamada.MSI\Desktop\Hamada\lab\data\raw\images\Describable Textures Dataset\images\studded\studded_0217.jpg,0.05693360445895651,1,True
C:\Users\Hamada.MSI\Desktop\Hamada\lab\data\raw\images\Describable Textures Dataset\images\matted\matted_0055.jpg,0.057644010054442946,1,True
C:\Users\Hamada.MSI\Desktop\Hamada\lab\data\raw\images\Describable Textures Dataset\images\grooved\grooved_0127.jpg,0.057815116611517045,1,True
C:\Users\Hamada.MSI\Desktop\Hamada\lab\data\raw\images\Describable Textures Dataset\images\stratified\stratified_0145.jpg,0.057975760018896566,1,True
C:\Users\Hamada.MSI\Desktop\Hamada\lab\data\raw\images\Describable Textures Dataset\images\lined\lined_0034.jpg,0.058013688008727186,1,True
C:\Users\Hamada.MSI\Desktop\Hamada\lab\data\raw\images\Describable Textures Dataset\images\waffled\waffled_0197.jpg,0.05818800249854393,1,True
C:\Users\Hamada.MSI\Desktop\Hamada\lab\data\raw\images\McGill Calibrated Color Image Database\Textures\Textures\pippin_park0035.tif,0.05820117361531873,1,True
C:\Users\Hamada.MSI\Desktop\Hamada\lab\data\raw\images\Describable Textures Dataset\images\studded\studded_0161.jpg,0.05830153810227862,1,True
C:\Users\Hamada.MSI\Desktop\Hamada\lab\data\raw\images\Describable Textures Dataset\images\braided\braided_0099.jpg,0.05833343581834617,1,True
C:\Users\Hamada.MSI\Desktop\Hamada\lab\data\raw\images\Describable Textures Dataset\images\flecked\flecked_0152.jpg,0.058502990983411204,1,True
C:\Users\Hamada.MSI\Desktop\Hamada\lab\data\raw\images\Describable Textures Dataset\images\dotted\dotted_0179.jpg,0.05857462705004615,1,True
C:\Users\Hamada.MSI\Desktop\Hamada\lab\data\raw\images\Describable Textures Dataset\images\marbled\marbled_0155.jpg,0.058938673170773205,1,True
C:\Users\Hamada.MSI\Desktop\Hamada\lab\data\raw\images\Describable Textures Dataset\images\studded\studded_0192.jpg,0.05897942452735694,1,True
C:\Users\Hamada.MSI\Desktop\Hamada\lab\data\raw\images\Describable Textures Dataset\images\blotchy\blotchy_0117.jpg,0.059140688041965234,1,True
C:\Users\Hamada.MSI\Desktop\Hamada\lab\data\raw\images\Describable Textures Dataset\images\dotted\dotted_0061.jpg,0.05917981544908618,1,True
C:\Users\Hamada.MSI\Desktop\Hamada\lab\data\raw\images\Describable Textures Dataset\images\marbled\marbled_0133.jpg,0.05918933689479411,1,True
C:\Users\Hamada.MSI\Desktop\Hamada\lab\data\raw\images\Describable Textures Dataset\images\potholed\potholed_0122.jpg,0.059412418677738305,1,True
C:\Users\Hamada.MSI\Desktop\Hamada\lab\data\raw\images\Describable Textures Dataset\images\polka-dotted\polka-dotted_0229.jpg,0.059513536675339845,1,True
C:\Users\Hamada.MSI\Desktop\Hamada\lab\data\raw\images\Describable Textures Dataset\images\studded\studded_0199.jpg,0.059564139452203485,1,True
C:\Users\Hamada.MSI\Desktop\Hamada\lab\data\raw\images\Describable Textures Dataset\images\honeycombed\honeycombed_0147.jpg,0.05958809531603164,1,True
C:\Users\Hamada.MSI\Desktop\Hamada\lab\data\raw\images\Describable Textures Dataset\images\sprinkled\sprinkled_0014.jpg,0.05979465977440836,1,True
C:\Users\Hamada.MSI\Desktop\Hamada\lab\data\raw\images\Describable Textures Dataset\images\paisley\paisley_0018.jpg,0.06009394219095266,1,True
C:\Users\Hamada.MSI\Desktop\Hamada\lab\data\raw\images\Describable Textures Dataset\images\cobwebbed\cobwebbed_0044.jpg,0.06039138830289998,1,True
C:\Users\Hamada.MSI\Desktop\Hamada\lab\data\raw\images\Describable Textures Dataset\images\flecked\flecked_0105.jpg,0.06044484905018887,1,True
C:\Users\Hamada.MSI\Desktop\Hamada\lab\data\raw\images\Describable Textures Dataset\images\pleated\pleated_0170.jpg,0.06070403728358317,1,True
C:\Users\Hamada.MSI\Desktop\Hamada\lab\data\raw\images\Describable Textures Dataset\images\braided\braided_0149.jpg,0.06070624143683526,1,True
C:\Users\Hamada.MSI\Desktop\Hamada\lab\data\raw\images\Describable Textures Dataset\images\waffled\waffled_0144.jpg,0.06083826161066995,1,True
C:\Users\Hamada.MSI\Desktop\Hamada\lab\data\raw\images\Describable Textures Dataset\images\pleated\pleated_0153.jpg,0.06098466971094108,1,True
C:\Users\Hamada.MSI\Desktop\Hamada\lab\data\raw\images\Describable Textures Dataset\images\spiralled\spiralled_0018.jpg,0.0609877871483703,1,True
C:\Users\Hamada.MSI\Desktop\Hamada\lab\data\raw\images\Describable Textures Dataset\images\spiralled\spiralled_0046.jpg,0.06114105156638601,1,True
C:\Users\Hamada.MSI\Desktop\Hamada\lab\data\raw\images\Describable Textures Dataset\images\flecked\flecked_0160.jpg,0.06115423440931705,1,True
C:\Users\Hamada.MSI\Desktop\Hamada\lab\data\raw\images\Describable Textures Dataset\images\studded\studded_0165.jpg,0.06117588677795598,1,True
C:\Users\Hamada.MSI\Desktop\Hamada\lab\data\raw\images\Describable Textures Dataset\images\crosshatched\crosshatched_0115.jpg,0.061268321996137194,1,True
C:\Users\Hamada.MSI\Desktop\Hamada\lab\data\raw\images\Describable Textures Dataset\images\waffled\waffled_0128.jpg,0.061301129121252844,1,True
C:\Users\Hamada.MSI\Desktop\Hamada\lab\data\raw\images\Describable Textures Dataset\images\striped\striped_0056.jpg,0.061336714210182414,1,True
C:\Users\Hamada.MSI\Desktop\Hamada\lab\data\raw\images\Describable Textures Dataset\images\wrinkled\wrinkled_0095.jpg,0.061445293642406675,1,True
C:\Users\Hamada.MSI\Desktop\Hamada\lab\data\raw\images\Describable Textures Dataset\images\pleated\pleated_0050.jpg,0.06183035895192267,1,True
C:\Users\Hamada.MSI\Desktop\Hamada\lab\data\raw\images\Describable Textures Dataset\images\perforated\perforated_0148.jpg,0.06238245611921316,1,True
C:\Users\Hamada.MSI\Desktop\Hamada\lab\data\raw\images\Describable Textures Dataset\images\woven\woven_0086.jpg,0.062426410734910856,1,True
C:\Users\Hamada.MSI\Desktop\Hamada\lab\data\raw\images\Describable Textures Dataset\images\knitted\knitted_0148.jpg,0.06253022968168812,1,True
C:\Users\Hamada.MSI\Desktop\Hamada\lab\data\raw\images\Describable Textures Dataset\images\paisley\paisley_0060.jpg,0.06266843973896466,1,True
C:\Users\Hamada.MSI\Desktop\Hamada\lab\data\raw\images\Describable Textures Dataset\images\veined\veined_0155.jpg,0.06285856177781576,1,True
C:\Users\Hamada.MSI\Desktop\Hamada\lab\data\raw\images\Describable Textures Dataset\images\marbled\marbled_0035.jpg,0.0630120887919798,1,True
C:\Users\Hamada.MSI\Desktop\Hamada\lab\data\raw\images\Describable Textures Dataset\images\sprinkled\sprinkled_0089.jpg,0.06318389892971246,1,True
C:\Users\Hamada.MSI\Desktop\Hamada\lab\data\raw\images\Describable Textures Dataset\images\paisley\paisley_0099.jpg,0.06328448668977049,1,True
C:\Users\Hamada.MSI\Desktop\Hamada\lab\data\raw\images\Describable Textures Dataset\images\waffled\waffled_0139.jpg,0.0633326608184268,1,True
C:\Users\Hamada.MSI\Desktop\Hamada\lab\data\raw\images\Describable Textures Dataset\images\flecked\flecked_0065.jpg,0.06358234072600195,1,True
C:\Users\Hamada.MSI\Desktop\Hamada\lab\data\raw\images\Describable Textures Dataset\images\wrinkled\wrinkled_0053.jpg,0.06368670481208102,1,True
C:\Users\Hamada.MSI\Desktop\Hamada\lab\data\raw\images\Describable Textures Dataset\images\honeycombed\honeycombed_0069.jpg,0.0636924545715083,1,True
C:\Users\Hamada.MSI\Desktop\Hamada\lab\data\raw\images\Describable Textures Dataset\images\pitted\pitted_0154.jpg,0.06407828487470106,1,True
C:\Users\Hamada.MSI\Desktop\Hamada\lab\data\raw\images\Describable Textures Dataset\images\woven\woven_0021.jpg,0.06443209830595004,1,True
C:\Users\Hamada.MSI\Desktop\Hamada\lab\data\raw\images\Describable Textures Dataset\images\woven\woven_0078.jpg,0.06444135739165857,1,True
C:\Users\Hamada.MSI\Desktop\Hamada\lab\data\raw\images\Describable Textures Dataset\images\cobwebbed\cobwebbed_0148.jpg,0.06459198324103169,1,True
C:\Users\Hamada.MSI\Desktop\Hamada\lab\data\raw\images\Describable Textures Dataset\images\wrinkled\wrinkled_0078.jpg,0.06470268580163041,1,True
C:\Users\Hamada.MSI\Desktop\Hamada\lab\data\raw\images\Describable Textures Dataset\images\pitted\pitted_0149.jpg,0.0647317365343018,1,True
C:\Users\Hamada.MSI\Desktop\Hamada\lab\data\raw\images\Describable Textures Dataset\images\woven\woven_0039.jpg,0.06487113799360357,1,True
C:\Users\Hamada.MSI\Desktop\Hamada\lab\data\raw\images\Describable Textures Dataset\images\interlaced\interlaced_0107.jpg,0.06491269054571909,1,True
C:\Users\Hamada.MSI\Desktop\Hamada\lab\data\raw\images\Describable Textures Dataset\images\banded\banded_0102.jpg,0.06491847849244338,1,True
C:\Users\Hamada.MSI\Desktop\Hamada\lab\data\raw\images\Describable Textures Dataset\images\stained\stained_0124.jpg,0.06499596351442047,1,True
C:\Users\Hamada.MSI\Desktop\Hamada\lab\data\raw\images\Describable Textures Dataset\images\marbled\marbled_0121.jpg,0.06504745052820174,1,True
C:\Users\Hamada.MSI\Desktop\Hamada\lab\data\raw\images\Describable Textures Dataset\images\studded\studded_0126.jpg,0.0651569996098047,1,True
C:\Users\Hamada.MSI\Desktop\Hamada\lab\data\raw\images\Describable Textures Dataset\images\flecked\flecked_0129.jpg,0.06556809034889925,1,True
C:\Users\Hamada.MSI\Desktop\Hamada\lab\data\raw\images\Describable Textures Dataset\images\pitted\pitted_0108.jpg,0.06561616052082349,1,True
C:\Users\Hamada.MSI\Desktop\Hamada\lab\data\raw\images\Describable Textures Dataset\images\flecked\flecked_0060.jpg,0.06564453551508004,1,True
C:\Users\Hamada.MSI\Desktop\Hamada\lab\data\raw\images\Describable Textures Dataset\images\zigzagged\zigzagged_0072.jpg,0.06565145090023744,1,True
C:\Users\Hamada.MSI\Desktop\Hamada\lab\data\raw\images\Describable Textures Dataset\images\pitted\pitted_0077.jpg,0.06602724419451496,1,True
C:\Users\Hamada.MSI\Desktop\Hamada\lab\data\raw\images\Describable Textures Dataset\images\bumpy\bumpy_0161.jpg,0.06608756625708503,1,True
C:\Users\Hamada.MSI\Desktop\Hamada\lab\data\raw\images\Describable Textures Dataset\images\flecked\flecked_0136.jpg,0.06610378119224887,1,True
C:\Users\Hamada.MSI\Desktop\Hamada\lab\data\raw\images\Describable Textures Dataset\images\freckled\freckled_0052.jpg,0.06636929201968324,1,True
C:\Users\Hamada.MSI\Desktop\Hamada\lab\data\raw\images\Describable Textures Dataset\images\chequered\chequered_0170.jpg,0.06647474250381165,1,True
C:\Users\Hamada.MSI\Desktop\Hamada\lab\data\raw\images\Describable Textures Dataset\images\waffled\waffled_0193.jpg,0.06661596301576429,1,True
C:\Users\Hamada.MSI\Desktop\Hamada\lab\data\raw\images\Describable Textures Dataset\images\interlaced\interlaced_0177.jpg,0.06665574926434467,1,True
C:\Users\Hamada.MSI\Desktop\Hamada\lab\data\raw\images\Describable Textures Dataset\images\studded\studded_0117.jpg,0.06667967210574814,1,True
C:\Users\Hamada.MSI\Desktop\Hamada\lab\data\raw\images\Describable Textures Dataset\images\knitted\knitted_0089.jpg,0.06674394587077083,1,True
C:\Users\Hamada.MSI\Desktop\Hamada\lab\data\raw\images\Describable Textures Dataset\images\polka-dotted\polka-dotted_0135.jpg,0.06675000268385105,1,True
C:\Users\Hamada.MSI\Desktop\Hamada\lab\data\raw\images\Describable Textures Dataset\images\pleated\pleated_0127.jpg,0.06711487887095079,1,True
C:\Users\Hamada.MSI\Desktop\Hamada\lab\data\raw\images\Describable Textures Dataset\images\chequered\chequered_0070.jpg,0.06713471127355344,1,True
C:\Users\Hamada.MSI\Desktop\Hamada\lab\data\raw\images\Describable Textures Dataset\images\marbled\marbled_0160.jpg,0.06715248235134837,1,True
C:\Users\Hamada.MSI\Desktop\Hamada\lab\data\raw\images\Describable Textures Dataset\images\smeared\smeared_0118.jpg,0.0671829089395699,1,True
C:\Users\Hamada.MSI\Desktop\Hamada\lab\data\raw\images\Describable Textures Dataset\images\banded\banded_0141.jpg,0.06735458422642944,1,True
C:\Users\Hamada.MSI\Desktop\Hamada\lab\data\raw\images\Describable Textures Dataset\images\woven\woven_0093.jpg,0.06748676325592577,1,True
C:\Users\Hamada.MSI\Desktop\Hamada\lab\data\raw\images\Describable Textures Dataset\images\bubbly\bubbly_0101.jpg,0.06752269228807395,1,True
C:\Users\Hamada.MSI\Desktop\Hamada\lab\data\raw\images\Describable Textures Dataset\images\swirly\swirly_0076.jpg,0.06767345900641385,1,True
C:\Users\Hamada.MSI\Desktop\Hamada\lab\data\raw\images\Describable Textures Dataset\images\stained\stained_0127.jpg,0.06769950510647711,1,True
C:\Users\Hamada.MSI\Desktop\Hamada\lab\data\raw\images\Describable Textures Dataset\images\crosshatched\crosshatched_0103.jpg,0.06772156421743554,1,True
C:\Users\Hamada.MSI\Desktop\Hamada\lab\data\raw\images\Describable Textures Dataset\images\perforated\perforated_0153.jpg,0.0680833178288738,1,True
C:\Users\Hamada.MSI\Desktop\Hamada\lab\data\raw\images\Describable Textures Dataset\images\braided\braided_0131.jpg,0.06813250168104115,1,True
C:\Users\Hamada.MSI\Desktop\Hamada\lab\data\raw\images\Describable Textures Dataset\images\spiralled\spiralled_0097.jpg,0.0681828126823337,1,True
C:\Users\Hamada.MSI\Desktop\Hamada\lab\data\raw\images\Describable Textures Dataset\images\studded\studded_0206.jpg,0.068218393362978,1,True
C:\Users\Hamada.MSI\Desktop\Hamada\lab\data\raw\images\Describable Textures Dataset\images\crystalline\crystalline_0208.jpg,0.06831535977302672,1,True
C:\Users\Hamada.MSI\Desktop\Hamada\lab\data\raw\images\Describable Textures Dataset\images\cobwebbed\cobwebbed_0091.jpg,0.06843066216472962,1,True
C:\Users\Hamada.MSI\Desktop\Hamada\lab\data\raw\images\Describable Textures Dataset\images\wrinkled\wrinkled_0013.jpg,0.06849054847470534,1,True
C:\Users\Hamada.MSI\Desktop\Hamada\lab\data\raw\images\Describable Textures Dataset\images\perforated\perforated_0169.jpg,0.06858672646355578,1,True
C:\Users\Hamada.MSI\Desktop\Hamada\lab\data\raw\images\Describable Textures Dataset\images\crystalline\crystalline_0155.jpg,0.06864739039285571,1,True
C:\Users\Hamada.MSI\Desktop\Hamada\lab\data\raw\images\Describable Textures Dataset\images\woven\woven_0050.jpg,0.06870522290282237,1,True
C:\Users\Hamada.MSI\Desktop\Hamada\lab\data\raw\images\Describable Textures Dataset\images\wrinkled\wrinkled_0049.jpg,0.06881088141149753,1,True
C:\Users\Hamada.MSI\Desktop\Hamada\lab\data\raw\images\Describable Textures Dataset\images\polka-dotted\polka-dotted_0095.jpg,0.06893546501131338,1,True
C:\Users\Hamada.MSI\Desktop\Hamada\lab\data\raw\images\Describable Textures Dataset\images\swirly\swirly_0085.jpg,0.06898371843873757,1,True
C:\Users\Hamada.MSI\Desktop\Hamada\lab\data\raw\images\Describable Textures Dataset\images\knitted\knitted_0180.jpg,0.06907789805966498,1,True
C:\Users\Hamada.MSI\Desktop\Hamada\lab\data\raw\images\Describable Textures Dataset\images\knitted\knitted_0143.jpg,0.06912429237625638,1,True
C:\Users\Hamada.MSI\Desktop\Hamada\lab\data\raw\images\Describable Textures Dataset\images\polka-dotted\polka-dotted_0069.jpg,0.06914214479906627,1,True
C:\Users\Hamada.MSI\Desktop\Hamada\lab\data\raw\images\Describable Textures Dataset\images\studded\studded_0195.jpg,0.06919488613519914,1,True
C:\Users\Hamada.MSI\Desktop\Hamada\lab\data\raw\images\Describable Textures Dataset\images\paisley\paisley_0040.jpg,0.0692028904969321,1,True
C:\Users\Hamada.MSI\Desktop\Hamada\lab\data\raw\images\Describable Textures Dataset\images\woven\woven_0076.jpg,0.06922024248919094,1,True
C:\Users\Hamada.MSI\Desktop\Hamada\lab\data\raw\images\Describable Textures Dataset\images\cobwebbed\cobwebbed_0159.jpg,0.0695348121446951,1,True
C:\Users\Hamada.MSI\Desktop\Hamada\lab\data\raw\images\Describable Textures Dataset\images\grid\grid_0071.jpg,0.06953533578950888,1,True
C:\Users\Hamada.MSI\Desktop\Hamada\lab\data\raw\images\Describable Textures Dataset\images\fibrous\fibrous_0188.jpg,0.0699186740646512,1,True
C:\Users\Hamada.MSI\Desktop\Hamada\lab\data\raw\images\Describable Textures Dataset\images\stratified\stratified_0125.jpg,0.07017371301110412,1,True
C:\Users\Hamada.MSI\Desktop\Hamada\lab\data\raw\images\Describable Textures Dataset\images\spiralled\spiralled_0112.jpg,0.07021742043958488,1,True
C:\Users\Hamada.MSI\Desktop\Hamada\lab\data\raw\images\Describable Textures Dataset\images\paisley\paisley_0088.jpg,0.07035699784754736,1,True
C:\Users\Hamada.MSI\Desktop\Hamada\lab\data\raw\images\Describable Textures Dataset\images\polka-dotted\polka-dotted_0196.jpg,0.07035770257761356,1,True
C:\Users\Hamada.MSI\Desktop\Hamada\lab\data\raw\images\Describable Textures Dataset\images\polka-dotted\polka-dotted_0212.jpg,0.07039032406456806,1,True
C:\Users\Hamada.MSI\Desktop\Hamada\lab\data\raw\images\Describable Textures Dataset\images\polka-dotted\polka-dotted_0198.jpg,0.07050909588738496,1,True
C:\Users\Hamada.MSI\Desktop\Hamada\lab\data\raw\images\Describable Textures Dataset\images\cracked\cracked_0164.jpg,0.07050977915584904,1,True
C:\Users\Hamada.MSI\Desktop\Hamada\lab\data\raw\images\Describable Textures Dataset\images\wrinkled\wrinkled_0140.jpg,0.07057137308381528,1,True
C:\Users\Hamada.MSI\Desktop\Hamada\lab\data\raw\images\Describable Textures Dataset\images\grid\grid_0031.jpg,0.07069499604251164,1,True
C:\Users\Hamada.MSI\Desktop\Hamada\lab\data\raw\images\Describable Textures Dataset\images\blotchy\blotchy_0019.jpg,0.0706952485955564,1,True
C:\Users\Hamada.MSI\Desktop\Hamada\lab\data\raw\images\Describable Textures Dataset\images\knitted\knitted_0187.jpg,0.07073261892444499,1,True
C:\Users\Hamada.MSI\Desktop\Hamada\lab\data\raw\images\Describable Textures Dataset\images\bumpy\bumpy_0138.jpg,0.07074562038497041,1,True
C:\Users\Hamada.MSI\Desktop\Hamada\lab\data\raw\images\Describable Textures Dataset\images\polka-dotted\polka-dotted_0195.jpg,0.07074665067083537,1,True
C:\Users\Hamada.MSI\Desktop\Hamada\lab\data\raw\images\Describable Textures Dataset\images\grid\grid_0078.jpg,0.07091609834567691,1,True
C:\Users\Hamada.MSI\Desktop\Hamada\lab\data\raw\images\Describable Textures Dataset\images\grooved\grooved_0117.jpg,0.07096336735361324,1,True
C:\Users\Hamada.MSI\Desktop\Hamada\lab\data\raw\images\Describable Textures Dataset\images\studded\studded_0187.jpg,0.07106549133120521,1,True
C:\Users\Hamada.MSI\Desktop\Hamada\lab\data\raw\images\Describable Textures Dataset\images\marbled\marbled_0128.jpg,0.07107298533840901,1,True
C:\Users\Hamada.MSI\Desktop\Hamada\lab\data\raw\images\Describable Textures Dataset\images\studded\studded_0170.jpg,0.07108553882082706,1,True
C:\Users\Hamada.MSI\Desktop\Hamada\lab\data\raw\images\Describable Textures Dataset\images\scaly\scaly_0158.jpg,0.07110376945970438,1,True
C:\Users\Hamada.MSI\Desktop\Hamada\lab\data\raw\images\Describable Textures Dataset\images\waffled\waffled_0110.jpg,0.07111415501625853,1,True
C:\Users\Hamada.MSI\Desktop\Hamada\lab\data\raw\images\Describable Textures Dataset\images\knitted\knitted_0114.jpg,0.07114351670367891,1,True
C:\Users\Hamada.MSI\Desktop\Hamada\lab\data\raw\images\Describable Textures Dataset\images\veined\veined_0068.jpg,0.0711445494264567,1,True
C:\Users\Hamada.MSI\Desktop\Hamada\lab\data\raw\images\Describable Textures Dataset\images\fibrous\fibrous_0158.jpg,0.07128068229142831,1,True
C:\Users\Hamada.MSI\Desktop\Hamada\lab\data\raw\images\Describable Textures Dataset\images\cobwebbed\cobwebbed_0160.jpg,0.07140402953841182,1,True
C:\Users\Hamada.MSI\Desktop\Hamada\lab\data\raw\images\Describable Textures Dataset\images\lacelike\lacelike_0111.jpg,0.07144559141193368,1,True
C:\Users\Hamada.MSI\Desktop\Hamada\lab\data\raw\images\Describable Textures Dataset\images\crystalline\crystalline_0106.jpg,0.0716513250350798,1,True
C:\Users\Hamada.MSI\Desktop\Hamada\lab\data\raw\images\Describable Textures Dataset\images\crosshatched\crosshatched_0106.jpg,0.07176658919281906,1,True
C:\Users\Hamada.MSI\Desktop\Hamada\lab\data\raw\images\Describable Textures Dataset\images\studded\studded_0181.jpg,0.07181197648546996,1,True
C:\Users\Hamada.MSI\Desktop\Hamada\lab\data\raw\images\Describable Textures Dataset\images\stratified\stratified_0124.jpg,0.07191249259073401,1,True
C:\Users\Hamada.MSI\Desktop\Hamada\lab\data\raw\images\Describable Textures Dataset\images\studded\studded_0211.jpg,0.07217039154702463,1,True
C:\Users\Hamada.MSI\Desktop\Hamada\lab\data\raw\images\Describable Textures Dataset\images\studded\studded_0207.jpg,0.07245059763177401,1,True
C:\Users\Hamada.MSI\Desktop\Hamada\lab\data\raw\images\Describable Textures Dataset\images\blotchy\blotchy_0070.jpg,0.07266718392080089,1,True
C:\Users\Hamada.MSI\Desktop\Hamada\lab\data\raw\images\Describable Textures Dataset\images\meshed\meshed_0099.jpg,0.0728480990321037,1,True
C:\Users\Hamada.MSI\Desktop\Hamada\lab\data\raw\images\Describable Textures Dataset\images\grid\grid_0040.jpg,0.072865518780998,1,True
C:\Users\Hamada.MSI\Desktop\Hamada\lab\data\raw\images\Describable Textures Dataset\images\pitted\pitted_0005.jpg,0.07295682611078576,1,True
C:\Users\Hamada.MSI\Desktop\Hamada\lab\data\raw\images\Describable Textures Dataset\images\polka-dotted\polka-dotted_0140.jpg,0.07305727711130329,1,True
C:\Users\Hamada.MSI\Desktop\Hamada\lab\data\raw\images\Describable Textures Dataset\images\braided\braided_0002.jpg,0.0731447307246654,1,True
C:\Users\Hamada.MSI\Desktop\Hamada\lab\data\raw\images\Describable Textures Dataset\images\woven\woven_0118.jpg,0.07314485406345209,1,True
C:\Users\Hamada.MSI\Desktop\Hamada\lab\data\raw\images\Describable Textures Dataset\images\studded\studded_0188.jpg,0.07316079711772552,1,True
C:\Users\Hamada.MSI\Desktop\Hamada\lab\data\raw\images\Describable Textures Dataset\images\matted\matted_0091.jpg,0.07341308948702913,1,True
C:\Users\Hamada.MSI\Desktop\Hamada\lab\data\raw\images\Describable Textures Dataset\images\polka-dotted\polka-dotted_0169.jpg,0.0735284833562925,1,True
C:\Users\Hamada.MSI\Desktop\Hamada\lab\data\raw\images\Describable Textures Dataset\images\swirly\swirly_0175.jpg,0.07358444574172926,1,True
C:\Users\Hamada.MSI\Desktop\Hamada\lab\data\raw\images\Describable Textures Dataset\images\studded\studded_0139.jpg,0.07360008417835406,1,True
C:\Users\Hamada.MSI\Desktop\Hamada\lab\data\raw\images\Describable Textures Dataset\images\crystalline\crystalline_0215.jpg,0.07360148581435995,1,True
C:\Users\Hamada.MSI\Desktop\Hamada\lab\data\raw\images\Describable Textures Dataset\images\freckled\freckled_0172.jpg,0.07361476202971869,1,True
C:\Users\Hamada.MSI\Desktop\Hamada\lab\data\raw\images\Describable Textures Dataset\images\crosshatched\crosshatched_0147.jpg,0.07400046105845993,1,True
C:\Users\Hamada.MSI\Desktop\Hamada\lab\data\raw\images\Describable Textures Dataset\images\porous\porous_0133.jpg,0.07407093735745424,1,True
C:\Users\Hamada.MSI\Desktop\Hamada\lab\data\raw\images\Describable Textures Dataset\images\cobwebbed\cobwebbed_0055.jpg,0.07408125226250126,1,True
C:\Users\Hamada.MSI\Desktop\Hamada\lab\data\raw\images\Describable Textures Dataset\images\scaly\scaly_0165.jpg,0.07409009137736142,1,True
C:\Users\Hamada.MSI\Desktop\Hamada\lab\data\raw\images\Describable Textures Dataset\images\studded\studded_0184.jpg,0.07420110912397172,1,True
C:\Users\Hamada.MSI\Desktop\Hamada\lab\data\raw\images\Describable Textures Dataset\images\lined\lined_0114.jpg,0.0743160827109,1,True
C:\Users\Hamada.MSI\Desktop\Hamada\lab\data\raw\images\Describable Textures Dataset\images\stratified\stratified_0167.jpg,0.07438355987035081,1,True
C:\Users\Hamada.MSI\Desktop\Hamada\lab\data\raw\images\Describable Textures Dataset\images\woven\woven_0116.jpg,0.07441782780036323,1,True
C:\Users\Hamada.MSI\Desktop\Hamada\lab\data\raw\images\Describable Textures Dataset\images\knitted\knitted_0170.jpg,0.07452916773658502,1,True
C:\Users\Hamada.MSI\Desktop\Hamada\lab\data\raw\images\Describable Textures Dataset\images\cobwebbed\cobwebbed_0073.jpg,0.07456578538622143,1,True
C:\Users\Hamada.MSI\Desktop\Hamada\lab\data\raw\images\Describable Textures Dataset\images\meshed\meshed_0039.jpg,0.07473629556240331,1,True
C:\Users\Hamada.MSI\Desktop\Hamada\lab\data\raw\images\Describable Textures Dataset\images\stratified\stratified_0158.jpg,0.07476804391097223,1,True
C:\Users\Hamada.MSI\Desktop\Hamada\lab\data\raw\images\Describable Textures Dataset\images\frilly\frilly_0030.jpg,0.07483127604379183,1,True
C:\Users\Hamada.MSI\Desktop\Hamada\lab\data\raw\images\Describable Textures Dataset\images\knitted\knitted_0168.jpg,0.07492155317088976,1,True
C:\Users\Hamada.MSI\Desktop\Hamada\lab\data\raw\images\Describable Textures Dataset\images\braided\braided_0103.jpg,0.07528103848625839,1,True
C:\Users\Hamada.MSI\Desktop\Hamada\lab\data\raw\images\Describable Textures Dataset\images\flecked\flecked_0138.jpg,0.07564560402915049,1,True
C:\Users\Hamada.MSI\Desktop\Hamada\lab\data\raw\images\Describable Textures Dataset\images\wrinkled\wrinkled_0110.jpg,0.07568404156509499,1,True
C:\Users\Hamada.MSI\Desktop\Hamada\lab\data\raw\images\Describable Textures Dataset\images\studded\studded_0072.jpg,0.07593776132180798,1,True
C:\Users\Hamada.MSI\Desktop\Hamada\lab\data\raw\images\Describable Textures Dataset\images\meshed\meshed_0110.jpg,0.07624433927130518,1,True
C:\Users\Hamada.MSI\Desktop\Hamada\lab\data\raw\images\Describable Textures Dataset\images\perforated\perforated_0138.jpg,0.07626280346843939,1,True
C:\Users\Hamada.MSI\Desktop\Hamada\lab\data\raw\images\Describable Textures Dataset\images\braided\braided_0187.jpg,0.07645358272996777,1,True
C:\Users\Hamada.MSI\Desktop\Hamada\lab\data\raw\images\Describable Textures Dataset\images\knitted\knitted_0154.jpg,0.07678719884808852,1,True
C:\Users\Hamada.MSI\Desktop\Hamada\lab\data\raw\images\Describable Textures Dataset\images\flecked\flecked_0091.jpg,0.07680803735525321,1,True
C:\Users\Hamada.MSI\Desktop\Hamada\lab\data\raw\images\Describable Textures Dataset\images\striped\striped_0086.jpg,0.07684833960913122,1,True
C:\Users\Hamada.MSI\Desktop\Hamada\lab\data\raw\images\Describable Textures Dataset\images\sprinkled\sprinkled_0122.jpg,0.07690901187046877,1,True
C:\Users\Hamada.MSI\Desktop\Hamada\lab\data\raw\images\Describable Textures Dataset\images\spiralled\spiralled_0105.jpg,0.07695396417841308,1,True
C:\Users\Hamada.MSI\Desktop\Hamada\lab\data\raw\images\Describable Textures Dataset\images\pitted\pitted_0009.jpg,0.07703240125339096,1,True
C:\Users\Hamada.MSI\Desktop\Hamada\lab\data\raw\images\Describable Textures Dataset\images\scaly\scaly_0134.jpg,0.07710500029489478,1,True
C:\Users\Hamada.MSI\Desktop\Hamada\lab\data\raw\images\Describable Textures Dataset\images\crosshatched\crosshatched_0049.jpg,0.07724225815059671,1,True
C:\Users\Hamada.MSI\Desktop\Hamada\lab\data\raw\images\Describable Textures Dataset\images\frilly\frilly_0109.jpg,0.07731252705540963,1,True
C:\Users\Hamada.MSI\Desktop\Hamada\lab\data\raw\images\Describable Textures Dataset\images\bumpy\bumpy_0174.jpg,0.07737027182867764,1,True
C:\Users\Hamada.MSI\Desktop\Hamada\lab\data\raw\images\Describable Textures Dataset\images\blotchy\blotchy_0081.jpg,0.07739451079113538,1,True
C:\Users\Hamada.MSI\Desktop\Hamada\lab\data\raw\images\Describable Textures Dataset\images\studded\studded_0203.jpg,0.07751467829532706,1,True
C:\Users\Hamada.MSI\Desktop\Hamada\lab\data\raw\images\Describable Textures Dataset\images\braided\braided_0154.jpg,0.07752678201792851,1,True
C:\Users\Hamada.MSI\Desktop\Hamada\lab\data\raw\images\Describable Textures Dataset\images\frilly\frilly_0110.jpg,0.07753064869534912,1,True
C:\Users\Hamada.MSI\Desktop\Hamada\lab\data\raw\images\Describable Textures Dataset\images\knitted\knitted_0181.jpg,0.07762265742273879,1,True
C:\Users\Hamada.MSI\Desktop\Hamada\lab\data\raw\images\Describable Textures Dataset\images\knitted\knitted_0125.jpg,0.07780081822714496,1,True
C:\Users\Hamada.MSI\Desktop\Hamada\lab\data\raw\images\Describable Textures Dataset\images\pitted\pitted_0160.jpg,0.07783725840066351,1,True
C:\Users\Hamada.MSI\Desktop\Hamada\lab\data\raw\images\Describable Textures Dataset\images\studded\studded_0022.jpg,0.07857411528269104,1,True
C:\Users\Hamada.MSI\Desktop\Hamada\lab\data\raw\images\Describable Textures Dataset\images\lacelike\lacelike_0071.jpg,0.07885919595002897,1,True
C:\Users\Hamada.MSI\Desktop\Hamada\lab\data\raw\images\Describable Textures Dataset\images\scaly\scaly_0225.jpg,0.07896617166074285,1,True
C:\Users\Hamada.MSI\Desktop\Hamada\lab\data\raw\images\Describable Textures Dataset\images\pitted\pitted_0081.jpg,0.07905517922083286,1,True
C:\Users\Hamada.MSI\Desktop\Hamada\lab\data\raw\images\Describable Textures Dataset\images\paisley\paisley_0063.jpg,0.07909520535041172,1,True
C:\Users\Hamada.MSI\Desktop\Hamada\lab\data\raw\images\Describable Textures Dataset\images\dotted\dotted_0115.jpg,0.0791663185026262,1,True
C:\Users\Hamada.MSI\Desktop\Hamada\lab\data\raw\images\Describable Textures Dataset\images\knitted\knitted_0200.jpg,0.07925551854640588,1,True
C:\Users\Hamada.MSI\Desktop\Hamada\lab\data\raw\images\Describable Textures Dataset\images\banded\banded_0116.jpg,0.07930200115511644,1,True
C:\Users\Hamada.MSI\Desktop\Hamada\lab\data\raw\images\Describable Textures Dataset\images\swirly\swirly_0061.jpg,0.07938020434163882,1,True
C:\Users\Hamada.MSI\Desktop\Hamada\lab\data\raw\images\Describable Textures Dataset\images\bumpy\bumpy_0132.jpg,0.07938218301504717,1,True
C:\Users\Hamada.MSI\Desktop\Hamada\lab\data\raw\images\Describable Textures Dataset\images\matted\matted_0116.jpg,0.07939261180907749,1,True
C:\Users\Hamada.MSI\Desktop\Hamada\lab\data\raw\images\Describable Textures Dataset\images\interlaced\interlaced_0101.jpg,0.07941252707785816,1,True
C:\Users\Hamada.MSI\Desktop\Hamada\lab\data\raw\images\Describable Textures Dataset\images\chequered\chequered_0152.jpg,0.07945311718958277,1,True
C:\Users\Hamada.MSI\Desktop\Hamada\lab\data\raw\images\Describable Textures Dataset\images\flecked\flecked_0111.jpg,0.07958989508004939,1,True
C:\Users\Hamada.MSI\Desktop\Hamada\lab\data\raw\images\Describable Textures Dataset\images\cobwebbed\cobwebbed_0081.jpg,0.07964891378960064,1,True
C:\Users\Hamada.MSI\Desktop\Hamada\lab\data\raw\images\Describable Textures Dataset\images\studded\studded_0171.jpg,0.07966157630108056,1,True
C:\Users\Hamada.MSI\Desktop\Hamada\lab\data\raw\images\Describable Textures Dataset\images\stained\stained_0056.jpg,0.07977311634871788,1,True
C:\Users\Hamada.MSI\Desktop\Hamada\lab\data\raw\images\Describable Textures Dataset\images\smeared\smeared_0103.jpg,0.07986998203570737,1,True
C:\Users\Hamada.MSI\Desktop\Hamada\lab\data\raw\images\Describable Textures Dataset\images\waffled\waffled_0155.jpg,0.07993922422503548,1,True
C:\Users\Hamada.MSI\Desktop\Hamada\lab\data\raw\images\Describable Textures Dataset\images\striped\striped_0118.jpg,0.08009276695893,1,True
C:\Users\Hamada.MSI\Desktop\Hamada\lab\data\raw\images\Describable Textures Dataset\images\stratified\stratified_0050.jpg,0.0800969478690724,1,True
C:\Users\Hamada.MSI\Desktop\Hamada\lab\data\raw\images\Describable Textures Dataset\images\dotted\dotted_0122.jpg,0.08014063962210283,1,True
C:\Users\Hamada.MSI\Desktop\Hamada\lab\data\raw\images\Describable Textures Dataset\images\blotchy\blotchy_0137.jpg,0.08020395778562867,1,True
C:\Users\Hamada.MSI\Desktop\Hamada\lab\data\raw\images\Describable Textures Dataset\images\knitted\knitted_0188.jpg,0.08026285335380626,1,True
C:\Users\Hamada.MSI\Desktop\Hamada\lab\data\raw\images\Describable Textures Dataset\images\wrinkled\wrinkled_0050.jpg,0.0803998158988994,1,True
C:\Users\Hamada.MSI\Desktop\Hamada\lab\data\raw\images\Describable Textures Dataset\images\polka-dotted\polka-dotted_0176.jpg,0.08046053371394994,1,True
C:\Users\Hamada.MSI\Desktop\Hamada\lab\data\raw\images\Describable Textures Dataset\images\perforated\perforated_0114.jpg,0.08047052480000433,1,True
C:\Users\Hamada.MSI\Desktop\Hamada\lab\data\raw\images\Describable Textures Dataset\images\crystalline\crystalline_0154.jpg,0.08066035862974742,1,True
C:\Users\Hamada.MSI\Desktop\Hamada\lab\data\raw\images\Describable Textures Dataset\images\studded\studded_0185.jpg,0.08069069291707316,1,True
C:\Users\Hamada.MSI\Desktop\Hamada\lab\data\raw\images\Describable Textures Dataset\images\knitted\knitted_0194.jpg,0.08070045017649799,1,True
C:\Users\Hamada.MSI\Desktop\Hamada\lab\data\raw\images\Describable Textures Dataset\images\swirly\swirly_0146.jpg,0.08073869447937475,1,True
C:\Users\Hamada.MSI\Desktop\Hamada\lab\data\raw\images\Describable Textures Dataset\images\blotchy\blotchy_0039.jpg,0.08078130140783589,1,True
C:\Users\Hamada.MSI\Desktop\Hamada\lab\data\raw\images\Describable Textures Dataset\images\braided\braided_0109.jpg,0.08117665523717886,1,True
C:\Users\Hamada.MSI\Desktop\Hamada\lab\data\raw\images\Describable Textures Dataset\images\woven\woven_0044.jpg,0.08119942302223106,1,True
C:\Users\Hamada.MSI\Desktop\Hamada\lab\data\raw\images\Describable Textures Dataset\images\woven\woven_0073.jpg,0.08144824630131359,1,True
C:\Users\Hamada.MSI\Desktop\Hamada\lab\data\raw\images\Describable Textures Dataset\images\flecked\flecked_0069.jpg,0.0815691356844099,1,True
C:\Users\Hamada.MSI\Desktop\Hamada\lab\data\raw\images\Describable Textures Dataset\images\cracked\cracked_0095.jpg,0.0816164915935614,1,True
C:\Users\Hamada.MSI\Desktop\Hamada\lab\data\raw\images\Describable Textures Dataset\images\honeycombed\honeycombed_0166.jpg,0.08164745787816283,1,True
C:\Users\Hamada.MSI\Desktop\Hamada\lab\data\raw\images\Describable Textures Dataset\images\potholed\potholed_0053.jpg,0.08216884133647304,1,True
C:\Users\Hamada.MSI\Desktop\Hamada\lab\data\raw\images\Describable Textures Dataset\images\knitted\knitted_0141.jpg,0.08226403573152223,1,True
C:\Users\Hamada.MSI\Desktop\Hamada\lab\data\raw\images\Describable Textures Dataset\images\smeared\smeared_0047.jpg,0.08230633150653272,1,True
C:\Users\Hamada.MSI\Desktop\Hamada\lab\data\raw\images\Describable Textures Dataset\images\smeared\smeared_0055.jpg,0.0824458874370135,1,True
C:\Users\Hamada.MSI\Desktop\Hamada\lab\data\raw\images\Describable Textures Dataset\images\crystalline\crystalline_0159.jpg,0.08248631042421205,1,True
C:\Users\Hamada.MSI\Desktop\Hamada\lab\data\raw\images\Describable Textures Dataset\images\smeared\smeared_0041.jpg,0.08257913088599952,1,True
C:\Users\Hamada.MSI\Desktop\Hamada\lab\data\raw\images\Describable Textures Dataset\images\studded\studded_0194.jpg,0.08263562956316355,1,True
C:\Users\Hamada.MSI\Desktop\Hamada\lab\data\raw\images\Describable Textures Dataset\images\pleated\pleated_0164.jpg,0.08274802892800792,1,True
C:\Users\Hamada.MSI\Desktop\Hamada\lab\data\raw\images\Describable Textures Dataset\images\honeycombed\honeycombed_0099.jpg,0.08291982840113031,1,True
C:\Users\Hamada.MSI\Desktop\Hamada\lab\data\raw\images\Describable Textures Dataset\images\interlaced\interlaced_0134.jpg,0.08295445528640423,1,True
C:\Users\Hamada.MSI\Desktop\Hamada\lab\data\raw\images\Describable Textures Dataset\images\honeycombed\honeycombed_0138.jpg,0.0832702845097035,1,True
C:\Users\Hamada.MSI\Desktop\Hamada\lab\data\raw\images\Describable Textures Dataset\images\freckled\freckled_0098.jpg,0.08376581627206592,1,True
C:\Users\Hamada.MSI\Desktop\Hamada\lab\data\raw\images\Describable Textures Dataset\images\matted\matted_0111.jpg,0.0841683091371812,1,True
C:\Users\Hamada.MSI\Desktop\Hamada\lab\data\raw\images\Describable Textures Dataset\images\pitted\pitted_0139.jpg,0.0842409873178765,1,True
C:\Users\Hamada.MSI\Desktop\Hamada\lab\data\raw\images\Describable Textures Dataset\images\knitted\knitted_0155.jpg,0.08431031984224861,1,True
C:\Users\Hamada.MSI\Desktop\Hamada\lab\data\raw\images\Describable Textures Dataset\images\blotchy\blotchy_0052.jpg,0.08463231223223303,1,True
C:\Users\Hamada.MSI\Desktop\Hamada\lab\data\raw\images\Describable Textures Dataset\images\scaly\scaly_0209.jpg,0.08497277759056039,1,True
C:\Users\Hamada.MSI\Desktop\Hamada\lab\data\raw\images\Describable Textures Dataset\images\wrinkled\wrinkled_0142.jpg,0.08507426686497133,1,True
C:\Users\Hamada.MSI\Desktop\Hamada\lab\data\raw\images\Describable Textures Dataset\images\stratified\stratified_0093.jpg,0.08518783545633749,1,True
C:\Users\Hamada.MSI\Desktop\Hamada\lab\data\raw\images\Describable Textures Dataset\images\marbled\marbled_0189.jpg,0.08520925756538966,1,True
C:\Users\Hamada.MSI\Desktop\Hamada\lab\data\raw\images\Describable Textures Dataset\images\waffled\waffled_0149.jpg,0.08521692538478977,1,True
C:\Users\Hamada.MSI\Desktop\Hamada\lab\data\raw\images\Describable Textures Dataset\images\veined\veined_0090.jpg,0.085229720750906,1,True
C:\Users\Hamada.MSI\Desktop\Hamada\lab\data\raw\images\Describable Textures Dataset\images\studded\studded_0144.jpg,0.08528640148122385,1,True
C:\Users\Hamada.MSI\Desktop\Hamada\lab\data\raw\images\Describable Textures Dataset\images\fibrous\fibrous_0151.jpg,0.08528995296935842,1,True
C:\Users\Hamada.MSI\Desktop\Hamada\lab\data\raw\images\Describable Textures Dataset\images\bumpy\bumpy_0116.jpg,0.0853760634045231,1,True
C:\Users\Hamada.MSI\Desktop\Hamada\lab\data\raw\images\Describable Textures Dataset\images\pitted\pitted_0103.jpg,0.08540786041920218,1,True
C:\Users\Hamada.MSI\Desktop\Hamada\lab\data\raw\images\Describable Textures Dataset\images\crosshatched\crosshatched_0126.jpg,0.08555747621765716,1,True
C:\Users\Hamada.MSI\Desktop\Hamada\lab\data\raw\images\Describable Textures Dataset\images\veined\veined_0113.jpg,0.08567619004106547,1,True
C:\Users\Hamada.MSI\Desktop\Hamada\lab\data\raw\images\Describable Textures Dataset\images\potholed\potholed_0108.jpg,0.08571985105127092,1,True
C:\Users\Hamada.MSI\Desktop\Hamada\lab\data\raw\images\Describable Textures Dataset\images\studded\studded_0036.jpg,0.08578325438630499,1,True
C:\Users\Hamada.MSI\Desktop\Hamada\lab\data\raw\images\Describable Textures Dataset\images\freckled\freckled_0167.jpg,0.08595995783667736,1,True
C:\Users\Hamada.MSI\Desktop\Hamada\lab\data\raw\images\Describable Textures Dataset\images\studded\studded_0212.jpg,0.08608826800376836,1,True
C:\Users\Hamada.MSI\Desktop\Hamada\lab\data\raw\images\Describable Textures Dataset\images\banded\banded_0128.jpg,0.08658826387733934,1,True
C:\Users\Hamada.MSI\Desktop\Hamada\lab\data\raw\images\Describable Textures Dataset\images\grid\grid_0126.jpg,0.08691472268931925,1,True
C:\Users\Hamada.MSI\Desktop\Hamada\lab\data\raw\images\Describable Textures Dataset\images\studded\studded_0175.jpg,0.08694818273879296,1,True
C:\Users\Hamada.MSI\Desktop\Hamada\lab\data\raw\images\Describable Textures Dataset\images\smeared\smeared_0043.jpg,0.08696755292431356,1,True
C:\Users\Hamada.MSI\Desktop\Hamada\lab\data\raw\images\Describable Textures Dataset\images\blotchy\blotchy_0037.jpg,0.08706733228825968,1,True
C:\Users\Hamada.MSI\Desktop\Hamada\lab\data\raw\images\Describable Textures Dataset\images\bumpy\bumpy_0121.jpg,0.08709076376031306,1,True
C:\Users\Hamada.MSI\Desktop\Hamada\lab\data\raw\images\Describable Textures Dataset\images\fibrous\fibrous_0174.jpg,0.0871478743277,1,True
C:\Users\Hamada.MSI\Desktop\Hamada\lab\data\raw\images\Describable Textures Dataset\images\cracked\cracked_0140.jpg,0.0871666967267332,1,True
C:\Users\Hamada.MSI\Desktop\Hamada\lab\data\raw\images\Describable Textures Dataset\images\pitted\pitted_0130.jpg,0.08718426135980936,1,True
C:\Users\Hamada.MSI\Desktop\Hamada\lab\data\raw\images\Describable Textures Dataset\images\potholed\potholed_0118.jpg,0.08719884303062153,1,True
C:\Users\Hamada.MSI\Desktop\Hamada\lab\data\raw\images\Describable Textures Dataset\images\spiralled\spiralled_0128.jpg,0.08749836963376097,1,True
C:\Users\Hamada.MSI\Desktop\Hamada\lab\data\raw\images\Describable Textures Dataset\images\honeycombed\honeycombed_0047.jpg,0.08758724764567023,1,True
C:\Users\Hamada.MSI\Desktop\Hamada\lab\data\raw\images\Describable Textures Dataset\images\crosshatched\crosshatched_0118.jpg,0.08759869347723392,1,True
C:\Users\Hamada.MSI\Desktop\Hamada\lab\data\raw\images\Describable Textures Dataset\images\spiralled\spiralled_0136.jpg,0.08769269519179196,1,True
C:\Users\Hamada.MSI\Desktop\Hamada\lab\data\raw\images\Describable Textures Dataset\images\freckled\freckled_0126.jpg,0.0876966210204689,1,True
C:\Users\Hamada.MSI\Desktop\Hamada\lab\data\raw\images\Describable Textures Dataset\images\paisley\paisley_0044.jpg,0.08772435569799918,1,True
C:\Users\Hamada.MSI\Desktop\Hamada\lab\data\raw\images\Describable Textures Dataset\images\smeared\smeared_0087.jpg,0.08787007055859983,1,True
C:\Users\Hamada.MSI\Desktop\Hamada\lab\data\raw\images\Describable Textures Dataset\images\scaly\scaly_0154.jpg,0.0879181511037838,1,True
C:\Users\Hamada.MSI\Desktop\Hamada\lab\data\raw\images\Describable Textures Dataset\images\chequered\chequered_0053.jpg,0.08813813821471982,1,True
C:\Users\Hamada.MSI\Desktop\Hamada\lab\data\raw\images\Describable Textures Dataset\images\blotchy\blotchy_0040.jpg,0.08822750142604685,1,True
C:\Users\Hamada.MSI\Desktop\Hamada\lab\data\raw\images\Describable Textures Dataset\images\pitted\pitted_0159.jpg,0.08834622276200613,1,True
C:\Users\Hamada.MSI\Desktop\Hamada\lab\data\raw\images\Describable Textures Dataset\images\studded\studded_0150.jpg,0.08848212031039004,1,True
C:\Users\Hamada.MSI\Desktop\Hamada\lab\data\raw\images\Describable Textures Dataset\images\woven\woven_0100.jpg,0.08871145601239203,1,True
C:\Users\Hamada.MSI\Desktop\Hamada\lab\data\raw\images\Describable Textures Dataset\images\studded\studded_0145.jpg,0.08871922684603391,1,True
C:\Users\Hamada.MSI\Desktop\Hamada\lab\data\raw\images\Describable Textures Dataset\images\honeycombed\honeycombed_0070.jpg,0.0887214428794542,1,True
C:\Users\Hamada.MSI\Desktop\Hamada\lab\data\raw\images\Describable Textures Dataset\images\bumpy\bumpy_0126.jpg,0.08886317442717191,1,True
C:\Users\Hamada.MSI\Desktop\Hamada\lab\data\raw\images\Describable Textures Dataset\images\scaly\scaly_0133.jpg,0.08902401822719391,1,True
C:\Users\Hamada.MSI\Desktop\Hamada\lab\data\raw\images\Describable Textures Dataset\images\striped\striped_0019.jpg,0.0890990572519426,1,True
C:\Users\Hamada.MSI\Desktop\Hamada\lab\data\raw\images\Describable Textures Dataset\images\studded\studded_0169.jpg,0.08916927823683805,1,True
C:\Users\Hamada.MSI\Desktop\Hamada\lab\data\raw\images\Describable Textures Dataset\images\crosshatched\crosshatched_0123.jpg,0.0892924699228118,1,True
C:\Users\Hamada.MSI\Desktop\Hamada\lab\data\raw\images\Describable Textures Dataset\images\crosshatched\crosshatched_0073.jpg,0.08935650477751737,1,True
C:\Users\Hamada.MSI\Desktop\Hamada\lab\data\raw\images\Describable Textures Dataset\images\swirly\swirly_0103.jpg,0.08947231366645919,1,True
C:\Users\Hamada.MSI\Desktop\Hamada\lab\data\raw\images\Describable Textures Dataset\images\sprinkled\sprinkled_0056.jpg,0.08947788803946204,1,True
C:\Users\Hamada.MSI\Desktop\Hamada\lab\data\raw\images\Describable Textures Dataset\images\studded\studded_0158.jpg,0.08959928262606401,1,True
C:\Users\Hamada.MSI\Desktop\Hamada\lab\data\raw\images\Describable Textures Dataset\images\studded\studded_0007.jpg,0.08976212967542672,1,True
C:\Users\Hamada.MSI\Desktop\Hamada\lab\data\raw\images\Describable Textures Dataset\images\honeycombed\honeycombed_0146.jpg,0.09009557916163041,1,True
C:\Users\Hamada.MSI\Desktop\Hamada\lab\data\raw\images\Describable Textures Dataset\images\bumpy\bumpy_0183.jpg,0.09049466857088134,1,True
C:\Users\Hamada.MSI\Desktop\Hamada\lab\data\raw\images\Describable Textures Dataset\images\studded\studded_0190.jpg,0.09072947624039275,1,True
C:\Users\Hamada.MSI\Desktop\Hamada\lab\data\raw\images\Describable Textures Dataset\images\waffled\waffled_0152.jpg,0.09074115573572765,1,True
C:\Users\Hamada.MSI\Desktop\Hamada\lab\data\raw\images\Describable Textures Dataset\images\waffled\waffled_0148.jpg,0.09076864763481365,1,True
C:\Users\Hamada.MSI\Desktop\Hamada\lab\data\raw\images\Describable Textures Dataset\images\paisley\paisley_0045.jpg,0.09089568748783046,1,True
C:\Users\Hamada.MSI\Desktop\Hamada\lab\data\raw\images\Describable Textures Dataset\images\studded\studded_0102.jpg,0.09096731321112092,1,True
C:\Users\Hamada.MSI\Desktop\Hamada\lab\data\raw\images\Describable Textures Dataset\images\stratified\stratified_0105.jpg,0.0911523198399545,1,True
C:\Users\Hamada.MSI\Desktop\Hamada\lab\data\raw\images\Describable Textures Dataset\images\flecked\flecked_0100.jpg,0.09137557622059175,1,True
C:\Users\Hamada.MSI\Desktop\Hamada\lab\data\raw\images\Describable Textures Dataset\images\bumpy\bumpy_0014.jpg,0.09147767946005043,1,True
C:\Users\Hamada.MSI\Desktop\Hamada\lab\data\raw\images\Describable Textures Dataset\images\polka-dotted\polka-dotted_0154.jpg,0.09150800035437712,1,True
C:\Users\Hamada.MSI\Desktop\Hamada\lab\data\raw\images\Describable Textures Dataset\images\studded\studded_0193.jpg,0.09166285633709056,1,True
C:\Users\Hamada.MSI\Desktop\Hamada\lab\data\raw\images\Describable Textures Dataset\images\pleated\pleated_0125.jpg,0.09167329039686205,1,True
C:\Users\Hamada.MSI\Desktop\Hamada\lab\data\raw\images\Describable Textures Dataset\images\crystalline\crystalline_0157.jpg,0.09174433507332462,1,True
C:\Users\Hamada.MSI\Desktop\Hamada\lab\data\raw\images\Describable Textures Dataset\images\studded\studded_0115.jpg,0.0920573254822759,1,True
C:\Users\Hamada.MSI\Desktop\Hamada\lab\data\raw\images\Describable Textures Dataset\images\waffled\waffled_0154.jpg,0.09211184948856546,1,True
C:\Users\Hamada.MSI\Desktop\Hamada\lab\data\raw\images\Describable Textures Dataset\images\studded\studded_0205.jpg,0.09213227852575516,1,True
C:\Users\Hamada.MSI\Desktop\Hamada\lab\data\raw\images\Describable Textures Dataset\images\matted\matted_0164.jpg,0.09220327927841043,1,True
C:\Users\Hamada.MSI\Desktop\Hamada\lab\data\raw\images\Describable Textures Dataset\images\studded\studded_0213.jpg,0.0922322013833108,1,True
C:\Users\Hamada.MSI\Desktop\Hamada\lab\data\raw\images\Describable Textures Dataset\images\chequered\chequered_0148.jpg,0.09237046083689791,1,True
C:\Users\Hamada.MSI\Desktop\Hamada\lab\data\raw\images\Describable Textures Dataset\images\veined\veined_0104.jpg,0.09247397373673283,1,True
C:\Users\Hamada.MSI\Desktop\Hamada\lab\data\raw\images\Describable Textures Dataset\images\woven\woven_0080.jpg,0.09263251257846632,1,True
C:\Users\Hamada.MSI\Desktop\Hamada\lab\data\raw\images\Describable Textures Dataset\images\banded\banded_0077.jpg,0.09268914242188371,1,True
C:\Users\Hamada.MSI\Desktop\Hamada\lab\data\raw\images\Describable Textures Dataset\images\crystalline\crystalline_0200.jpg,0.09275147594651453,1,True
C:\Users\Hamada.MSI\Desktop\Hamada\lab\data\raw\images\Describable Textures Dataset\images\interlaced\interlaced_0155.jpg,0.09283960083409151,1,True
C:\Users\Hamada.MSI\Desktop\Hamada\lab\data\raw\images\Describable Textures Dataset\images\matted\matted_0042.jpg,0.09288962178236254,2,False
C:\Users\Hamada.MSI\Desktop\Hamada\lab\data\raw\images\Describable Textures Dataset\images\waffled\waffled_0113.jpg,0.09289771096180191,2,False
C:\Users\Hamada.MSI\Desktop\Hamada\lab\data\raw\images\Describable Textures Dataset\images\fibrous\fibrous_0146.jpg,0.09299170952949537,2,False
C:\Users\Hamada.MSI\Desktop\Hamada\lab\data\raw\images\Describable Textures Dataset\images\braided\braided_0139.jpg,0.09302169972786369,2,False
C:\Users\Hamada.MSI\Desktop\Hamada\lab\data\raw\images\Describable Textures Dataset\images\braided\braided_0163.jpg,0.09314384687132415,2,False
C:\Users\Hamada.MSI\Desktop\Hamada\lab\data\raw\images\Describable Textures Dataset\images\chequered\chequered_0155.jpg,0.09325199706274614,2,False
C:\Users\Hamada.MSI\Desktop\Hamada\lab\data\raw\images\Describable Textures Dataset\images\striped\striped_0119.jpg,0.09333262301288461,2,False
C:\Users\Hamada.MSI\Desktop\Hamada\lab\data\raw\images\Describable Textures Dataset\images\crosshatched\crosshatched_0130.jpg,0.09342125953141082,2,False
C:\Users\Hamada.MSI\Desktop\Hamada\lab\data\raw\images\Describable Textures Dataset\images\swirly\swirly_0153.jpg,0.09354328659954536,2,False
C:\Users\Hamada.MSI\Desktop\Hamada\lab\data\raw\images\Describable Textures Dataset\images\perforated\perforated_0137.jpg,0.09385022509920063,2,False
C:\Users\Hamada.MSI\Desktop\Hamada\lab\data\raw\images\Describable Textures Dataset\images\bumpy\bumpy_0125.jpg,0.09400006476761148,2,False
C:\Users\Hamada.MSI\Desktop\Hamada\lab\data\raw\images\Describable Textures Dataset\images\banded\banded_0051.jpg,0.09418874829675557,2,False
C:\Users\Hamada.MSI\Desktop\Hamada\lab\data\raw\images\Describable Textures Dataset\images\porous\porous_0071.jpg,0.09433343621495732,2,False
C:\Users\Hamada.MSI\Desktop\Hamada\lab\data\raw\images\Describable Textures Dataset\images\paisley\paisley_0041.jpg,0.0943664051286363,2,False
C:\Users\Hamada.MSI\Desktop\Hamada\lab\data\raw\images\Describable Textures Dataset\images\grooved\grooved_0072.jpg,0.09440364476107582,2,False
C:\Users\Hamada.MSI\Desktop\Hamada\lab\data\raw\images\Describable Textures Dataset\images\woven\woven_0079.jpg,0.09440922105138756,2,False
C:\Users\Hamada.MSI\Desktop\Hamada\lab\data\raw\images\Describable Textures Dataset\images\matted\matted_0054.jpg,0.09450167549878857,2,False
C:\Users\Hamada.MSI\Desktop\Hamada\lab\data\raw\images\Describable Textures Dataset\images\veined\veined_0129.jpg,0.09463639224307016,2,False
C:\Users\Hamada.MSI\Desktop\Hamada\lab\data\raw\images\Describable Textures Dataset\images\studded\studded_0123.jpg,0.09463993488197849,2,False
C:\Users\Hamada.MSI\Desktop\Hamada\lab\data\raw\images\Describable Textures Dataset\images\freckled\freckled_0056.jpg,0.09466475615753125,2,False
C:\Users\Hamada.MSI\Desktop\Hamada\lab\data\raw\images\Describable Textures Dataset\images\knitted\knitted_0112.jpg,0.09467366672059162,2,False
C:\Users\Hamada.MSI\Desktop\Hamada\lab\data\raw\images\Describable Textures Dataset\images\knitted\knitted_0159.jpg,0.09468660121273756,2,False
C:\Users\Hamada.MSI\Desktop\Hamada\lab\data\raw\images\Describable Textures Dataset\images\paisley\paisley_0107.jpg,0.09490962882093901,2,False
C:\Users\Hamada.MSI\Desktop\Hamada\lab\data\raw\images\Describable Textures Dataset\images\swirly\swirly_0057.jpg,0.09509251805351558,2,False
C:\Users\Hamada.MSI\Desktop\Hamada\lab\data\raw\images\Describable Textures Dataset\images\marbled\marbled_0178.jpg,0.0951660083667601,2,False
C:\Users\Hamada.MSI\Desktop\Hamada\lab\data\raw\images\Describable Textures Dataset\images\studded\studded_0132.jpg,0.09522386033232844,2,False
C:\Users\Hamada.MSI\Desktop\Hamada\lab\data\raw\images\Describable Textures Dataset\images\matted\matted_0044.jpg,0.0953956383441594,2,False
C:\Users\Hamada.MSI\Desktop\Hamada\lab\data\raw\images\Describable Textures Dataset\images\grooved\grooved_0065.jpg,0.09555493932926465,2,False
C:\Users\Hamada.MSI\Desktop\Hamada\lab\data\raw\images\Describable Textures Dataset\images\matted\matted_0093.jpg,0.0956090819624735,2,False
C:\Users\Hamada.MSI\Desktop\Hamada\lab\data\raw\images\Describable Textures Dataset\images\lined\lined_0130.jpg,0.09563062709765503,2,False
C:\Users\Hamada.MSI\Desktop\Hamada\lab\data\raw\images\Describable Textures Dataset\images\sprinkled\sprinkled_0099.jpg,0.09571252789522683,2,False
C:\Users\Hamada.MSI\Desktop\Hamada\lab\data\raw\images\Describable Textures Dataset\images\chequered\chequered_0184.jpg,0.09575424801296503,2,False
C:\Users\Hamada.MSI\Desktop\Hamada\lab\data\raw\images\Describable Textures Dataset\images\chequered\chequered_0151.jpg,0.09576697240072271,2,False
C:\Users\Hamada.MSI\Desktop\Hamada\lab\data\raw\images\Describable Textures Dataset\images\pleated\pleated_0092.jpg,0.09594905412032573,2,False
C:\Users\Hamada.MSI\Desktop\Hamada\lab\data\raw\images\Describable Textures Dataset\images\stained\stained_0132.jpg,0.09614470508440368,2,False
C:\Users\Hamada.MSI\Desktop\Hamada\lab\data\raw\images\Describable Textures Dataset\images\meshed\meshed_0165.jpg,0.09615205036361087,2,False
C:\Users\Hamada.MSI\Desktop\Hamada\lab\data\raw\images\Describable Textures Dataset\images\swirly\swirly_0109.jpg,0.09617294654562086,2,False
C:\Users\Hamada.MSI\Desktop\Hamada\lab\data\raw\images\Describable Textures Dataset\images\crosshatched\crosshatched_0136.jpg,0.09637118364563843,2,False
C:\Users\Hamada.MSI\Desktop\Hamada\lab\data\raw\images\Describable Textures Dataset\images\paisley\paisley_0117.jpg,0.09641007351275774,2,False
C:\Users\Hamada.MSI\Desktop\Hamada\lab\data\raw\images\Describable Textures Dataset\images\banded\banded_0093.jpg,0.09641919738706273,2,False
C:\Users\Hamada.MSI\Desktop\Hamada\lab\data\raw\images\Describable Textures Dataset\images\perforated\perforated_0150.jpg,0.0966933139463723,2,False
C:\Users\Hamada.MSI\Desktop\Hamada\lab\data\raw\images\Describable Textures Dataset\images\paisley\paisley_0043.jpg,0.09701078349542665,2,False
C:\Users\Hamada.MSI\Desktop\Hamada\lab\data\raw\images\Describable Textures Dataset\images\blotchy\blotchy_0047.jpg,0.09711464771487648,2,False
C:\Users\Hamada.MSI\Desktop\Hamada\lab\data\raw\images\Describable Textures Dataset\images\braided\braided_0145.jpg,0.09711718929554822,2,False
C:\Users\Hamada.MSI\Desktop\Hamada\lab\data\raw\images\Describable Textures Dataset\images\cobwebbed\cobwebbed_0077.jpg,0.09723427773551782,2,False
C:\Users\Hamada.MSI\Desktop\Hamada\lab\data\raw\images\Describable Textures Dataset\images\braided\braided_0147.jpg,0.09732296254523291,2,False
C:\Users\Hamada.MSI\Desktop\Hamada\lab\data\raw\images\Describable Textures Dataset\images\smeared\smeared_0042.jpg,0.09734066152440535,2,False
C:\Users\Hamada.MSI\Desktop\Hamada\lab\data\raw\images\Describable Textures Dataset\images\chequered\chequered_0044.jpg,0.09738013048059894,2,False
C:\Users\Hamada.MSI\Desktop\Hamada\lab\data\raw\images\Describable Textures Dataset\images\frilly\frilly_0113.jpg,0.09776233798642008,2,False
C:\Users\Hamada.MSI\Desktop\Hamada\lab\data\raw\images\Describable Textures Dataset\images\cobwebbed\cobwebbed_0142.jpg,0.0979026049947796,2,False
C:\Users\Hamada.MSI\Desktop\Hamada\lab\data\raw\images\Describable Textures Dataset\images\pitted\pitted_0051.jpg,0.09797981414983371,2,False
C:\Users\Hamada.MSI\Desktop\Hamada\lab\data\raw\images\Describable Textures Dataset\images\flecked\flecked_0134.jpg,0.09820527794898766,2,False
C:\Users\Hamada.MSI\Desktop\Hamada\lab\data\raw\images\Describable Textures Dataset\images\studded\studded_0109.jpg,0.09822583838879866,2,False
C:\Users\Hamada.MSI\Desktop\Hamada\lab\data\raw\images\Describable Textures Dataset\images\blotchy\blotchy_0071.jpg,0.09835012454257352,2,False
C:\Users\Hamada.MSI\Desktop\Hamada\lab\data\raw\images\Describable Textures Dataset\images\wrinkled\wrinkled_0096.jpg,0.09873229465526401,2,False
C:\Users\Hamada.MSI\Desktop\Hamada\lab\data\raw\images\Describable Textures Dataset\images\flecked\flecked_0074.jpg,0.09884305261083344,2,False
C:\Users\Hamada.MSI\Desktop\Hamada\lab\data\raw\images\Describable Textures Dataset\images\crosshatched\crosshatched_0169.jpg,0.09890460161531293,2,False
C:\Users\Hamada.MSI\Desktop\Hamada\lab\data\raw\images\Describable Textures Dataset\images\studded\studded_0108.jpg,0.09890803637341992,2,False
C:\Users\Hamada.MSI\Desktop\Hamada\lab\data\raw\images\Describable Textures Dataset\images\perforated\perforated_0025.jpg,0.0990022262123838,2,False
C:\Users\Hamada.MSI\Desktop\Hamada\lab\data\raw\images\Describable Textures Dataset\images\scaly\scaly_0126.jpg,0.0990120876337934,2,False
C:\Users\Hamada.MSI\Desktop\Hamada\lab\data\raw\images\Describable Textures Dataset\images\veined\veined_0106.jpg,0.09915078401667578,2,False
C:\Users\Hamada.MSI\Desktop\Hamada\lab\data\raw\images\Describable Textures Dataset\images\matted\matted_0147.jpg,0.09936198772724454,2,False
C:\Users\Hamada.MSI\Desktop\Hamada\lab\data\raw\images\Describable Textures Dataset\images\meshed\meshed_0153.jpg,0.09960387412371143,2,False
C:\Users\Hamada.MSI\Desktop\Hamada\lab\data\raw\images\Describable Textures Dataset\images\zigzagged\zigzagged_0099.jpg,0.09961039039313563,2,False
C:\Users\Hamada.MSI\Desktop\Hamada\lab\data\raw\images\Describable Textures Dataset\images\scaly\scaly_0117.jpg,0.09966870790834771,2,False
C:\Users\Hamada.MSI\Desktop\Hamada\lab\data\raw\images\Describable Textures Dataset\images\porous\porous_0126.jpg,0.09976994124835593,2,False
C:\Users\Hamada.MSI\Desktop\Hamada\lab\data\raw\images\Describable Textures Dataset\images\pitted\pitted_0161.jpg,0.10001622195669413,2,False
C:\Users\Hamada.MSI\Desktop\Hamada\lab\data\raw\images\Describable Textures Dataset\images\cracked\cracked_0147.jpg,0.1001577524885895,2,False
C:\Users\Hamada.MSI\Desktop\Hamada\lab\data\raw\images\Describable Textures Dataset\images\interlaced\interlaced_0081.jpg,0.10030103276526024,2,False
C:\Users\Hamada.MSI\Desktop\Hamada\lab\data\raw\images\Describable Textures Dataset\images\woven\woven_0077.jpg,0.10045202904705725,2,False
C:\Users\Hamada.MSI\Desktop\Hamada\lab\data\raw\images\Describable Textures Dataset\images\knitted\knitted_0099.jpg,0.10045913700188654,2,False
C:\Users\Hamada.MSI\Desktop\Hamada\lab\data\raw\images\Describable Textures Dataset\images\marbled\marbled_0101.jpg,0.10058455116133781,2,False
C:\Users\Hamada.MSI\Desktop\Hamada\lab\data\raw\images\Describable Textures Dataset\images\dotted\dotted_0145.jpg,0.10106101238647319,2,False
C:\Users\Hamada.MSI\Desktop\Hamada\lab\data\raw\images\Describable Textures Dataset\images\grooved\grooved_0163.jpg,0.10107667985726883,2,False
C:\Users\Hamada.MSI\Desktop\Hamada\lab\data\raw\images\Describable Textures Dataset\images\smeared\smeared_0030.jpg,0.10123618201954657,2,False
C:\Users\Hamada.MSI\Desktop\Hamada\lab\data\raw\images\Describable Textures Dataset\images\striped\striped_0094.jpg,0.10136460717376747,2,False
C:\Users\Hamada.MSI\Desktop\Hamada\lab\data\raw\images\Describable Textures Dataset\images\cobwebbed\cobwebbed_0089.jpg,0.1016385548098984,2,False
C:\Users\Hamada.MSI\Desktop\Hamada\lab\data\raw\images\Describable Textures Dataset\images\wrinkled\wrinkled_0116.jpg,0.10178525716864498,2,False
C:\Users\Hamada.MSI\Desktop\Hamada\lab\data\raw\images\Describable Textures Dataset\images\wrinkled\wrinkled_0054.jpg,0.1019570160090525,2,False
C:\Users\Hamada.MSI\Desktop\Hamada\lab\data\raw\images\Describable Textures Dataset\images\woven\woven_0111.jpg,0.10202087676449542,2,False
C:\Users\Hamada.MSI\Desktop\Hamada\lab\data\raw\images\Describable Textures Dataset\images\stratified\stratified_0097.jpg,0.10211757123607332,2,False
C:\Users\Hamada.MSI\Desktop\Hamada\lab\data\raw\images\Describable Textures Dataset\images\studded\studded_0129.jpg,0.10212110190143397,2,False
C:\Users\Hamada.MSI\Desktop\Hamada\lab\data\raw\images\Describable Textures Dataset\images\cobwebbed\cobwebbed_0134.jpg,0.10223779552126837,2,False
C:\Users\Hamada.MSI\Desktop\Hamada\lab\data\raw\images\Describable Textures Dataset\images\honeycombed\honeycombed_0132.jpg,0.10261785497344936,2,False
C:\Users\Hamada.MSI\Desktop\Hamada\lab\data\raw\images\Describable Textures Dataset\images\polka-dotted\polka-dotted_0107.jpg,0.10264120859936965,2,False
C:\Users\Hamada.MSI\Desktop\Hamada\lab\data\raw\images\Describable Textures Dataset\images\flecked\flecked_0081.jpg,0.10269373336065162,2,False
C:\Users\Hamada.MSI\Desktop\Hamada\lab\data\raw\images\Describable Textures Dataset\images\potholed\potholed_0129.jpg,0.10273369253791577,2,False
C:\Users\Hamada.MSI\Desktop\Hamada\lab\data\raw\images\Describable Textures Dataset\images\blotchy\blotchy_0110.jpg,0.10278038630427924,2,False
C:\Users\Hamada.MSI\Desktop\Hamada\lab\data\raw\images\Describable Textures Dataset\images\studded\studded_0103.jpg,0.1028946697886207,2,False
C:\Users\Hamada.MSI\Desktop\Hamada\lab\data\raw\images\Describable Textures Dataset\images\flecked\flecked_0061.jpg,0.1029533833320632,2,False
C:\Users\Hamada.MSI\Desktop\Hamada\lab\data\raw\images\Describable Textures Dataset\images\flecked\flecked_0090.jpg,0.10304951453773384,2,False
C:\Users\Hamada.MSI\Desktop\Hamada\lab\data\raw\images\Describable Textures Dataset\images\scaly\scaly_0174.jpg,0.10306421198555311,2,False
C:\Users\Hamada.MSI\Desktop\Hamada\lab\data\raw\images\Describable Textures Dataset\images\matted\matted_0049.jpg,0.10316878214061333,2,False
C:\Users\Hamada.MSI\Desktop\Hamada\lab\data\raw\images\Describable Textures Dataset\images\blotchy\blotchy_0098.jpg,0.10342085974377976,2,False
C:\Users\Hamada.MSI\Desktop\Hamada\lab\data\raw\images\Describable Textures Dataset\images\crystalline\crystalline_0131.jpg,0.10346213083501594,2,False
C:\Users\Hamada.MSI\Desktop\Hamada\lab\data\raw\images\Describable Textures Dataset\images\woven\woven_0033.jpg,0.1037062538140168,2,False
C:\Users\Hamada.MSI\Desktop\Hamada\lab\data\raw\images\Describable Textures Dataset\images\swirly\swirly_0164.jpg,0.10402303185290851,2,False
C:\Users\Hamada.MSI\Desktop\Hamada\lab\data\raw\images\Describable Textures Dataset\images\striped\striped_0060.jpg,0.10456995430386468,2,False
C:\Users\Hamada.MSI\Desktop\Hamada\lab\data\raw\images\Describable Textures Dataset\images\frilly\frilly_0057.jpg,0.10457884657992574,2,False
C:\Users\Hamada.MSI\Desktop\Hamada\lab\data\raw\images\Describable Textures Dataset\images\interlaced\interlaced_0002.jpg,0.10471292132048671,2,False
C:\Users\Hamada.MSI\Desktop\Hamada\lab\data\raw\images\Describable Textures Dataset\images\grooved\grooved_0093.jpg,0.10472236800720598,2,False
C:\Users\Hamada.MSI\Desktop\Hamada\lab\data\raw\images\Describable Textures Dataset\images\knitted\knitted_0127.jpg,0.10475295641808122,2,False
C:\Users\Hamada.MSI\Desktop\Hamada\lab\data\raw\images\Describable Textures Dataset\images\scaly\scaly_0193.jpg,0.10481603370136011,2,False
C:\Users\Hamada.MSI\Desktop\Hamada\lab\data\raw\images\Describable Textures Dataset\images\studded\studded_0138.jpg,0.10487191904113344,2,False
C:\Users\Hamada.MSI\Desktop\Hamada\lab\data\raw\images\Describable Textures Dataset\images\studded\studded_0168.jpg,0.10490705147459223,2,False
C:\Users\Hamada.MSI\Desktop\Hamada\lab\data\raw\images\Describable Textures Dataset\images\stained\stained_0026.jpg,0.10491135855969153,2,False
C:\Users\Hamada.MSI\Desktop\Hamada\lab\data\raw\images\Describable Textures Dataset\images\knitted\knitted_0108.jpg,0.10496382449457582,2,False
C:\Users\Hamada.MSI\Desktop\Hamada\lab\data\raw\images\Describable Textures Dataset\images\polka-dotted\polka-dotted_0174.jpg,0.10496390617473061,2,False
C:\Users\Hamada.MSI\Desktop\Hamada\lab\data\raw\images\Describable Textures Dataset\images\bumpy\bumpy_0110.jpg,0.10497286600134202,2,False
C:\Users\Hamada.MSI\Desktop\Hamada\lab\data\raw\images\Describable Textures Dataset\images\grooved\grooved_0138.jpg,0.10501112860525615,2,False
C:\Users\Hamada.MSI\Desktop\Hamada\lab\data\raw\images\Describable Textures Dataset\images\gauzy\gauzy_0190.jpg,0.10505948504764111,2,False
C:\Users\Hamada.MSI\Desktop\Hamada\lab\data\raw\images\Describable Textures Dataset\images\fibrous\fibrous_0147.jpg,0.10530745292558329,2,False
C:\Users\Hamada.MSI\Desktop\Hamada\lab\data\raw\images\Describable Textures Dataset\images\grooved\grooved_0095.jpg,0.10538840069169877,2,False
C:\Users\Hamada.MSI\Desktop\Hamada\lab\data\raw\images\Describable Textures Dataset\images\spiralled\spiralled_0062.jpg,0.10545670836061942,2,False
C:\Users\Hamada.MSI\Desktop\Hamada\lab\data\raw\images\Describable Textures Dataset\images\flecked\flecked_0149.jpg,0.10565256275534511,2,False
C:\Users\Hamada.MSI\Desktop\Hamada\lab\data\raw\images\Describable Textures Dataset\images\crystalline\crystalline_0197.jpg,0.10576599728991554,2,False
C:\Users\Hamada.MSI\Desktop\Hamada\lab\data\raw\images\Describable Textures Dataset\images\spiralled\spiralled_0077.jpg,0.10578945726659865,2,False
C:\Users\Hamada.MSI\Desktop\Hamada\lab\data\raw\images\Describable Textures Dataset\images\lined\lined_0160.jpg,0.105799685991519,2,False
C:\Users\Hamada.MSI\Desktop\Hamada\lab\data\raw\images\Describable Textures Dataset\images\grooved\grooved_0067.jpg,0.10582610667622623,2,False
C:\Users\Hamada.MSI\Desktop\Hamada\lab\data\raw\images\Describable Textures Dataset\images\studded\studded_0135.jpg,0.10587707933626576,2,False
C:\Users\Hamada.MSI\Desktop\Hamada\lab\data\raw\images\Describable Textures Dataset\images\grooved\grooved_0054.jpg,0.1059156467988574,2,False
C:\Users\Hamada.MSI\Desktop\Hamada\lab\data\raw\images\Describable Textures Dataset\images\grooved\grooved_0168.jpg,0.10600430126520864,2,False
C:\Users\Hamada.MSI\Desktop\Hamada\lab\data\raw\images\Describable Textures Dataset\images\scaly\scaly_0170.jpg,0.1061560404746906,2,False
C:\Users\Hamada.MSI\Desktop\Hamada\lab\data\raw\images\Describable Textures Dataset\images\interlaced\interlaced_0178.jpg,0.10619950265880759,2,False
C:\Users\Hamada.MSI\Desktop\Hamada\lab\data\raw\images\Describable Textures Dataset\images\banded\banded_0075.jpg,0.10627992567307619,2,False
C:\Users\Hamada.MSI\Desktop\Hamada\lab\data\raw\images\Describable Textures Dataset\images\studded\studded_0107.jpg,0.10637003182083268,2,False
C:\Users\Hamada.MSI\Desktop\Hamada\lab\data\raw\images\Describable Textures Dataset\images\cracked\cracked_0142.jpg,0.10643468099613841,2,False
C:\Users\Hamada.MSI\Desktop\Hamada\lab\data\raw\images\Describable Textures Dataset\images\freckled\freckled_0166.jpg,0.10651077104713765,2,False
C:\Users\Hamada.MSI\Desktop\Hamada\lab\data\raw\images\Describable Textures Dataset\images\striped\striped_0006.jpg,0.10669817365945072,2,False
C:\Users\Hamada.MSI\Desktop\Hamada\lab\data\raw\images\Describable Textures Dataset\images\polka-dotted\polka-dotted_0102.jpg,0.10688130190505471,2,False
C:\Users\Hamada.MSI\Desktop\Hamada\lab\data\raw\images\Describable Textures Dataset\images\swirly\swirly_0064.jpg,0.10692187795116344,2,False
C:\Users\Hamada.MSI\Desktop\Hamada\lab\data\raw\images\Describable Textures Dataset\images\studded\studded_0151.jpg,0.10692861188449944,2,False
C:\Users\Hamada.MSI\Desktop\Hamada\lab\data\raw\images\Describable Textures Dataset\images\veined\veined_0105.jpg,0.10706969634634468,2,False
C:\Users\Hamada.MSI\Desktop\Hamada\lab\data\raw\images\Describable Textures Dataset\images\swirly\swirly_0070.jpg,0.10715772888066685,2,False
C:\Users\Hamada.MSI\Desktop\Hamada\lab\data\raw\images\Describable Textures Dataset\images\meshed\meshed_0042.jpg,0.10723291473625171,2,False
C:\Users\Hamada.MSI\Desktop\Hamada\lab\data\raw\images\Describable Textures Dataset\images\polka-dotted\polka-dotted_0141.jpg,0.10727388429952035,2,False
C:\Users\Hamada.MSI\Desktop\Hamada\lab\data\raw\images\Describable Textures Dataset\images\paisley\paisley_0105.jpg,0.10728426983592047,2,False
C:\Users\Hamada.MSI\Desktop\Hamada\lab\data\raw\images\Describable Textures Dataset\images\sprinkled\sprinkled_0107.jpg,0.10732387054857878,2,False
C:\Users\Hamada.MSI\Desktop\Hamada\lab\data\raw\images\Describable Textures Dataset\images\bumpy\bumpy_0108.jpg,0.10758078957990039,2,False
C:\Users\Hamada.MSI\Desktop\Hamada\lab\data\raw\images\Describable Textures Dataset\images\studded\studded_0073.jpg,0.10760738823591226,2,False
C:\Users\Hamada.MSI\Desktop\Hamada\lab\data\raw\images\Describable Textures Dataset\images\knitted\knitted_0110.jpg,0.10802014965906305,2,False
C:\Users\Hamada.MSI\Desktop\Hamada\lab\data\raw\images\Describable Textures Dataset\images\crosshatched\crosshatched_0064.jpg,0.10804558707568003,2,False
C:\Users\Hamada.MSI\Desktop\Hamada\lab\data\raw\images\Describable Textures Dataset\images\dotted\dotted_0104.jpg,0.10809507105225188,2,False
C:\Users\Hamada.MSI\Desktop\Hamada\lab\data\raw\images\Describable Textures Dataset\images\stratified\stratified_0065.jpg,0.10826139305170727,2,False
C:\Users\Hamada.MSI\Desktop\Hamada\lab\data\raw\images\Describable Textures Dataset\images\blotchy\blotchy_0091.jpg,0.1082759482580696,2,False
C:\Users\Hamada.MSI\Desktop\Hamada\lab\data\raw\images\Describable Textures Dataset\images\stratified\stratified_0138.jpg,0.10835978072223604,2,False
C:\Users\Hamada.MSI\Desktop\Hamada\lab\data\raw\images\Describable Textures Dataset\images\perforated\perforated_0147.jpg,0.10843833743706306,2,False
C:\Users\Hamada.MSI\Desktop\Hamada\lab\data\raw\images\Describable Textures Dataset\images\scaly\scaly_0199.jpg,0.10849040780783938,2,False
C:\Users\Hamada.MSI\Desktop\Hamada\lab\data\raw\images\Describable Textures Dataset\images\cracked\cracked_0167.jpg,0.10855365837059974,2,False
C:\Users\Hamada.MSI\Desktop\Hamada\lab\data\raw\images\Describable Textures Dataset\images\potholed\potholed_0107.jpg,0.10864816495562847,2,False
C:\Users\Hamada.MSI\Desktop\Hamada\lab\data\raw\images\Describable Textures Dataset\images\scaly\scaly_0201.jpg,0.10876954252809977,2,False
C:\Users\Hamada.MSI\Desktop\Hamada\lab\data\raw\images\Describable Textures Dataset\images\studded\studded_0136.jpg,0.10880009267191279,2,False
C:\Users\Hamada.MSI\Desktop\Hamada\lab\data\raw\images\Describable Textures Dataset\images\stratified\stratified_0102.jpg,0.10888137653964354,2,False
C:\Users\Hamada.MSI\Desktop\Hamada\lab\data\raw\images\Describable Textures Dataset\images\knitted\knitted_0165.jpg,0.10893036977625957,2,False
C:\Users\Hamada.MSI\Desktop\Hamada\lab\data\raw\images\Describable Textures Dataset\images\stratified\stratified_0069.jpg,0.10905412693357715,2,False
C:\Users\Hamada.MSI\Desktop\Hamada\lab\data\raw\images\Describable Textures Dataset\images\flecked\flecked_0121.jpg,0.10919998320924625,2,False
C:\Users\Hamada.MSI\Desktop\Hamada\lab\data\raw\images\Describable Textures Dataset\images\braided\braided_0183.jpg,0.1092388759764138,2,False
C:\Users\Hamada.MSI\Desktop\Hamada\lab\data\raw\images\Describable Textures Dataset\images\cracked\cracked_0145.jpg,0.10927486020685628,2,False
C:\Users\Hamada.MSI\Desktop\Hamada\lab\data\raw\images\Describable Textures Dataset\images\stratified\stratified_0134.jpg,0.1092878704003382,2,False
C:\Users\Hamada.MSI\Desktop\Hamada\lab\data\raw\images\Describable Textures Dataset\images\bumpy\bumpy_0184.jpg,0.10933187679530275,2,False
C:\Users\Hamada.MSI\Desktop\Hamada\lab\data\raw\images\Describable Textures Dataset\images\studded\studded_0106.jpg,0.10940917723262925,2,False
C:\Users\Hamada.MSI\Desktop\Hamada\lab\data\raw\images\Describable Textures Dataset\images\stratified\stratified_0070.jpg,0.10950242301970647,2,False
C:\Users\Hamada.MSI\Desktop\Hamada\lab\data\raw\images\Describable Textures Dataset\images\smeared\smeared_0110.jpg,0.10961991711609172,2,False
C:\Users\Hamada.MSI\Desktop\Hamada\lab\data\raw\images\Describable Textures Dataset\images\fibrous\fibrous_0095.jpg,0.10969324903438266,2,False
C:\Users\Hamada.MSI\Desktop\Hamada\lab\data\raw\images\Describable Textures Dataset\images\stained\stained_0137.jpg,0.10978104706789638,2,False
C:\Users\Hamada.MSI\Desktop\Hamada\lab\data\raw\images\Describable Textures Dataset\images\fibrous\fibrous_0139.jpg,0.10984443712378948,2,False
C:\Users\Hamada.MSI\Desktop\Hamada\lab\data\raw\images\Describable Textures Dataset\images\spiralled\spiralled_0099.jpg,0.10999086730937693,2,False
C:\Users\Hamada.MSI\Desktop\Hamada\lab\data\raw\images\Describable Textures Dataset\images\striped\striped_0106.jpg,0.11003646356635224,2,False
C:\Users\Hamada.MSI\Desktop\Hamada\lab\data\raw\images\Describable Textures Dataset\images\wrinkled\wrinkled_0123.jpg,0.11016567448393093,2,False
C:\Users\Hamada.MSI\Desktop\Hamada\lab\data\raw\images\Describable Textures Dataset\images\potholed\potholed_0156.jpg,0.11036568564709685,2,False
C:\Users\Hamada.MSI\Desktop\Hamada\lab\data\raw\images\Describable Textures Dataset\images\matted\matted_0105.jpg,0.11054000677602187,2,False
C:\Users\Hamada.MSI\Desktop\Hamada\lab\data\raw\images\Describable Textures Dataset\images\wrinkled\wrinkled_0012.jpg,0.11073806509617475,2,False
C:\Users\Hamada.MSI\Desktop\Hamada\lab\data\raw\images\Describable Textures Dataset\images\wrinkled\wrinkled_0052.jpg,0.11079485458827328,2,False
C:\Users\Hamada.MSI\Desktop\Hamada\lab\data\raw\images\Describable Textures Dataset\images\cobwebbed\cobwebbed_0060.jpg,0.1108630478077521,2,False
C:\Users\Hamada.MSI\Desktop\Hamada\lab\data\raw\images\Describable Textures Dataset\images\marbled\marbled_0129.jpg,0.11107226640250635,2,False
C:\Users\Hamada.MSI\Desktop\Hamada\lab\data\raw\images\Describable Textures Dataset\images\crystalline\crystalline_0204.jpg,0.11113627741496915,2,False
C:\Users\Hamada.MSI\Desktop\Hamada\lab\data\raw\images\Describable Textures Dataset\images\cobwebbed\cobwebbed_0145.jpg,0.111274361322793,2,False
C:\Users\Hamada.MSI\Desktop\Hamada\lab\data\raw\images\Describable Textures Dataset\images\grooved\grooved_0150.jpg,0.11127695242271562,2,False
C:\Users\Hamada.MSI\Desktop\Hamada\lab\data\raw\images\Describable Textures Dataset\images\matted\matted_0152.jpg,0.11136794496597824,2,False
C:\Users\Hamada.MSI\Desktop\Hamada\lab\data\raw\images\Describable Textures Dataset\images\veined\veined_0089.jpg,0.11155676465299776,2,False
C:\Users\Hamada.MSI\Desktop\Hamada\lab\data\raw\images\Describable Textures Dataset\images\blotchy\blotchy_0073.jpg,0.11157145439658678,2,False
C:\Users\Hamada.MSI\Desktop\Hamada\lab\data\raw\images\Describable Textures Dataset\images\bumpy\bumpy_0114.jpg,0.11159804673285069,2,False
C:\Users\Hamada.MSI\Desktop\Hamada\lab\data\raw\images\Describable Textures Dataset\images\scaly\scaly_0163.jpg,0.11161155382600318,2,False
C:\Users\Hamada.MSI\Desktop\Hamada\lab\data\raw\images\Describable Textures Dataset\images\scaly\scaly_0106.jpg,0.1116950854520089,2,False
C:\Users\Hamada.MSI\Desktop\Hamada\lab\data\raw\images\Describable Textures Dataset\images\smeared\smeared_0109.jpg,0.11181304876380353,2,False
C:\Users\Hamada.MSI\Desktop\Hamada\lab\data\raw\images\Describable Textures Dataset\images\matted\matted_0162.jpg,0.11182037768478682,2,False
C:\Users\Hamada.MSI\Desktop\Hamada\lab\data\raw\images\Describable Textures Dataset\images\wrinkled\wrinkled_0102.jpg,0.11183177474335958,2,False
C:\Users\Hamada.MSI\Desktop\Hamada\lab\data\raw\images\Describable Textures Dataset\images\frilly\frilly_0052.jpg,0.11185173806721904,2,False
C:\Users\Hamada.MSI\Desktop\Hamada\lab\data\raw\images\Describable Textures Dataset\images\frilly\frilly_0082.jpg,0.11195764119842415,2,False
C:\Users\Hamada.MSI\Desktop\Hamada\lab\data\raw\images\Describable Textures Dataset\images\wrinkled\wrinkled_0041.jpg,0.11216086855459763,2,False
C:\Users\Hamada.MSI\Desktop\Hamada\lab\data\raw\images\Describable Textures Dataset\images\crosshatched\crosshatched_0138.jpg,0.11219845686676148,2,False
C:\Users\Hamada.MSI\Desktop\Hamada\lab\data\raw\images\Describable Textures Dataset\images\chequered\chequered_0169.jpg,0.1122235203062201,2,False
C:\Users\Hamada.MSI\Desktop\Hamada\lab\data\raw\images\Describable Textures Dataset\images\woven\woven_0052.jpg,0.11229003923527424,2,False
C:\Users\Hamada.MSI\Desktop\Hamada\lab\data\raw\images\Describable Textures Dataset\images\flecked\flecked_0087.jpg,0.11252067459258508,2,False
C:\Users\Hamada.MSI\Desktop\Hamada\lab\data\raw\images\Describable Textures Dataset\images\cobwebbed\cobwebbed_0123.jpg,0.11253204857733168,2,False
C:\Users\Hamada.MSI\Desktop\Hamada\lab\data\raw\images\Describable Textures Dataset\images\zigzagged\zigzagged_0026.jpg,0.11261246234719147,2,False
C:\Users\Hamada.MSI\Desktop\Hamada\lab\data\raw\images\Describable Textures Dataset\images\braided\braided_0117.jpg,0.112615587329285,2,False
C:\Users\Hamada.MSI\Desktop\Hamada\lab\data\raw\images\Describable Textures Dataset\images\porous\porous_0045.jpg,0.11269565823930633,2,False
C:\Users\Hamada.MSI\Desktop\Hamada\lab\data\raw\images\Describable Textures Dataset\images\striped\striped_0079.jpg,0.11274056749667459,2,False
C:\Users\Hamada.MSI\Desktop\Hamada\lab\data\raw\images\Describable Textures Dataset\images\stained\stained_0042.jpg,0.11279727356224012,2,False
C:\Users\Hamada.MSI\Desktop\Hamada\lab\data\raw\images\Describable Textures Dataset\images\dotted\dotted_0093.jpg,0.11303723797581819,2,False
C:\Users\Hamada.MSI\Desktop\Hamada\lab\data\raw\images\Describable Textures Dataset\images\pitted\pitted_0053.jpg,0.11311613893405048,2,False
C:\Users\Hamada.MSI\Desktop\Hamada\lab\data\raw\images\Describable Textures Dataset\images\matted\matted_0131.jpg,0.11315204077780801,2,False
C:\Users\Hamada.MSI\Desktop\Hamada\lab\data\raw\images\Describable Textures Dataset\images\pitted\pitted_0132.jpg,0.11315533567317018,2,False
C:\Users\Hamada.MSI\Desktop\Hamada\lab\data\raw\images\Describable Textures Dataset\images\grooved\grooved_0153.jpg,0.11327779640082576,2,False
C:\Users\Hamada.MSI\Desktop\Hamada\lab\data\raw\images\Describable Textures Dataset\images\blotchy\blotchy_0102.jpg,0.11328803349306589,2,False
C:\Users\Hamada.MSI\Desktop\Hamada\lab\data\raw\images\Describable Textures Dataset\images\woven\woven_0029.jpg,0.11397794222210662,2,False
C:\Users\Hamada.MSI\Desktop\Hamada\lab\data\raw\images\Describable Textures Dataset\images\veined\veined_0133.jpg,0.11405965392541717,2,False
C:\Users\Hamada.MSI\Desktop\Hamada\lab\data\raw\images\Describable Textures Dataset\images\stained\stained_0035.jpg,0.11410258801794587,2,False
C:\Users\Hamada.MSI\Desktop\Hamada\lab\data\raw\images\Describable Textures Dataset\images\dotted\dotted_0146.jpg,0.11418042805805687,2,False
C:\Users\Hamada.MSI\Desktop\Hamada\lab\data\raw\images\Describable Textures Dataset\images\dotted\dotted_0171.jpg,0.11418042805805687,2,False
C:\Users\Hamada.MSI\Desktop\Hamada\lab\data\raw\images\Describable Textures Dataset\images\smeared\smeared_0053.jpg,0.11423623379023151,2,False
C:\Users\Hamada.MSI\Desktop\Hamada\lab\data\raw\images\Describable Textures Dataset\images\knitted\knitted_0152.jpg,0.1142367263865347,2,False
C:\Users\Hamada.MSI\Desktop\Hamada\lab\data\raw\images\Describable Textures Dataset\images\interlaced\interlaced_0194.jpg,0.1143267271558254,2,False
C:\Users\Hamada.MSI\Desktop\Hamada\lab\data\raw\images\Describable Textures Dataset\images\grid\grid_0051.jpg,0.11433860837178345,2,False
C:\Users\Hamada.MSI\Desktop\Hamada\lab\data\raw\images\Describable Textures Dataset\images\sprinkled\sprinkled_0121.jpg,0.11452654982011216,2,False
C:\Users\Hamada.MSI\Desktop\Hamada\lab\data\raw\images\Describable Textures Dataset\images\matted\matted_0161.jpg,0.11456110372088395,2,False
C:\Users\Hamada.MSI\Desktop\Hamada\lab\data\raw\images\Describable Textures Dataset\images\meshed\meshed_0015.jpg,0.11458917310775413,2,False
C:\Users\Hamada.MSI\Desktop\Hamada\lab\data\raw\images\Describable Textures Dataset\images\pleated\pleated_0104.jpg,0.11470141932516224,2,False
C:\Users\Hamada.MSI\Desktop\Hamada\lab\data\raw\images\Describable Textures Dataset\images\scaly\scaly_0147.jpg,0.11479595658027378,2,False
C:\Users\Hamada.MSI\Desktop\Hamada\lab\data\raw\images\Describable Textures Dataset\images\striped\striped_0072.jpg,0.11493262510846092,2,False
C:\Users\Hamada.MSI\Desktop\Hamada\lab\data\raw\images\Describable Textures Dataset\images\blotchy\blotchy_0058.jpg,0.11512031814874184,2,False
C:\Users\Hamada.MSI\Desktop\Hamada\lab\data\raw\images\Describable Textures Dataset\images\waffled\waffled_0135.jpg,0.1151615753608591,2,False
C:\Users\Hamada.MSI\Desktop\Hamada\lab\data\raw\images\Describable Textures Dataset\images\scaly\scaly_0202.jpg,0.11518869239404682,2,False
C:\Users\Hamada.MSI\Desktop\Hamada\lab\data\raw\images\Describable Textures Dataset\images\studded\studded_0054.jpg,0.11545533568702926,2,False
C:\Users\Hamada.MSI\Desktop\Hamada\lab\data\raw\images\Describable Textures Dataset\images\studded\studded_0127.jpg,0.11547443098403122,2,False
C:\Users\Hamada.MSI\Desktop\Hamada\lab\data\raw\images\Describable Textures Dataset\images\cobwebbed\cobwebbed_0074.jpg,0.1155665365628637,2,False
C:\Users\Hamada.MSI\Desktop\Hamada\lab\data\raw\images\Describable Textures Dataset\images\freckled\freckled_0139.jpg,0.11563478102160867,2,False
C:\Users\Hamada.MSI\Desktop\Hamada\lab\data\raw\images\Describable Textures Dataset\images\pitted\pitted_0043.jpg,0.11568534391720424,2,False
C:\Users\Hamada.MSI\Desktop\Hamada\lab\data\raw\images\Describable Textures Dataset\images\swirly\swirly_0073.jpg,0.11573563637255901,2,False
C:\Users\Hamada.MSI\Desktop\Hamada\lab\data\raw\images\Describable Textures Dataset\images\freckled\freckled_0054.jpg,0.11585463954196369,2,False
C:\Users\Hamada.MSI\Desktop\Hamada\lab\data\raw\images\Describable Textures Dataset\images\flecked\flecked_0153.jpg,0.1159374137859516,2,False
C:\Users\Hamada.MSI\Desktop\Hamada\lab\data\raw\images\Describable Textures Dataset\images\cracked\cracked_0051.jpg,0.11610145261373844,2,False
C:\Users\Hamada.MSI\Desktop\Hamada\lab\data\raw\images\Describable Textures Dataset\images\banded\banded_0108.jpg,0.11622969608655173,2,False
C:\Users\Hamada.MSI\Desktop\Hamada\lab\data\raw\images\Describable Textures Dataset\images\marbled\marbled_0185.jpg,0.1163857953208929,2,False
C:\Users\Hamada.MSI\Desktop\Hamada\lab\data\raw\images\Describable Textures Dataset\images\swirly\swirly_0128.jpg,0.11657598303982038,2,False
C:\Users\Hamada.MSI\Desktop\Hamada\lab\data\raw\images\Describable Textures Dataset\images\blotchy\blotchy_0129.jpg,0.11662562045915952,2,False
C:\Users\Hamada.MSI\Desktop\Hamada\lab\data\raw\images\Describable Textures Dataset\images\flecked\flecked_0112.jpg,0.11668234123712862,2,False
C:\Users\Hamada.MSI\Desktop\Hamada\lab\data\raw\images\Describable Textures Dataset\images\studded\studded_0155.jpg,0.11689702293629,2,False
C:\Users\Hamada.MSI\Desktop\Hamada\lab\data\raw\images\Describable Textures Dataset\images\gauzy\gauzy_0104.jpg,0.11696422430954015,2,False
C:\Users\Hamada.MSI\Desktop\Hamada\lab\data\raw\images\Describable Textures Dataset\images\frilly\frilly_0003.jpg,0.11720530800828528,2,False
C:\Users\Hamada.MSI\Desktop\Hamada\lab\data\raw\images\Describable Textures Dataset\images\polka-dotted\polka-dotted_0122.jpg,0.11720929737196335,2,False
C:\Users\Hamada.MSI\Desktop\Hamada\lab\data\raw\images\Describable Textures Dataset\images\grooved\grooved_0121.jpg,0.11726756612062188,2,False
C:\Users\Hamada.MSI\Desktop\Hamada\lab\data\raw\images\Describable Textures Dataset\images\stained\stained_0082.jpg,0.11730020013518991,2,False
C:\Users\Hamada.MSI\Desktop\Hamada\lab\data\raw\images\Describable Textures Dataset\images\pleated\pleated_0051.jpg,0.11746795515542381,2,False
C:\Users\Hamada.MSI\Desktop\Hamada\lab\data\raw\images\Describable Textures Dataset\images\grooved\grooved_0165.jpg,0.11749020139252361,2,False
C:\Users\Hamada.MSI\Desktop\Hamada\lab\data\raw\images\Describable Textures Dataset\images\scaly\scaly_0152.jpg,0.11754039789121573,2,False
C:\Users\Hamada.MSI\Desktop\Hamada\lab\data\raw\images\Describable Textures Dataset\images\dotted\dotted_0121.jpg,0.11775333008438493,2,False
C:\Users\Hamada.MSI\Desktop\Hamada\lab\data\raw\images\Describable Textures Dataset\images\cobwebbed\cobwebbed_0138.jpg,0.11779293101272761,2,False
C:\Users\Hamada.MSI\Desktop\Hamada\lab\data\raw\images\Describable Textures Dataset\images\wrinkled\wrinkled_0138.jpg,0.11779599629087588,2,False
C:\Users\Hamada.MSI\Desktop\Hamada\lab\data\raw\images\Describable Textures Dataset\images\chequered\chequered_0124.jpg,0.11782010316051113,2,False
C:\Users\Hamada.MSI\Desktop\Hamada\lab\data\raw\images\Describable Textures Dataset\images\grooved\grooved_0130.jpg,0.1178440465323492,2,False
C:\Users\Hamada.MSI\Desktop\Hamada\lab\data\raw\images\Describable Textures Dataset\images\chequered\chequered_0173.jpg,0.11789375079979046,2,False
C:\Users\Hamada.MSI\Desktop\Hamada\lab\data\raw\images\Describable Textures Dataset\images\striped\striped_0109.jpg,0.11790736146519372,2,False
C:\Users\Hamada.MSI\Desktop\Hamada\lab\data\raw\images\Describable Textures Dataset\images\honeycombed\honeycombed_0167.jpg,0.11791422597007625,2,False
C:\Users\Hamada.MSI\Desktop\Hamada\lab\data\raw\images\Describable Textures Dataset\images\scaly\scaly_0223.jpg,0.1180466526535674,2,False
C:\Users\Hamada.MSI\Desktop\Hamada\lab\data\raw\images\Describable Textures Dataset\images\bumpy\bumpy_0163.jpg,0.11820677298584294,2,False
C:\Users\Hamada.MSI\Desktop\Hamada\lab\data\raw\images\Describable Textures Dataset\images\spiralled\spiralled_0011.jpg,0.11822742254603916,2,False
C:\Users\Hamada.MSI\Desktop\Hamada\lab\data\raw\images\Describable Textures Dataset\images\matted\matted_0139.jpg,0.11830576633188673,2,False
C:\Users\Hamada.MSI\Desktop\Hamada\lab\data\raw\images\Describable Textures Dataset\images\studded\studded_0065.jpg,0.11832712382721355,2,False
C:\Users\Hamada.MSI\Desktop\Hamada\lab\data\raw\images\Describable Textures Dataset\images\blotchy\blotchy_0048.jpg,0.11837620766402106,2,False
C:\Users\Hamada.MSI\Desktop\Hamada\lab\data\raw\images\Describable Textures Dataset\images\stratified\stratified_0140.jpg,0.11839860163930016,2,False
C:\Users\Hamada.MSI\Desktop\Hamada\lab\data\raw\images\Describable Textures Dataset\images\bumpy\bumpy_0141.jpg,0.11840705120601475,2,False
C:\Users\Hamada.MSI\Desktop\Hamada\lab\data\raw\images\Describable Textures Dataset\images\blotchy\blotchy_0045.jpg,0.11850870980922391,2,False
C:\Users\Hamada.MSI\Desktop\Hamada\lab\data\raw\images\Describable Textures Dataset\images\frilly\frilly_0078.jpg,0.11853168342530625,2,False
C:\Users\Hamada.MSI\Desktop\Hamada\lab\data\raw\images\Describable Textures Dataset\images\potholed\potholed_0121.jpg,0.1185634241485443,2,False
C:\Users\Hamada.MSI\Desktop\Hamada\lab\data\raw\images\Describable Textures Dataset\images\gauzy\gauzy_0191.jpg,0.11863300578921591,2,False
C:\Users\Hamada.MSI\Desktop\Hamada\lab\data\raw\images\Describable Textures Dataset\images\stratified\stratified_0072.jpg,0.11869556693843611,2,False
C:\Users\Hamada.MSI\Desktop\Hamada\lab\data\raw\images\Describable Textures Dataset\images\swirly\swirly_0167.jpg,0.11869968589672776,2,False
C:\Users\Hamada.MSI\Desktop\Hamada\lab\data\raw\images\Describable Textures Dataset\images\wrinkled\wrinkled_0121.jpg,0.1187512884591498,2,False
C:\Users\Hamada.MSI\Desktop\Hamada\lab\data\raw\images\Describable Textures Dataset\images\frilly\frilly_0053.jpg,0.11875589578020683,2,False
C:\Users\Hamada.MSI\Desktop\Hamada\lab\data\raw\images\Describable Textures Dataset\images\wrinkled\wrinkled_0104.jpg,0.1188141754111627,2,False
C:\Users\Hamada.MSI\Desktop\Hamada\lab\data\raw\images\Describable Textures Dataset\images\honeycombed\honeycombed_0152.jpg,0.11882704789970981,2,False
C:\Users\Hamada.MSI\Desktop\Hamada\lab\data\raw\images\Describable Textures Dataset\images\striped\striped_0002.jpg,0.11905678617295835,2,False
C:\Users\Hamada.MSI\Desktop\Hamada\lab\data\raw\images\Describable Textures Dataset\images\scaly\scaly_0203.jpg,0.11905713360798464,2,False
C:\Users\Hamada.MSI\Desktop\Hamada\lab\data\raw\images\Describable Textures Dataset\images\woven\woven_0048.jpg,0.11907408536782238,2,False
C:\Users\Hamada.MSI\Desktop\Hamada\lab\data\raw\images\Describable Textures Dataset\images\lined\lined_0102.jpg,0.11922978002046476,2,False
C:\Users\Hamada.MSI\Desktop\Hamada\lab\data\raw\images\Describable Textures Dataset\images\chequered\chequered_0066.jpg,0.11938149808102883,2,False
C:\Users\Hamada.MSI\Desktop\Hamada\lab\data\raw\images\Describable Textures Dataset\images\matted\matted_0130.jpg,0.11942679731230392,2,False
C:\Users\Hamada.MSI\Desktop\Hamada\lab\data\raw\images\Describable Textures Dataset\images\crystalline\crystalline_0144.jpg,0.11949612215612904,2,False
C:\Users\Hamada.MSI\Desktop\Hamada\lab\data\raw\images\Describable Textures Dataset\images\honeycombed\honeycombed_0096.jpg,0.11951797654334352,2,False
C:\Users\Hamada.MSI\Desktop\Hamada\lab\data\raw\images\Describable Textures Dataset\images\lined\lined_0105.jpg,0.11958836815146917,2,False
C:\Users\Hamada.MSI\Desktop\Hamada\lab\data\raw\images\Describable Textures Dataset\images\striped\striped_0121.jpg,0.11975870791816558,2,False
C:\Users\Hamada.MSI\Desktop\Hamada\lab\data\raw\images\Describable Textures Dataset\images\waffled\waffled_0190.jpg,0.11985769994354889,2,False
C:\Users\Hamada.MSI\Desktop\Hamada\lab\data\raw\images\Describable Textures Dataset\images\fibrous\fibrous_0180.jpg,0.11987362420226047,2,False
C:\Users\Hamada.MSI\Desktop\Hamada\lab\data\raw\images\Describable Textures Dataset\images\braided\braided_0132.jpg,0.11991416800769386,2,False
C:\Users\Hamada.MSI\Desktop\Hamada\lab\data\raw\images\Describable Textures Dataset\images\smeared\smeared_0089.jpg,0.11994490127296092,2,False
C:\Users\Hamada.MSI\Desktop\Hamada\lab\data\raw\images\Describable Textures Dataset\images\veined\veined_0189.jpg,0.1199585779018702,2,False
C:\Users\Hamada.MSI\Desktop\Hamada\lab\data\raw\images\Describable Textures Dataset\images\waffled\waffled_0156.jpg,0.11998001138381521,2,False
C:\Users\Hamada.MSI\Desktop\Hamada\lab\data\raw\images\Describable Textures Dataset\images\knitted\knitted_0153.jpg,0.12002589402251768,2,False
C:\Users\Hamada.MSI\Desktop\Hamada\lab\data\raw\images\Describable Textures Dataset\images\honeycombed\honeycombed_0058.jpg,0.12003741909743854,2,False
C:\Users\Hamada.MSI\Desktop\Hamada\lab\data\raw\images\Describable Textures Dataset\images\pleated\pleated_0136.jpg,0.12004298829954924,2,False
C:\Users\Hamada.MSI\Desktop\Hamada\lab\data\raw\images\Describable Textures Dataset\images\woven\woven_0002.jpg,0.12017176331395868,2,False
C:\Users\Hamada.MSI\Desktop\Hamada\lab\data\raw\images\Describable Textures Dataset\images\honeycombed\honeycombed_0080.jpg,0.12027148379955412,2,False
C:\Users\Hamada.MSI\Desktop\Hamada\lab\data\raw\images\Describable Textures Dataset\images\pitted\pitted_0148.jpg,0.12037729448255312,2,False
C:\Users\Hamada.MSI\Desktop\Hamada\lab\data\raw\images\Describable Textures Dataset\images\smeared\smeared_0100.jpg,0.12042965623168042,2,False
C:\Users\Hamada.MSI\Desktop\Hamada\lab\data\raw\images\Describable Textures Dataset\images\porous\porous_0092.jpg,0.12046351972484863,2,False
C:\Users\Hamada.MSI\Desktop\Hamada\lab\data\raw\images\Describable Textures Dataset\images\striped\striped_0043.jpg,0.12051057431385069,2,False
C:\Users\Hamada.MSI\Desktop\Hamada\lab\data\raw\images\Describable Textures Dataset\images\stratified\stratified_0108.jpg,0.12071204246833138,2,False
C:\Users\Hamada.MSI\Desktop\Hamada\lab\data\raw\images\Describable Textures Dataset\images\blotchy\blotchy_0065.jpg,0.12077047851283294,2,False
C:\Users\Hamada.MSI\Desktop\Hamada\lab\data\raw\images\Describable Textures Dataset\images\smeared\smeared_0029.jpg,0.12090465150058526,2,False
C:\Users\Hamada.MSI\Desktop\Hamada\lab\data\raw\images\Describable Textures Dataset\images\pitted\pitted_0061.jpg,0.12109890994418941,2,False
C:\Users\Hamada.MSI\Desktop\Hamada\lab\data\raw\images\Describable Textures Dataset\images\woven\woven_0054.jpg,0.12111410706320644,2,False
C:\Users\Hamada.MSI\Desktop\Hamada\lab\data\raw\images\Describable Textures Dataset\images\grid\grid_0091.jpg,0.12111862001952431,2,False
C:\Users\Hamada.MSI\Desktop\Hamada\lab\data\raw\images\Describable Textures Dataset\images\matted\matted_0165.jpg,0.12121641475619446,2,False
C:\Users\Hamada.MSI\Desktop\Hamada\lab\data\raw\images\Describable Textures Dataset\images\pleated\pleated_0152.jpg,0.121269847267191,2,False
C:\Users\Hamada.MSI\Desktop\Hamada\lab\data\raw\images\Describable Textures Dataset\images\studded\studded_0182.jpg,0.12129755820248145,2,False
C:\Users\Hamada.MSI\Desktop\Hamada\lab\data\raw\images\Describable Textures Dataset\images\wrinkled\wrinkled_0059.jpg,0.12130818590625807,2,False
C:\Users\Hamada.MSI\Desktop\Hamada\lab\data\raw\images\Describable Textures Dataset\images\banded\banded_0096.jpg,0.12132172072602182,2,False
C:\Users\Hamada.MSI\Desktop\Hamada\lab\data\raw\images\Describable Textures Dataset\images\crystalline\crystalline_0177.jpg,0.12155685516151515,2,False
C:\Users\Hamada.MSI\Desktop\Hamada\lab\data\raw\images\Describable Textures Dataset\images\banded\banded_0067.jpg,0.12161050133488668,2,False
C:\Users\Hamada.MSI\Desktop\Hamada\lab\data\raw\images\Describable Textures Dataset\images\spiralled\spiralled_0029.jpg,0.12163908939350862,2,False
C:\Users\Hamada.MSI\Desktop\Hamada\lab\data\raw\images\Describable Textures Dataset\images\chequered\chequered_0210.jpg,0.1216430050590931,2,False
C:\Users\Hamada.MSI\Desktop\Hamada\lab\data\raw\images\Describable Textures Dataset\images\sprinkled\sprinkled_0055.jpg,0.12198953611847173,2,False
C:\Users\Hamada.MSI\Desktop\Hamada\lab\data\raw\images\Describable Textures Dataset\images\grid\grid_0066.jpg,0.12239983509275865,2,False
C:\Users\Hamada.MSI\Desktop\Hamada\lab\data\raw\images\Describable Textures Dataset\images\sprinkled\sprinkled_0015.jpg,0.12244310681955525,2,False
C:\Users\Hamada.MSI\Desktop\Hamada\lab\data\raw\images\Describable Textures Dataset\images\porous\porous_0061.jpg,0.12260023747546714,2,False
C:\Users\Hamada.MSI\Desktop\Hamada\lab\data\raw\images\Describable Textures Dataset\images\lined\lined_0027.jpg,0.12260677952183303,2,False
C:\Users\Hamada.MSI\Desktop\Hamada\lab\data\raw\images\Describable Textures Dataset\images\studded\studded_0062.jpg,0.12265399545249803,2,False
C:\Users\Hamada.MSI\Desktop\Hamada\lab\data\raw\images\Describable Textures Dataset\images\matted\matted_0026.jpg,0.12270203897670733,2,False
C:\Users\Hamada.MSI\Desktop\Hamada\lab\data\raw\images\Describable Textures Dataset\images\scaly\scaly_0112.jpg,0.12277100392724069,2,False
C:\Users\Hamada.MSI\Desktop\Hamada\lab\data\raw\images\Describable Textures Dataset\images\pleated\pleated_0117.jpg,0.12283157498334296,2,False
C:\Users\Hamada.MSI\Desktop\Hamada\lab\data\raw\images\Describable Textures Dataset\images\potholed\potholed_0138.jpg,0.12285316617517111,2,False
C:\Users\Hamada.MSI\Desktop\Hamada\lab\data\raw\images\Describable Textures Dataset\images\woven\woven_0081.jpg,0.12290863781282235,2,False
C:\Users\Hamada.MSI\Desktop\Hamada\lab\data\raw\images\Describable Textures Dataset\images\veined\veined_0186.jpg,0.12293567966848065,2,False
C:\Users\Hamada.MSI\Desktop\Hamada\lab\data\raw\images\Describable Textures Dataset\images\pitted\pitted_0069.jpg,0.12299109457897092,2,False
C:\Users\Hamada.MSI\Desktop\Hamada\lab\data\raw\images\Describable Textures Dataset\images\grooved\grooved_0082.jpg,0.12303767755050213,2,False
C:\Users\Hamada.MSI\Desktop\Hamada\lab\data\raw\images\Describable Textures Dataset\images\freckled\freckled_0121.jpg,0.12313044074994225,2,False
C:\Users\Hamada.MSI\Desktop\Hamada\lab\data\raw\images\Describable Textures Dataset\images\stratified\stratified_0123.jpg,0.12355230178051096,2,False
C:\Users\Hamada.MSI\Desktop\Hamada\lab\data\raw\images\Describable Textures Dataset\images\grooved\grooved_0079.jpg,0.12356042730599638,2,False
C:\Users\Hamada.MSI\Desktop\Hamada\lab\data\raw\images\Describable Textures Dataset\images\striped\striped_0034.jpg,0.12358077106055788,2,False
C:\Users\Hamada.MSI\Desktop\Hamada\lab\data\raw\images\Describable Textures Dataset\images\freckled\freckled_0053.jpg,0.12369763216494786,2,False
C:\Users\Hamada.MSI\Desktop\Hamada\lab\data\raw\images\Describable Textures Dataset\images\blotchy\blotchy_0028.jpg,0.12371338557799413,2,False
C:\Users\Hamada.MSI\Desktop\Hamada\lab\data\raw\images\Describable Textures Dataset\images\scaly\scaly_0109.jpg,0.12378080325589157,2,False
C:\Users\Hamada.MSI\Desktop\Hamada\lab\data\raw\images\Describable Textures Dataset\images\smeared\smeared_0090.jpg,0.12401219861817749,2,False
C:\Users\Hamada.MSI\Desktop\Hamada\lab\data\raw\images\Describable Textures Dataset\images\swirly\swirly_0148.jpg,0.12407125671750634,2,False
C:\Users\Hamada.MSI\Desktop\Hamada\lab\data\raw\images\Describable Textures Dataset\images\stained\stained_0025.jpg,0.12418617144949225,2,False
C:\Users\Hamada.MSI\Desktop\Hamada\lab\data\raw\images\Describable Textures Dataset\images\gauzy\gauzy_0124.jpg,0.12423521388420417,2,False
C:\Users\Hamada.MSI\Desktop\Hamada\lab\data\raw\images\Describable Textures Dataset\images\wrinkled\wrinkled_0017.jpg,0.12459609870392802,2,False
C:\Users\Hamada.MSI\Desktop\Hamada\lab\data\raw\images\Describable Textures Dataset\images\woven\woven_0019.jpg,0.12462387219169754,2,False
C:\Users\Hamada.MSI\Desktop\Hamada\lab\data\raw\images\Describable Textures Dataset\images\cracked\cracked_0062.jpg,0.12476615023443413,2,False
C:\Users\Hamada.MSI\Desktop\Hamada\lab\data\raw\images\Describable Textures Dataset\images\smeared\smeared_0049.jpg,0.12497211112123614,2,False
C:\Users\Hamada.MSI\Desktop\Hamada\lab\data\raw\images\Describable Textures Dataset\images\polka-dotted\polka-dotted_0098.jpg,0.12502258057653443,2,False
C:\Users\Hamada.MSI\Desktop\Hamada\lab\data\raw\images\Describable Textures Dataset\images\matted\matted_0125.jpg,0.12508884495053735,2,False
C:\Users\Hamada.MSI\Desktop\Hamada\lab\data\raw\images\Describable Textures Dataset\images\spiralled\spiralled_0032.jpg,0.12509197089428656,2,False
C:\Users\Hamada.MSI\Desktop\Hamada\lab\data\raw\images\Describable Textures Dataset\images\veined\veined_0100.jpg,0.1253365385472474,2,False
C:\Users\Hamada.MSI\Desktop\Hamada\lab\data\raw\images\Describable Textures Dataset\images\veined\veined_0088.jpg,0.12536789194398731,2,False
C:\Users\Hamada.MSI\Desktop\Hamada\lab\data\raw\images\Describable Textures Dataset\images\braided\braided_0081.jpg,0.12544103596248385,2,False
C:\Users\Hamada.MSI\Desktop\Hamada\lab\data\raw\images\Describable Textures Dataset\images\spiralled\spiralled_0133.jpg,0.12547515899511041,2,False
C:\Users\Hamada.MSI\Desktop\Hamada\lab\data\raw\images\Describable Textures Dataset\images\swirly\swirly_0087.jpg,0.12565751206636597,2,False
C:\Users\Hamada.MSI\Desktop\Hamada\lab\data\raw\images\Describable Textures Dataset\images\sprinkled\sprinkled_0098.jpg,0.12567351740851884,2,False
C:\Users\Hamada.MSI\Desktop\Hamada\lab\data\raw\images\Describable Textures Dataset\images\grooved\grooved_0116.jpg,0.12568427710464736,2,False
C:\Users\Hamada.MSI\Desktop\Hamada\lab\data\raw\images\Describable Textures Dataset\images\fibrous\fibrous_0102.jpg,0.12577782273280505,2,False
C:\Users\Hamada.MSI\Desktop\Hamada\lab\data\raw\images\Describable Textures Dataset\images\waffled\waffled_0146.jpg,0.12592308132154134,2,False
C:\Users\Hamada.MSI\Desktop\Hamada\lab\data\raw\images\Describable Textures Dataset\images\smeared\smeared_0074.jpg,0.12592826930566148,2,False
C:\Users\Hamada.MSI\Desktop\Hamada\lab\data\raw\images\Describable Textures Dataset\images\studded\studded_0101.jpg,0.12598562335481017,2,False
C:\Users\Hamada.MSI\Desktop\Hamada\lab\data\raw\images\Describable Textures Dataset\images\blotchy\blotchy_0109.jpg,0.12601144522911925,2,False
C:\Users\Hamada.MSI\Desktop\Hamada\lab\data\raw\images\Describable Textures Dataset\images\stratified\stratified_0067.jpg,0.12616719277900354,2,False
C:\Users\Hamada.MSI\Desktop\Hamada\lab\data\raw\images\Describable Textures Dataset\images\spiralled\spiralled_0101.jpg,0.12620052504554402,2,False
C:\Users\Hamada.MSI\Desktop\Hamada\lab\data\raw\images\Describable Textures Dataset\images\smeared\smeared_0114.jpg,0.12622849560056404,2,False
C:\Users\Hamada.MSI\Desktop\Hamada\lab\data\raw\images\Describable Textures Dataset\images\smeared\smeared_0050.jpg,0.12623367907196625,2,False
C:\Users\Hamada.MSI\Desktop\Hamada\lab\data\raw\images\Describable Textures Dataset\images\waffled\waffled_0130.jpg,0.12626100967224274,2,False
C:\Users\Hamada.MSI\Desktop\Hamada\lab\data\raw\images\Describable Textures Dataset\images\fibrous\fibrous_0169.jpg,0.12628360946471498,2,False
C:\Users\Hamada.MSI\Desktop\Hamada\lab\data\raw\images\Describable Textures Dataset\images\matted\matted_0097.jpg,0.12631469362492764,2,False
C:\Users\Hamada.MSI\Desktop\Hamada\lab\data\raw\images\Describable Textures Dataset\images\chequered\chequered_0062.jpg,0.12645333542794338,2,False
C:\Users\Hamada.MSI\Desktop\Hamada\lab\data\raw\images\Describable Textures Dataset\images\sprinkled\sprinkled_0110.jpg,0.12658608633801902,2,False
C:\Users\Hamada.MSI\Desktop\Hamada\lab\data\raw\images\Describable Textures Dataset\images\porous\porous_0052.jpg,0.12659360903427863,2,False
C:\Users\Hamada.MSI\Desktop\Hamada\lab\data\raw\images\Describable Textures Dataset\images\veined\veined_0085.jpg,0.12661785181442656,2,False
C:\Users\Hamada.MSI\Desktop\Hamada\lab\data\raw\images\Describable Textures Dataset\images\honeycombed\honeycombed_0120.jpg,0.12661948755720925,2,False
C:\Users\Hamada.MSI\Desktop\Hamada\lab\data\raw\images\Describable Textures Dataset\images\grid\grid_0049.jpg,0.12683103215912078,2,False
C:\Users\Hamada.MSI\Desktop\Hamada\lab\data\raw\images\Describable Textures Dataset\images\veined\veined_0158.jpg,0.12689532634698428,2,False
C:\Users\Hamada.MSI\Desktop\Hamada\lab\data\raw\images\Describable Textures Dataset\images\flecked\flecked_0137.jpg,0.12707138315960623,2,False
C:\Users\Hamada.MSI\Desktop\Hamada\lab\data\raw\images\Describable Textures Dataset\images\grooved\grooved_0060.jpg,0.12714094038297533,2,False
C:\Users\Hamada.MSI\Desktop\Hamada\lab\data\raw\images\Describable Textures Dataset\images\honeycombed\honeycombed_0054.jpg,0.12715623079700605,2,False
C:\Users\Hamada.MSI\Desktop\Hamada\lab\data\raw\images\Describable Textures Dataset\images\meshed\meshed_0129.jpg,0.12723956462309816,2,False
C:\Users\Hamada.MSI\Desktop\Hamada\lab\data\raw\images\Describable Textures Dataset\images\marbled\marbled_0169.jpg,0.12727207947653937,2,False
C:\Users\Hamada.MSI\Desktop\Hamada\lab\data\raw\images\Describable Textures Dataset\images\cobwebbed\cobwebbed_0137.jpg,0.1273375567622733,2,False
C:\Users\Hamada.MSI\Desktop\Hamada\lab\data\raw\images\Describable Textures Dataset\images\woven\woven_0020.jpg,0.12735405533056185,2,False
C:\Users\Hamada.MSI\Desktop\Hamada\lab\data\raw\images\Describable Textures Dataset\images\perforated\perforated_0107.jpg,0.12738353957125745,2,False
C:\Users\Hamada.MSI\Desktop\Hamada\lab\data\raw\images\Describable Textures Dataset\images\veined\veined_0126.jpg,0.12738551845623172,2,False
C:\Users\Hamada.MSI\Desktop\Hamada\lab\data\raw\images\Describable Textures Dataset\images\flecked\flecked_0159.jpg,0.12744301952173487,2,False
C:\Users\Hamada.MSI\Desktop\Hamada\lab\data\raw\images\Describable Textures Dataset\images\polka-dotted\polka-dotted_0207.jpg,0.1274577583158557,2,False
C:\Users\Hamada.MSI\Desktop\Hamada\lab\data\raw\images\Describable Textures Dataset\images\knitted\knitted_0160.jpg,0.12748350350120496,2,False
C:\Users\Hamada.MSI\Desktop\Hamada\lab\data\raw\images\Describable Textures Dataset\images\gauzy\gauzy_0112.jpg,0.12763165418217956,2,False
C:\Users\Hamada.MSI\Desktop\Hamada\lab\data\raw\images\Describable Textures Dataset\images\lacelike\lacelike_0002.jpg,0.1276449840100526,2,False
C:\Users\Hamada.MSI\Desktop\Hamada\lab\data\raw\images\Describable Textures Dataset\images\porous\porous_0111.jpg,0.1277919411573155,2,False
C:\Users\Hamada.MSI\Desktop\Hamada\lab\data\raw\images\Describable Textures Dataset\images\striped\striped_0122.jpg,0.1278470402187967,2,False
C:\Users\Hamada.MSI\Desktop\Hamada\lab\data\raw\images\Describable Textures Dataset\images\grid\grid_0131.jpg,0.1279869448807754,2,False
C:\Users\Hamada.MSI\Desktop\Hamada\lab\data\raw\images\Describable Textures Dataset\images\chequered\chequered_0107.jpg,0.12809229577432948,2,False
C:\Users\Hamada.MSI\Desktop\Hamada\lab\data\raw\images\Describable Textures Dataset\images\waffled\waffled_0171.jpg,0.1281220731223143,2,False
C:\Users\Hamada.MSI\Desktop\Hamada\lab\data\raw\images\Describable Textures Dataset\images\freckled\freckled_0127.jpg,0.12813872143098054,2,False
C:\Users\Hamada.MSI\Desktop\Hamada\lab\data\raw\images\Describable Textures Dataset\images\cobwebbed\cobwebbed_0130.jpg,0.12827548850579895,2,False
C:\Users\Hamada.MSI\Desktop\Hamada\lab\data\raw\images\Describable Textures Dataset\images\woven\woven_0001.jpg,0.1284311002366009,2,False
C:\Users\Hamada.MSI\Desktop\Hamada\lab\data\raw\images\Describable Textures Dataset\images\dotted\dotted_0183.jpg,0.1285423824301524,2,False
C:\Users\Hamada.MSI\Desktop\Hamada\lab\data\raw\images\Describable Textures Dataset\images\knitted\knitted_0122.jpg,0.12857786332091017,2,False
C:\Users\Hamada.MSI\Desktop\Hamada\lab\data\raw\images\Describable Textures Dataset\images\bumpy\bumpy_0070.jpg,0.12871752126722055,2,False
C:\Users\Hamada.MSI\Desktop\Hamada\lab\data\raw\images\Describable Textures Dataset\images\braided\braided_0171.jpg,0.12881706369684745,2,False
C:\Users\Hamada.MSI\Desktop\Hamada\lab\data\raw\images\Describable Textures Dataset\images\braided\braided_0125.jpg,0.12894348851366236,2,False
C:\Users\Hamada.MSI\Desktop\Hamada\lab\data\raw\images\Describable Textures Dataset\images\porous\porous_0131.jpg,0.12896499467248645,2,False
C:\Users\Hamada.MSI\Desktop\Hamada\lab\data\raw\images\Describable Textures Dataset\images\spiralled\spiralled_0100.jpg,0.12899335132333173,2,False
C:\Users\Hamada.MSI\Desktop\Hamada\lab\data\raw\images\Describable Textures Dataset\images\stained\stained_0053.jpg,0.12910328996011508,2,False
C:\Users\Hamada.MSI\Desktop\Hamada\lab\data\raw\images\Describable Textures Dataset\images\fibrous\fibrous_0129.jpg,0.12920893999456415,2,False
C:\Users\Hamada.MSI\Desktop\Hamada\lab\data\raw\images\Describable Textures Dataset\images\matted\matted_0046.jpg,0.129249373055367,2,False
C:\Users\Hamada.MSI\Desktop\Hamada\lab\data\raw\images\Describable Textures Dataset\images\veined\veined_0087.jpg,0.1292773794458053,2,False
C:\Users\Hamada.MSI\Desktop\Hamada\lab\data\raw\images\Describable Textures Dataset\images\stratified\stratified_0064.jpg,0.1293772757013099,2,False
C:\Users\Hamada.MSI\Desktop\Hamada\lab\data\raw\images\Describable Textures Dataset\images\dotted\dotted_0167.jpg,0.1294044245174623,2,False
C:\Users\Hamada.MSI\Desktop\Hamada\lab\data\raw\images\Describable Textures Dataset\images\crystalline\crystalline_0137.jpg,0.12944355683608713,2,False
C:\Users\Hamada.MSI\Desktop\Hamada\lab\data\raw\images\Describable Textures Dataset\images\honeycombed\honeycombed_0133.jpg,0.12958358949704948,2,False
C:\Users\Hamada.MSI\Desktop\Hamada\lab\data\raw\images\Describable Textures Dataset\images\porous\porous_0112.jpg,0.12976766229197217,2,False
C:\Users\Hamada.MSI\Desktop\Hamada\lab\data\raw\images\Describable Textures Dataset\images\bubbly\bubbly_0096.jpg,0.1298828884348385,2,False
C:\Users\Hamada.MSI\Desktop\Hamada\lab\data\raw\images\McGill Calibrated Color Image Database\Textures\Textures\merry_mtl07_008.tif,0.12993952054127816,2,False
C:\Users\Hamada.MSI\Desktop\Hamada\lab\data\raw\images\Describable Textures Dataset\images\chequered\chequered_0133.jpg,0.12998876496383396,2,False
C:\Users\Hamada.MSI\Desktop\Hamada\lab\data\raw\images\Describable Textures Dataset\images\perforated\perforated_0037.jpg,0.13003763640141636,2,False
C:\Users\Hamada.MSI\Desktop\Hamada\lab\data\raw\images\Describable Textures Dataset\images\veined\veined_0127.jpg,0.13025246333376367,2,False
C:\Users\Hamada.MSI\Desktop\Hamada\lab\data\raw\images\Describable Textures Dataset\images\spiralled\spiralled_0106.jpg,0.13032783490957517,2,False
C:\Users\Hamada.MSI\Desktop\Hamada\lab\data\raw\images\Describable Textures Dataset\images\meshed\meshed_0136.jpg,0.1304678841456699,2,False
C:\Users\Hamada.MSI\Desktop\Hamada\lab\data\raw\images\Describable Textures Dataset\images\cobwebbed\cobwebbed_0041.jpg,0.13054069138733557,2,False
C:\Users\Hamada.MSI\Desktop\Hamada\lab\data\raw\images\Describable Textures Dataset\images\paisley\paisley_0021.jpg,0.13063256817655589,2,False
C:\Users\Hamada.MSI\Desktop\Hamada\lab\data\raw\images\Describable Textures Dataset\images\lacelike\lacelike_0044.jpg,0.13064078721184008,2,False
C:\Users\Hamada.MSI\Desktop\Hamada\lab\data\raw\images\Describable Textures Dataset\images\bumpy\bumpy_0124.jpg,0.13066333916412384,2,False
C:\Users\Hamada.MSI\Desktop\Hamada\lab\data\raw\images\Describable Textures Dataset\images\cobwebbed\cobwebbed_0103.jpg,0.13077927284501112,2,False
C:\Users\Hamada.MSI\Desktop\Hamada\lab\data\raw\images\Describable Textures Dataset\images\marbled\marbled_0138.jpg,0.13078371259090046,2,False
C:\Users\Hamada.MSI\Desktop\Hamada\lab\data\raw\images\Describable Textures Dataset\images\cobwebbed\cobwebbed_0030.jpg,0.13097448258623276,2,False
C:\Users\Hamada.MSI\Desktop\Hamada\lab\data\raw\images\Describable Textures Dataset\images\bubbly\bubbly_0066.jpg,0.13103728148012062,2,False
C:\Users\Hamada.MSI\Desktop\Hamada\lab\data\raw\images\Describable Textures Dataset\images\matted\matted_0127.jpg,0.13112475307126154,2,False
C:\Users\Hamada.MSI\Desktop\Hamada\lab\data\raw\images\Describable Textures Dataset\images\veined\veined_0110.jpg,0.13121315682137372,2,False
C:\Users\Hamada.MSI\Desktop\Hamada\lab\data\raw\images\Describable Textures Dataset\images\bumpy\bumpy_0094.jpg,0.13138882005654318,2,False
C:\Users\Hamada.MSI\Desktop\Hamada\lab\data\raw\images\Describable Textures Dataset\images\matted\matted_0126.jpg,0.13145057262717247,2,False
C:\Users\Hamada.MSI\Desktop\Hamada\lab\data\raw\images\Describable Textures Dataset\images\waffled\waffled_0183.jpg,0.1314712855893593,2,False
C:\Users\Hamada.MSI\Desktop\Hamada\lab\data\raw\images\Describable Textures Dataset\images\meshed\meshed_0137.jpg,0.1315018387968859,2,False
C:\Users\Hamada.MSI\Desktop\Hamada\lab\data\raw\images\Describable Textures Dataset\images\potholed\potholed_0120.jpg,0.13156684889936987,2,False
C:\Users\Hamada.MSI\Desktop\Hamada\lab\data\raw\images\Describable Textures Dataset\images\cobwebbed\cobwebbed_0052.jpg,0.13166744754962065,2,False
C:\Users\Hamada.MSI\Desktop\Hamada\lab\data\raw\images\Describable Textures Dataset\images\lacelike\lacelike_0012.jpg,0.13170276780821857,2,False
C:\Users\Hamada.MSI\Desktop\Hamada\lab\data\raw\images\Describable Textures Dataset\images\flecked\flecked_0155.jpg,0.13178794976876476,2,False
C:\Users\Hamada.MSI\Desktop\Hamada\lab\data\raw\images\Describable Textures Dataset\images\striped\striped_0083.jpg,0.13195054236997072,2,False
C:\Users\Hamada.MSI\Desktop\Hamada\lab\data\raw\images\Describable Textures Dataset\images\braided\braided_0193.jpg,0.13203411989549318,2,False
C:\Users\Hamada.MSI\Desktop\Hamada\lab\data\raw\images\Describable Textures Dataset\images\porous\porous_0094.jpg,0.13225572066568256,2,False
C:\Users\Hamada.MSI\Desktop\Hamada\lab\data\raw\images\Describable Textures Dataset\images\spiralled\spiralled_0020.jpg,0.13240711381706496,2,False
C:\Users\Hamada.MSI\Desktop\Hamada\lab\data\raw\images\Describable Textures Dataset\images\pleated\pleated_0074.jpg,0.13246804506199905,2,False
C:\Users\Hamada.MSI\Desktop\Hamada\lab\data\raw\images\Describable Textures Dataset\images\blotchy\blotchy_0084.jpg,0.13264021681919808,2,False
C:\Users\Hamada.MSI\Desktop\Hamada\lab\data\raw\images\Describable Textures Dataset\images\spiralled\spiralled_0043.jpg,0.13282078327641597,2,False
C:\Users\Hamada.MSI\Desktop\Hamada\lab\data\raw\images\Describable Textures Dataset\images\knitted\knitted_0126.jpg,0.13285327213893172,2,False
C:\Users\Hamada.MSI\Desktop\Hamada\lab\data\raw\images\Describable Textures Dataset\images\porous\porous_0166.jpg,0.13295917656528736,2,False
C:\Users\Hamada.MSI\Desktop\Hamada\lab\data\raw\images\Describable Textures Dataset\images\cracked\cracked_0127.jpg,0.1329892196816725,2,False
C:\Users\Hamada.MSI\Desktop\Hamada\lab\data\raw\images\Describable Textures Dataset\images\fibrous\fibrous_0161.jpg,0.13315281824184474,2,False
C:\Users\Hamada.MSI\Desktop\Hamada\lab\data\raw\images\Describable Textures Dataset\images\waffled\waffled_0122.jpg,0.13319867441918015,2,False
C:\Users\Hamada.MSI\Desktop\Hamada\lab\data\raw\images\Describable Textures Dataset\images\scaly\scaly_0210.jpg,0.13333965035494683,2,False
C:\Users\Hamada.MSI\Desktop\Hamada\lab\data\raw\images\Describable Textures Dataset\images\bumpy\bumpy_0123.jpg,0.13343128534123633,2,False
C:\Users\Hamada.MSI\Desktop\Hamada\lab\data\raw\images\Describable Textures Dataset\images\chequered\chequered_0193.jpg,0.1334925891378264,2,False
C:\Users\Hamada.MSI\Desktop\Hamada\lab\data\raw\images\Describable Textures Dataset\images\cobwebbed\cobwebbed_0054.jpg,0.1335147204823456,2,False
C:\Users\Hamada.MSI\Desktop\Hamada\lab\data\raw\images\Describable Textures Dataset\images\crystalline\crystalline_0187.jpg,0.1337286322898401,2,False
C:\Users\Hamada.MSI\Desktop\Hamada\lab\data\raw\images\Describable Textures Dataset\images\stratified\stratified_0096.jpg,0.13379207558966427,2,False
C:\Users\Hamada.MSI\Desktop\Hamada\lab\data\raw\images\Describable Textures Dataset\images\bubbly\bubbly_0082.jpg,0.13382499144683258,2,False
C:\Users\Hamada.MSI\Desktop\Hamada\lab\data\raw\images\Describable Textures Dataset\images\wrinkled\wrinkled_0070.jpg,0.13390462594168337,2,False
C:\Users\Hamada.MSI\Desktop\Hamada\lab\data\raw\images\Describable Textures Dataset\images\smeared\smeared_0067.jpg,0.13395995579275932,2,False
C:\Users\Hamada.MSI\Desktop\Hamada\lab\data\raw\images\Describable Textures Dataset\images\swirly\swirly_0131.jpg,0.13417338684542224,2,False
C:\Users\Hamada.MSI\Desktop\Hamada\lab\data\raw\images\Describable Textures Dataset\images\scaly\scaly_0105.jpg,0.13418180534316748,2,False
C:\Users\Hamada.MSI\Desktop\Hamada\lab\data\raw\images\Describable Textures Dataset\images\crystalline\crystalline_0128.jpg,0.13431510924392578,2,False
C:\Users\Hamada.MSI\Desktop\Hamada\lab\data\raw\images\Describable Textures Dataset\images\matted\matted_0078.jpg,0.13438193499744097,2,False
C:\Users\Hamada.MSI\Desktop\Hamada\lab\data\raw\images\Describable Textures Dataset\images\smeared\smeared_0033.jpg,0.13444088854890274,2,False
C:\Users\Hamada.MSI\Desktop\Hamada\lab\data\raw\images\Describable Textures Dataset\images\grid\grid_0092.jpg,0.1345401502702074,2,False
C:\Users\Hamada.MSI\Desktop\Hamada\lab\data\raw\images\Describable Textures Dataset\images\bumpy\bumpy_0159.jpg,0.13454952667870732,2,False
C:\Users\Hamada.MSI\Desktop\Hamada\lab\data\raw\images\Describable Textures Dataset\images\sprinkled\sprinkled_0071.jpg,0.1346377298070293,2,False
C:\Users\Hamada.MSI\Desktop\Hamada\lab\data\raw\images\Describable Textures Dataset\images\bubbly\bubbly_0117.jpg,0.1346727871684137,2,False
C:\Users\Hamada.MSI\Desktop\Hamada\lab\data\raw\images\Describable Textures Dataset\images\paisley\paisley_0022.jpg,0.13467867857220076,2,False
C:\Users\Hamada.MSI\Desktop\Hamada\lab\data\raw\images\Describable Textures Dataset\images\pitted\pitted_0102.jpg,0.1347155228420746,2,False
C:\Users\Hamada.MSI\Desktop\Hamada\lab\data\raw\images\Describable Textures Dataset\images\pitted\pitted_0112.jpg,0.13472042885663654,2,False
C:\Users\Hamada.MSI\Desktop\Hamada\lab\data\raw\images\Describable Textures Dataset\images\scaly\scaly_0181.jpg,0.13492044415302462,2,False
C:\Users\Hamada.MSI\Desktop\Hamada\lab\data\raw\images\Describable Textures Dataset\images\cobwebbed\cobwebbed_0115.jpg,0.13507752249116844,2,False
C:\Users\Hamada.MSI\Desktop\Hamada\lab\data\raw\images\Describable Textures Dataset\images\spiralled\spiralled_0119.jpg,0.13536728720788177,2,False
C:\Users\Hamada.MSI\Desktop\Hamada\lab\data\raw\images\Describable Textures Dataset\images\veined\veined_0086.jpg,0.13548816541677872,2,False
C:\Users\Hamada.MSI\Desktop\Hamada\lab\data\raw\images\Describable Textures Dataset\images\knitted\knitted_0185.jpg,0.13565975342089673,2,False
C:\Users\Hamada.MSI\Desktop\Hamada\lab\data\raw\images\Describable Textures Dataset\images\perforated\perforated_0130.jpg,0.13587345690422667,2,False
C:\Users\Hamada.MSI\Desktop\Hamada\lab\data\raw\images\Describable Textures Dataset\images\woven\woven_0064.jpg,0.1358971852966816,2,False
C:\Users\Hamada.MSI\Desktop\Hamada\lab\data\raw\images\Describable Textures Dataset\images\braided\braided_0006.jpg,0.1360137621249781,2,False
C:\Users\Hamada.MSI\Desktop\Hamada\lab\data\raw\images\McGill Calibrated Color Image Database\Textures\Textures\merry_mexico0121.tif,0.13611491028027256,2,False
C:\Users\Hamada.MSI\Desktop\Hamada\lab\data\raw\images\Describable Textures Dataset\images\marbled\marbled_0085.jpg,0.1362396133525497,2,False
C:\Users\Hamada.MSI\Desktop\Hamada\lab\data\raw\images\Describable Textures Dataset\images\grid\grid_0129.jpg,0.13635890515914878,2,False
C:\Users\Hamada.MSI\Desktop\Hamada\lab\data\raw\images\Describable Textures Dataset\images\grid\grid_0107.jpg,0.13665571637737806,2,False
C:\Users\Hamada.MSI\Desktop\Hamada\lab\data\raw\images\Describable Textures Dataset\images\crystalline\crystalline_0170.jpg,0.1366989312635771,2,False
C:\Users\Hamada.MSI\Desktop\Hamada\lab\data\raw\images\Describable Textures Dataset\images\blotchy\blotchy_0119.jpg,0.1367083553274292,2,False
C:\Users\Hamada.MSI\Desktop\Hamada\lab\data\raw\images\Describable Textures Dataset\images\bumpy\bumpy_0059.jpg,0.13677332499127234,2,False
C:\Users\Hamada.MSI\Desktop\Hamada\lab\data\raw\images\Describable Textures Dataset\images\frilly\frilly_0033.jpg,0.13684660434083726,2,False
C:\Users\Hamada.MSI\Desktop\Hamada\lab\data\raw\images\Describable Textures Dataset\images\smeared\smeared_0093.jpg,0.1369209615098417,2,False
C:\Users\Hamada.MSI\Desktop\Hamada\lab\data\raw\images\Describable Textures Dataset\images\swirly\swirly_0078.jpg,0.13694542527418524,2,False
C:\Users\Hamada.MSI\Desktop\Hamada\lab\data\raw\images\Describable Textures Dataset\images\blotchy\blotchy_0094.jpg,0.13712486493864284,2,False
C:\Users\Hamada.MSI\Desktop\Hamada\lab\data\raw\images\Describable Textures Dataset\images\bumpy\bumpy_0131.jpg,0.13726733755441395,2,False
C:\Users\Hamada.MSI\Desktop\Hamada\lab\data\raw\images\Describable Textures Dataset\images\frilly\frilly_0123.jpg,0.13740273014508142,2,False
C:\Users\Hamada.MSI\Desktop\Hamada\lab\data\raw\images\Describable Textures Dataset\images\blotchy\blotchy_0080.jpg,0.13759791519203268,2,False
C:\Users\Hamada.MSI\Desktop\Hamada\lab\data\raw\images\Describable Textures Dataset\images\polka-dotted\polka-dotted_0221.jpg,0.13765410143401652,2,False
C:\Users\Hamada.MSI\Desktop\Hamada\lab\data\raw\images\Describable Textures Dataset\images\stratified\stratified_0166.jpg,0.13769296583095691,2,False
C:\Users\Hamada.MSI\Desktop\Hamada\lab\data\raw\images\Describable Textures Dataset\images\interlaced\interlaced_0093.jpg,0.13777049128584748,2,False
C:\Users\Hamada.MSI\Desktop\Hamada\lab\data\raw\images\Describable Textures Dataset\images\swirly\swirly_0071.jpg,0.13777119286383344,2,False
C:\Users\Hamada.MSI\Desktop\Hamada\lab\data\raw\images\Describable Textures Dataset\images\lined\lined_0162.jpg,0.1377871336615065,2,False
C:\Users\Hamada.MSI\Desktop\Hamada\lab\data\raw\images\Describable Textures Dataset\images\cobwebbed\cobwebbed_0051.jpg,0.13784009150740803,2,False
C:\Users\Hamada.MSI\Desktop\Hamada\lab\data\raw\images\Describable Textures Dataset\images\grid\grid_0011.jpg,0.1378609696794515,2,False
C:\Users\Hamada.MSI\Desktop\Hamada\lab\data\raw\images\Describable Textures Dataset\images\grid\grid_0114.jpg,0.13790744167877172,2,False
C:\Users\Hamada.MSI\Desktop\Hamada\lab\data\raw\images\Describable Textures Dataset\images\knitted\knitted_0101.jpg,0.13794578114581055,2,False
C:\Users\Hamada.MSI\Desktop\Hamada\lab\data\raw\images\Describable Textures Dataset\images\pitted\pitted_0127.jpg,0.13806566405990103,2,False
C:\Users\Hamada.MSI\Desktop\Hamada\lab\data\raw\images\Describable Textures Dataset\images\veined\veined_0097.jpg,0.13807993576045247,2,False
C:\Users\Hamada.MSI\Desktop\Hamada\lab\data\raw\images\Describable Textures Dataset\images\veined\veined_0153.jpg,0.13818102696691473,2,False
C:\Users\Hamada.MSI\Desktop\Hamada\lab\data\raw\images\Describable Textures Dataset\images\stratified\stratified_0057.jpg,0.13847627624326792,2,False
C:\Users\Hamada.MSI\Desktop\Hamada\lab\data\raw\images\Describable Textures Dataset\images\polka-dotted\polka-dotted_0113.jpg,0.1388278403588909,2,False
C:\Users\Hamada.MSI\Desktop\Hamada\lab\data\raw\images\Describable Textures Dataset\images\grooved\grooved_0152.jpg,0.13901235227011827,2,False
C:\Users\Hamada.MSI\Desktop\Hamada\lab\data\raw\images\Describable Textures Dataset\images\braided\braided_0138.jpg,0.1390156296668713,2,False
C:\Users\Hamada.MSI\Desktop\Hamada\lab\data\raw\images\Describable Textures Dataset\images\woven\woven_0128.jpg,0.13933609455227206,2,False
C:\Users\Hamada.MSI\Desktop\Hamada\lab\data\raw\images\Describable Textures Dataset\images\scaly\scaly_0189.jpg,0.13961184211242617,2,False
C:\Users\Hamada.MSI\Desktop\Hamada\lab\data\raw\images\Describable Textures Dataset\images\paisley\paisley_0029.jpg,0.1396625187693383,2,False
C:\Users\Hamada.MSI\Desktop\Hamada\lab\data\raw\images\Describable Textures Dataset\images\frilly\frilly_0118.jpg,0.1397045702847532,2,False
C:\Users\Hamada.MSI\Desktop\Hamada\lab\data\raw\images\Describable Textures Dataset\images\pitted\pitted_0133.jpg,0.13991731208334846,2,False
C:\Users\Hamada.MSI\Desktop\Hamada\lab\data\raw\images\Describable Textures Dataset\images\striped\striped_0111.jpg,0.1400422025303555,2,False
C:\Users\Hamada.MSI\Desktop\Hamada\lab\data\raw\images\Describable Textures Dataset\images\perforated\perforated_0103.jpg,0.14005010968067474,2,False
C:\Users\Hamada.MSI\Desktop\Hamada\lab\data\raw\images\Describable Textures Dataset\images\stained\stained_0060.jpg,0.1402920818718826,2,False
C:\Users\Hamada.MSI\Desktop\Hamada\lab\data\raw\images\Describable Textures Dataset\images\spiralled\spiralled_0052.jpg,0.14041146122859144,2,False
C:\Users\Hamada.MSI\Desktop\Hamada\lab\data\raw\images\Describable Textures Dataset\images\lacelike\lacelike_0103.jpg,0.14054194418483734,2,False
C:\Users\Hamada.MSI\Desktop\Hamada\lab\data\raw\images\Describable Textures Dataset\images\waffled\waffled_0168.jpg,0.14056585669455215,2,False
C:\Users\Hamada.MSI\Desktop\Hamada\lab\data\raw\images\Describable Textures Dataset\images\studded\studded_0119.jpg,0.14078298531048627,2,False
C:\Users\Hamada.MSI\Desktop\Hamada\lab\data\raw\images\Describable Textures Dataset\images\studded\studded_0154.jpg,0.14078764015780387,2,False
C:\Users\Hamada.MSI\Desktop\Hamada\lab\data\raw\images\Describable Textures Dataset\images\striped\striped_0113.jpg,0.14085912888976948,2,False
C:\Users\Hamada.MSI\Desktop\Hamada\lab\data\raw\images\Describable Textures Dataset\images\striped\striped_0095.jpg,0.140888541031282,2,False
C:\Users\Hamada.MSI\Desktop\Hamada\lab\data\raw\images\Describable Textures Dataset\images\polka-dotted\polka-dotted_0193.jpg,0.1410445335904525,2,False
C:\Users\Hamada.MSI\Desktop\Hamada\lab\data\raw\images\Describable Textures Dataset\images\potholed\potholed_0133.jpg,0.14106049387177738,2,False
C:\Users\Hamada.MSI\Desktop\Hamada\lab\data\raw\images\Describable Textures Dataset\images\perforated\perforated_0121.jpg,0.14115406955732746,2,False
C:\Users\Hamada.MSI\Desktop\Hamada\lab\data\raw\images\Describable Textures Dataset\images\spiralled\spiralled_0009.jpg,0.14119515136112049,2,False
C:\Users\Hamada.MSI\Desktop\Hamada\lab\data\raw\images\Describable Textures Dataset\images\grid\grid_0133.jpg,0.14130484225592826,2,False
C:\Users\Hamada.MSI\Desktop\Hamada\lab\data\raw\images\Describable Textures Dataset\images\grid\grid_0099.jpg,0.14157976287154572,2,False
C:\Users\Hamada.MSI\Desktop\Hamada\lab\data\raw\images\Describable Textures Dataset\images\striped\striped_0120.jpg,0.14160415251167083,2,False
C:\Users\Hamada.MSI\Desktop\Hamada\lab\data\raw\images\Describable Textures Dataset\images\stained\stained_0028.jpg,0.14182766522822896,2,False
C:\Users\Hamada.MSI\Desktop\Hamada\lab\data\raw\images\Describable Textures Dataset\images\studded\studded_0214.jpg,0.14199931028028187,2,False
C:\Users\Hamada.MSI\Desktop\Hamada\lab\data\raw\images\Describable Textures Dataset\images\bumpy\bumpy_0072.jpg,0.14214794899610828,2,False
C:\Users\Hamada.MSI\Desktop\Hamada\lab\data\raw\images\Describable Textures Dataset\images\blotchy\blotchy_0026.jpg,0.14219298732357075,2,False
C:\Users\Hamada.MSI\Desktop\Hamada\lab\data\raw\images\Describable Textures Dataset\images\paisley\paisley_0050.jpg,0.14229699496711276,2,False
C:\Users\Hamada.MSI\Desktop\Hamada\lab\data\raw\images\Describable Textures Dataset\images\marbled\marbled_0118.jpg,0.1423183316636772,2,False
C:\Users\Hamada.MSI\Desktop\Hamada\lab\data\raw\images\Describable Textures Dataset\images\stratified\stratified_0104.jpg,0.14232588059532048,2,False
C:\Users\Hamada.MSI\Desktop\Hamada\lab\data\raw\images\Describable Textures Dataset\images\spiralled\spiralled_0030.jpg,0.1424623076077193,2,False
C:\Users\Hamada.MSI\Desktop\Hamada\lab\data\raw\images\Describable Textures Dataset\images\blotchy\blotchy_0111.jpg,0.14258656140632722,2,False
C:\Users\Hamada.MSI\Desktop\Hamada\lab\data\raw\images\Describable Textures Dataset\images\blotchy\blotchy_0025.jpg,0.142637806178623,2,False
C:\Users\Hamada.MSI\Desktop\Hamada\lab\data\raw\images\Describable Textures Dataset\images\lined\lined_0113.jpg,0.1426735765645547,2,False
C:\Users\Hamada.MSI\Desktop\Hamada\lab\data\raw\images\Describable Textures Dataset\images\marbled\marbled_0162.jpg,0.14274816403090118,2,False
C:\Users\Hamada.MSI\Desktop\Hamada\lab\data\raw\images\Describable Textures Dataset\images\knitted\knitted_0204.jpg,0.1427815684156581,2,False
C:\Users\Hamada.MSI\Desktop\Hamada\lab\data\raw\images\Describable Textures Dataset\images\spiralled\spiralled_0073.jpg,0.14281953904576178,2,False
C:\Users\Hamada.MSI\Desktop\Hamada\lab\data\raw\images\Describable Textures Dataset\images\interlaced\interlaced_0181.jpg,0.14292332324842671,2,False
C:\Users\Hamada.MSI\Desktop\Hamada\lab\data\raw\images\Describable Textures Dataset\images\cobwebbed\cobwebbed_0121.jpg,0.14293585353574545,2,False
C:\Users\Hamada.MSI\Desktop\Hamada\lab\data\raw\images\Describable Textures Dataset\images\scaly\scaly_0129.jpg,0.14302936626782595,2,False
C:\Users\Hamada.MSI\Desktop\Hamada\lab\data\raw\images\Describable Textures Dataset\images\blotchy\blotchy_0104.jpg,0.143053138883488,2,False
C:\Users\Hamada.MSI\Desktop\Hamada\lab\data\raw\images\Describable Textures Dataset\images\wrinkled\wrinkled_0098.jpg,0.14315185878468376,2,False
C:\Users\Hamada.MSI\Desktop\Hamada\lab\data\raw\images\Describable Textures Dataset\images\paisley\paisley_0108.jpg,0.1431600729645088,2,False
C:\Users\Hamada.MSI\Desktop\Hamada\lab\data\raw\images\Describable Textures Dataset\images\veined\veined_0175.jpg,0.14318986275154982,2,False
C:\Users\Hamada.MSI\Desktop\Hamada\lab\data\raw\images\Describable Textures Dataset\images\sprinkled\sprinkled_0096.jpg,0.14323600466728612,2,False
C:\Users\Hamada.MSI\Desktop\Hamada\lab\data\raw\images\Describable Textures Dataset\images\scaly\scaly_0177.jpg,0.14328604611170936,2,False
C:\Users\Hamada.MSI\Desktop\Hamada\lab\data\raw\images\Describable Textures Dataset\images\lined\lined_0107.jpg,0.1433240479145229,2,False
C:\Users\Hamada.MSI\Desktop\Hamada\lab\data\raw\images\Describable Textures Dataset\images\marbled\marbled_0158.jpg,0.14332581991023363,2,False
C:\Users\Hamada.MSI\Desktop\Hamada\lab\data\raw\images\Describable Textures Dataset\images\blotchy\blotchy_0138.jpg,0.14333393272284292,2,False
C:\Users\Hamada.MSI\Desktop\Hamada\lab\data\raw\images\Describable Textures Dataset\images\fibrous\fibrous_0210.jpg,0.14335156602075586,2,False
C:\Users\Hamada.MSI\Desktop\Hamada\lab\data\raw\images\Describable Textures Dataset\images\cobwebbed\cobwebbed_0144.jpg,0.14336693021450472,2,False
C:\Users\Hamada.MSI\Desktop\Hamada\lab\data\raw\images\Describable Textures Dataset\images\crystalline\crystalline_0206.jpg,0.14348707777543693,2,False
C:\Users\Hamada.MSI\Desktop\Hamada\lab\data\raw\images\Describable Textures Dataset\images\freckled\freckled_0066.jpg,0.14352092744975573,2,False
C:\Users\Hamada.MSI\Desktop\Hamada\lab\data\raw\images\Describable Textures Dataset\images\knitted\knitted_0119.jpg,0.1435762537964801,2,False
C:\Users\Hamada.MSI\Desktop\Hamada\lab\data\raw\images\Describable Textures Dataset\images\blotchy\blotchy_0066.jpg,0.14363132069933984,2,False
C:\Users\Hamada.MSI\Desktop\Hamada\lab\data\raw\images\Describable Textures Dataset\images\studded\studded_0066.jpg,0.14368111028896155,2,False
C:\Users\Hamada.MSI\Desktop\Hamada\lab\data\raw\images\Describable Textures Dataset\images\fibrous\fibrous_0114.jpg,0.14374523008512127,2,False
C:\Users\Hamada.MSI\Desktop\Hamada\lab\data\raw\images\Describable Textures Dataset\images\spiralled\spiralled_0042.jpg,0.14384518626677611,2,False
C:\Users\Hamada.MSI\Desktop\Hamada\lab\data\raw\images\Describable Textures Dataset\images\pleated\pleated_0133.jpg,0.1438626364663914,2,False
C:\Users\Hamada.MSI\Desktop\Hamada\lab\data\raw\images\Describable Textures Dataset\images\grooved\grooved_0050.jpg,0.1440283048493215,2,False
C:\Users\Hamada.MSI\Desktop\Hamada\lab\data\raw\images\Describable Textures Dataset\images\meshed\meshed_0161.jpg,0.1441733274298792,2,False
C:\Users\Hamada.MSI\Desktop\Hamada\lab\data\raw\images\Describable Textures Dataset\images\smeared\smeared_0107.jpg,0.1441745698017494,2,False
C:\Users\Hamada.MSI\Desktop\Hamada\lab\data\raw\images\Describable Textures Dataset\images\banded\banded_0133.jpg,0.14421059447820667,2,False
C:\Users\Hamada.MSI\Desktop\Hamada\lab\data\raw\images\Describable Textures Dataset\images\studded\studded_0114.jpg,0.14432065397826627,2,False
C:\Users\Hamada.MSI\Desktop\Hamada\lab\data\raw\images\Describable Textures Dataset\images\bubbly\bubbly_0136.jpg,0.14434007746880845,2,False
C:\Users\Hamada.MSI\Desktop\Hamada\lab\data\raw\images\Describable Textures Dataset\images\cobwebbed\cobwebbed_0143.jpg,0.1443891656536226,2,False
C:\Users\Hamada.MSI\Desktop\Hamada\lab\data\raw\images\Describable Textures Dataset\images\polka-dotted\polka-dotted_0108.jpg,0.14441675574022525,2,False
C:\Users\Hamada.MSI\Desktop\Hamada\lab\data\raw\images\Describable Textures Dataset\images\honeycombed\honeycombed_0114.jpg,0.14450047648284475,2,False
C:\Users\Hamada.MSI\Desktop\Hamada\lab\data\raw\images\Describable Textures Dataset\images\pitted\pitted_0064.jpg,0.14463389844407873,2,False
C:\Users\Hamada.MSI\Desktop\Hamada\lab\data\raw\images\Describable Textures Dataset\images\chequered\chequered_0093.jpg,0.1447154857803506,2,False
C:\Users\Hamada.MSI\Desktop\Hamada\lab\data\raw\images\Describable Textures Dataset\images\matted\matted_0133.jpg,0.144871522883546,2,False
C:\Users\Hamada.MSI\Desktop\Hamada\lab\data\raw\images\Describable Textures Dataset\images\lined\lined_0142.jpg,0.14489817047160808,2,False
C:\Users\Hamada.MSI\Desktop\Hamada\lab\data\raw\images\Describable Textures Dataset\images\knitted\knitted_0079.jpg,0.14500415848605683,2,False
C:\Users\Hamada.MSI\Desktop\Hamada\lab\data\raw\images\Describable Textures Dataset\images\crystalline\crystalline_0198.jpg,0.14510922604232768,3,False
C:\Users\Hamada.MSI\Desktop\Hamada\lab\data\raw\images\Describable Textures Dataset\images\perforated\perforated_0110.jpg,0.14525646863343813,3,False
C:\Users\Hamada.MSI\Desktop\Hamada\lab\data\raw\images\Describable Textures Dataset\images\zigzagged\zigzagged_0126.jpg,0.145335423475019,3,False
C:\Users\Hamada.MSI\Desktop\Hamada\lab\data\raw\images\Describable Textures Dataset\images\porous\porous_0147.jpg,0.14541298142198086,3,False
C:\Users\Hamada.MSI\Desktop\Hamada\lab\data\raw\images\Describable Textures Dataset\images\fibrous\fibrous_0155.jpg,0.14549935524008578,3,False
C:\Users\Hamada.MSI\Desktop\Hamada\lab\data\raw\images\Describable Textures Dataset\images\scaly\scaly_0119.jpg,0.14555085483542368,3,False
C:\Users\Hamada.MSI\Desktop\Hamada\lab\data\raw\images\Describable Textures Dataset\images\stained\stained_0040.jpg,0.1456844901576329,3,False
C:\Users\Hamada.MSI\Desktop\Hamada\lab\data\raw\images\Describable Textures Dataset\images\sprinkled\sprinkled_0012.jpg,0.14572515040440748,3,False
C:\Users\Hamada.MSI\Desktop\Hamada\lab\data\raw\images\Describable Textures Dataset\images\meshed\meshed_0107.jpg,0.14590777150048712,3,False
C:\Users\Hamada.MSI\Desktop\Hamada\lab\data\raw\images\Describable Textures Dataset\images\blotchy\blotchy_0036.jpg,0.14596492859352034,3,False
C:\Users\Hamada.MSI\Desktop\Hamada\lab\data\raw\images\Describable Textures Dataset\images\potholed\potholed_0161.jpg,0.1459771574172584,3,False
C:\Users\Hamada.MSI\Desktop\Hamada\lab\data\raw\images\McGill Calibrated Color Image Database\Textures\Textures\merry_mexico0118.tif,0.14599158682189572,3,False
C:\Users\Hamada.MSI\Desktop\Hamada\lab\data\raw\images\Describable Textures Dataset\images\stained\stained_0039.jpg,0.14603632507367192,3,False
C:\Users\Hamada.MSI\Desktop\Hamada\lab\data\raw\images\Describable Textures Dataset\images\porous\porous_0107.jpg,0.1461718987167235,3,False
C:\Users\Hamada.MSI\Desktop\Hamada\lab\data\raw\images\Describable Textures Dataset\images\cracked\cracked_0157.jpg,0.14621274225616662,3,False
C:\Users\Hamada.MSI\Desktop\Hamada\lab\data\raw\images\Describable Textures Dataset\images\swirly\swirly_0116.jpg,0.14624792432647665,3,False
C:\Users\Hamada.MSI\Desktop\Hamada\lab\data\raw\images\Describable Textures Dataset\images\meshed\meshed_0189.jpg,0.1462684924678154,3,False
C:\Users\Hamada.MSI\Desktop\Hamada\lab\data\raw\images\Describable Textures Dataset\images\bumpy\bumpy_0081.jpg,0.1463626958485042,3,False
C:\Users\Hamada.MSI\Desktop\Hamada\lab\data\raw\images\Describable Textures Dataset\images\zigzagged\zigzagged_0078.jpg,0.1463798205653658,3,False
C:\Users\Hamada.MSI\Desktop\Hamada\lab\data\raw\images\Describable Textures Dataset\images\zigzagged\zigzagged_0019.jpg,0.146477464584036,3,False
C:\Users\Hamada.MSI\Desktop\Hamada\lab\data\raw\images\Describable Textures Dataset\images\stratified\stratified_0122.jpg,0.1466077567381241,3,False
C:\Users\Hamada.MSI\Desktop\Hamada\lab\data\raw\images\Describable Textures Dataset\images\braided\braided_0114.jpg,0.1467072811860728,3,False
C:\Users\Hamada.MSI\Desktop\Hamada\lab\data\raw\images\Describable Textures Dataset\images\bumpy\bumpy_0156.jpg,0.14674503545831274,3,False
C:\Users\Hamada.MSI\Desktop\Hamada\lab\data\raw\images\Describable Textures Dataset\images\blotchy\blotchy_0141.jpg,0.14677442420490638,3,False
C:\Users\Hamada.MSI\Desktop\Hamada\lab\data\raw\images\Describable Textures Dataset\images\meshed\meshed_0058.jpg,0.14680992121076622,3,False
C:\Users\Hamada.MSI\Desktop\Hamada\lab\data\raw\images\Describable Textures Dataset\images\studded\studded_0133.jpg,0.14685509189652096,3,False
C:\Users\Hamada.MSI\Desktop\Hamada\lab\data\raw\images\Describable Textures Dataset\images\striped\striped_0054.jpg,0.14685537754733896,3,False
C:\Users\Hamada.MSI\Desktop\Hamada\lab\data\raw\images\Describable Textures Dataset\images\paisley\paisley_0100.jpg,0.14690495242045368,3,False
C:\Users\Hamada.MSI\Desktop\Hamada\lab\data\raw\images\Describable Textures Dataset\images\interlaced\interlaced_0129.jpg,0.1469059380127467,3,False
C:\Users\Hamada.MSI\Desktop\Hamada\lab\data\raw\images\Describable Textures Dataset\images\cobwebbed\cobwebbed_0083.jpg,0.14698601517480137,3,False
C:\Users\Hamada.MSI\Desktop\Hamada\lab\data\raw\images\Describable Textures Dataset\images\waffled\waffled_0103.jpg,0.14709031522884378,3,False
C:\Users\Hamada.MSI\Desktop\Hamada\lab\data\raw\images\Describable Textures Dataset\images\freckled\freckled_0178.jpg,0.14731049408192617,3,False
C:\Users\Hamada.MSI\Desktop\Hamada\lab\data\raw\images\Describable Textures Dataset\images\scaly\scaly_0213.jpg,0.14737224529043577,3,False
C:\Users\Hamada.MSI\Desktop\Hamada\lab\data\raw\images\Describable Textures Dataset\images\pitted\pitted_0123.jpg,0.14739822527950505,3,False
C:\Users\Hamada.MSI\Desktop\Hamada\lab\data\raw\images\Describable Textures Dataset\images\grid\grid_0025.jpg,0.14757910111827613,3,False
C:\Users\Hamada.MSI\Desktop\Hamada\lab\data\raw\images\Describable Textures Dataset\images\polka-dotted\polka-dotted_0153.jpg,0.1476632726956887,3,False
C:\Users\Hamada.MSI\Desktop\Hamada\lab\data\raw\images\Describable Textures Dataset\images\blotchy\blotchy_0124.jpg,0.14774595865636722,3,False
C:\Users\Hamada.MSI\Desktop\Hamada\lab\data\raw\images\Describable Textures Dataset\images\veined\veined_0108.jpg,0.1477679587007497,3,False
C:\Users\Hamada.MSI\Desktop\Hamada\lab\data\raw\images\Describable Textures Dataset\images\woven\woven_0062.jpg,0.14792047200366923,3,False
C:\Users\Hamada.MSI\Desktop\Hamada\lab\data\raw\images\Describable Textures Dataset\images\chequered\chequered_0115.jpg,0.14797750297793533,3,False
C:\Users\Hamada.MSI\Desktop\Hamada\lab\data\raw\images\Describable Textures Dataset\images\knitted\knitted_0179.jpg,0.14802549208593763,3,False
C:\Users\Hamada.MSI\Desktop\Hamada\lab\data\raw\images\Describable Textures Dataset\images\grid\grid_0022.jpg,0.14805261793236008,3,False
C:\Users\Hamada.MSI\Desktop\Hamada\lab\data\raw\images\Describable Textures Dataset\images\frilly\frilly_0060.jpg,0.14806835030748394,3,False
C:\Users\Hamada.MSI\Desktop\Hamada\lab\data\raw\images\Describable Textures Dataset\images\sprinkled\sprinkled_0011.jpg,0.14808133764038162,3,False
C:\Users\Hamada.MSI\Desktop\Hamada\lab\data\raw\images\Describable Textures Dataset\images\braided\braided_0113.jpg,0.14818053320278043,3,False
C:\Users\Hamada.MSI\Desktop\Hamada\lab\data\raw\images\Describable Textures Dataset\images\bubbly\bubbly_0126.jpg,0.14829869736739132,3,False
C:\Users\Hamada.MSI\Desktop\Hamada\lab\data\raw\images\Describable Textures Dataset\images\meshed\meshed_0172.jpg,0.1484048698278892,3,False
C:\Users\Hamada.MSI\Desktop\Hamada\lab\data\raw\images\Describable Textures Dataset\images\matted\matted_0118.jpg,0.14849589319114123,3,False
C:\Users\Hamada.MSI\Desktop\Hamada\lab\data\raw\images\Describable Textures Dataset\images\braided\braided_0121.jpg,0.14855363219981216,3,False
C:\Users\Hamada.MSI\Desktop\Hamada\lab\data\raw\images\Describable Textures Dataset\images\lined\lined_0115.jpg,0.14856722944048745,3,False
C:\Users\Hamada.MSI\Desktop\Hamada\lab\data\raw\images\Describable Textures Dataset\images\smeared\smeared_0092.jpg,0.14857516603970422,3,False
C:\Users\Hamada.MSI\Desktop\Hamada\lab\data\raw\images\Describable Textures Dataset\images\striped\striped_0031.jpg,0.14863430947577355,3,False
C:\Users\Hamada.MSI\Desktop\Hamada\lab\data\raw\images\Describable Textures Dataset\images\honeycombed\honeycombed_0112.jpg,0.14890024486439937,3,False
C:\Users\Hamada.MSI\Desktop\Hamada\lab\data\raw\images\Describable Textures Dataset\images\porous\porous_0088.jpg,0.14890541173418664,3,False
C:\Users\Hamada.MSI\Desktop\Hamada\lab\data\raw\images\Describable Textures Dataset\images\stratified\stratified_0118.jpg,0.14896093897044366,3,False
C:\Users\Hamada.MSI\Desktop\Hamada\lab\data\raw\images\Describable Textures Dataset\images\stained\stained_0078.jpg,0.1491333368189941,3,False
C:\Users\Hamada.MSI\Desktop\Hamada\lab\data\raw\images\Describable Textures Dataset\images\stratified\stratified_0053.jpg,0.1491780823651576,3,False
C:\Users\Hamada.MSI\Desktop\Hamada\lab\data\raw\images\Describable Textures Dataset\images\studded\studded_0196.jpg,0.1492251635449052,3,False
C:\Users\Hamada.MSI\Desktop\Hamada\lab\data\raw\images\Describable Textures Dataset\images\crystalline\crystalline_0189.jpg,0.14925868215756607,3,False
C:\Users\Hamada.MSI\Desktop\Hamada\lab\data\raw\images\Describable Textures Dataset\images\smeared\smeared_0117.jpg,0.14933023418244387,3,False
C:\Users\Hamada.MSI\Desktop\Hamada\lab\data\raw\images\Describable Textures Dataset\images\grid\grid_0093.jpg,0.14934092085575382,3,False
C:\Users\Hamada.MSI\Desktop\Hamada\lab\data\raw\images\Describable Textures Dataset\images\cracked\cracked_0163.jpg,0.14958505501928968,3,False
C:\Users\Hamada.MSI\Desktop\Hamada\lab\data\raw\images\Describable Textures Dataset\images\pleated\pleated_0165.jpg,0.14970647540028742,3,False
C:\Users\Hamada.MSI\Desktop\Hamada\lab\data\raw\images\Describable Textures Dataset\images\fibrous\fibrous_0133.jpg,0.14973692472651656,3,False
C:\Users\Hamada.MSI\Desktop\Hamada\lab\data\raw\images\Describable Textures Dataset\images\bubbly\bubbly_0054.jpg,0.14973717117366472,3,False
C:\Users\Hamada.MSI\Desktop\Hamada\lab\data\raw\images\Describable Textures Dataset\images\scaly\scaly_0197.jpg,0.14976421924502106,3,False
C:\Users\Hamada.MSI\Desktop\Hamada\lab\data\raw\images\Describable Textures Dataset\images\lacelike\lacelike_0036.jpg,0.14979990641138077,3,False
C:\Users\Hamada.MSI\Desktop\Hamada\lab\data\raw\images\Describable Textures Dataset\images\grooved\grooved_0091.jpg,0.14987908821922113,3,False
C:\Users\Hamada.MSI\Desktop\Hamada\lab\data\raw\images\Describable Textures Dataset\images\meshed\meshed_0187.jpg,0.14999009152865747,3,False
C:\Users\Hamada.MSI\Desktop\Hamada\lab\data\raw\images\Describable Textures Dataset\images\lacelike\lacelike_0067.jpg,0.15019473207163372,3,False
C:\Users\Hamada.MSI\Desktop\Hamada\lab\data\raw\images\Describable Textures Dataset\images\honeycombed\honeycombed_0171.jpg,0.15030344170691165,3,False
C:\Users\Hamada.MSI\Desktop\Hamada\lab\data\raw\images\Describable Textures Dataset\images\frilly\frilly_0023.jpg,0.15035941922274845,3,False
C:\Users\Hamada.MSI\Desktop\Hamada\lab\data\raw\images\Describable Textures Dataset\images\stratified\stratified_0109.jpg,0.1505541625053072,3,False
C:\Users\Hamada.MSI\Desktop\Hamada\lab\data\raw\images\Describable Textures Dataset\images\blotchy\blotchy_0116.jpg,0.1505944387383408,3,False
C:\Users\Hamada.MSI\Desktop\Hamada\lab\data\raw\images\Describable Textures Dataset\images\swirly\swirly_0112.jpg,0.15070212852830495,3,False
C:\Users\Hamada.MSI\Desktop\Hamada\lab\data\raw\images\Describable Textures Dataset\images\studded\studded_0027.jpg,0.15071599724014886,3,False
C:\Users\Hamada.MSI\Desktop\Hamada\lab\data\raw\images\Describable Textures Dataset\images\lined\lined_0103.jpg,0.1507489532088222,3,False
C:\Users\Hamada.MSI\Desktop\Hamada\lab\data\raw\images\Describable Textures Dataset\images\stratified\stratified_0043.jpg,0.15082145094574628,3,False
C:\Users\Hamada.MSI\Desktop\Hamada\lab\data\raw\images\Describable Textures Dataset\images\matted\matted_0122.jpg,0.15091448148154807,3,False
C:\Users\Hamada.MSI\Desktop\Hamada\lab\data\raw\images\Describable Textures Dataset\images\swirly\swirly_0134.jpg,0.15121089892985629,3,False
C:\Users\Hamada.MSI\Desktop\Hamada\lab\data\raw\images\Describable Textures Dataset\images\fibrous\fibrous_0181.jpg,0.15125683592732042,3,False
C:\Users\Hamada.MSI\Desktop\Hamada\lab\data\raw\images\Describable Textures Dataset\images\flecked\flecked_0089.jpg,0.15126910910928648,3,False
C:\Users\Hamada.MSI\Desktop\Hamada\lab\data\raw\images\Describable Textures Dataset\images\matted\matted_0157.jpg,0.15131841424797954,3,False
C:\Users\Hamada.MSI\Desktop\Hamada\lab\data\raw\images\Describable Textures Dataset\images\woven\woven_0045.jpg,0.15135863097440372,3,False
C:\Users\Hamada.MSI\Desktop\Hamada\lab\data\raw\images\Describable Textures Dataset\images\gauzy\gauzy_0087.jpg,0.15151210615607077,3,False
C:\Users\Hamada.MSI\Desktop\Hamada\lab\data\raw\images\Describable Textures Dataset\images\spiralled\spiralled_0115.jpg,0.1516639226814639,3,False
C:\Users\Hamada.MSI\Desktop\Hamada\lab\data\raw\images\Describable Textures Dataset\images\swirly\swirly_0166.jpg,0.15172363662701413,3,False
C:\Users\Hamada.MSI\Desktop\Hamada\lab\data\raw\images\Describable Textures Dataset\images\scaly\scaly_0168.jpg,0.15182190931713768,3,False
C:\Users\Hamada.MSI\Desktop\Hamada\lab\data\raw\images\Describable Textures Dataset\images\meshed\meshed_0139.jpg,0.15196585663922477,3,False
C:\Users\Hamada.MSI\Desktop\Hamada\lab\data\raw\images\Describable Textures Dataset\images\cobwebbed\cobwebbed_0101.jpg,0.15204887983623205,3,False
C:\Users\Hamada.MSI\Desktop\Hamada\lab\data\raw\images\Describable Textures Dataset\images\stratified\stratified_0156.jpg,0.1520626810568389,3,False
C:\Users\Hamada.MSI\Desktop\Hamada\lab\data\raw\images\Describable Textures Dataset\images\veined\veined_0122.jpg,0.15207244712195597,3,False
C:\Users\Hamada.MSI\Desktop\Hamada\lab\data\raw\images\Describable Textures Dataset\images\matted\matted_0129.jpg,0.15208342741240513,3,False
C:\Users\Hamada.MSI\Desktop\Hamada\lab\data\raw\images\Describable Textures Dataset\images\fibrous\fibrous_0203.jpg,0.15214963762827963,3,False
C:\Users\Hamada.MSI\Desktop\Hamada\lab\data\raw\images\Describable Textures Dataset\images\waffled\waffled_0119.jpg,0.15223057744435237,3,False
C:\Users\Hamada.MSI\Desktop\Hamada\lab\data\raw\images\Describable Textures Dataset\images\meshed\meshed_0104.jpg,0.15224223018640887,3,False
C:\Users\Hamada.MSI\Desktop\Hamada\lab\data\raw\images\Describable Textures Dataset\images\waffled\waffled_0184.jpg,0.15238434992621774,3,False
C:\Users\Hamada.MSI\Desktop\Hamada\lab\data\raw\images\Describable Textures Dataset\images\crystalline\crystalline_0132.jpg,0.15240713931415642,3,False
C:\Users\Hamada.MSI\Desktop\Hamada\lab\data\raw\images\Describable Textures Dataset\images\freckled\freckled_0087.jpg,0.15245415398035403,3,False
C:\Users\Hamada.MSI\Desktop\Hamada\lab\data\raw\images\Describable Textures Dataset\images\bumpy\bumpy_0119.jpg,0.15245836890315523,3,False
C:\Users\Hamada.MSI\Desktop\Hamada\lab\data\raw\images\Describable Textures Dataset\images\waffled\waffled_0169.jpg,0.1524602719706152,3,False
C:\Users\Hamada.MSI\Desktop\Hamada\lab\data\raw\images\Describable Textures Dataset\images\fibrous\fibrous_0083.jpg,0.15247400566771552,3,False
C:\Users\Hamada.MSI\Desktop\Hamada\lab\data\raw\images\Describable Textures Dataset\images\studded\studded_0141.jpg,0.15249469159126192,3,False
C:\Users\Hamada.MSI\Desktop\Hamada\lab\data\raw\images\Describable Textures Dataset\images\striped\striped_0015.jpg,0.1525620300773023,3,False
C:\Users\Hamada.MSI\Desktop\Hamada\lab\data\raw\images\Describable Textures Dataset\images\flecked\flecked_0063.jpg,0.1526939166860708,3,False
C:\Users\Hamada.MSI\Desktop\Hamada\lab\data\raw\images\Describable Textures Dataset\images\stratified\stratified_0115.jpg,0.15285757223451973,3,False
C:\Users\Hamada.MSI\Desktop\Hamada\lab\data\raw\images\Describable Textures Dataset\images\striped\striped_0017.jpg,0.15286361924019773,3,False
C:\Users\Hamada.MSI\Desktop\Hamada\lab\data\raw\images\Describable Textures Dataset\images\polka-dotted\polka-dotted_0204.jpg,0.15296192978555387,3,False
C:\Users\Hamada.MSI\Desktop\Hamada\lab\data\raw\images\Describable Textures Dataset\images\bubbly\bubbly_0059.jpg,0.15299908544239052,3,False
C:\Users\Hamada.MSI\Desktop\Hamada\lab\data\raw\images\Describable Textures Dataset\images\banded\banded_0022.jpg,0.15300214438229054,3,False
C:\Users\Hamada.MSI\Desktop\Hamada\lab\data\raw\images\Describable Textures Dataset\images\perforated\perforated_0041.jpg,0.15313641047999188,3,False
C:\Users\Hamada.MSI\Desktop\Hamada\lab\data\raw\images\Describable Textures Dataset\images\honeycombed\honeycombed_0151.jpg,0.15318330498271085,3,False
C:\Users\Hamada.MSI\Desktop\Hamada\lab\data\raw\images\Describable Textures Dataset\images\polka-dotted\polka-dotted_0082.jpg,0.15319082004255136,3,False
C:\Users\Hamada.MSI\Desktop\Hamada\lab\data\raw\images\Describable Textures Dataset\images\marbled\marbled_0098.jpg,0.15324187100514144,3,False
C:\Users\Hamada.MSI\Desktop\Hamada\lab\data\raw\images\Describable Textures Dataset\images\bubbly\bubbly_0073.jpg,0.15327887564463,3,False
C:\Users\Hamada.MSI\Desktop\Hamada\lab\data\raw\images\Describable Textures Dataset\images\polka-dotted\polka-dotted_0142.jpg,0.15330625832418587,3,False
C:\Users\Hamada.MSI\Desktop\Hamada\lab\data\raw\images\Describable Textures Dataset\images\cracked\cracked_0132.jpg,0.1534049120680855,3,False
C:\Users\Hamada.MSI\Desktop\Hamada\lab\data\raw\images\Describable Textures Dataset\images\swirly\swirly_0171.jpg,0.15345199524147374,3,False
C:\Users\Hamada.MSI\Desktop\Hamada\lab\data\raw\images\Describable Textures Dataset\images\bubbly\bubbly_0106.jpg,0.15347522973568414,3,False
C:\Users\Hamada.MSI\Desktop\Hamada\lab\data\raw\images\Describable Textures Dataset\images\smeared\smeared_0127.jpg,0.1535161503385814,3,False
C:\Users\Hamada.MSI\Desktop\Hamada\lab\data\raw\images\Describable Textures Dataset\images\smeared\smeared_0123.jpg,0.15361372512438845,3,False
C:\Users\Hamada.MSI\Desktop\Hamada\lab\data\raw\images\Describable Textures Dataset\images\chequered\chequered_0180.jpg,0.1537008976534296,3,False
C:\Users\Hamada.MSI\Desktop\Hamada\lab\data\raw\images\Describable Textures Dataset\images\interlaced\interlaced_0185.jpg,0.15379349246976012,3,False
C:\Users\Hamada.MSI\Desktop\Hamada\lab\data\raw\images\Describable Textures Dataset\images\spiralled\spiralled_0085.jpg,0.15381815061360915,3,False
C:\Users\Hamada.MSI\Desktop\Hamada\lab\data\raw\images\Describable Textures Dataset\images\striped\striped_0001.jpg,0.15395873223487108,3,False
C:\Users\Hamada.MSI\Desktop\Hamada\lab\data\raw\images\Describable Textures Dataset\images\chequered\chequered_0079.jpg,0.15401509184938877,3,False
C:\Users\Hamada.MSI\Desktop\Hamada\lab\data\raw\images\Describable Textures Dataset\images\marbled\marbled_0134.jpg,0.15417889974881996,3,False
C:\Users\Hamada.MSI\Desktop\Hamada\lab\data\raw\images\Describable Textures Dataset\images\spiralled\spiralled_0137.jpg,0.15419612150370282,3,False
C:\Users\Hamada.MSI\Desktop\Hamada\lab\data\raw\images\Describable Textures Dataset\images\smeared\smeared_0138.jpg,0.15439274184591822,3,False
C:\Users\Hamada.MSI\Desktop\Hamada\lab\data\raw\images\Describable Textures Dataset\images\blotchy\blotchy_0054.jpg,0.15440238136316456,3,False
C:\Users\Hamada.MSI\Desktop\Hamada\lab\data\raw\images\Describable Textures Dataset\images\cobwebbed\cobwebbed_0151.jpg,0.1545313142460892,3,False
C:\Users\Hamada.MSI\Desktop\Hamada\lab\data\raw\images\Describable Textures Dataset\images\bubbly\bubbly_0153.jpg,0.1546102875847093,3,False
C:\Users\Hamada.MSI\Desktop\Hamada\lab\data\raw\images\Describable Textures Dataset\images\frilly\frilly_0105.jpg,0.15463081084312533,3,False
C:\Users\Hamada.MSI\Desktop\Hamada\lab\data\raw\images\Describable Textures Dataset\images\swirly\swirly_0084.jpg,0.15464438224666205,3,False
C:\Users\Hamada.MSI\Desktop\Hamada\lab\data\raw\images\Describable Textures Dataset\images\paisley\paisley_0023.jpg,0.1548268185148104,3,False
C:\Users\Hamada.MSI\Desktop\Hamada\lab\data\raw\images\Describable Textures Dataset\images\banded\banded_0044.jpg,0.15484891624688385,3,False
C:\Users\Hamada.MSI\Desktop\Hamada\lab\data\raw\images\Describable Textures Dataset\images\studded\studded_0146.jpg,0.15492618864565155,3,False
C:\Users\Hamada.MSI\Desktop\Hamada\lab\data\raw\images\Describable Textures Dataset\images\woven\woven_0102.jpg,0.1549544155398961,3,False
C:\Users\Hamada.MSI\Desktop\Hamada\lab\data\raw\images\Describable Textures Dataset\images\potholed\potholed_0162.jpg,0.15496440578062354,3,False
C:\Users\Hamada.MSI\Desktop\Hamada\lab\data\raw\images\Describable Textures Dataset\images\sprinkled\sprinkled_0132.jpg,0.15524141167856553,3,False
C:\Users\Hamada.MSI\Desktop\Hamada\lab\data\raw\images\Describable Textures Dataset\images\perforated\perforated_0087.jpg,0.1552460000727072,3,False
C:\Users\Hamada.MSI\Desktop\Hamada\lab\data\raw\images\Describable Textures Dataset\images\scaly\scaly_0176.jpg,0.15549546897673275,3,False
C:\Users\Hamada.MSI\Desktop\Hamada\lab\data\raw\images\Describable Textures Dataset\images\potholed\potholed_0102.jpg,0.15561465074123093,3,False
C:\Users\Hamada.MSI\Desktop\Hamada\lab\data\raw\images\Describable Textures Dataset\images\fibrous\fibrous_0126.jpg,0.15562850967370281,3,False
C:\Users\Hamada.MSI\Desktop\Hamada\lab\data\raw\images\Describable Textures Dataset\images\matted\matted_0151.jpg,0.1557121370318042,3,False
C:\Users\Hamada.MSI\Desktop\Hamada\lab\data\raw\images\Describable Textures Dataset\images\freckled\freckled_0163.jpg,0.15584843749564842,3,False
C:\Users\Hamada.MSI\Desktop\Hamada\lab\data\raw\images\Describable Textures Dataset\images\crosshatched\crosshatched_0172.jpg,0.15589477626169257,3,False
C:\Users\Hamada.MSI\Desktop\Hamada\lab\data\raw\images\Describable Textures Dataset\images\smeared\smeared_0094.jpg,0.15601057854283973,3,False
C:\Users\Hamada.MSI\Desktop\Hamada\lab\data\raw\images\Describable Textures Dataset\images\fibrous\fibrous_0150.jpg,0.15604130463111981,3,False
C:\Users\Hamada.MSI\Desktop\Hamada\lab\data\raw\images\Describable Textures Dataset\images\crosshatched\crosshatched_0159.jpg,0.15605656396562634,3,False
C:\Users\Hamada.MSI\Desktop\Hamada\lab\data\raw\images\Describable Textures Dataset\images\bumpy\bumpy_0115.jpg,0.1560798234058786,3,False
C:\Users\Hamada.MSI\Desktop\Hamada\lab\data\raw\images\Describable Textures Dataset\images\honeycombed\honeycombed_0087.jpg,0.15608879995421082,3,False
C:\Users\Hamada.MSI\Desktop\Hamada\lab\data\raw\images\Describable Textures Dataset\images\veined\veined_0134.jpg,0.15611561779871716,3,False
C:\Users\Hamada.MSI\Desktop\Hamada\lab\data\raw\images\Describable Textures Dataset\images\chequered\chequered_0182.jpg,0.1561448788027156,3,False
C:\Users\Hamada.MSI\Desktop\Hamada\lab\data\raw\images\Describable Textures Dataset\images\porous\porous_0125.jpg,0.15621658773224475,3,False
C:\Users\Hamada.MSI\Desktop\Hamada\lab\data\raw\images\Describable Textures Dataset\images\pitted\pitted_0158.jpg,0.15622239001555657,3,False
C:\Users\Hamada.MSI\Desktop\Hamada\lab\data\raw\images\Describable Textures Dataset\images\matted\matted_0100.jpg,0.156425893775996,3,False
C:\Users\Hamada.MSI\Desktop\Hamada\lab\data\raw\images\Describable Textures Dataset\images\chequered\chequered_0199.jpg,0.1564722288795165,3,False
C:\Users\Hamada.MSI\Desktop\Hamada\lab\data\raw\images\Describable Textures Dataset\images\swirly\swirly_0117.jpg,0.1564761836498002,3,False
C:\Users\Hamada.MSI\Desktop\Hamada\lab\data\raw\images\Describable Textures Dataset\images\pitted\pitted_0141.jpg,0.15647631352932825,3,False
C:\Users\Hamada.MSI\Desktop\Hamada\lab\data\raw\images\Describable Textures Dataset\images\swirly\swirly_0107.jpg,0.1565554077815816,3,False
C:\Users\Hamada.MSI\Desktop\Hamada\lab\data\raw\images\Describable Textures Dataset\images\woven\woven_0056.jpg,0.1566718618590819,3,False
C:\Users\Hamada.MSI\Desktop\Hamada\lab\data\raw\images\Describable Textures Dataset\images\honeycombed\honeycombed_0003.jpg,0.15683208375319932,3,False
C:\Users\Hamada.MSI\Desktop\Hamada\lab\data\raw\images\Describable Textures Dataset\images\perforated\perforated_0151.jpg,0.15705895463312222,3,False
C:\Users\Hamada.MSI\Desktop\Hamada\lab\data\raw\images\Describable Textures Dataset\images\meshed\meshed_0117.jpg,0.15706055663500376,3,False
C:\Users\Hamada.MSI\Desktop\Hamada\lab\data\raw\images\Describable Textures Dataset\images\meshed\meshed_0158.jpg,0.15710692165497323,3,False
C:\Users\Hamada.MSI\Desktop\Hamada\lab\data\raw\images\Describable Textures Dataset\images\grid\grid_0132.jpg,0.1571370966123048,3,False
C:\Users\Hamada.MSI\Desktop\Hamada\lab\data\raw\images\Describable Textures Dataset\images\pitted\pitted_0145.jpg,0.15718326715024614,3,False
C:\Users\Hamada.MSI\Desktop\Hamada\lab\data\raw\images\Describable Textures Dataset\images\stratified\stratified_0142.jpg,0.15725554436386155,3,False
C:\Users\Hamada.MSI\Desktop\Hamada\lab\data\raw\images\Describable Textures Dataset\images\perforated\perforated_0152.jpg,0.15725745290179402,3,False
C:\Users\Hamada.MSI\Desktop\Hamada\lab\data\raw\images\Describable Textures Dataset\images\smeared\smeared_0112.jpg,0.1573864816731519,3,False
C:\Users\Hamada.MSI\Desktop\Hamada\lab\data\raw\images\Describable Textures Dataset\images\matted\matted_0140.jpg,0.15752287878057145,3,False
C:\Users\Hamada.MSI\Desktop\Hamada\lab\data\raw\images\Describable Textures Dataset\images\fibrous\fibrous_0128.jpg,0.1575974707108936,3,False
C:\Users\Hamada.MSI\Desktop\Hamada\lab\data\raw\images\Describable Textures Dataset\images\meshed\meshed_0051.jpg,0.15765709155658061,3,False
C:\Users\Hamada.MSI\Desktop\Hamada\lab\data\raw\images\Describable Textures Dataset\images\swirly\swirly_0144.jpg,0.1577282441899088,3,False
C:\Users\Hamada.MSI\Desktop\Hamada\lab\data\raw\images\Describable Textures Dataset\images\waffled\waffled_0114.jpg,0.15774181105937815,3,False
C:\Users\Hamada.MSI\Desktop\Hamada\lab\data\raw\images\Describable Textures Dataset\images\perforated\perforated_0036.jpg,0.15774775073987957,3,False
C:\Users\Hamada.MSI\Desktop\Hamada\lab\data\raw\images\Describable Textures Dataset\images\matted\matted_0065.jpg,0.15777589686848725,3,False
C:\Users\Hamada.MSI\Desktop\Hamada\lab\data\raw\images\Describable Textures Dataset\images\striped\striped_0070.jpg,0.15789785854486135,3,False
C:\Users\Hamada.MSI\Desktop\Hamada\lab\data\raw\images\Describable Textures Dataset\images\grooved\grooved_0129.jpg,0.1579771142001226,3,False
C:\Users\Hamada.MSI\Desktop\Hamada\lab\data\raw\images\Describable Textures Dataset\images\woven\woven_0028.jpg,0.15808260492451917,3,False
C:\Users\Hamada.MSI\Desktop\Hamada\lab\data\raw\images\Describable Textures Dataset\images\braided\braided_0165.jpg,0.15813153674646235,3,False
C:\Users\Hamada.MSI\Desktop\Hamada\lab\data\raw\images\Describable Textures Dataset\images\grooved\grooved_0099.jpg,0.15824015003986763,3,False
C:\Users\Hamada.MSI\Desktop\Hamada\lab\data\raw\images\Describable Textures Dataset\images\pitted\pitted_0109.jpg,0.15850288606221194,3,False
C:\Users\Hamada.MSI\Desktop\Hamada\lab\data\raw\images\Describable Textures Dataset\images\bubbly\bubbly_0162.jpg,0.15851509706787534,3,False
C:\Users\Hamada.MSI\Desktop\Hamada\lab\data\raw\images\Describable Textures Dataset\images\chequered\chequered_0191.jpg,0.1586405290061113,3,False
C:\Users\Hamada.MSI\Desktop\Hamada\lab\data\raw\images\Describable Textures Dataset\images\paisley\paisley_0121.jpg,0.1586633218108099,3,False
C:\Users\Hamada.MSI\Desktop\Hamada\lab\data\raw\images\Describable Textures Dataset\images\interlaced\interlaced_0189.jpg,0.15867647556369016,3,False
C:\Users\Hamada.MSI\Desktop\Hamada\lab\data\raw\images\Describable Textures Dataset\images\marbled\marbled_0146.jpg,0.15868504313367077,3,False
C:\Users\Hamada.MSI\Desktop\Hamada\lab\data\raw\images\Describable Textures Dataset\images\grid\grid_0119.jpg,0.1587272639250974,3,False
C:\Users\Hamada.MSI\Desktop\Hamada\lab\data\raw\images\Describable Textures Dataset\images\woven\woven_0004.jpg,0.15874151524318925,3,False
C:\Users\Hamada.MSI\Desktop\Hamada\lab\data\raw\images\Describable Textures Dataset\images\gauzy\gauzy_0119.jpg,0.15875517847342388,3,False
C:\Users\Hamada.MSI\Desktop\Hamada\lab\data\raw\images\Describable Textures Dataset\images\woven\woven_0060.jpg,0.15877258899287455,3,False
C:\Users\Hamada.MSI\Desktop\Hamada\lab\data\raw\images\Describable Textures Dataset\images\marbled\marbled_0106.jpg,0.1588197935602456,3,False
C:\Users\Hamada.MSI\Desktop\Hamada\lab\data\raw\images\Describable Textures Dataset\images\fibrous\fibrous_0120.jpg,0.15884543749591729,3,False
C:\Users\Hamada.MSI\Desktop\Hamada\lab\data\raw\images\Describable Textures Dataset\images\stained\stained_0073.jpg,0.15885166327347008,3,False
C:\Users\Hamada.MSI\Desktop\Hamada\lab\data\raw\images\Describable Textures Dataset\images\potholed\potholed_0049.jpg,0.15888972175643384,3,False
C:\Users\Hamada.MSI\Desktop\Hamada\lab\data\raw\images\Describable Textures Dataset\images\lacelike\lacelike_0114.jpg,0.15889514738904792,3,False
C:\Users\Hamada.MSI\Desktop\Hamada\lab\data\raw\images\Describable Textures Dataset\images\banded\banded_0025.jpg,0.15890490778884186,3,False
C:\Users\Hamada.MSI\Desktop\Hamada\lab\data\raw\images\Describable Textures Dataset\images\meshed\meshed_0031.jpg,0.15895699367852462,3,False
C:\Users\Hamada.MSI\Desktop\Hamada\lab\data\raw\images\Describable Textures Dataset\images\frilly\frilly_0041.jpg,0.15902209620184288,3,False
C:\Users\Hamada.MSI\Desktop\Hamada\lab\data\raw\images\Describable Textures Dataset\images\matted\matted_0163.jpg,0.15923824052793498,3,False
C:\Users\Hamada.MSI\Desktop\Hamada\lab\data\raw\images\Describable Textures Dataset\images\paisley\paisley_0083.jpg,0.15925588902577043,3,False
C:\Users\Hamada.MSI\Desktop\Hamada\lab\data\raw\images\Describable Textures Dataset\images\woven\woven_0015.jpg,0.15931783420121146,3,False
C:\Users\Hamada.MSI\Desktop\Hamada\lab\data\raw\images\Describable Textures Dataset\images\lacelike\lacelike_0078.jpg,0.15934158748716656,3,False
C:\Users\Hamada.MSI\Desktop\Hamada\lab\data\raw\images\Describable Textures Dataset\images\stratified\stratified_0099.jpg,0.15934972759484253,3,False
C:\Users\Hamada.MSI\Desktop\Hamada\lab\data\raw\images\Describable Textures Dataset\images\smeared\smeared_0076.jpg,0.15957799755460342,3,False
C:\Users\Hamada.MSI\Desktop\Hamada\lab\data\raw\images\Describable Textures Dataset\images\braided\braided_0185.jpg,0.15965527664229548,3,False
C:\Users\Hamada.MSI\Desktop\Hamada\lab\data\raw\images\Describable Textures Dataset\images\interlaced\interlaced_0180.jpg,0.15965751558179606,3,False
C:\Users\Hamada.MSI\Desktop\Hamada\lab\data\raw\images\Describable Textures Dataset\images\grooved\grooved_0096.jpg,0.15966810550470154,3,False
C:\Users\Hamada.MSI\Desktop\Hamada\lab\data\raw\images\Describable Textures Dataset\images\crosshatched\crosshatched_0141.jpg,0.15974510921926674,3,False
C:\Users\Hamada.MSI\Desktop\Hamada\lab\data\raw\images\Describable Textures Dataset\images\cobwebbed\cobwebbed_0093.jpg,0.15983376532381888,3,False
C:\Users\Hamada.MSI\Desktop\Hamada\lab\data\raw\images\Describable Textures Dataset\images\dotted\dotted_0192.jpg,0.159906815009589,3,False
C:\Users\Hamada.MSI\Desktop\Hamada\lab\data\raw\images\Describable Textures Dataset\images\chequered\chequered_0063.jpg,0.1599339823746252,3,False
C:\Users\Hamada.MSI\Desktop\Hamada\lab\data\raw\images\Describable Textures Dataset\images\freckled\freckled_0148.jpg,0.16003113231887084,3,False
C:\Users\Hamada.MSI\Desktop\Hamada\lab\data\raw\images\Describable Textures Dataset\images\banded\banded_0114.jpg,0.16006205733082543,3,False
C:\Users\Hamada.MSI\Desktop\Hamada\lab\data\raw\images\Describable Textures Dataset\images\frilly\frilly_0087.jpg,0.1600826129491257,3,False
C:\Users\Hamada.MSI\Desktop\Hamada\lab\data\raw\images\Describable Textures Dataset\images\interlaced\interlaced_0161.jpg,0.16016879153399277,3,False
C:\Users\Hamada.MSI\Desktop\Hamada\lab\data\raw\images\Describable Textures Dataset\images\cobwebbed\cobwebbed_0063.jpg,0.16033745408264408,3,False
C:\Users\Hamada.MSI\Desktop\Hamada\lab\data\raw\images\Describable Textures Dataset\images\grooved\grooved_0148.jpg,0.1604182975646129,3,False
C:\Users\Hamada.MSI\Desktop\Hamada\lab\data\raw\images\Describable Textures Dataset\images\wrinkled\wrinkled_0092.jpg,0.16073480287965305,3,False
C:\Users\Hamada.MSI\Desktop\Hamada\lab\data\raw\images\Describable Textures Dataset\images\spiralled\spiralled_0126.jpg,0.16112336644045677,3,False
C:\Users\Hamada.MSI\Desktop\Hamada\lab\data\raw\images\Describable Textures Dataset\images\frilly\frilly_0028.jpg,0.16123714879709805,3,False
C:\Users\Hamada.MSI\Desktop\Hamada\lab\data\raw\images\Describable Textures Dataset\images\potholed\potholed_0043.jpg,0.1612640688261556,3,False
C:\Users\Hamada.MSI\Desktop\Hamada\lab\data\raw\images\Describable Textures Dataset\images\waffled\waffled_0136.jpg,0.16131121405147014,3,False
C:\Users\Hamada.MSI\Desktop\Hamada\lab\data\raw\images\Describable Textures Dataset\images\knitted\knitted_0116.jpg,0.1613912584649805,3,False
C:\Users\Hamada.MSI\Desktop\Hamada\lab\data\raw\images\Describable Textures Dataset\images\fibrous\fibrous_0132.jpg,0.16149430494017003,3,False
C:\Users\Hamada.MSI\Desktop\Hamada\lab\data\raw\images\Describable Textures Dataset\images\perforated\perforated_0144.jpg,0.16149849596642174,3,False
C:\Users\Hamada.MSI\Desktop\Hamada\lab\data\raw\images\Describable Textures Dataset\images\dotted\dotted_0123.jpg,0.16155054350714068,3,False
C:\Users\Hamada.MSI\Desktop\Hamada\lab\data\raw\images\Describable Textures Dataset\images\fibrous\fibrous_0149.jpg,0.16161100328494157,3,False
C:\Users\Hamada.MSI\Desktop\Hamada\lab\data\raw\images\Describable Textures Dataset\images\freckled\freckled_0111.jpg,0.16169128629105817,3,False
C:\Users\Hamada.MSI\Desktop\Hamada\lab\data\raw\images\Describable Textures Dataset\images\scaly\scaly_0128.jpg,0.16174997991574386,3,False
C:\Users\Hamada.MSI\Desktop\Hamada\lab\data\raw\images\Describable Textures Dataset\images\swirly\swirly_0068.jpg,0.16190610913607423,3,False
C:\Users\Hamada.MSI\Desktop\Hamada\lab\data\raw\images\Describable Textures Dataset\images\flecked\flecked_0054.jpg,0.16214188065655405,3,False
C:\Users\Hamada.MSI\Desktop\Hamada\lab\data\raw\images\Describable Textures Dataset\images\interlaced\interlaced_0072.jpg,0.16217614992541066,3,False
C:\Users\Hamada.MSI\Desktop\Hamada\lab\data\raw\images\Describable Textures Dataset\images\crosshatched\crosshatched_0128.jpg,0.16222173444276505,3,False
C:\Users\Hamada.MSI\Desktop\Hamada\lab\data\raw\images\Describable Textures Dataset\images\fibrous\fibrous_0138.jpg,0.1623117197946322,3,False
C:\Users\Hamada.MSI\Desktop\Hamada\lab\data\raw\images\Describable Textures Dataset\images\stained\stained_0024.jpg,0.1623770038238029,3,False
C:\Users\Hamada.MSI\Desktop\Hamada\lab\data\raw\images\Describable Textures Dataset\images\cracked\cracked_0126.jpg,0.1623834481463443,3,False
C:\Users\Hamada.MSI\Desktop\Hamada\lab\data\raw\images\Describable Textures Dataset\images\pitted\pitted_0121.jpg,0.16239148824416688,3,False
C:\Users\Hamada.MSI\Desktop\Hamada\lab\data\raw\images\Describable Textures Dataset\images\striped\striped_0124.jpg,0.16262196616094562,3,False
C:\Users\Hamada.MSI\Desktop\Hamada\lab\data\raw\images\Describable Textures Dataset\images\knitted\knitted_0145.jpg,0.16280820959120443,3,False
C:\Users\Hamada.MSI\Desktop\Hamada\lab\data\raw\images\Describable Textures Dataset\images\meshed\meshed_0130.jpg,0.16281769142764213,3,False
C:\Users\Hamada.MSI\Desktop\Hamada\lab\data\raw\images\Describable Textures Dataset\images\crystalline\crystalline_0179.jpg,0.16283802914319231,3,False
C:\Users\Hamada.MSI\Desktop\Hamada\lab\data\raw\images\Describable Textures Dataset\images\stratified\stratified_0169.jpg,0.16296713582010022,3,False
C:\Users\Hamada.MSI\Desktop\Hamada\lab\data\raw\images\Describable Textures Dataset\images\wrinkled\wrinkled_0056.jpg,0.163034062741023,3,False
C:\Users\Hamada.MSI\Desktop\Hamada\lab\data\raw\images\Describable Textures Dataset\images\veined\veined_0132.jpg,0.16319088298807957,3,False
C:\Users\Hamada.MSI\Desktop\Hamada\lab\data\raw\images\Describable Textures Dataset\images\cobwebbed\cobwebbed_0117.jpg,0.16328738491511338,3,False
C:\Users\Hamada.MSI\Desktop\Hamada\lab\data\raw\images\Describable Textures Dataset\images\matted\matted_0132.jpg,0.16332905141389692,3,False
C:\Users\Hamada.MSI\Desktop\Hamada\lab\data\raw\images\Describable Textures Dataset\images\wrinkled\wrinkled_0136.jpg,0.16340868032247027,3,False
C:\Users\Hamada.MSI\Desktop\Hamada\lab\data\raw\images\Describable Textures Dataset\images\veined\veined_0169.jpg,0.16345294174437047,3,False
C:\Users\Hamada.MSI\Desktop\Hamada\lab\data\raw\images\Describable Textures Dataset\images\freckled\freckled_0070.jpg,0.1634925984445223,3,False
C:\Users\Hamada.MSI\Desktop\Hamada\lab\data\raw\images\Describable Textures Dataset\images\cracked\cracked_0154.jpg,0.16354628499879864,3,False
C:\Users\Hamada.MSI\Desktop\Hamada\lab\data\raw\images\Describable Textures Dataset\images\cobwebbed\cobwebbed_0099.jpg,0.1636515363777484,3,False
C:\Users\Hamada.MSI\Desktop\Hamada\lab\data\raw\images\Describable Textures Dataset\images\potholed\potholed_0115.jpg,0.16377979625310085,3,False
C:\Users\Hamada.MSI\Desktop\Hamada\lab\data\raw\images\Describable Textures Dataset\images\crystalline\crystalline_0164.jpg,0.16385452359649252,3,False
C:\Users\Hamada.MSI\Desktop\Hamada\lab\data\raw\images\Describable Textures Dataset\images\interlaced\interlaced_0173.jpg,0.16387291339255378,3,False
C:\Users\Hamada.MSI\Desktop\Hamada\lab\data\raw\images\Describable Textures Dataset\images\fibrous\fibrous_0107.jpg,0.16395655735684111,3,False
C:\Users\Hamada.MSI\Desktop\Hamada\lab\data\raw\images\Describable Textures Dataset\images\cobwebbed\cobwebbed_0105.jpg,0.16417849852307378,3,False
C:\Users\Hamada.MSI\Desktop\Hamada\lab\data\raw\images\Describable Textures Dataset\images\bubbly\bubbly_0064.jpg,0.16422845281838583,3,False
C:\Users\Hamada.MSI\Desktop\Hamada\lab\data\raw\images\Describable Textures Dataset\images\fibrous\fibrous_0216.jpg,0.16425385766954553,3,False
C:\Users\Hamada.MSI\Desktop\Hamada\lab\data\raw\images\Describable Textures Dataset\images\pleated\pleated_0172.jpg,0.1644217989890094,3,False
C:\Users\Hamada.MSI\Desktop\Hamada\lab\data\raw\images\Describable Textures Dataset\images\gauzy\gauzy_0116.jpg,0.1644687314881505,3,False
C:\Users\Hamada.MSI\Desktop\Hamada\lab\data\raw\images\Describable Textures Dataset\images\interlaced\interlaced_0128.jpg,0.16455775663963101,3,False
C:\Users\Hamada.MSI\Desktop\Hamada\lab\data\raw\images\Describable Textures Dataset\images\woven\woven_0005.jpg,0.1645624594542316,3,False
C:\Users\Hamada.MSI\Desktop\Hamada\lab\data\raw\images\Describable Textures Dataset\images\flecked\flecked_0145.jpg,0.16458277083598252,3,False
C:\Users\Hamada.MSI\Desktop\Hamada\lab\data\raw\images\Describable Textures Dataset\images\cobwebbed\cobwebbed_0079.jpg,0.1648197700629649,3,False
C:\Users\Hamada.MSI\Desktop\Hamada\lab\data\raw\images\Describable Textures Dataset\images\grid\grid_0115.jpg,0.16490512952353711,3,False
C:\Users\Hamada.MSI\Desktop\Hamada\lab\data\raw\images\Describable Textures Dataset\images\stratified\stratified_0151.jpg,0.16500043045368726,3,False
C:\Users\Hamada.MSI\Desktop\Hamada\lab\data\raw\images\Describable Textures Dataset\images\blotchy\blotchy_0006.jpg,0.1650858941073622,3,False
C:\Users\Hamada.MSI\Desktop\Hamada\lab\data\raw\images\Describable Textures Dataset\images\woven\woven_0008.jpg,0.1651374035039797,3,False
C:\Users\Hamada.MSI\Desktop\Hamada\lab\data\raw\images\Describable Textures Dataset\images\interlaced\interlaced_0126.jpg,0.16519743562535938,3,False
C:\Users\Hamada.MSI\Desktop\Hamada\lab\data\raw\images\Describable Textures Dataset\images\dotted\dotted_0133.jpg,0.16523374463526788,3,False
C:\Users\Hamada.MSI\Desktop\Hamada\lab\data\raw\images\Describable Textures Dataset\images\dotted\dotted_0143.jpg,0.16523374463526788,3,False
C:\Users\Hamada.MSI\Desktop\Hamada\lab\data\raw\images\Describable Textures Dataset\images\pitted\pitted_0117.jpg,0.16546623949960115,3,False
C:\Users\Hamada.MSI\Desktop\Hamada\lab\data\raw\images\Describable Textures Dataset\images\striped\striped_0105.jpg,0.16549630931112175,3,False
C:\Users\Hamada.MSI\Desktop\Hamada\lab\data\raw\images\Describable Textures Dataset\images\marbled\marbled_0073.jpg,0.16562607801189416,3,False
C:\Users\Hamada.MSI\Desktop\Hamada\lab\data\raw\images\Describable Textures Dataset\images\scaly\scaly_0132.jpg,0.16563576962388288,3,False
C:\Users\Hamada.MSI\Desktop\Hamada\lab\data\raw\images\Describable Textures Dataset\images\marbled\marbled_0108.jpg,0.1658446512036765,3,False
C:\Users\Hamada.MSI\Desktop\Hamada\lab\data\raw\images\McGill Calibrated Color Image Database\Textures\Textures\merry_mexico0154.tif,0.16586383141068772,3,False
C:\Users\Hamada.MSI\Desktop\Hamada\lab\data\raw\images\Describable Textures Dataset\images\stratified\stratified_0171.jpg,0.16610206755285434,3,False
C:\Users\Hamada.MSI\Desktop\Hamada\lab\data\raw\images\Describable Textures Dataset\images\cracked\cracked_0130.jpg,0.16619314571644897,3,False
C:\Users\Hamada.MSI\Desktop\Hamada\lab\data\raw\images\Describable Textures Dataset\images\spiralled\spiralled_0074.jpg,0.16620981482847913,3,False
C:\Users\Hamada.MSI\Desktop\Hamada\lab\data\raw\images\Describable Textures Dataset\images\stained\stained_0099.jpg,0.1662171529179244,3,False
C:\Users\Hamada.MSI\Desktop\Hamada\lab\data\raw\images\Describable Textures Dataset\images\polka-dotted\polka-dotted_0145.jpg,0.16622204614406483,3,False
C:\Users\Hamada.MSI\Desktop\Hamada\lab\data\raw\images\Describable Textures Dataset\images\wrinkled\wrinkled_0014.jpg,0.16629971348200231,3,False
C:\Users\Hamada.MSI\Desktop\Hamada\lab\data\raw\images\Describable Textures Dataset\images\banded\banded_0066.jpg,0.16631239205003712,3,False
C:\Users\Hamada.MSI\Desktop\Hamada\lab\data\raw\images\Describable Textures Dataset\images\scaly\scaly_0118.jpg,0.16636437548288033,3,False
C:\Users\Hamada.MSI\Desktop\Hamada\lab\data\raw\images\Describable Textures Dataset\images\scaly\scaly_0131.jpg,0.16664706146531583,3,False
C:\Users\Hamada.MSI\Desktop\Hamada\lab\data\raw\images\Describable Textures Dataset\images\scaly\scaly_0149.jpg,0.1669187752540678,3,False
C:\Users\Hamada.MSI\Desktop\Hamada\lab\data\raw\images\Describable Textures Dataset\images\frilly\frilly_0108.jpg,0.16695722202047306,3,False
C:\Users\Hamada.MSI\Desktop\Hamada\lab\data\raw\images\Describable Textures Dataset\images\frilly\frilly_0091.jpg,0.16698528612698801,3,False
C:\Users\Hamada.MSI\Desktop\Hamada\lab\data\raw\images\Describable Textures Dataset\images\flecked\flecked_0133.jpg,0.1670539540831146,3,False
C:\Users\Hamada.MSI\Desktop\Hamada\lab\data\raw\images\Describable Textures Dataset\images\polka-dotted\polka-dotted_0103.jpg,0.16706207833727232,3,False
C:\Users\Hamada.MSI\Desktop\Hamada\lab\data\raw\images\Describable Textures Dataset\images\striped\striped_0085.jpg,0.16707798423468237,3,False
C:\Users\Hamada.MSI\Desktop\Hamada\lab\data\raw\images\Describable Textures Dataset\images\pitted\pitted_0140.jpg,0.16742129296444697,3,False
C:\Users\Hamada.MSI\Desktop\Hamada\lab\data\raw\images\Describable Textures Dataset\images\marbled\marbled_0103.jpg,0.1674459873759984,3,False
C:\Users\Hamada.MSI\Desktop\Hamada\lab\data\raw\images\Describable Textures Dataset\images\fibrous\fibrous_0134.jpg,0.16752155856464335,3,False
C:\Users\Hamada.MSI\Desktop\Hamada\lab\data\raw\images\Describable Textures Dataset\images\swirly\swirly_0093.jpg,0.16768646714752988,3,False
C:\Users\Hamada.MSI\Desktop\Hamada\lab\data\raw\images\Describable Textures Dataset\images\banded\banded_0088.jpg,0.16772388721945578,3,False
C:\Users\Hamada.MSI\Desktop\Hamada\lab\data\raw\images\Describable Textures Dataset\images\sprinkled\sprinkled_0052.jpg,0.1677368775807292,3,False
C:\Users\Hamada.MSI\Desktop\Hamada\lab\data\raw\images\Describable Textures Dataset\images\grooved\grooved_0062.jpg,0.16774873873290666,3,False
C:\Users\Hamada.MSI\Desktop\Hamada\lab\data\raw\images\Describable Textures Dataset\images\meshed\meshed_0133.jpg,0.16781973070988587,3,False
C:\Users\Hamada.MSI\Desktop\Hamada\lab\data\raw\images\Describable Textures Dataset\images\woven\woven_0108.jpg,0.16783157090174547,3,False
C:\Users\Hamada.MSI\Desktop\Hamada\lab\data\raw\images\Describable Textures Dataset\images\waffled\waffled_0105.jpg,0.1679327574820181,3,False
C:\Users\Hamada.MSI\Desktop\Hamada\lab\data\raw\images\Describable Textures Dataset\images\pleated\pleated_0154.jpg,0.1679424523532634,3,False
C:\Users\Hamada.MSI\Desktop\Hamada\lab\data\raw\images\Describable Textures Dataset\images\waffled\waffled_0074.jpg,0.167973506539907,3,False
C:\Users\Hamada.MSI\Desktop\Hamada\lab\data\raw\images\Describable Textures Dataset\images\stained\stained_0030.jpg,0.1679830341157697,3,False
C:\Users\Hamada.MSI\Desktop\Hamada\lab\data\raw\images\Describable Textures Dataset\images\braided\braided_0142.jpg,0.16799541488758946,3,False
C:\Users\Hamada.MSI\Desktop\Hamada\lab\data\raw\images\Describable Textures Dataset\images\wrinkled\wrinkled_0113.jpg,0.16804788063746337,3,False
C:\Users\Hamada.MSI\Desktop\Hamada\lab\data\raw\images\Describable Textures Dataset\images\pitted\pitted_0151.jpg,0.16808278758470838,3,False
C:\Users\Hamada.MSI\Desktop\Hamada\lab\data\raw\images\Describable Textures Dataset\images\crosshatched\crosshatched_0109.jpg,0.16810295697208644,3,False
C:\Users\Hamada.MSI\Desktop\Hamada\lab\data\raw\images\Describable Textures Dataset\images\scaly\scaly_0171.jpg,0.16827759178999727,3,False
C:\Users\Hamada.MSI\Desktop\Hamada\lab\data\raw\images\Describable Textures Dataset\images\striped\striped_0090.jpg,0.16830653681969723,3,False
C:\Users\Hamada.MSI\Desktop\Hamada\lab\data\raw\images\Describable Textures Dataset\images\paisley\paisley_0056.jpg,0.16837399681222437,3,False
C:\Users\Hamada.MSI\Desktop\Hamada\lab\data\raw\images\Describable Textures Dataset\images\pitted\pitted_0146.jpg,0.16842387568592004,3,False
C:\Users\Hamada.MSI\Desktop\Hamada\lab\data\raw\images\Describable Textures Dataset\images\pitted\pitted_0094.jpg,0.1685166430508339,3,False
C:\Users\Hamada.MSI\Desktop\Hamada\lab\data\raw\images\Describable Textures Dataset\images\pitted\pitted_0004.jpg,0.16856824574046014,3,False
C:\Users\Hamada.MSI\Desktop\Hamada\lab\data\raw\images\Describable Textures Dataset\images\crosshatched\crosshatched_0098.jpg,0.16859376207907004,3,False
C:\Users\Hamada.MSI\Desktop\Hamada\lab\data\raw\images\Describable Textures Dataset\images\cobwebbed\cobwebbed_0155.jpg,0.16864491358332442,3,False
C:\Users\Hamada.MSI\Desktop\Hamada\lab\data\raw\images\Describable Textures Dataset\images\swirly\swirly_0162.jpg,0.16877880295422965,3,False
C:\Users\Hamada.MSI\Desktop\Hamada\lab\data\raw\images\Describable Textures Dataset\images\honeycombed\honeycombed_0149.jpg,0.1689251013473698,3,False
C:\Users\Hamada.MSI\Desktop\Hamada\lab\data\raw\images\Describable Textures Dataset\images\swirly\swirly_0147.jpg,0.16893760649942902,3,False
C:\Users\Hamada.MSI\Desktop\Hamada\lab\data\raw\images\Describable Textures Dataset\images\frilly\frilly_0122.jpg,0.16895003647617687,3,False
C:\Users\Hamada.MSI\Desktop\Hamada\lab\data\raw\images\Describable Textures Dataset\images\woven\woven_0091.jpg,0.16896622088591842,3,False
C:\Users\Hamada.MSI\Desktop\Hamada\lab\data\raw\images\Describable Textures Dataset\images\sprinkled\sprinkled_0112.jpg,0.1692454720622362,3,False
C:\Users\Hamada.MSI\Desktop\Hamada\lab\data\raw\images\Describable Textures Dataset\images\honeycombed\honeycombed_0046.jpg,0.16925530704550046,3,False
C:\Users\Hamada.MSI\Desktop\Hamada\lab\data\raw\images\Describable Textures Dataset\images\studded\studded_0204.jpg,0.16929763773340914,3,False
C:\Users\Hamada.MSI\Desktop\Hamada\lab\data\raw\images\Describable Textures Dataset\images\polka-dotted\polka-dotted_0186.jpg,0.1693627238596131,3,False
C:\Users\Hamada.MSI\Desktop\Hamada\lab\data\raw\images\Describable Textures Dataset\images\porous\porous_0103.jpg,0.1693655076003082,3,False
C:\Users\Hamada.MSI\Desktop\Hamada\lab\data\raw\images\Describable Textures Dataset\images\matted\matted_0148.jpg,0.16945189829992283,3,False
C:\Users\Hamada.MSI\Desktop\Hamada\lab\data\raw\images\Describable Textures Dataset\images\honeycombed\honeycombed_0059.jpg,0.16950793576573242,3,False
C:\Users\Hamada.MSI\Desktop\Hamada\lab\data\raw\images\Describable Textures Dataset\images\knitted\knitted_0192.jpg,0.16970495795151358,3,False
C:\Users\Hamada.MSI\Desktop\Hamada\lab\data\raw\images\Describable Textures Dataset\images\woven\woven_0104.jpg,0.16976269206988398,3,False
C:\Users\Hamada.MSI\Desktop\Hamada\lab\data\raw\images\Describable Textures Dataset\images\bubbly\bubbly_0157.jpg,0.16977802918599288,3,False
C:\Users\Hamada.MSI\Desktop\Hamada\lab\data\raw\images\Describable Textures Dataset\images\porous\porous_0115.jpg,0.16980808550761076,3,False
C:\Users\Hamada.MSI\Desktop\Hamada\lab\data\raw\images\Describable Textures Dataset\images\dotted\dotted_0159.jpg,0.16983318735210068,3,False
C:\Users\Hamada.MSI\Desktop\Hamada\lab\data\raw\images\Describable Textures Dataset\images\waffled\waffled_0142.jpg,0.1699160421479084,3,False
C:\Users\Hamada.MSI\Desktop\Hamada\lab\data\raw\images\Describable Textures Dataset\images\bubbly\bubbly_0107.jpg,0.1701421383203931,3,False
C:\Users\Hamada.MSI\Desktop\Hamada\lab\data\raw\images\Describable Textures Dataset\images\banded\banded_0043.jpg,0.17014378579440892,3,False
C:\Users\Hamada.MSI\Desktop\Hamada\lab\data\raw\images\Describable Textures Dataset\images\lacelike\lacelike_0106.jpg,0.17019067702122664,3,False
C:\Users\Hamada.MSI\Desktop\Hamada\lab\data\raw\images\Describable Textures Dataset\images\grooved\grooved_0001.jpg,0.17023626630655636,3,False
C:\Users\Hamada.MSI\Desktop\Hamada\lab\data\raw\images\Describable Textures Dataset\images\pleated\pleated_0060.jpg,0.17032820541758018,3,False
C:\Users\Hamada.MSI\Desktop\Hamada\lab\data\raw\images\Describable Textures Dataset\images\woven\woven_0018.jpg,0.1703592577043933,3,False
C:\Users\Hamada.MSI\Desktop\Hamada\lab\data\raw\images\Describable Textures Dataset\images\perforated\perforated_0162.jpg,0.17037709150176714,3,False
C:\Users\Hamada.MSI\Desktop\Hamada\lab\data\raw\images\Describable Textures Dataset\images\interlaced\interlaced_0124.jpg,0.17045363523596108,3,False
C:\Users\Hamada.MSI\Desktop\Hamada\lab\data\raw\images\Describable Textures Dataset\images\meshed\meshed_0177.jpg,0.1705490586592099,3,False
C:\Users\Hamada.MSI\Desktop\Hamada\lab\data\raw\images\Describable Textures Dataset\images\bumpy\bumpy_0202.jpg,0.1705732263478425,3,False
C:\Users\Hamada.MSI\Desktop\Hamada\lab\data\raw\images\Describable Textures Dataset\images\crystalline\crystalline_0199.jpg,0.1705758481406641,3,False
C:\Users\Hamada.MSI\Desktop\Hamada\lab\data\raw\images\Describable Textures Dataset\images\cobwebbed\cobwebbed_0092.jpg,0.17059595961363708,3,False
C:\Users\Hamada.MSI\Desktop\Hamada\lab\data\raw\images\Describable Textures Dataset\images\frilly\frilly_0083.jpg,0.17061975267286883,3,False
C:\Users\Hamada.MSI\Desktop\Hamada\lab\data\raw\images\Describable Textures Dataset\images\bumpy\bumpy_0168.jpg,0.17069991180724658,3,False
C:\Users\Hamada.MSI\Desktop\Hamada\lab\data\raw\images\Describable Textures Dataset\images\grooved\grooved_0068.jpg,0.17092770617009537,3,False
C:\Users\Hamada.MSI\Desktop\Hamada\lab\data\raw\images\Describable Textures Dataset\images\stained\stained_0037.jpg,0.17096042580387125,3,False
C:\Users\Hamada.MSI\Desktop\Hamada\lab\data\raw\images\Describable Textures Dataset\images\smeared\smeared_0136.jpg,0.17096435100417084,3,False
C:\Users\Hamada.MSI\Desktop\Hamada\lab\data\raw\images\Describable Textures Dataset\images\striped\striped_0014.jpg,0.17100000575507554,3,False
C:\Users\Hamada.MSI\Desktop\Hamada\lab\data\raw\images\Describable Textures Dataset\images\meshed\meshed_0134.jpg,0.17109861903114865,3,False
C:\Users\Hamada.MSI\Desktop\Hamada\lab\data\raw\images\Describable Textures Dataset\images\smeared\smeared_0101.jpg,0.17116854029201864,3,False
C:\Users\Hamada.MSI\Desktop\Hamada\lab\data\raw\images\Describable Textures Dataset\images\crystalline\crystalline_0104.jpg,0.17125837590743093,3,False
C:\Users\Hamada.MSI\Desktop\Hamada\lab\data\raw\images\Describable Textures Dataset\images\veined\veined_0001.jpg,0.1713569258954964,3,False
C:\Users\Hamada.MSI\Desktop\Hamada\lab\data\raw\images\Describable Textures Dataset\images\studded\studded_0201.jpg,0.1713799902635419,3,False
C:\Users\Hamada.MSI\Desktop\Hamada\lab\data\raw\images\Describable Textures Dataset\images\cracked\cracked_0121.jpg,0.1714343894512123,3,False
C:\Users\Hamada.MSI\Desktop\Hamada\lab\data\raw\images\Describable Textures Dataset\images\woven\woven_0117.jpg,0.17154561861934053,3,False
C:\Users\Hamada.MSI\Desktop\Hamada\lab\data\raw\images\Describable Textures Dataset\images\banded\banded_0041.jpg,0.1715556168965368,3,False
C:\Users\Hamada.MSI\Desktop\Hamada\lab\data\raw\images\Describable Textures Dataset\images\crosshatched\crosshatched_0006.jpg,0.17158118098004507,3,False
C:\Users\Hamada.MSI\Desktop\Hamada\lab\data\raw\images\Describable Textures Dataset\images\grid\grid_0082.jpg,0.171581783410891,3,False
C:\Users\Hamada.MSI\Desktop\Hamada\lab\data\raw\images\Describable Textures Dataset\images\crosshatched\crosshatched_0097.jpg,0.17164848745225764,3,False
C:\Users\Hamada.MSI\Desktop\Hamada\lab\data\raw\images\Describable Textures Dataset\images\fibrous\fibrous_0213.jpg,0.17167312327554557,3,False
C:\Users\Hamada.MSI\Desktop\Hamada\lab\data\raw\images\Describable Textures Dataset\images\blotchy\blotchy_0114.jpg,0.17170758768341343,3,False
C:\Users\Hamada.MSI\Desktop\Hamada\lab\data\raw\images\Describable Textures Dataset\images\spiralled\spiralled_0045.jpg,0.17173450105224933,3,False
C:\Users\Hamada.MSI\Desktop\Hamada\lab\data\raw\images\Describable Textures Dataset\images\blotchy\blotchy_0101.jpg,0.17177231182052244,3,False
C:\Users\Hamada.MSI\Desktop\Hamada\lab\data\raw\images\Describable Textures Dataset\images\scaly\scaly_0142.jpg,0.17178411623957318,3,False
C:\Users\Hamada.MSI\Desktop\Hamada\lab\data\raw\images\Describable Textures Dataset\images\dotted\dotted_0201.jpg,0.17184426097736402,3,False
C:\Users\Hamada.MSI\Desktop\Hamada\lab\data\raw\images\Describable Textures Dataset\images\fibrous\fibrous_0112.jpg,0.17189005991533027,3,False
C:\Users\Hamada.MSI\Desktop\Hamada\lab\data\raw\images\Describable Textures Dataset\images\polka-dotted\polka-dotted_0224.jpg,0.17202950123656535,3,False
C:\Users\Hamada.MSI\Desktop\Hamada\lab\data\raw\images\Describable Textures Dataset\images\gauzy\gauzy_0164.jpg,0.17239645185809685,3,False
C:\Users\Hamada.MSI\Desktop\Hamada\lab\data\raw\images\Describable Textures Dataset\images\wrinkled\wrinkled_0132.jpg,0.17249927651310687,3,False
C:\Users\Hamada.MSI\Desktop\Hamada\lab\data\raw\images\Describable Textures Dataset\images\freckled\freckled_0158.jpg,0.1725544140843095,3,False
C:\Users\Hamada.MSI\Desktop\Hamada\lab\data\raw\images\Describable Textures Dataset\images\bumpy\bumpy_0144.jpg,0.17255781398228165,3,False
C:\Users\Hamada.MSI\Desktop\Hamada\lab\data\raw\images\Describable Textures Dataset\images\braided\braided_0179.jpg,0.17261135894227883,3,False
C:\Users\Hamada.MSI\Desktop\Hamada\lab\data\raw\images\Describable Textures Dataset\images\waffled\waffled_0115.jpg,0.17261410421106765,3,False
C:\Users\Hamada.MSI\Desktop\Hamada\lab\data\raw\images\Describable Textures Dataset\images\interlaced\interlaced_0139.jpg,0.1726330863631311,3,False
C:\Users\Hamada.MSI\Desktop\Hamada\lab\data\raw\images\Describable Textures Dataset\images\woven\woven_0069.jpg,0.1726598915290703,3,False
C:\Users\Hamada.MSI\Desktop\Hamada\lab\data\raw\images\Describable Textures Dataset\images\striped\striped_0075.jpg,0.17270833415402448,3,False
C:\Users\Hamada.MSI\Desktop\Hamada\lab\data\raw\images\Describable Textures Dataset\images\striped\striped_0062.jpg,0.1727119174892498,3,False
C:\Users\Hamada.MSI\Desktop\Hamada\lab\data\raw\images\Describable Textures Dataset\images\braided\braided_0110.jpg,0.17277771740311934,3,False
C:\Users\Hamada.MSI\Desktop\Hamada\lab\data\raw\images\Describable Textures Dataset\images\wrinkled\wrinkled_0060.jpg,0.17279860202507574,3,False
C:\Users\Hamada.MSI\Desktop\Hamada\lab\data\raw\images\Describable Textures Dataset\images\bubbly\bubbly_0149.jpg,0.17289121091251883,3,False
C:\Users\Hamada.MSI\Desktop\Hamada\lab\data\raw\images\Describable Textures Dataset\images\studded\studded_0143.jpg,0.1730418189413426,3,False
C:\Users\Hamada.MSI\Desktop\Hamada\lab\data\raw\images\Describable Textures Dataset\images\sprinkled\sprinkled_0091.jpg,0.17311229999579072,3,False
C:\Users\Hamada.MSI\Desktop\Hamada\lab\data\raw\images\Describable Textures Dataset\images\woven\woven_0129.jpg,0.17312769070006023,3,False
C:\Users\Hamada.MSI\Desktop\Hamada\lab\data\raw\images\Describable Textures Dataset\images\swirly\swirly_0108.jpg,0.17331009487480104,3,False
C:\Users\Hamada.MSI\Desktop\Hamada\lab\data\raw\images\Describable Textures Dataset\images\braided\braided_0111.jpg,0.17339090683801586,3,False
C:\Users\Hamada.MSI\Desktop\Hamada\lab\data\raw\images\Describable Textures Dataset\images\flecked\flecked_0157.jpg,0.1734391901733998,3,False
C:\Users\Hamada.MSI\Desktop\Hamada\lab\data\raw\images\Describable Textures Dataset\images\blotchy\blotchy_0056.jpg,0.17347450104439746,3,False
C:\Users\Hamada.MSI\Desktop\Hamada\lab\data\raw\images\Describable Textures Dataset\images\lined\lined_0151.jpg,0.17347999464302763,3,False
C:\Users\Hamada.MSI\Desktop\Hamada\lab\data\raw\images\Describable Textures Dataset\images\crystalline\crystalline_0175.jpg,0.17361393238830097,3,False
C:\Users\Hamada.MSI\Desktop\Hamada\lab\data\raw\images\Describable Textures Dataset\images\polka-dotted\polka-dotted_0094.jpg,0.17364090610059005,3,False
C:\Users\Hamada.MSI\Desktop\Hamada\lab\data\raw\images\Describable Textures Dataset\images\striped\striped_0074.jpg,0.17367850245176888,3,False
C:\Users\Hamada.MSI\Desktop\Hamada\lab\data\raw\images\Describable Textures Dataset\images\wrinkled\wrinkled_0135.jpg,0.17368552267713588,3,False
C:\Users\Hamada.MSI\Desktop\Hamada\lab\data\raw\images\Describable Textures Dataset\images\bubbly\bubbly_0137.jpg,0.17369207689125274,3,False
C:\Users\Hamada.MSI\Desktop\Hamada\lab\data\raw\images\Describable Textures Dataset\images\potholed\potholed_0079.jpg,0.173726820424885,3,False
C:\Users\Hamada.MSI\Desktop\Hamada\lab\data\raw\images\Describable Textures Dataset\images\lined\lined_0109.jpg,0.17383297784398802,3,False
C:\Users\Hamada.MSI\Desktop\Hamada\lab\data\raw\images\Describable Textures Dataset\images\grooved\grooved_0128.jpg,0.17384899906846546,3,False
C:\Users\Hamada.MSI\Desktop\Hamada\lab\data\raw\images\Describable Textures Dataset\images\grid\grid_0122.jpg,0.1739445009251014,3,False
C:\Users\Hamada.MSI\Desktop\Hamada\lab\data\raw\images\Describable Textures Dataset\images\flecked\flecked_0106.jpg,0.17400494151732376,3,False
C:\Users\Hamada.MSI\Desktop\Hamada\lab\data\raw\images\Describable Textures Dataset\images\blotchy\blotchy_0060.jpg,0.17409146348726334,3,False
C:\Users\Hamada.MSI\Desktop\Hamada\lab\data\raw\images\Describable Textures Dataset\images\pitted\pitted_0144.jpg,0.17413291751740023,3,False
C:\Users\Hamada.MSI\Desktop\Hamada\lab\data\raw\images\Describable Textures Dataset\images\gauzy\gauzy_0081.jpg,0.17419273647219752,3,False
C:\Users\Hamada.MSI\Desktop\Hamada\lab\data\raw\images\Describable Textures Dataset\images\meshed\meshed_0122.jpg,0.17424024148978542,3,False
C:\Users\Hamada.MSI\Desktop\Hamada\lab\data\raw\images\Describable Textures Dataset\images\bumpy\bumpy_0201.jpg,0.1742992686511516,3,False
C:\Users\Hamada.MSI\Desktop\Hamada\lab\data\raw\images\Describable Textures Dataset\images\crystalline\crystalline_0107.jpg,0.17435285741878948,3,False
C:\Users\Hamada.MSI\Desktop\Hamada\lab\data\raw\images\Describable Textures Dataset\images\meshed\meshed_0125.jpg,0.17440982615878284,3,False
C:\Users\Hamada.MSI\Desktop\Hamada\lab\data\raw\images\Describable Textures Dataset\images\potholed\potholed_0092.jpg,0.17445950311313385,3,False
C:\Users\Hamada.MSI\Desktop\Hamada\lab\data\raw\images\Describable Textures Dataset\images\braided\braided_0162.jpg,0.17451384034137032,3,False
C:\Users\Hamada.MSI\Desktop\Hamada\lab\data\raw\images\Describable Textures Dataset\images\perforated\perforated_0043.jpg,0.17453904182623375,3,False
C:\Users\Hamada.MSI\Desktop\Hamada\lab\data\raw\images\Describable Textures Dataset\images\blotchy\blotchy_0090.jpg,0.1745944678856927,3,False
C:\Users\Hamada.MSI\Desktop\Hamada\lab\data\raw\images\Describable Textures Dataset\images\paisley\paisley_0077.jpg,0.1746205728701367,3,False
C:\Users\Hamada.MSI\Desktop\Hamada\lab\data\raw\images\Describable Textures Dataset\images\studded\studded_0121.jpg,0.17462142676583844,3,False
C:\Users\Hamada.MSI\Desktop\Hamada\lab\data\raw\images\Describable Textures Dataset\images\pitted\pitted_0007.jpg,0.17474765645834073,3,False
C:\Users\Hamada.MSI\Desktop\Hamada\lab\data\raw\images\Describable Textures Dataset\images\freckled\freckled_0047.jpg,0.17475943273050873,3,False
C:\Users\Hamada.MSI\Desktop\Hamada\lab\data\raw\images\Describable Textures Dataset\images\potholed\potholed_0131.jpg,0.17479095905721195,3,False
C:\Users\Hamada.MSI\Desktop\Hamada\lab\data\raw\images\Describable Textures Dataset\images\sprinkled\sprinkled_0081.jpg,0.17487836584391236,3,False
C:\Users\Hamada.MSI\Desktop\Hamada\lab\data\raw\images\Describable Textures Dataset\images\striped\striped_0057.jpg,0.17504160766672522,3,False
C:\Users\Hamada.MSI\Desktop\Hamada\lab\data\raw\images\Describable Textures Dataset\images\interlaced\interlaced_0157.jpg,0.1750421291204241,3,False
C:\Users\Hamada.MSI\Desktop\Hamada\lab\data\raw\images\Describable Textures Dataset\images\studded\studded_0191.jpg,0.17511146862140226,3,False
C:\Users\Hamada.MSI\Desktop\Hamada\lab\data\raw\images\Describable Textures Dataset\images\spiralled\spiralled_0111.jpg,0.1751526091144802,3,False
C:\Users\Hamada.MSI\Desktop\Hamada\lab\data\raw\images\Describable Textures Dataset\images\interlaced\interlaced_0058.jpg,0.17542042394024768,3,False
C:\Users\Hamada.MSI\Desktop\Hamada\lab\data\raw\images\Describable Textures Dataset\images\grooved\grooved_0103.jpg,0.17559973099780907,3,False
C:\Users\Hamada.MSI\Desktop\Hamada\lab\data\raw\images\Describable Textures Dataset\images\paisley\paisley_0042.jpg,0.17560818247367121,3,False
C:\Users\Hamada.MSI\Desktop\Hamada\lab\data\raw\images\Describable Textures Dataset\images\fibrous\fibrous_0157.jpg,0.17574345626123575,3,False
C:\Users\Hamada.MSI\Desktop\Hamada\lab\data\raw\images\Describable Textures Dataset\images\knitted\knitted_0150.jpg,0.17584166764537337,3,False
C:\Users\Hamada.MSI\Desktop\Hamada\lab\data\raw\images\Describable Textures Dataset\images\cobwebbed\cobwebbed_0141.jpg,0.17591537110605818,3,False
C:\Users\Hamada.MSI\Desktop\Hamada\lab\data\raw\images\Describable Textures Dataset\images\porous\porous_0090.jpg,0.17599540548764664,3,False
C:\Users\Hamada.MSI\Desktop\Hamada\lab\data\raw\images\Describable Textures Dataset\images\braided\braided_0120.jpg,0.1760167843565456,3,False
C:\Users\Hamada.MSI\Desktop\Hamada\lab\data\raw\images\Describable Textures Dataset\images\braided\braided_0155.jpg,0.17609362246357607,3,False
C:\Users\Hamada.MSI\Desktop\Hamada\lab\data\raw\images\Describable Textures Dataset\images\flecked\flecked_0141.jpg,0.17616801369086357,3,False
C:\Users\Hamada.MSI\Desktop\Hamada\lab\data\raw\images\Describable Textures Dataset\images\knitted\knitted_0121.jpg,0.17621038160775157,3,False
C:\Users\Hamada.MSI\Desktop\Hamada\lab\data\raw\images\Describable Textures Dataset\images\smeared\smeared_0027.jpg,0.17633980523544704,3,False
C:\Users\Hamada.MSI\Desktop\Hamada\lab\data\raw\images\Describable Textures Dataset\images\marbled\marbled_0154.jpg,0.17657935433937486,3,False
C:\Users\Hamada.MSI\Desktop\Hamada\lab\data\raw\images\Describable Textures Dataset\images\bumpy\bumpy_0146.jpg,0.17665505087686,3,False
C:\Users\Hamada.MSI\Desktop\Hamada\lab\data\raw\images\Describable Textures Dataset\images\freckled\freckled_0103.jpg,0.17669365579787083,3,False
C:\Users\Hamada.MSI\Desktop\Hamada\lab\data\raw\images\Describable Textures Dataset\images\knitted\knitted_0091.jpg,0.17690464401694905,3,False
C:\Users\Hamada.MSI\Desktop\Hamada\lab\data\raw\images\Describable Textures Dataset\images\spiralled\spiralled_0057.jpg,0.17690734524913937,3,False
C:\Users\Hamada.MSI\Desktop\Hamada\lab\data\raw\images\Describable Textures Dataset\images\interlaced\interlaced_0191.jpg,0.176989533894754,3,False
C:\Users\Hamada.MSI\Desktop\Hamada\lab\data\raw\images\Describable Textures Dataset\images\crosshatched\crosshatched_0113.jpg,0.17708152181122483,3,False
C:\Users\Hamada.MSI\Desktop\Hamada\lab\data\raw\images\Describable Textures Dataset\images\meshed\meshed_0143.jpg,0.1771139003476929,3,False
C:\Users\Hamada.MSI\Desktop\Hamada\lab\data\raw\images\Describable Textures Dataset\images\knitted\knitted_0102.jpg,0.17715659585005103,3,False
C:\Users\Hamada.MSI\Desktop\Hamada\lab\data\raw\images\Describable Textures Dataset\images\striped\striped_0077.jpg,0.17719537976603555,3,False
C:\Users\Hamada.MSI\Desktop\Hamada\lab\data\raw\images\Describable Textures Dataset\images\dotted\dotted_0125.jpg,0.17736554931426488,3,False
C:\Users\Hamada.MSI\Desktop\Hamada\lab\data\raw\images\Describable Textures Dataset\images\dotted\dotted_0134.jpg,0.17736554931426488,3,False
C:\Users\Hamada.MSI\Desktop\Hamada\lab\data\raw\images\Describable Textures Dataset\images\woven\woven_0106.jpg,0.17743087114484482,3,False
C:\Users\Hamada.MSI\Desktop\Hamada\lab\data\raw\images\Describable Textures Dataset\images\frilly\frilly_0106.jpg,0.17746664992013647,3,False
C:\Users\Hamada.MSI\Desktop\Hamada\lab\data\raw\images\Describable Textures Dataset\images\frilly\frilly_0040.jpg,0.177490708257294,3,False
C:\Users\Hamada.MSI\Desktop\Hamada\lab\data\raw\images\Describable Textures Dataset\images\woven\woven_0125.jpg,0.1775206517054388,3,False
C:\Users\Hamada.MSI\Desktop\Hamada\lab\data\raw\images\McGill Calibrated Color Image Database\Textures\Textures\pippin_adirondacks0025.tif,0.17764160954944053,3,False
C:\Users\Hamada.MSI\Desktop\Hamada\lab\data\raw\images\Describable Textures Dataset\images\bumpy\bumpy_0113.jpg,0.17764294556100504,3,False
C:\Users\Hamada.MSI\Desktop\Hamada\lab\data\raw\images\Describable Textures Dataset\images\honeycombed\honeycombed_0088.jpg,0.17785932173060556,3,False
C:\Users\Hamada.MSI\Desktop\Hamada\lab\data\raw\images\Describable Textures Dataset\images\honeycombed\honeycombed_0170.jpg,0.17805994499982133,3,False
C:\Users\Hamada.MSI\Desktop\Hamada\lab\data\raw\images\Describable Textures Dataset\images\crystalline\crystalline_0195.jpg,0.1780735695776892,3,False
C:\Users\Hamada.MSI\Desktop\Hamada\lab\data\raw\images\Describable Textures Dataset\images\dotted\dotted_0001.jpg,0.17828783604403758,3,False
C:\Users\Hamada.MSI\Desktop\Hamada\lab\data\raw\images\Describable Textures Dataset\images\dotted\dotted_0203.jpg,0.17828783604403758,3,False
C:\Users\Hamada.MSI\Desktop\Hamada\lab\data\raw\images\Describable Textures Dataset\images\porous\porous_0175.jpg,0.1784301477931307,3,False
C:\Users\Hamada.MSI\Desktop\Hamada\lab\data\raw\images\Describable Textures Dataset\images\studded\studded_0105.jpg,0.17847749631254928,3,False
C:\Users\Hamada.MSI\Desktop\Hamada\lab\data\raw\images\Describable Textures Dataset\images\knitted\knitted_0130.jpg,0.17848448206869633,3,False
C:\Users\Hamada.MSI\Desktop\Hamada\lab\data\raw\images\Describable Textures Dataset\images\crystalline\crystalline_0216.jpg,0.17864997486158532,3,False
C:\Users\Hamada.MSI\Desktop\Hamada\lab\data\raw\images\Describable Textures Dataset\images\pitted\pitted_0110.jpg,0.17872397342940835,3,False
C:\Users\Hamada.MSI\Desktop\Hamada\lab\data\raw\images\Describable Textures Dataset\images\spiralled\spiralled_0066.jpg,0.17888257198774174,3,False
C:\Users\Hamada.MSI\Desktop\Hamada\lab\data\raw\images\Describable Textures Dataset\images\marbled\marbled_0183.jpg,0.17902977938527037,3,False
C:\Users\Hamada.MSI\Desktop\Hamada\lab\data\raw\images\Describable Textures Dataset\images\knitted\knitted_0178.jpg,0.17903545218434697,3,False
C:\Users\Hamada.MSI\Desktop\Hamada\lab\data\raw\images\Describable Textures Dataset\images\bubbly\bubbly_0112.jpg,0.17925069743317015,3,False
C:\Users\Hamada.MSI\Desktop\Hamada\lab\data\raw\images\Describable Textures Dataset\images\crosshatched\crosshatched_0119.jpg,0.17927548811602642,3,False
C:\Users\Hamada.MSI\Desktop\Hamada\lab\data\raw\images\Describable Textures Dataset\images\knitted\knitted_0157.jpg,0.17940267607227978,3,False
C:\Users\Hamada.MSI\Desktop\Hamada\lab\data\raw\images\Describable Textures Dataset\images\interlaced\interlaced_0121.jpg,0.17943087818958875,3,False
C:\Users\Hamada.MSI\Desktop\Hamada\lab\data\raw\images\Describable Textures Dataset\images\interlaced\interlaced_0115.jpg,0.17957019619847442,3,False
C:\Users\Hamada.MSI\Desktop\Hamada\lab\data\raw\images\Describable Textures Dataset\images\braided\braided_0175.jpg,0.17958777964338693,3,False
C:\Users\Hamada.MSI\Desktop\Hamada\lab\data\raw\images\Describable Textures Dataset\images\perforated\perforated_0082.jpg,0.179736808424978,3,False
C:\Users\Hamada.MSI\Desktop\Hamada\lab\data\raw\images\Describable Textures Dataset\images\dotted\dotted_0089.jpg,0.1797684063367362,3,False
C:\Users\Hamada.MSI\Desktop\Hamada\lab\data\raw\images\Describable Textures Dataset\images\meshed\meshed_0160.jpg,0.17979080572288836,3,False
C:\Users\Hamada.MSI\Desktop\Hamada\lab\data\raw\images\Describable Textures Dataset\images\stained\stained_0112.jpg,0.179800378819603,3,False
C:\Users\Hamada.MSI\Desktop\Hamada\lab\data\raw\images\Describable Textures Dataset\images\meshed\meshed_0055.jpg,0.17984779343504534,3,False
C:\Users\Hamada.MSI\Desktop\Hamada\lab\data\raw\images\Describable Textures Dataset\images\braided\braided_0195.jpg,0.1799933283190789,3,False
C:\Users\Hamada.MSI\Desktop\Hamada\lab\data\raw\images\Describable Textures Dataset\images\porous\porous_0176.jpg,0.18009534555059323,3,False
C:\Users\Hamada.MSI\Desktop\Hamada\lab\data\raw\images\Describable Textures Dataset\images\grooved\grooved_0124.jpg,0.18030321328403628,3,False
C:\Users\Hamada.MSI\Desktop\Hamada\lab\data\raw\images\Describable Textures Dataset\images\marbled\marbled_0173.jpg,0.1803142828037105,3,False
C:\Users\Hamada.MSI\Desktop\Hamada\lab\data\raw\images\Describable Textures Dataset\images\paisley\paisley_0072.jpg,0.18032193314894207,3,False
C:\Users\Hamada.MSI\Desktop\Hamada\lab\data\raw\images\Describable Textures Dataset\images\pitted\pitted_0052.jpg,0.1803661723048882,3,False
C:\Users\Hamada.MSI\Desktop\Hamada\lab\data\raw\images\Describable Textures Dataset\images\interlaced\interlaced_0199.jpg,0.1803711276162986,3,False
C:\Users\Hamada.MSI\Desktop\Hamada\lab\data\raw\images\Describable Textures Dataset\images\marbled\marbled_0172.jpg,0.18043525467878904,3,False
C:\Users\Hamada.MSI\Desktop\Hamada\lab\data\raw\images\Describable Textures Dataset\images\smeared\smeared_0104.jpg,0.18045834367365632,3,False
C:\Users\Hamada.MSI\Desktop\Hamada\lab\data\raw\images\Describable Textures Dataset\images\pitted\pitted_0095.jpg,0.18047117237519777,3,False
C:\Users\Hamada.MSI\Desktop\Hamada\lab\data\raw\images\Describable Textures Dataset\images\spiralled\spiralled_0027.jpg,0.180597102082896,3,False
C:\Users\Hamada.MSI\Desktop\Hamada\lab\data\raw\images\Describable Textures Dataset\images\crystalline\crystalline_0207.jpg,0.18061722518988516,3,False
C:\Users\Hamada.MSI\Desktop\Hamada\lab\data\raw\images\Describable Textures Dataset\images\freckled\freckled_0124.jpg,0.1806582075407278,3,False
C:\Users\Hamada.MSI\Desktop\Hamada\lab\data\raw\images\Describable Textures Dataset\images\cracked\cracked_0083.jpg,0.18075292641128388,3,False
C:\Users\Hamada.MSI\Desktop\Hamada\lab\data\raw\images\Describable Textures Dataset\images\gauzy\gauzy_0187.jpg,0.1808505493918646,3,False
C:\Users\Hamada.MSI\Desktop\Hamada\lab\data\raw\images\Describable Textures Dataset\images\potholed\potholed_0110.jpg,0.18089264530392837,3,False
C:\Users\Hamada.MSI\Desktop\Hamada\lab\data\raw\images\Describable Textures Dataset\images\veined\veined_0079.jpg,0.18092760379857714,3,False
C:\Users\Hamada.MSI\Desktop\Hamada\lab\data\raw\images\Describable Textures Dataset\images\meshed\meshed_0115.jpg,0.18102445956933316,3,False
C:\Users\Hamada.MSI\Desktop\Hamada\lab\data\raw\images\Describable Textures Dataset\images\paisley\paisley_0026.jpg,0.18115109350869987,3,False
C:\Users\Hamada.MSI\Desktop\Hamada\lab\data\raw\images\Describable Textures Dataset\images\striped\striped_0089.jpg,0.1811693880748025,3,False
C:\Users\Hamada.MSI\Desktop\Hamada\lab\data\raw\images\Describable Textures Dataset\images\fibrous\fibrous_0119.jpg,0.1811816633292144,3,False
C:\Users\Hamada.MSI\Desktop\Hamada\lab\data\raw\images\Describable Textures Dataset\images\lined\lined_0104.jpg,0.18132711221878067,3,False
C:\Users\Hamada.MSI\Desktop\Hamada\lab\data\raw\images\Describable Textures Dataset\images\lacelike\lacelike_0048.jpg,0.1813733451686708,3,False
C:\Users\Hamada.MSI\Desktop\Hamada\lab\data\raw\images\Describable Textures Dataset\images\scaly\scaly_0169.jpg,0.18154167724893364,3,False
C:\Users\Hamada.MSI\Desktop\Hamada\lab\data\raw\images\Describable Textures Dataset\images\bubbly\bubbly_0067.jpg,0.1815610347290983,3,False
C:\Users\Hamada.MSI\Desktop\Hamada\lab\data\raw\images\Describable Textures Dataset\images\cracked\cracked_0135.jpg,0.18156236559987476,3,False
C:\Users\Hamada.MSI\Desktop\Hamada\lab\data\raw\images\Describable Textures Dataset\images\wrinkled\wrinkled_0076.jpg,0.18160744688476105,3,False
C:\Users\Hamada.MSI\Desktop\Hamada\lab\data\raw\images\Describable Textures Dataset\images\smeared\smeared_0028.jpg,0.1816439713179831,3,False
C:\Users\Hamada.MSI\Desktop\Hamada\lab\data\raw\images\Describable Textures Dataset\images\striped\striped_0112.jpg,0.18170744643668715,3,False
C:\Users\Hamada.MSI\Desktop\Hamada\lab\data\raw\images\Describable Textures Dataset\images\swirly\swirly_0168.jpg,0.18171792136297896,3,False
C:\Users\Hamada.MSI\Desktop\Hamada\lab\data\raw\images\Describable Textures Dataset\images\braided\braided_0064.jpg,0.18174688621223695,3,False
C:\Users\Hamada.MSI\Desktop\Hamada\lab\data\raw\images\Describable Textures Dataset\images\crystalline\crystalline_0114.jpg,0.18176136620986977,3,False
C:\Users\Hamada.MSI\Desktop\Hamada\lab\data\raw\images\Describable Textures Dataset\images\lacelike\lacelike_0064.jpg,0.18177951977998694,3,False
C:\Users\Hamada.MSI\Desktop\Hamada\lab\data\raw\images\Describable Textures Dataset\images\grid\grid_0058.jpg,0.18189704243456142,3,False
C:\Users\Hamada.MSI\Desktop\Hamada\lab\data\raw\images\Describable Textures Dataset\images\blotchy\blotchy_0106.jpg,0.1819361268829742,3,False
C:\Users\Hamada.MSI\Desktop\Hamada\lab\data\raw\images\Describable Textures Dataset\images\stained\stained_0044.jpg,0.18194452908757483,3,False
C:\Users\Hamada.MSI\Desktop\Hamada\lab\data\raw\images\Describable Textures Dataset\images\braided\braided_0173.jpg,0.18208346512001497,3,False
C:\Users\Hamada.MSI\Desktop\Hamada\lab\data\raw\images\Describable Textures Dataset\images\swirly\swirly_0115.jpg,0.18209293871471305,3,False
C:\Users\Hamada.MSI\Desktop\Hamada\lab\data\raw\images\Describable Textures Dataset\images\marbled\marbled_0130.jpg,0.18211427514095713,3,False
C:\Users\Hamada.MSI\Desktop\Hamada\lab\data\raw\images\Describable Textures Dataset\images\dotted\dotted_0174.jpg,0.18212035061235146,3,False
C:\Users\Hamada.MSI\Desktop\Hamada\lab\data\raw\images\Describable Textures Dataset\images\dotted\dotted_0207.jpg,0.18212035061235146,3,False
C:\Users\Hamada.MSI\Desktop\Hamada\lab\data\raw\images\Describable Textures Dataset\images\freckled\freckled_0110.jpg,0.1822116279599089,3,False
C:\Users\Hamada.MSI\Desktop\Hamada\lab\data\raw\images\Describable Textures Dataset\images\spiralled\spiralled_0015.jpg,0.1822365251623476,3,False
C:\Users\Hamada.MSI\Desktop\Hamada\lab\data\raw\images\Describable Textures Dataset\images\lined\lined_0134.jpg,0.1822416103612441,3,False
C:\Users\Hamada.MSI\Desktop\Hamada\lab\data\raw\images\Describable Textures Dataset\images\bubbly\bubbly_0087.jpg,0.18225206321200887,3,False
C:\Users\Hamada.MSI\Desktop\Hamada\lab\data\raw\images\Describable Textures Dataset\images\marbled\marbled_0100.jpg,0.18229477624380744,3,False
C:\Users\Hamada.MSI\Desktop\Hamada\lab\data\raw\images\Describable Textures Dataset\images\smeared\smeared_0072.jpg,0.18230659593618012,3,False
C:\Users\Hamada.MSI\Desktop\Hamada\lab\data\raw\images\Describable Textures Dataset\images\honeycombed\honeycombed_0135.jpg,0.18233681695098203,3,False
C:\Users\Hamada.MSI\Desktop\Hamada\lab\data\raw\images\McGill Calibrated Color Image Database\Textures\Textures\merry_mexico0219.tif,0.18242522937867167,3,False
C:\Users\Hamada.MSI\Desktop\Hamada\lab\data\raw\images\Describable Textures Dataset\images\bumpy\bumpy_0134.jpg,0.18250277825059638,3,False
C:\Users\Hamada.MSI\Desktop\Hamada\lab\data\raw\images\Describable Textures Dataset\images\grooved\grooved_0047.jpg,0.18256555472016045,3,False
C:\Users\Hamada.MSI\Desktop\Hamada\lab\data\raw\images\Describable Textures Dataset\images\bumpy\bumpy_0199.jpg,0.18263268423616882,3,False
C:\Users\Hamada.MSI\Desktop\Hamada\lab\data\raw\images\Describable Textures Dataset\images\flecked\flecked_0103.jpg,0.18268331272076146,3,False
C:\Users\Hamada.MSI\Desktop\Hamada\lab\data\raw\images\Describable Textures Dataset\images\pleated\pleated_0162.jpg,0.18288746253989085,3,False
C:\Users\Hamada.MSI\Desktop\Hamada\lab\data\raw\images\Describable Textures Dataset\images\striped\striped_0055.jpg,0.18295517089564653,3,False
C:\Users\Hamada.MSI\Desktop\Hamada\lab\data\raw\images\Describable Textures Dataset\images\lined\lined_0143.jpg,0.18297638675566563,3,False
C:\Users\Hamada.MSI\Desktop\Hamada\lab\data\raw\images\Describable Textures Dataset\images\stained\stained_0088.jpg,0.1829852562054578,3,False
C:\Users\Hamada.MSI\Desktop\Hamada\lab\data\raw\images\Describable Textures Dataset\images\banded\banded_0130.jpg,0.18300148097569105,3,False
C:\Users\Hamada.MSI\Desktop\Hamada\lab\data\raw\images\Describable Textures Dataset\images\cobwebbed\cobwebbed_0058.jpg,0.18308528751271289,3,False
C:\Users\Hamada.MSI\Desktop\Hamada\lab\data\raw\images\Describable Textures Dataset\images\veined\veined_0131.jpg,0.18314603604699353,3,False
C:\Users\Hamada.MSI\Desktop\Hamada\lab\data\raw\images\Describable Textures Dataset\images\bubbly\bubbly_0086.jpg,0.18314754807105446,3,False
C:\Users\Hamada.MSI\Desktop\Hamada\lab\data\raw\images\Describable Textures Dataset\images\fibrous\fibrous_0187.jpg,0.18314977228473556,3,False
C:\Users\Hamada.MSI\Desktop\Hamada\lab\data\raw\images\Describable Textures Dataset\images\pleated\pleated_0146.jpg,0.18322520050707566,3,False
C:\Users\Hamada.MSI\Desktop\Hamada\lab\data\raw\images\Describable Textures Dataset\images\cracked\cracked_0088.jpg,0.18336323946347632,3,False
C:\Users\Hamada.MSI\Desktop\Hamada\lab\data\raw\images\Describable Textures Dataset\images\scaly\scaly_0111.jpg,0.18339072138021167,3,False
C:\Users\Hamada.MSI\Desktop\Hamada\lab\data\raw\images\McGill Calibrated Color Image Database\Textures\Textures\merry_mtl07_025.tif,0.1834406588683434,3,False
C:\Users\Hamada.MSI\Desktop\Hamada\lab\data\raw\images\Describable Textures Dataset\images\stained\stained_0074.jpg,0.18345041226396766,3,False
C:\Users\Hamada.MSI\Desktop\Hamada\lab\data\raw\images\Describable Textures Dataset\images\bubbly\bubbly_0147.jpg,0.18346306832559275,3,False
C:\Users\Hamada.MSI\Desktop\Hamada\lab\data\raw\images\Describable Textures Dataset\images\smeared\smeared_0068.jpg,0.18348376732491112,3,False
C:\Users\Hamada.MSI\Desktop\Hamada\lab\data\raw\images\Describable Textures Dataset\images\knitted\knitted_0073.jpg,0.18353565056293114,3,False
C:\Users\Hamada.MSI\Desktop\Hamada\lab\data\raw\images\Describable Textures Dataset\images\porous\porous_0171.jpg,0.1835815911744306,3,False
C:\Users\Hamada.MSI\Desktop\Hamada\lab\data\raw\images\Describable Textures Dataset\images\pitted\pitted_0090.jpg,0.18364763562046146,3,False
C:\Users\Hamada.MSI\Desktop\Hamada\lab\data\raw\images\Describable Textures Dataset\images\matted\matted_0032.jpg,0.18377641007526235,3,False
C:\Users\Hamada.MSI\Desktop\Hamada\lab\data\raw\images\Describable Textures Dataset\images\porous\porous_0141.jpg,0.1838190565572961,3,False
C:\Users\Hamada.MSI\Desktop\Hamada\lab\data\raw\images\Describable Textures Dataset\images\flecked\flecked_0066.jpg,0.18393500018743025,3,False
C:\Users\Hamada.MSI\Desktop\Hamada\lab\data\raw\images\Describable Textures Dataset\images\frilly\frilly_0081.jpg,0.18402133609922283,3,False
C:\Users\Hamada.MSI\Desktop\Hamada\lab\data\raw\images\Describable Textures Dataset\images\paisley\paisley_0071.jpg,0.1840864367729587,3,False
C:\Users\Hamada.MSI\Desktop\Hamada\lab\data\raw\images\Describable Textures Dataset\images\dotted\dotted_0130.jpg,0.1841300290403473,3,False
C:\Users\Hamada.MSI\Desktop\Hamada\lab\data\raw\images\Describable Textures Dataset\images\dotted\dotted_0140.jpg,0.1841300290403473,3,False
C:\Users\Hamada.MSI\Desktop\Hamada\lab\data\raw\images\Describable Textures Dataset\images\braided\braided_0160.jpg,0.18424166677401171,3,False
C:\Users\Hamada.MSI\Desktop\Hamada\lab\data\raw\images\Describable Textures Dataset\images\blotchy\blotchy_0029.jpg,0.18426548893761827,3,False
C:\Users\Hamada.MSI\Desktop\Hamada\lab\data\raw\images\Describable Textures Dataset\images\marbled\marbled_0165.jpg,0.18428252144820728,3,False
C:\Users\Hamada.MSI\Desktop\Hamada\lab\data\raw\images\Describable Textures Dataset\images\spiralled\spiralled_0013.jpg,0.18429204150548567,3,False
C:\Users\Hamada.MSI\Desktop\Hamada\lab\data\raw\images\Describable Textures Dataset\images\marbled\marbled_0192.jpg,0.18430435585499688,3,False
C:\Users\Hamada.MSI\Desktop\Hamada\lab\data\raw\images\Describable Textures Dataset\images\lacelike\lacelike_0011.jpg,0.18435688338760803,3,False
C:\Users\Hamada.MSI\Desktop\Hamada\lab\data\raw\images\Describable Textures Dataset\images\matted\matted_0110.jpg,0.18445806137231252,3,False
C:\Users\Hamada.MSI\Desktop\Hamada\lab\data\raw\images\Describable Textures Dataset\images\frilly\frilly_0038.jpg,0.18450596326939497,3,False
C:\Users\Hamada.MSI\Desktop\Hamada\lab\data\raw\images\Describable Textures Dataset\images\braided\braided_0078.jpg,0.18452178732387617,3,False
C:\Users\Hamada.MSI\Desktop\Hamada\lab\data\raw\images\Describable Textures Dataset\images\stained\stained_0130.jpg,0.1845934895971112,3,False
C:\Users\Hamada.MSI\Desktop\Hamada\lab\data\raw\images\Describable Textures Dataset\images\grooved\grooved_0051.jpg,0.18461771141985348,3,False
C:\Users\Hamada.MSI\Desktop\Hamada\lab\data\raw\images\Describable Textures Dataset\images\meshed\meshed_0171.jpg,0.18464946250373496,3,False
C:\Users\Hamada.MSI\Desktop\Hamada\lab\data\raw\images\Describable Textures Dataset\images\crosshatched\crosshatched_0120.jpg,0.18492351728028555,3,False
C:\Users\Hamada.MSI\Desktop\Hamada\lab\data\raw\images\Describable Textures Dataset\images\bumpy\bumpy_0077.jpg,0.18493130660154206,3,False
C:\Users\Hamada.MSI\Desktop\Hamada\lab\data\raw\images\Describable Textures Dataset\images\frilly\frilly_0065.jpg,0.1849633320077753,3,False
C:\Users\Hamada.MSI\Desktop\Hamada\lab\data\raw\images\Describable Textures Dataset\images\cracked\cracked_0050.jpg,0.18501894824787926,3,False
C:\Users\Hamada.MSI\Desktop\Hamada\lab\data\raw\images\Describable Textures Dataset\images\polka-dotted\polka-dotted_0068.jpg,0.1850865549959009,3,False
C:\Users\Hamada.MSI\Desktop\Hamada\lab\data\raw\images\Describable Textures Dataset\images\striped\striped_0029.jpg,0.18523688657017423,4,False
C:\Users\Hamada.MSI\Desktop\Hamada\lab\data\raw\images\Describable Textures Dataset\images\cobwebbed\cobwebbed_0122.jpg,0.1854139668987891,4,False
C:\Users\Hamada.MSI\Desktop\Hamada\lab\data\raw\images\Describable Textures Dataset\images\braided\braided_0119.jpg,0.1854632955864859,4,False
C:\Users\Hamada.MSI\Desktop\Hamada\lab\data\raw\images\Describable Textures Dataset\images\crosshatched\crosshatched_0089.jpg,0.1855283815510118,4,False
C:\Users\Hamada.MSI\Desktop\Hamada\lab\data\raw\images\Describable Textures Dataset\images\wrinkled\wrinkled_0128.jpg,0.18563538955704056,4,False
C:\Users\Hamada.MSI\Desktop\Hamada\lab\data\raw\images\Describable Textures Dataset\images\frilly\frilly_0001.jpg,0.18571427235065316,4,False
C:\Users\Hamada.MSI\Desktop\Hamada\lab\data\raw\images\Describable Textures Dataset\images\honeycombed\honeycombed_0085.jpg,0.18572861574050578,4,False
C:\Users\Hamada.MSI\Desktop\Hamada\lab\data\raw\images\Describable Textures Dataset\images\knitted\knitted_0140.jpg,0.18576424298166383,4,False
C:\Users\Hamada.MSI\Desktop\Hamada\lab\data\raw\images\Describable Textures Dataset\images\pitted\pitted_0143.jpg,0.18582189206719524,4,False
C:\Users\Hamada.MSI\Desktop\Hamada\lab\data\raw\images\Describable Textures Dataset\images\flecked\flecked_0147.jpg,0.18584482208081524,4,False
C:\Users\Hamada.MSI\Desktop\Hamada\lab\data\raw\images\Describable Textures Dataset\images\blotchy\blotchy_0027.jpg,0.18587123410539885,4,False
C:\Users\Hamada.MSI\Desktop\Hamada\lab\data\raw\images\Describable Textures Dataset\images\potholed\potholed_0139.jpg,0.18605992599145169,4,False
C:\Users\Hamada.MSI\Desktop\Hamada\lab\data\raw\images\Describable Textures Dataset\images\porous\porous_0057.jpg,0.18608292033660823,4,False
C:\Users\Hamada.MSI\Desktop\Hamada\lab\data\raw\images\Describable Textures Dataset\images\studded\studded_0164.jpg,0.18612895967353524,4,False
C:\Users\Hamada.MSI\Desktop\Hamada\lab\data\raw\images\Describable Textures Dataset\images\interlaced\interlaced_0096.jpg,0.18616093118392377,4,False
C:\Users\Hamada.MSI\Desktop\Hamada\lab\data\raw\images\Describable Textures Dataset\images\paisley\paisley_0061.jpg,0.1862826556709124,4,False
C:\Users\Hamada.MSI\Desktop\Hamada\lab\data\raw\images\Describable Textures Dataset\images\fibrous\fibrous_0183.jpg,0.18631688363737547,4,False
C:\Users\Hamada.MSI\Desktop\Hamada\lab\data\raw\images\Describable Textures Dataset\images\paisley\paisley_0120.jpg,0.18651115193873494,4,False
C:\Users\Hamada.MSI\Desktop\Hamada\lab\data\raw\images\Describable Textures Dataset\images\scaly\scaly_0172.jpg,0.1865124019192353,4,False
C:\Users\Hamada.MSI\Desktop\Hamada\lab\data\raw\images\Describable Textures Dataset\images\blotchy\blotchy_0130.jpg,0.18653153091813054,4,False
C:\Users\Hamada.MSI\Desktop\Hamada\lab\data\raw\images\Describable Textures Dataset\images\waffled\waffled_0153.jpg,0.1865459825123025,4,False
C:\Users\Hamada.MSI\Desktop\Hamada\lab\data\raw\images\Describable Textures Dataset\images\bumpy\bumpy_0203.jpg,0.186601377240783,4,False
C:\Users\Hamada.MSI\Desktop\Hamada\lab\data\raw\images\Describable Textures Dataset\images\chequered\chequered_0112.jpg,0.18663214763198965,4,False
C:\Users\Hamada.MSI\Desktop\Hamada\lab\data\raw\images\Describable Textures Dataset\images\perforated\perforated_0120.jpg,0.18666145868061118,4,False
C:\Users\Hamada.MSI\Desktop\Hamada\lab\data\raw\images\Describable Textures Dataset\images\cobwebbed\cobwebbed_0128.jpg,0.1867330492263734,4,False
C:\Users\Hamada.MSI\Desktop\Hamada\lab\data\raw\images\Describable Textures Dataset\images\braided\braided_0140.jpg,0.18685946646238463,4,False
C:\Users\Hamada.MSI\Desktop\Hamada\lab\data\raw\images\Describable Textures Dataset\images\flecked\flecked_0098.jpg,0.186999358568566,4,False
C:\Users\Hamada.MSI\Desktop\Hamada\lab\data\raw\images\McGill Calibrated Color Image Database\Textures\Textures\pippin_RVHtexture023.tif,0.18708788630866793,4,False
C:\Users\Hamada.MSI\Desktop\Hamada\lab\data\raw\images\Describable Textures Dataset\images\blotchy\blotchy_0046.jpg,0.18711239720571565,4,False
C:\Users\Hamada.MSI\Desktop\Hamada\lab\data\raw\images\Describable Textures Dataset\images\meshed\meshed_0032.jpg,0.18712849064304754,4,False
C:\Users\Hamada.MSI\Desktop\Hamada\lab\data\raw\images\Describable Textures Dataset\images\wrinkled\wrinkled_0114.jpg,0.18735400634259475,4,False
C:\Users\Hamada.MSI\Desktop\Hamada\lab\data\raw\images\Describable Textures Dataset\images\bubbly\bubbly_0119.jpg,0.18735492687666125,4,False
C:\Users\Hamada.MSI\Desktop\Hamada\lab\data\raw\images\Describable Textures Dataset\images\cracked\cracked_0102.jpg,0.1873740525051541,4,False
C:\Users\Hamada.MSI\Desktop\Hamada\lab\data\raw\images\Describable Textures Dataset\images\zigzagged\zigzagged_0121.jpg,0.18738203577193271,4,False
C:\Users\Hamada.MSI\Desktop\Hamada\lab\data\raw\images\Describable Textures Dataset\images\dotted\dotted_0151.jpg,0.18743519866593278,4,False
C:\Users\Hamada.MSI\Desktop\Hamada\lab\data\raw\images\Describable Textures Dataset\images\dotted\dotted_0182.jpg,0.18743519866593278,4,False
C:\Users\Hamada.MSI\Desktop\Hamada\lab\data\raw\images\Describable Textures Dataset\images\sprinkled\sprinkled_0137.jpg,0.18756066291599857,4,False
C:\Users\Hamada.MSI\Desktop\Hamada\lab\data\raw\images\Describable Textures Dataset\images\swirly\swirly_0077.jpg,0.1875739510292989,4,False
C:\Users\Hamada.MSI\Desktop\Hamada\lab\data\raw\images\Describable Textures Dataset\images\wrinkled\wrinkled_0044.jpg,0.1876143901713479,4,False
C:\Users\Hamada.MSI\Desktop\Hamada\lab\data\raw\images\Describable Textures Dataset\images\cobwebbed\cobwebbed_0108.jpg,0.1877051000075079,4,False
C:\Users\Hamada.MSI\Desktop\Hamada\lab\data\raw\images\Describable Textures Dataset\images\bumpy\bumpy_0107.jpg,0.18785605050133378,4,False
C:\Users\Hamada.MSI\Desktop\Hamada\lab\data\raw\images\Describable Textures Dataset\images\fibrous\fibrous_0124.jpg,0.18794592792769763,4,False
C:\Users\Hamada.MSI\Desktop\Hamada\lab\data\raw\images\Describable Textures Dataset\images\paisley\paisley_0090.jpg,0.18798737209781222,4,False
C:\Users\Hamada.MSI\Desktop\Hamada\lab\data\raw\images\Describable Textures Dataset\images\freckled\freckled_0075.jpg,0.1879925662199399,4,False
C:\Users\Hamada.MSI\Desktop\Hamada\lab\data\raw\images\Describable Textures Dataset\images\waffled\waffled_0176.jpg,0.1880476684974801,4,False
C:\Users\Hamada.MSI\Desktop\Hamada\lab\data\raw\images\Describable Textures Dataset\images\freckled\freckled_0102.jpg,0.1881060982526775,4,False
C:\Users\Hamada.MSI\Desktop\Hamada\lab\data\raw\images\Describable Textures Dataset\images\meshed\meshed_0053.jpg,0.1881215644623282,4,False
C:\Users\Hamada.MSI\Desktop\Hamada\lab\data\raw\images\Describable Textures Dataset\images\potholed\potholed_0068.jpg,0.18868547419783843,4,False
C:\Users\Hamada.MSI\Desktop\Hamada\lab\data\raw\images\Describable Textures Dataset\images\meshed\meshed_0065.jpg,0.18885195689799325,4,False
C:\Users\Hamada.MSI\Desktop\Hamada\lab\data\raw\images\Describable Textures Dataset\images\paisley\paisley_0033.jpg,0.1889108427250423,4,False
C:\Users\Hamada.MSI\Desktop\Hamada\lab\data\raw\images\Describable Textures Dataset\images\bubbly\bubbly_0170.jpg,0.18896148811597532,4,False
C:\Users\Hamada.MSI\Desktop\Hamada\lab\data\raw\images\Describable Textures Dataset\images\pitted\pitted_0135.jpg,0.1890742965330697,4,False
C:\Users\Hamada.MSI\Desktop\Hamada\lab\data\raw\images\Describable Textures Dataset\images\perforated\perforated_0015.jpg,0.18908145389009556,4,False
C:\Users\Hamada.MSI\Desktop\Hamada\lab\data\raw\images\Describable Textures Dataset\images\banded\banded_0117.jpg,0.18912457735907437,4,False
C:\Users\Hamada.MSI\Desktop\Hamada\lab\data\raw\images\Describable Textures Dataset\images\porous\porous_0174.jpg,0.18916987793319098,4,False
C:\Users\Hamada.MSI\Desktop\Hamada\lab\data\raw\images\Describable Textures Dataset\images\lined\lined_0132.jpg,0.18920772401091815,4,False
C:\Users\Hamada.MSI\Desktop\Hamada\lab\data\raw\images\Describable Textures Dataset\images\striped\striped_0097.jpg,0.18923875704792792,4,False
C:\Users\Hamada.MSI\Desktop\Hamada\lab\data\raw\images\Describable Textures Dataset\images\striped\striped_0038.jpg,0.18924600146520013,4,False
C:\Users\Hamada.MSI\Desktop\Hamada\lab\data\raw\images\Describable Textures Dataset\images\stratified\stratified_0164.jpg,0.18928541298828214,4,False
C:\Users\Hamada.MSI\Desktop\Hamada\lab\data\raw\images\Describable Textures Dataset\images\braided\braided_0135.jpg,0.1894025367865884,4,False
C:\Users\Hamada.MSI\Desktop\Hamada\lab\data\raw\images\Describable Textures Dataset\images\sprinkled\sprinkled_0079.jpg,0.18951204613029438,4,False
C:\Users\Hamada.MSI\Desktop\Hamada\lab\data\raw\images\Describable Textures Dataset\images\marbled\marbled_0141.jpg,0.1895217803921295,4,False
C:\Users\Hamada.MSI\Desktop\Hamada\lab\data\raw\images\Describable Textures Dataset\images\striped\striped_0011.jpg,0.18960053024719095,4,False
C:\Users\Hamada.MSI\Desktop\Hamada\lab\data\raw\images\Describable Textures Dataset\images\cracked\cracked_0073.jpg,0.18962129224213736,4,False
C:\Users\Hamada.MSI\Desktop\Hamada\lab\data\raw\images\Describable Textures Dataset\images\gauzy\gauzy_0090.jpg,0.18962717087103886,4,False
C:\Users\Hamada.MSI\Desktop\Hamada\lab\data\raw\images\Describable Textures Dataset\images\waffled\waffled_0166.jpg,0.18984212190169675,4,False
C:\Users\Hamada.MSI\Desktop\Hamada\lab\data\raw\images\Describable Textures Dataset\images\cracked\cracked_0144.jpg,0.1898606118240739,4,False
C:\Users\Hamada.MSI\Desktop\Hamada\lab\data\raw\images\Describable Textures Dataset\images\spiralled\spiralled_0017.jpg,0.18998197872160566,4,False
C:\Users\Hamada.MSI\Desktop\Hamada\lab\data\raw\images\Describable Textures Dataset\images\potholed\potholed_0119.jpg,0.18998374249200356,4,False
C:\Users\Hamada.MSI\Desktop\Hamada\lab\data\raw\images\Describable Textures Dataset\images\studded\studded_0122.jpg,0.19015579465640828,4,False
C:\Users\Hamada.MSI\Desktop\Hamada\lab\data\raw\images\Describable Textures Dataset\images\stratified\stratified_0048.jpg,0.190177563903988,4,False
C:\Users\Hamada.MSI\Desktop\Hamada\lab\data\raw\images\Describable Textures Dataset\images\matted\matted_0103.jpg,0.19024872861552877,4,False
C:\Users\Hamada.MSI\Desktop\Hamada\lab\data\raw\images\Describable Textures Dataset\images\stained\stained_0113.jpg,0.19047826720852853,4,False
C:\Users\Hamada.MSI\Desktop\Hamada\lab\data\raw\images\Describable Textures Dataset\images\spiralled\spiralled_0060.jpg,0.1904853028131986,4,False
C:\Users\Hamada.MSI\Desktop\Hamada\lab\data\raw\images\Describable Textures Dataset\images\spiralled\spiralled_0081.jpg,0.19056719258056187,4,False
C:\Users\Hamada.MSI\Desktop\Hamada\lab\data\raw\images\Describable Textures Dataset\images\porous\porous_0082.jpg,0.19059423109534307,4,False
C:\Users\Hamada.MSI\Desktop\Hamada\lab\data\raw\images\Describable Textures Dataset\images\woven\woven_0114.jpg,0.19060628718468126,4,False
C:\Users\Hamada.MSI\Desktop\Hamada\lab\data\raw\images\Describable Textures Dataset\images\polka-dotted\polka-dotted_0109.jpg,0.190624432935757,4,False
C:\Users\Hamada.MSI\Desktop\Hamada\lab\data\raw\images\Describable Textures Dataset\images\bumpy\bumpy_0164.jpg,0.19064116077261545,4,False
C:\Users\Hamada.MSI\Desktop\Hamada\lab\data\raw\images\Describable Textures Dataset\images\pitted\pitted_0111.jpg,0.19064207168058434,4,False
C:\Users\Hamada.MSI\Desktop\Hamada\lab\data\raw\images\Describable Textures Dataset\images\meshed\meshed_0155.jpg,0.19078376836649957,4,False
C:\Users\Hamada.MSI\Desktop\Hamada\lab\data\raw\images\Describable Textures Dataset\images\freckled\freckled_0156.jpg,0.1908050420502884,4,False
C:\Users\Hamada.MSI\Desktop\Hamada\lab\data\raw\images\Describable Textures Dataset\images\potholed\potholed_0116.jpg,0.19086329153151516,4,False
C:\Users\Hamada.MSI\Desktop\Hamada\lab\data\raw\images\Describable Textures Dataset\images\potholed\potholed_0047.jpg,0.19101821838541286,4,False
C:\Users\Hamada.MSI\Desktop\Hamada\lab\data\raw\images\Describable Textures Dataset\images\grooved\grooved_0087.jpg,0.19119929691016146,4,False
C:\Users\Hamada.MSI\Desktop\Hamada\lab\data\raw\images\Describable Textures Dataset\images\crosshatched\crosshatched_0047.jpg,0.19125693404446126,4,False
C:\Users\Hamada.MSI\Desktop\Hamada\lab\data\raw\images\Describable Textures Dataset\images\chequered\chequered_0118.jpg,0.1912735470135236,4,False
C:\Users\Hamada.MSI\Desktop\Hamada\lab\data\raw\images\Describable Textures Dataset\images\meshed\meshed_0144.jpg,0.19128437461355044,4,False
C:\Users\Hamada.MSI\Desktop\Hamada\lab\data\raw\images\Describable Textures Dataset\images\studded\studded_0024.jpg,0.19133017657498175,4,False
C:\Users\Hamada.MSI\Desktop\Hamada\lab\data\raw\images\Describable Textures Dataset\images\braided\braided_0101.jpg,0.19136838423086322,4,False
C:\Users\Hamada.MSI\Desktop\Hamada\lab\data\raw\images\Describable Textures Dataset\images\waffled\waffled_0126.jpg,0.19157895069027558,4,False
C:\Users\Hamada.MSI\Desktop\Hamada\lab\data\raw\images\Describable Textures Dataset\images\crystalline\crystalline_0103.jpg,0.1915891095710912,4,False
C:\Users\Hamada.MSI\Desktop\Hamada\lab\data\raw\images\Describable Textures Dataset\images\flecked\flecked_0126.jpg,0.19160518141323213,4,False
C:\Users\Hamada.MSI\Desktop\Hamada\lab\data\raw\images\Describable Textures Dataset\images\frilly\frilly_0051.jpg,0.19167122411042745,4,False
C:\Users\Hamada.MSI\Desktop\Hamada\lab\data\raw\images\Describable Textures Dataset\images\dotted\dotted_0202.jpg,0.19170510006488595,4,False
C:\Users\Hamada.MSI\Desktop\Hamada\lab\data\raw\images\Describable Textures Dataset\images\fibrous\fibrous_0192.jpg,0.19178483015324232,4,False
C:\Users\Hamada.MSI\Desktop\Hamada\lab\data\raw\images\Describable Textures Dataset\images\potholed\potholed_0127.jpg,0.19185483358296937,4,False
C:\Users\Hamada.MSI\Desktop\Hamada\lab\data\raw\images\Describable Textures Dataset\images\perforated\perforated_0102.jpg,0.19192760128660538,4,False
C:\Users\Hamada.MSI\Desktop\Hamada\lab\data\raw\images\Describable Textures Dataset\images\stained\stained_0049.jpg,0.19195458634840548,4,False
C:\Users\Hamada.MSI\Desktop\Hamada\lab\data\raw\images\Describable Textures Dataset\images\marbled\marbled_0110.jpg,0.19200779125693596,4,False
C:\Users\Hamada.MSI\Desktop\Hamada\lab\data\raw\images\Describable Textures Dataset\images\stained\stained_0072.jpg,0.19217190796677633,4,False
C:\Users\Hamada.MSI\Desktop\Hamada\lab\data\raw\images\Describable Textures Dataset\images\cracked\cracked_0123.jpg,0.1923172268314857,4,False
C:\Users\Hamada.MSI\Desktop\Hamada\lab\data\raw\images\Describable Textures Dataset\images\pitted\pitted_0030.jpg,0.19251720696192934,4,False
C:\Users\Hamada.MSI\Desktop\Hamada\lab\data\raw\images\Describable Textures Dataset\images\sprinkled\sprinkled_0134.jpg,0.19254231299619337,4,False
C:\Users\Hamada.MSI\Desktop\Hamada\lab\data\raw\images\Describable Textures Dataset\images\freckled\freckled_0162.jpg,0.19254471608603826,4,False
C:\Users\Hamada.MSI\Desktop\Hamada\lab\data\raw\images\Describable Textures Dataset\images\cobwebbed\cobwebbed_0087.jpg,0.19259825596064709,4,False
C:\Users\Hamada.MSI\Desktop\Hamada\lab\data\raw\images\Describable Textures Dataset\images\braided\braided_0126.jpg,0.19270993607186265,4,False
C:\Users\Hamada.MSI\Desktop\Hamada\lab\data\raw\images\Describable Textures Dataset\images\stained\stained_0054.jpg,0.19282079224486703,4,False
C:\Users\Hamada.MSI\Desktop\Hamada\lab\data\raw\images\Describable Textures Dataset\images\spiralled\spiralled_0078.jpg,0.19285012276252225,4,False
C:\Users\Hamada.MSI\Desktop\Hamada\lab\data\raw\images\Describable Textures Dataset\images\fibrous\fibrous_0172.jpg,0.19287468422561446,4,False
C:\Users\Hamada.MSI\Desktop\Hamada\lab\data\raw\images\Describable Textures Dataset\images\crosshatched\crosshatched_0114.jpg,0.1929050995941814,4,False
C:\Users\Hamada.MSI\Desktop\Hamada\lab\data\raw\images\Describable Textures Dataset\images\grid\grid_0001.jpg,0.19292040587090598,4,False
C:\Users\Hamada.MSI\Desktop\Hamada\lab\data\raw\images\Describable Textures Dataset\images\cobwebbed\cobwebbed_0096.jpg,0.19296825669716303,4,False
C:\Users\Hamada.MSI\Desktop\Hamada\lab\data\raw\images\Describable Textures Dataset\images\dotted\dotted_0154.jpg,0.19297042283232227,4,False
C:\Users\Hamada.MSI\Desktop\Hamada\lab\data\raw\images\Describable Textures Dataset\images\dotted\dotted_0185.jpg,0.19297042283232227,4,False
C:\Users\Hamada.MSI\Desktop\Hamada\lab\data\raw\images\Describable Textures Dataset\images\cracked\cracked_0087.jpg,0.19298059935667447,4,False
C:\Users\Hamada.MSI\Desktop\Hamada\lab\data\raw\images\Describable Textures Dataset\images\spiralled\spiralled_0065.jpg,0.19302556866332263,4,False
C:\Users\Hamada.MSI\Desktop\Hamada\lab\data\raw\images\Describable Textures Dataset\images\studded\studded_0202.jpg,0.19312320664670912,4,False
C:\Users\Hamada.MSI\Desktop\Hamada\lab\data\raw\images\Describable Textures Dataset\images\gauzy\gauzy_0178.jpg,0.19325967965899774,4,False
C:\Users\Hamada.MSI\Desktop\Hamada\lab\data\raw\images\Describable Textures Dataset\images\pitted\pitted_0104.jpg,0.19328578404830926,4,False
C:\Users\Hamada.MSI\Desktop\Hamada\lab\data\raw\images\Describable Textures Dataset\images\chequered\chequered_0096.jpg,0.19333001069327077,4,False
C:\Users\Hamada.MSI\Desktop\Hamada\lab\data\raw\images\Describable Textures Dataset\images\potholed\potholed_0054.jpg,0.19345192962359697,4,False
C:\Users\Hamada.MSI\Desktop\Hamada\lab\data\raw\images\Describable Textures Dataset\images\porous\porous_0154.jpg,0.19347742810671853,4,False
C:\Users\Hamada.MSI\Desktop\Hamada\lab\data\raw\images\Describable Textures Dataset\images\potholed\potholed_0044.jpg,0.1934923762109856,4,False
C:\Users\Hamada.MSI\Desktop\Hamada\lab\data\raw\images\Describable Textures Dataset\images\zigzagged\zigzagged_0041.jpg,0.1936375032513848,4,False
C:\Users\Hamada.MSI\Desktop\Hamada\lab\data\raw\images\Describable Textures Dataset\images\sprinkled\sprinkled_0117.jpg,0.19368870950574887,4,False
C:\Users\Hamada.MSI\Desktop\Hamada\lab\data\raw\images\Describable Textures Dataset\images\freckled\freckled_0153.jpg,0.1938800325909088,4,False
C:\Users\Hamada.MSI\Desktop\Hamada\lab\data\raw\images\Describable Textures Dataset\images\perforated\perforated_0079.jpg,0.19390110543171823,4,False
C:\Users\Hamada.MSI\Desktop\Hamada\lab\data\raw\images\Describable Textures Dataset\images\grooved\grooved_0159.jpg,0.1939405786540082,4,False
C:\Users\Hamada.MSI\Desktop\Hamada\lab\data\raw\images\Describable Textures Dataset\images\pleated\pleated_0145.jpg,0.1939858239237285,4,False
C:\Users\Hamada.MSI\Desktop\Hamada\lab\data\raw\images\Describable Textures Dataset\images\grooved\grooved_0167.jpg,0.19399806615945417,4,False
C:\Users\Hamada.MSI\Desktop\Hamada\lab\data\raw\images\Describable Textures Dataset\images\spiralled\spiralled_0102.jpg,0.19400351830224166,4,False
C:\Users\Hamada.MSI\Desktop\Hamada\lab\data\raw\images\Describable Textures Dataset\images\bumpy\bumpy_0112.jpg,0.19408907166668732,4,False
C:\Users\Hamada.MSI\Desktop\Hamada\lab\data\raw\images\Describable Textures Dataset\images\fibrous\fibrous_0152.jpg,0.19433765696776487,4,False
C:\Users\Hamada.MSI\Desktop\Hamada\lab\data\raw\images\Describable Textures Dataset\images\freckled\freckled_0174.jpg,0.19434347584575312,4,False
C:\Users\Hamada.MSI\Desktop\Hamada\lab\data\raw\images\Describable Textures Dataset\images\meshed\meshed_0112.jpg,0.19446025706750522,4,False
C:\Users\Hamada.MSI\Desktop\Hamada\lab\data\raw\images\Describable Textures Dataset\images\crystalline\crystalline_0181.jpg,0.19446897081430412,4,False
C:\Users\Hamada.MSI\Desktop\Hamada\lab\data\raw\images\Describable Textures Dataset\images\stratified\stratified_0066.jpg,0.19449411638130348,4,False
C:\Users\Hamada.MSI\Desktop\Hamada\lab\data\raw\images\Describable Textures Dataset\images\grid\grid_0120.jpg,0.19451658223387921,4,False
C:\Users\Hamada.MSI\Desktop\Hamada\lab\data\raw\images\Describable Textures Dataset\images\interlaced\interlaced_0159.jpg,0.19455049656686832,4,False
C:\Users\Hamada.MSI\Desktop\Hamada\lab\data\raw\images\Describable Textures Dataset\images\grid\grid_0070.jpg,0.19456752853256098,4,False
C:\Users\Hamada.MSI\Desktop\Hamada\lab\data\raw\images\Describable Textures Dataset\images\studded\studded_0209.jpg,0.1945773408211074,4,False
C:\Users\Hamada.MSI\Desktop\Hamada\lab\data\raw\images\Describable Textures Dataset\images\braided\braided_0158.jpg,0.1945893085045037,4,False
C:\Users\Hamada.MSI\Desktop\Hamada\lab\data\raw\images\Describable Textures Dataset\images\cobwebbed\cobwebbed_0047.jpg,0.19459535038082226,4,False
C:\Users\Hamada.MSI\Desktop\Hamada\lab\data\raw\images\Describable Textures Dataset\images\matted\matted_0075.jpg,0.1947451318071257,4,False
C:\Users\Hamada.MSI\Desktop\Hamada\lab\data\raw\images\Describable Textures Dataset\images\pitted\pitted_0150.jpg,0.1947560216723061,4,False
C:\Users\Hamada.MSI\Desktop\Hamada\lab\data\raw\images\Describable Textures Dataset\images\veined\veined_0114.jpg,0.19475676369739992,4,False
C:\Users\Hamada.MSI\Desktop\Hamada\lab\data\raw\images\Describable Textures Dataset\images\meshed\meshed_0024.jpg,0.19483997245079487,4,False
C:\Users\Hamada.MSI\Desktop\Hamada\lab\data\raw\images\Describable Textures Dataset\images\spiralled\spiralled_0069.jpg,0.1948918222276746,4,False
C:\Users\Hamada.MSI\Desktop\Hamada\lab\data\raw\images\Describable Textures Dataset\images\perforated\perforated_0154.jpg,0.19491976546803355,4,False
C:\Users\Hamada.MSI\Desktop\Hamada\lab\data\raw\images\Describable Textures Dataset\images\fibrous\fibrous_0178.jpg,0.1949228302460494,4,False
C:\Users\Hamada.MSI\Desktop\Hamada\lab\data\raw\images\Describable Textures Dataset\images\perforated\perforated_0135.jpg,0.19494996502966502,4,False
C:\Users\Hamada.MSI\Desktop\Hamada\lab\data\raw\images\Describable Textures Dataset\images\crystalline\crystalline_0210.jpg,0.1950572169635253,4,False
C:\Users\Hamada.MSI\Desktop\Hamada\lab\data\raw\images\Describable Textures Dataset\images\stratified\stratified_0094.jpg,0.19527821029830272,4,False
C:\Users\Hamada.MSI\Desktop\Hamada\lab\data\raw\images\Describable Textures Dataset\images\knitted\knitted_0177.jpg,0.1953525989003531,4,False
C:\Users\Hamada.MSI\Desktop\Hamada\lab\data\raw\images\Describable Textures Dataset\images\spiralled\spiralled_0071.jpg,0.19538192733570242,4,False
C:\Users\Hamada.MSI\Desktop\Hamada\lab\data\raw\images\Describable Textures Dataset\images\banded\banded_0094.jpg,0.19540748773987512,4,False
C:\Users\Hamada.MSI\Desktop\Hamada\lab\data\raw\images\Describable Textures Dataset\images\stratified\stratified_0172.jpg,0.1956010921170239,4,False
C:\Users\Hamada.MSI\Desktop\Hamada\lab\data\raw\images\Describable Textures Dataset\images\blotchy\blotchy_0112.jpg,0.19561389312552827,4,False
C:\Users\Hamada.MSI\Desktop\Hamada\lab\data\raw\images\Describable Textures Dataset\images\bubbly\bubbly_0048.jpg,0.19567371385279747,4,False
C:\Users\Hamada.MSI\Desktop\Hamada\lab\data\raw\images\Describable Textures Dataset\images\grid\grid_0086.jpg,0.19567579194063475,4,False
C:\Users\Hamada.MSI\Desktop\Hamada\lab\data\raw\images\Describable Textures Dataset\images\swirly\swirly_0159.jpg,0.1956982517205598,4,False
C:\Users\Hamada.MSI\Desktop\Hamada\lab\data\raw\images\Describable Textures Dataset\images\sprinkled\sprinkled_0124.jpg,0.19579367216424362,4,False
C:\Users\Hamada.MSI\Desktop\Hamada\lab\data\raw\images\Describable Textures Dataset\images\pleated\pleated_0149.jpg,0.19584437820363068,4,False
C:\Users\Hamada.MSI\Desktop\Hamada\lab\data\raw\images\Describable Textures Dataset\images\smeared\smeared_0149.jpg,0.19584447670900076,4,False
C:\Users\Hamada.MSI\Desktop\Hamada\lab\data\raw\images\Describable Textures Dataset\images\lined\lined_0154.jpg,0.19589099230629192,4,False
C:\Users\Hamada.MSI\Desktop\Hamada\lab\data\raw\images\Describable Textures Dataset\images\spiralled\spiralled_0014.jpg,0.19598667470967157,4,False
C:\Users\Hamada.MSI\Desktop\Hamada\lab\data\raw\images\Describable Textures Dataset\images\grid\grid_0111.jpg,0.19600673941343083,4,False
C:\Users\Hamada.MSI\Desktop\Hamada\lab\data\raw\images\Describable Textures Dataset\images\blotchy\blotchy_0105.jpg,0.19611909217013548,4,False
C:\Users\Hamada.MSI\Desktop\Hamada\lab\data\raw\images\Describable Textures Dataset\images\grid\grid_0124.jpg,0.19614979631608906,4,False
C:\Users\Hamada.MSI\Desktop\Hamada\lab\data\raw\images\Describable Textures Dataset\images\freckled\freckled_0150.jpg,0.19621264252562867,4,False
C:\Users\Hamada.MSI\Desktop\Hamada\lab\data\raw\images\Describable Textures Dataset\images\braided\braided_0129.jpg,0.1962490731363541,4,False
C:\Users\Hamada.MSI\Desktop\Hamada\lab\data\raw\images\Describable Textures Dataset\images\potholed\potholed_0059.jpg,0.19628254861562364,4,False
C:\Users\Hamada.MSI\Desktop\Hamada\lab\data\raw\images\Describable Textures Dataset\images\marbled\marbled_0188.jpg,0.19629895896525146,4,False
C:\Users\Hamada.MSI\Desktop\Hamada\lab\data\raw\images\Describable Textures Dataset\images\meshed\meshed_0131.jpg,0.1964195059371738,4,False
C:\Users\Hamada.MSI\Desktop\Hamada\lab\data\raw\images\Describable Textures Dataset\images\perforated\perforated_0129.jpg,0.19648069559104606,4,False
C:\Users\Hamada.MSI\Desktop\Hamada\lab\data\raw\images\Describable Textures Dataset\images\waffled\waffled_0175.jpg,0.19648137448610278,4,False
C:\Users\Hamada.MSI\Desktop\Hamada\lab\data\raw\images\Describable Textures Dataset\images\frilly\frilly_0032.jpg,0.1965575563090506,4,False
C:\Users\Hamada.MSI\Desktop\Hamada\lab\data\raw\images\Describable Textures Dataset\images\potholed\potholed_0145.jpg,0.1966639134163682,4,False
C:\Users\Hamada.MSI\Desktop\Hamada\lab\data\raw\images\Describable Textures Dataset\images\striped\striped_0008.jpg,0.19670589581408135,4,False
C:\Users\Hamada.MSI\Desktop\Hamada\lab\data\raw\images\Describable Textures Dataset\images\crystalline\crystalline_0126.jpg,0.19683433941325904,4,False
C:\Users\Hamada.MSI\Desktop\Hamada\lab\data\raw\images\Describable Textures Dataset\images\gauzy\gauzy_0137.jpg,0.19690616049068949,4,False
C:\Users\Hamada.MSI\Desktop\Hamada\lab\data\raw\images\Describable Textures Dataset\images\cracked\cracked_0093.jpg,0.19691087049272019,4,False
C:\Users\Hamada.MSI\Desktop\Hamada\lab\data\raw\images\Describable Textures Dataset\images\zigzagged\zigzagged_0043.jpg,0.1970387824029346,4,False
C:\Users\Hamada.MSI\Desktop\Hamada\lab\data\raw\images\Describable Textures Dataset\images\pitted\pitted_0048.jpg,0.1971710991767389,4,False
C:\Users\Hamada.MSI\Desktop\Hamada\lab\data\raw\images\Describable Textures Dataset\images\bubbly\bubbly_0063.jpg,0.1971723646444445,4,False
C:\Users\Hamada.MSI\Desktop\Hamada\lab\data\raw\images\Describable Textures Dataset\images\spiralled\spiralled_0040.jpg,0.19719906612167654,4,False
C:\Users\Hamada.MSI\Desktop\Hamada\lab\data\raw\images\Describable Textures Dataset\images\sprinkled\sprinkled_0054.jpg,0.19722568086222214,4,False
C:\Users\Hamada.MSI\Desktop\Hamada\lab\data\raw\images\Describable Textures Dataset\images\striped\striped_0114.jpg,0.19723323270398962,4,False
C:\Users\Hamada.MSI\Desktop\Hamada\lab\data\raw\images\Describable Textures Dataset\images\gauzy\gauzy_0181.jpg,0.19728342854935893,4,False
C:\Users\Hamada.MSI\Desktop\Hamada\lab\data\raw\images\Describable Textures Dataset\images\blotchy\blotchy_0055.jpg,0.19735407666282667,4,False
C:\Users\Hamada.MSI\Desktop\Hamada\lab\data\raw\images\Describable Textures Dataset\images\potholed\potholed_0103.jpg,0.1973816012760603,4,False
C:\Users\Hamada.MSI\Desktop\Hamada\lab\data\raw\images\McGill Calibrated Color Image Database\Textures\Textures\pippin_UniStrt024.tif,0.19748402683965785,4,False
C:\Users\Hamada.MSI\Desktop\Hamada\lab\data\raw\images\Describable Textures Dataset\images\waffled\waffled_0172.jpg,0.19749146011585092,4,False
C:\Users\Hamada.MSI\Desktop\Hamada\lab\data\raw\images\Describable Textures Dataset\images\swirly\swirly_0118.jpg,0.1975344541482149,4,False
C:\Users\Hamada.MSI\Desktop\Hamada\lab\data\raw\images\Describable Textures Dataset\images\crosshatched\crosshatched_0164.jpg,0.19761660541871706,4,False
C:\Users\Hamada.MSI\Desktop\Hamada\lab\data\raw\images\Describable Textures Dataset\images\lacelike\lacelike_0115.jpg,0.19784987118107838,4,False
C:\Users\Hamada.MSI\Desktop\Hamada\lab\data\raw\images\Describable Textures Dataset\images\waffled\waffled_0165.jpg,0.19786005959310496,4,False
C:\Users\Hamada.MSI\Desktop\Hamada\lab\data\raw\images\Describable Textures Dataset\images\veined\veined_0161.jpg,0.1979156531301206,4,False
C:\Users\Hamada.MSI\Desktop\Hamada\lab\data\raw\images\Describable Textures Dataset\images\zigzagged\zigzagged_0122.jpg,0.19800556521144663,4,False
C:\Users\Hamada.MSI\Desktop\Hamada\lab\data\raw\images\Describable Textures Dataset\images\bubbly\bubbly_0097.jpg,0.19802376937826086,4,False
C:\Users\Hamada.MSI\Desktop\Hamada\lab\data\raw\images\Describable Textures Dataset\images\perforated\perforated_0163.jpg,0.1980451669863892,4,False
C:\Users\Hamada.MSI\Desktop\Hamada\lab\data\raw\images\Describable Textures Dataset\images\stratified\stratified_0100.jpg,0.19807783266768508,4,False
C:\Users\Hamada.MSI\Desktop\Hamada\lab\data\raw\images\Describable Textures Dataset\images\woven\woven_0063.jpg,0.19809135023303975,4,False
C:\Users\Hamada.MSI\Desktop\Hamada\lab\data\raw\images\Describable Textures Dataset\images\potholed\potholed_0171.jpg,0.1981128787370139,4,False
C:\Users\Hamada.MSI\Desktop\Hamada\lab\data\raw\images\Describable Textures Dataset\images\striped\striped_0100.jpg,0.19814400719450212,4,False
C:\Users\Hamada.MSI\Desktop\Hamada\lab\data\raw\images\Describable Textures Dataset\images\polka-dotted\polka-dotted_0184.jpg,0.1981735465091681,4,False
C:\Users\Hamada.MSI\Desktop\Hamada\lab\data\raw\images\Describable Textures Dataset\images\polka-dotted\polka-dotted_0159.jpg,0.19818441369364279,4,False
C:\Users\Hamada.MSI\Desktop\Hamada\lab\data\raw\images\Describable Textures Dataset\images\polka-dotted\polka-dotted_0147.jpg,0.19818508977241564,4,False
C:\Users\Hamada.MSI\Desktop\Hamada\lab\data\raw\images\Describable Textures Dataset\images\flecked\flecked_0101.jpg,0.1982155123705416,4,False
C:\Users\Hamada.MSI\Desktop\Hamada\lab\data\raw\images\Describable Textures Dataset\images\crosshatched\crosshatched_0100.jpg,0.19830875073014056,4,False
C:\Users\Hamada.MSI\Desktop\Hamada\lab\data\raw\images\Describable Textures Dataset\images\bumpy\bumpy_0129.jpg,0.19835517893685517,4,False
C:\Users\Hamada.MSI\Desktop\Hamada\lab\data\raw\images\Describable Textures Dataset\images\spiralled\spiralled_0121.jpg,0.19844720414462644,4,False
C:\Users\Hamada.MSI\Desktop\Hamada\lab\data\raw\images\Describable Textures Dataset\images\frilly\frilly_0022.jpg,0.19848850314300182,4,False
C:\Users\Hamada.MSI\Desktop\Hamada\lab\data\raw\images\Describable Textures Dataset\images\potholed\potholed_0002.jpg,0.1985091185828597,4,False
C:\Users\Hamada.MSI\Desktop\Hamada\lab\data\raw\images\Describable Textures Dataset\images\cracked\cracked_0052.jpg,0.19851870466255256,4,False
C:\Users\Hamada.MSI\Desktop\Hamada\lab\data\raw\images\Describable Textures Dataset\images\knitted\knitted_0139.jpg,0.1985925293586305,4,False
C:\Users\Hamada.MSI\Desktop\Hamada\lab\data\raw\images\Describable Textures Dataset\images\paisley\paisley_0128.jpg,0.19879120982873122,4,False
C:\Users\Hamada.MSI\Desktop\Hamada\lab\data\raw\images\Describable Textures Dataset\images\lined\lined_0172.jpg,0.1989867956697435,4,False
C:\Users\Hamada.MSI\Desktop\Hamada\lab\data\raw\images\Describable Textures Dataset\images\sprinkled\sprinkled_0085.jpg,0.19912014748559873,4,False
C:\Users\Hamada.MSI\Desktop\Hamada\lab\data\raw\images\Describable Textures Dataset\images\veined\veined_0138.jpg,0.1991706651886574,4,False
C:\Users\Hamada.MSI\Desktop\Hamada\lab\data\raw\images\Describable Textures Dataset\images\freckled\freckled_0090.jpg,0.19934072501493158,4,False
C:\Users\Hamada.MSI\Desktop\Hamada\lab\data\raw\images\Describable Textures Dataset\images\bubbly\bubbly_0102.jpg,0.19956010817929606,4,False
C:\Users\Hamada.MSI\Desktop\Hamada\lab\data\raw\images\Describable Textures Dataset\images\gauzy\gauzy_0151.jpg,0.19960210626443142,4,False
C:\Users\Hamada.MSI\Desktop\Hamada\lab\data\raw\images\Describable Textures Dataset\images\banded\banded_0109.jpg,0.1997082494611077,4,False
C:\Users\Hamada.MSI\Desktop\Hamada\lab\data\raw\images\Describable Textures Dataset\images\grid\grid_0015.jpg,0.19971360564387947,4,False
C:\Users\Hamada.MSI\Desktop\Hamada\lab\data\raw\images\Describable Textures Dataset\images\matted\matted_0101.jpg,0.19972011120435917,4,False
C:\Users\Hamada.MSI\Desktop\Hamada\lab\data\raw\images\Describable Textures Dataset\images\fibrous\fibrous_0209.jpg,0.19974569681266005,4,False
C:\Users\Hamada.MSI\Desktop\Hamada\lab\data\raw\images\Describable Textures Dataset\images\porous\porous_0117.jpg,0.19981270400629988,4,False
C:\Users\Hamada.MSI\Desktop\Hamada\lab\data\raw\images\Describable Textures Dataset\images\interlaced\interlaced_0137.jpg,0.199830491761551,4,False
C:\Users\Hamada.MSI\Desktop\Hamada\lab\data\raw\images\Describable Textures Dataset\images\frilly\frilly_0014.jpg,0.19984130565612937,4,False
C:\Users\Hamada.MSI\Desktop\Hamada\lab\data\raw\images\Describable Textures Dataset\images\grid\grid_0116.jpg,0.1998453699224081,4,False
C:\Users\Hamada.MSI\Desktop\Hamada\lab\data\raw\images\Describable Textures Dataset\images\lacelike\lacelike_0082.jpg,0.1998502904738234,4,False
C:\Users\Hamada.MSI\Desktop\Hamada\lab\data\raw\images\Describable Textures Dataset\images\dotted\dotted_0156.jpg,0.2000287548186598,4,False
C:\Users\Hamada.MSI\Desktop\Hamada\lab\data\raw\images\Describable Textures Dataset\images\dotted\dotted_0188.jpg,0.2000287548186598,4,False
C:\Users\Hamada.MSI\Desktop\Hamada\lab\data\raw\images\Describable Textures Dataset\images\bubbly\bubbly_0156.jpg,0.20006617729740178,4,False
C:\Users\Hamada.MSI\Desktop\Hamada\lab\data\raw\images\Describable Textures Dataset\images\stained\stained_0041.jpg,0.20011223485858415,4,False
C:\Users\Hamada.MSI\Desktop\Hamada\lab\data\raw\images\Describable Textures Dataset\images\woven\woven_0084.jpg,0.20019754964743638,4,False
C:\Users\Hamada.MSI\Desktop\Hamada\lab\data\raw\images\Describable Textures Dataset\images\scaly\scaly_0205.jpg,0.2002510624575115,4,False
C:\Users\Hamada.MSI\Desktop\Hamada\lab\data\raw\images\Describable Textures Dataset\images\crystalline\crystalline_0120.jpg,0.20033667679006775,4,False
C:\Users\Hamada.MSI\Desktop\Hamada\lab\data\raw\images\Describable Textures Dataset\images\marbled\marbled_0137.jpg,0.2004425480788325,4,False
C:\Users\Hamada.MSI\Desktop\Hamada\lab\data\raw\images\Describable Textures Dataset\images\striped\striped_0104.jpg,0.20044430895956813,4,False
C:\Users\Hamada.MSI\Desktop\Hamada\lab\data\raw\images\Describable Textures Dataset\images\blotchy\blotchy_0097.jpg,0.2004554428641894,4,False
C:\Users\Hamada.MSI\Desktop\Hamada\lab\data\raw\images\Describable Textures Dataset\images\spiralled\spiralled_0054.jpg,0.2004778768056699,4,False
C:\Users\Hamada.MSI\Desktop\Hamada\lab\data\raw\images\Describable Textures Dataset\images\woven\woven_0110.jpg,0.20055200336831533,4,False
C:\Users\Hamada.MSI\Desktop\Hamada\lab\data\raw\images\Describable Textures Dataset\images\potholed\potholed_0130.jpg,0.20066717978137583,4,False
C:\Users\Hamada.MSI\Desktop\Hamada\lab\data\raw\images\Describable Textures Dataset\images\blotchy\blotchy_0120.jpg,0.20070048165441493,4,False
C:\Users\Hamada.MSI\Desktop\Hamada\lab\data\raw\images\McGill Calibrated Color Image Database\Textures\Textures\merry_mtl07_034.tif,0.20070750366611687,4,False
C:\Users\Hamada.MSI\Desktop\Hamada\lab\data\raw\images\Describable Textures Dataset\images\sprinkled\sprinkled_0041.jpg,0.20072338348899235,4,False
C:\Users\Hamada.MSI\Desktop\Hamada\lab\data\raw\images\Describable Textures Dataset\images\pleated\pleated_0131.jpg,0.20075247327007653,4,False
C:\Users\Hamada.MSI\Desktop\Hamada\lab\data\raw\images\Describable Textures Dataset\images\bumpy\bumpy_0092.jpg,0.200762863888784,4,False
C:\Users\Hamada.MSI\Desktop\Hamada\lab\data\raw\images\Describable Textures Dataset\images\porous\porous_0169.jpg,0.2009007734329803,4,False
C:\Users\Hamada.MSI\Desktop\Hamada\lab\data\raw\images\Describable Textures Dataset\images\veined\veined_0151.jpg,0.2010057719087547,4,False
C:\Users\Hamada.MSI\Desktop\Hamada\lab\data\raw\images\Describable Textures Dataset\images\studded\studded_0017.jpg,0.20121831184053351,4,False
C:\Users\Hamada.MSI\Desktop\Hamada\lab\data\raw\images\Describable Textures Dataset\images\waffled\waffled_0029.jpg,0.2012371799343544,4,False
C:\Users\Hamada.MSI\Desktop\Hamada\lab\data\raw\images\Describable Textures Dataset\images\cracked\cracked_0138.jpg,0.20126989763825756,4,False
C:\Users\Hamada.MSI\Desktop\Hamada\lab\data\raw\images\Describable Textures Dataset\images\freckled\freckled_0077.jpg,0.2012793584150328,4,False
C:\Users\Hamada.MSI\Desktop\Hamada\lab\data\raw\images\Describable Textures Dataset\images\cobwebbed\cobwebbed_0090.jpg,0.20136465461977093,4,False
C:\Users\Hamada.MSI\Desktop\Hamada\lab\data\raw\images\Describable Textures Dataset\images\woven\woven_0043.jpg,0.2014138068066178,4,False
C:\Users\Hamada.MSI\Desktop\Hamada\lab\data\raw\images\Describable Textures Dataset\images\frilly\frilly_0049.jpg,0.2014500754029798,4,False
C:\Users\Hamada.MSI\Desktop\Hamada\lab\data\raw\images\Describable Textures Dataset\images\cobwebbed\cobwebbed_0154.jpg,0.20152271976994446,4,False
C:\Users\Hamada.MSI\Desktop\Hamada\lab\data\raw\images\Describable Textures Dataset\images\honeycombed\honeycombed_0143.jpg,0.20158252879328487,4,False
C:\Users\Hamada.MSI\Desktop\Hamada\lab\data\raw\images\McGill Calibrated Color Image Database\Textures\Textures\pippin_ParcSafari050.tif,0.20165228711810632,4,False
C:\Users\Hamada.MSI\Desktop\Hamada\lab\data\raw\images\Describable Textures Dataset\images\fibrous\fibrous_0125.jpg,0.20177718683111914,4,False
C:\Users\Hamada.MSI\Desktop\Hamada\lab\data\raw\images\Describable Textures Dataset\images\lacelike\lacelike_0080.jpg,0.2018068643344603,4,False
C:\Users\Hamada.MSI\Desktop\Hamada\lab\data\raw\images\Describable Textures Dataset\images\meshed\meshed_0162.jpg,0.20184233344084607,4,False
C:\Users\Hamada.MSI\Desktop\Hamada\lab\data\raw\images\Describable Textures Dataset\images\wrinkled\wrinkled_0045.jpg,0.20184674190633983,4,False
C:\Users\Hamada.MSI\Desktop\Hamada\lab\data\raw\images\Describable Textures Dataset\images\crystalline\crystalline_0209.jpg,0.20187232729018983,4,False
C:\Users\Hamada.MSI\Desktop\Hamada\lab\data\raw\images\Describable Textures Dataset\images\bubbly\bubbly_0092.jpg,0.20188272762304446,4,False
C:\Users\Hamada.MSI\Desktop\Hamada\lab\data\raw\images\Describable Textures Dataset\images\cobwebbed\cobwebbed_0061.jpg,0.20196126657431496,4,False
C:\Users\Hamada.MSI\Desktop\Hamada\lab\data\raw\images\Describable Textures Dataset\images\paisley\paisley_0125.jpg,0.20205888643297618,4,False
C:\Users\Hamada.MSI\Desktop\Hamada\lab\data\raw\images\Describable Textures Dataset\images\potholed\potholed_0157.jpg,0.20223762428817757,4,False
C:\Users\Hamada.MSI\Desktop\Hamada\lab\data\raw\images\Describable Textures Dataset\images\zigzagged\zigzagged_0104.jpg,0.20225530796765329,4,False
C:\Users\Hamada.MSI\Desktop\Hamada\lab\data\raw\images\McGill Calibrated Color Image Database\Textures\Textures\pippin0275.tif,0.20233568732532461,4,False
C:\Users\Hamada.MSI\Desktop\Hamada\lab\data\raw\images\Describable Textures Dataset\images\crosshatched\crosshatched_0158.jpg,0.202367713847345,4,False
C:\Users\Hamada.MSI\Desktop\Hamada\lab\data\raw\images\Describable Textures Dataset\images\striped\striped_0099.jpg,0.20237110758543397,4,False
C:\Users\Hamada.MSI\Desktop\Hamada\lab\data\raw\images\Describable Textures Dataset\images\studded\studded_0152.jpg,0.2023831100538244,4,False
C:\Users\Hamada.MSI\Desktop\Hamada\lab\data\raw\images\Describable Textures Dataset\images\crosshatched\crosshatched_0151.jpg,0.20239367366606434,4,False
C:\Users\Hamada.MSI\Desktop\Hamada\lab\data\raw\images\Describable Textures Dataset\images\striped\striped_0021.jpg,0.20242637969622204,4,False
C:\Users\Hamada.MSI\Desktop\Hamada\lab\data\raw\images\McGill Calibrated Color Image Database\Textures\Textures\merry_mtl07_021.tif,0.2024742946062624,4,False
C:\Users\Hamada.MSI\Desktop\Hamada\lab\data\raw\images\Describable Textures Dataset\images\spiralled\spiralled_0080.jpg,0.2026227898864835,4,False
C:\Users\Hamada.MSI\Desktop\Hamada\lab\data\raw\images\Describable Textures Dataset\images\matted\matted_0092.jpg,0.20262873184905356,4,False
C:\Users\Hamada.MSI\Desktop\Hamada\lab\data\raw\images\Describable Textures Dataset\images\bubbly\bubbly_0105.jpg,0.20279372635754128,4,False
C:\Users\Hamada.MSI\Desktop\Hamada\lab\data\raw\images\Describable Textures Dataset\images\spiralled\spiralled_0127.jpg,0.20284879747923637,4,False
C:\Users\Hamada.MSI\Desktop\Hamada\lab\data\raw\images\Describable Textures Dataset\images\marbled\marbled_0104.jpg,0.20285537569362933,4,False
C:\Users\Hamada.MSI\Desktop\Hamada\lab\data\raw\images\Describable Textures Dataset\images\sprinkled\sprinkled_0065.jpg,0.20289823029856782,4,False
C:\Users\Hamada.MSI\Desktop\Hamada\lab\data\raw\images\Describable Textures Dataset\images\spiralled\spiralled_0110.jpg,0.20291361526827822,4,False
C:\Users\Hamada.MSI\Desktop\Hamada\lab\data\raw\images\Describable Textures Dataset\images\zigzagged\zigzagged_0061.jpg,0.20293579633280692,4,False
C:\Users\Hamada.MSI\Desktop\Hamada\lab\data\raw\images\Describable Textures Dataset\images\crystalline\crystalline_0124.jpg,0.20304544038181638,4,False
C:\Users\Hamada.MSI\Desktop\Hamada\lab\data\raw\images\Describable Textures Dataset\images\banded\banded_0142.jpg,0.2031267812250982,4,False
C:\Users\Hamada.MSI\Desktop\Hamada\lab\data\raw\images\Describable Textures Dataset\images\pitted\pitted_0073.jpg,0.20313966165837843,4,False
C:\Users\Hamada.MSI\Desktop\Hamada\lab\data\raw\images\Describable Textures Dataset\images\striped\striped_0036.jpg,0.20314480011228653,4,False
C:\Users\Hamada.MSI\Desktop\Hamada\lab\data\raw\images\Describable Textures Dataset\images\potholed\potholed_0074.jpg,0.20319907936093198,4,False
C:\Users\Hamada.MSI\Desktop\Hamada\lab\data\raw\images\Describable Textures Dataset\images\cobwebbed\cobwebbed_0066.jpg,0.20322706074408947,4,False
C:\Users\Hamada.MSI\Desktop\Hamada\lab\data\raw\images\Describable Textures Dataset\images\bubbly\bubbly_0154.jpg,0.2032929252445449,4,False
C:\Users\Hamada.MSI\Desktop\Hamada\lab\data\raw\images\Describable Textures Dataset\images\scaly\scaly_0175.jpg,0.20341496262970446,4,False
C:\Users\Hamada.MSI\Desktop\Hamada\lab\data\raw\images\Describable Textures Dataset\images\honeycombed\honeycombed_0101.jpg,0.20359776959501205,4,False
C:\Users\Hamada.MSI\Desktop\Hamada\lab\data\raw\images\Describable Textures Dataset\images\meshed\meshed_0183.jpg,0.2036050593126044,4,False
C:\Users\Hamada.MSI\Desktop\Hamada\lab\data\raw\images\Describable Textures Dataset\images\scaly\scaly_0127.jpg,0.2036715777870673,4,False
C:\Users\Hamada.MSI\Desktop\Hamada\lab\data\raw\images\Describable Textures Dataset\images\crosshatched\crosshatched_0081.jpg,0.203681567848425,4,False
C:\Users\Hamada.MSI\Desktop\Hamada\lab\data\raw\images\Describable Textures Dataset\images\spiralled\spiralled_0072.jpg,0.20376333816887476,4,False
C:\Users\Hamada.MSI\Desktop\Hamada\lab\data\raw\images\Describable Textures Dataset\images\freckled\freckled_0131.jpg,0.20385030071710508,4,False
C:\Users\Hamada.MSI\Desktop\Hamada\lab\data\raw\images\Describable Textures Dataset\images\potholed\potholed_0076.jpg,0.20386646976433173,4,False
C:\Users\Hamada.MSI\Desktop\Hamada\lab\data\raw\images\Describable Textures Dataset\images\marbled\marbled_0120.jpg,0.20388386661392663,4,False
C:\Users\Hamada.MSI\Desktop\Hamada\lab\data\raw\images\Describable Textures Dataset\images\bubbly\bubbly_0115.jpg,0.20390450340638777,4,False
C:\Users\Hamada.MSI\Desktop\Hamada\lab\data\raw\images\Describable Textures Dataset\images\potholed\potholed_0167.jpg,0.20398694307803658,4,False
C:\Users\Hamada.MSI\Desktop\Hamada\lab\data\raw\images\Describable Textures Dataset\images\grooved\grooved_0169.jpg,0.20400853489336726,4,False
C:\Users\Hamada.MSI\Desktop\Hamada\lab\data\raw\images\Describable Textures Dataset\images\blotchy\blotchy_0022.jpg,0.2040526138777049,4,False
C:\Users\Hamada.MSI\Desktop\Hamada\lab\data\raw\images\Describable Textures Dataset\images\spiralled\spiralled_0109.jpg,0.20405499885741313,4,False
C:\Users\Hamada.MSI\Desktop\Hamada\lab\data\raw\images\Describable Textures Dataset\images\cobwebbed\cobwebbed_0129.jpg,0.20425366449442756,4,False
C:\Users\Hamada.MSI\Desktop\Hamada\lab\data\raw\images\McGill Calibrated Color Image Database\Textures\Textures\pippin_Peel097.tif,0.2043216432626363,4,False
C:\Users\Hamada.MSI\Desktop\Hamada\lab\data\raw\images\Describable Textures Dataset\images\banded\banded_0113.jpg,0.20432872486661435,4,False
C:\Users\Hamada.MSI\Desktop\Hamada\lab\data\raw\images\McGill Calibrated Color Image Database\Textures\Textures\merry_mexico0140.tif,0.2043486029016551,4,False
C:\Users\Hamada.MSI\Desktop\Hamada\lab\data\raw\images\Describable Textures Dataset\images\fibrous\fibrous_0121.jpg,0.2043694280473082,4,False
C:\Users\Hamada.MSI\Desktop\Hamada\lab\data\raw\images\Describable Textures Dataset\images\polka-dotted\polka-dotted_0133.jpg,0.20437252628510869,4,False
C:\Users\Hamada.MSI\Desktop\Hamada\lab\data\raw\images\Describable Textures Dataset\images\chequered\chequered_0197.jpg,0.20437864196238095,4,False
C:\Users\Hamada.MSI\Desktop\Hamada\lab\data\raw\images\Describable Textures Dataset\images\crosshatched\crosshatched_0033.jpg,0.204475330785415,4,False
C:\Users\Hamada.MSI\Desktop\Hamada\lab\data\raw\images\Describable Textures Dataset\images\veined\veined_0092.jpg,0.20450162388520135,4,False
C:\Users\Hamada.MSI\Desktop\Hamada\lab\data\raw\images\Describable Textures Dataset\images\interlaced\interlaced_0158.jpg,0.20461262734873414,4,False
C:\Users\Hamada.MSI\Desktop\Hamada\lab\data\raw\images\Describable Textures Dataset\images\swirly\swirly_0079.jpg,0.20463925193554128,4,False
C:\Users\Hamada.MSI\Desktop\Hamada\lab\data\raw\images\Describable Textures Dataset\images\bumpy\bumpy_0170.jpg,0.20469778017707935,4,False
C:\Users\Hamada.MSI\Desktop\Hamada\lab\data\raw\images\Describable Textures Dataset\images\spiralled\spiralled_0016.jpg,0.2048353317858467,4,False
C:\Users\Hamada.MSI\Desktop\Hamada\lab\data\raw\images\Describable Textures Dataset\images\potholed\potholed_0109.jpg,0.20491203970175734,4,False
C:\Users\Hamada.MSI\Desktop\Hamada\lab\data\raw\images\Describable Textures Dataset\images\swirly\swirly_0056.jpg,0.20497503451872637,4,False
C:\Users\Hamada.MSI\Desktop\Hamada\lab\data\raw\images\Describable Textures Dataset\images\cobwebbed\cobwebbed_0057.jpg,0.2050619173981012,4,False
C:\Users\Hamada.MSI\Desktop\Hamada\lab\data\raw\images\Describable Textures Dataset\images\grid\grid_0118.jpg,0.2052094485861673,4,False
C:\Users\Hamada.MSI\Desktop\Hamada\lab\data\raw\images\Describable Textures Dataset\images\woven\woven_0024.jpg,0.20529191091773305,4,False
C:\Users\Hamada.MSI\Desktop\Hamada\lab\data\raw\images\Describable Textures Dataset\images\crosshatched\crosshatched_0125.jpg,0.20530677745741316,4,False
C:\Users\Hamada.MSI\Desktop\Hamada\lab\data\raw\images\Describable Textures Dataset\images\grooved\grooved_0104.jpg,0.2054412711942717,4,False
C:\Users\Hamada.MSI\Desktop\Hamada\lab\data\raw\images\Describable Textures Dataset\images\waffled\waffled_0061.jpg,0.2054763182499712,4,False
C:\Users\Hamada.MSI\Desktop\Hamada\lab\data\raw\images\Describable Textures Dataset\images\braided\braided_0176.jpg,0.20550237919297004,4,False
C:\Users\Hamada.MSI\Desktop\Hamada\lab\data\raw\images\Describable Textures Dataset\images\porous\porous_0161.jpg,0.20553125629622018,4,False
C:\Users\Hamada.MSI\Desktop\Hamada\lab\data\raw\images\Describable Textures Dataset\images\veined\veined_0177.jpg,0.20556509048586247,4,False
C:\Users\Hamada.MSI\Desktop\Hamada\lab\data\raw\images\Describable Textures Dataset\images\flecked\flecked_0099.jpg,0.20559635677582574,4,False
C:\Users\Hamada.MSI\Desktop\Hamada\lab\data\raw\images\Describable Textures Dataset\images\fibrous\fibrous_0215.jpg,0.20572302738061585,4,False
C:\Users\Hamada.MSI\Desktop\Hamada\lab\data\raw\images\Describable Textures Dataset\images\paisley\paisley_0027.jpg,0.20572918811836685,4,False
C:\Users\Hamada.MSI\Desktop\Hamada\lab\data\raw\images\Describable Textures Dataset\images\stained\stained_0131.jpg,0.20578526489567292,4,False
C:\Users\Hamada.MSI\Desktop\Hamada\lab\data\raw\images\Describable Textures Dataset\images\pleated\pleated_0156.jpg,0.20579121007642315,4,False
C:\Users\Hamada.MSI\Desktop\Hamada\lab\data\raw\images\Describable Textures Dataset\images\grid\grid_0046.jpg,0.20591419039334283,4,False
C:\Users\Hamada.MSI\Desktop\Hamada\lab\data\raw\images\Describable Textures Dataset\images\stained\stained_0087.jpg,0.2060790842125879,4,False
C:\Users\Hamada.MSI\Desktop\Hamada\lab\data\raw\images\Describable Textures Dataset\images\knitted\knitted_0120.jpg,0.20619573616517914,4,False
C:\Users\Hamada.MSI\Desktop\Hamada\lab\data\raw\images\Describable Textures Dataset\images\lacelike\lacelike_0096.jpg,0.20621384182534735,4,False
C:\Users\Hamada.MSI\Desktop\Hamada\lab\data\raw\images\Describable Textures Dataset\images\veined\veined_0101.jpg,0.20628679598612956,4,False
C:\Users\Hamada.MSI\Desktop\Hamada\lab\data\raw\images\Describable Textures Dataset\images\crosshatched\crosshatched_0080.jpg,0.2064534874371122,4,False
C:\Users\Hamada.MSI\Desktop\Hamada\lab\data\raw\images\Describable Textures Dataset\images\swirly\swirly_0178.jpg,0.2064669725433474,4,False
C:\Users\Hamada.MSI\Desktop\Hamada\lab\data\raw\images\Describable Textures Dataset\images\striped\striped_0028.jpg,0.20650874817965909,4,False
C:\Users\Hamada.MSI\Desktop\Hamada\lab\data\raw\images\Describable Textures Dataset\images\veined\veined_0149.jpg,0.2065753429872492,4,False
C:\Users\Hamada.MSI\Desktop\Hamada\lab\data\raw\images\Describable Textures Dataset\images\flecked\flecked_0118.jpg,0.20659248651966838,4,False
C:\Users\Hamada.MSI\Desktop\Hamada\lab\data\raw\images\Describable Textures Dataset\images\sprinkled\sprinkled_0115.jpg,0.20661774876610686,4,False
C:\Users\Hamada.MSI\Desktop\Hamada\lab\data\raw\images\Describable Textures Dataset\images\marbled\marbled_0175.jpg,0.20662671003766359,4,False
C:\Users\Hamada.MSI\Desktop\Hamada\lab\data\raw\images\Describable Textures Dataset\images\blotchy\blotchy_0057.jpg,0.20678923697853763,4,False
C:\Users\Hamada.MSI\Desktop\Hamada\lab\data\raw\images\Describable Textures Dataset\images\striped\striped_0110.jpg,0.2068036772827974,4,False
C:\Users\Hamada.MSI\Desktop\Hamada\lab\data\raw\images\McGill Calibrated Color Image Database\Textures\Textures\merry_mtl07_041.tif,0.2068088493751377,4,False
C:\Users\Hamada.MSI\Desktop\Hamada\lab\data\raw\images\Describable Textures Dataset\images\zigzagged\zigzagged_0040.jpg,0.2070125103277139,4,False
C:\Users\Hamada.MSI\Desktop\Hamada\lab\data\raw\images\Describable Textures Dataset\images\honeycombed\honeycombed_0131.jpg,0.20707645987026638,4,False
C:\Users\Hamada.MSI\Desktop\Hamada\lab\data\raw\images\Describable Textures Dataset\images\smeared\smeared_0119.jpg,0.20726068979589207,4,False
C:\Users\Hamada.MSI\Desktop\Hamada\lab\data\raw\images\Describable Textures Dataset\images\pitted\pitted_0155.jpg,0.20728009825622748,4,False
C:\Users\Hamada.MSI\Desktop\Hamada\lab\data\raw\images\Describable Textures Dataset\images\stratified\stratified_0088.jpg,0.20730207655945057,4,False
C:\Users\Hamada.MSI\Desktop\Hamada\lab\data\raw\images\Describable Textures Dataset\images\knitted\knitted_0144.jpg,0.2073029201483789,4,False
C:\Users\Hamada.MSI\Desktop\Hamada\lab\data\raw\images\Describable Textures Dataset\images\fibrous\fibrous_0163.jpg,0.2074243514681044,4,False
C:\Users\Hamada.MSI\Desktop\Hamada\lab\data\raw\images\Describable Textures Dataset\images\woven\woven_0047.jpg,0.20748857807094004,4,False
C:\Users\Hamada.MSI\Desktop\Hamada\lab\data\raw\images\Describable Textures Dataset\images\pitted\pitted_0008.jpg,0.20749479268241772,4,False
C:\Users\Hamada.MSI\Desktop\Hamada\lab\data\raw\images\Describable Textures Dataset\images\frilly\frilly_0018.jpg,0.20756520030441755,4,False
C:\Users\Hamada.MSI\Desktop\Hamada\lab\data\raw\images\Describable Textures Dataset\images\pitted\pitted_0129.jpg,0.20773233016635304,4,False
C:\Users\Hamada.MSI\Desktop\Hamada\lab\data\raw\images\Describable Textures Dataset\images\marbled\marbled_0182.jpg,0.20774337282397015,4,False
C:\Users\Hamada.MSI\Desktop\Hamada\lab\data\raw\images\Describable Textures Dataset\images\meshed\meshed_0076.jpg,0.20787245463332496,4,False
C:\Users\Hamada.MSI\Desktop\Hamada\lab\data\raw\images\Describable Textures Dataset\images\stratified\stratified_0047.jpg,0.20787432872860157,4,False
C:\Users\Hamada.MSI\Desktop\Hamada\lab\data\raw\images\Describable Textures Dataset\images\knitted\knitted_0113.jpg,0.20796451552834133,4,False
C:\Users\Hamada.MSI\Desktop\Hamada\lab\data\raw\images\Describable Textures Dataset\images\veined\veined_0157.jpg,0.20807612294206676,4,False
C:\Users\Hamada.MSI\Desktop\Hamada\lab\data\raw\images\Describable Textures Dataset\images\knitted\knitted_0072.jpg,0.20808076026600428,4,False
C:\Users\Hamada.MSI\Desktop\Hamada\lab\data\raw\images\Describable Textures Dataset\images\pleated\pleated_0140.jpg,0.20813814905644956,4,False
C:\Users\Hamada.MSI\Desktop\Hamada\lab\data\raw\images\McGill Calibrated Color Image Database\Textures\Textures\pippin_park0051.tif,0.20818177438448712,4,False
C:\Users\Hamada.MSI\Desktop\Hamada\lab\data\raw\images\Describable Textures Dataset\images\polka-dotted\polka-dotted_0115.jpg,0.20818761478419387,4,False
C:\Users\Hamada.MSI\Desktop\Hamada\lab\data\raw\images\Describable Textures Dataset\images\stratified\stratified_0143.jpg,0.20822782214364424,4,False
C:\Users\Hamada.MSI\Desktop\Hamada\lab\data\raw\images\Describable Textures Dataset\images\freckled\freckled_0085.jpg,0.2082390685306617,4,False
C:\Users\Hamada.MSI\Desktop\Hamada\lab\data\raw\images\Describable Textures Dataset\images\bumpy\bumpy_0106.jpg,0.20830618477940419,4,False
C:\Users\Hamada.MSI\Desktop\Hamada\lab\data\raw\images\Describable Textures Dataset\images\smeared\smeared_0142.jpg,0.20839713035612986,4,False
C:\Users\Hamada.MSI\Desktop\Hamada\lab\data\raw\images\Describable Textures Dataset\images\spiralled\spiralled_0075.jpg,0.20844623096867573,4,False
C:\Users\Hamada.MSI\Desktop\Hamada\lab\data\raw\images\Describable Textures Dataset\images\meshed\meshed_0025.jpg,0.20861236628326585,4,False
C:\Users\Hamada.MSI\Desktop\Hamada\lab\data\raw\images\Describable Textures Dataset\images\grooved\grooved_0115.jpg,0.20862038708663935,4,False
C:\Users\Hamada.MSI\Desktop\Hamada\lab\data\raw\images\Describable Textures Dataset\images\bubbly\bubbly_0165.jpg,0.20863734613256593,4,False
C:\Users\Hamada.MSI\Desktop\Hamada\lab\data\raw\images\Describable Textures Dataset\images\bumpy\bumpy_0178.jpg,0.2086763609455205,4,False
C:\Users\Hamada.MSI\Desktop\Hamada\lab\data\raw\images\McGill Calibrated Color Image Database\Textures\Textures\pippin_RVHtexture025.tif,0.20874434294212313,4,False
C:\Users\Hamada.MSI\Desktop\Hamada\lab\data\raw\images\Describable Textures Dataset\images\braided\braided_0133.jpg,0.20878114985505736,4,False
C:\Users\Hamada.MSI\Desktop\Hamada\lab\data\raw\images\Describable Textures Dataset\images\cracked\cracked_0063.jpg,0.2088341488101376,4,False
C:\Users\Hamada.MSI\Desktop\Hamada\lab\data\raw\images\Describable Textures Dataset\images\cracked\cracked_0146.jpg,0.20889737863238844,4,False
C:\Users\Hamada.MSI\Desktop\Hamada\lab\data\raw\images\Describable Textures Dataset\images\bubbly\bubbly_0111.jpg,0.20893011022367303,4,False
C:\Users\Hamada.MSI\Desktop\Hamada\lab\data\raw\images\Describable Textures Dataset\images\bumpy\bumpy_0190.jpg,0.2089874893343223,4,False
C:\Users\Hamada.MSI\Desktop\Hamada\lab\data\raw\images\Describable Textures Dataset\images\swirly\swirly_0124.jpg,0.2091014587744522,4,False
C:\Users\Hamada.MSI\Desktop\Hamada\lab\data\raw\images\Describable Textures Dataset\images\pitted\pitted_0128.jpg,0.20919398037699974,4,False
C:\Users\Hamada.MSI\Desktop\Hamada\lab\data\raw\images\Describable Textures Dataset\images\smeared\smeared_0126.jpg,0.20923189625517968,4,False
C:\Users\Hamada.MSI\Desktop\Hamada\lab\data\raw\images\Describable Textures Dataset\images\waffled\waffled_0123.jpg,0.20924015707875537,4,False
C:\Users\Hamada.MSI\Desktop\Hamada\lab\data\raw\images\Describable Textures Dataset\images\wrinkled\wrinkled_0042.jpg,0.20926309370834606,4,False
C:\Users\Hamada.MSI\Desktop\Hamada\lab\data\raw\images\Describable Textures Dataset\images\interlaced\interlaced_0132.jpg,0.20927461346989373,4,False
C:\Users\Hamada.MSI\Desktop\Hamada\lab\data\raw\images\Describable Textures Dataset\images\stratified\stratified_0079.jpg,0.20933563576163922,4,False
C:\Users\Hamada.MSI\Desktop\Hamada\lab\data\raw\images\Describable Textures Dataset\images\bumpy\bumpy_0177.jpg,0.20936887616864505,4,False
C:\Users\Hamada.MSI\Desktop\Hamada\lab\data\raw\images\Describable Textures Dataset\images\bubbly\bubbly_0129.jpg,0.209405270394036,4,False
C:\Users\Hamada.MSI\Desktop\Hamada\lab\data\raw\images\Describable Textures Dataset\images\braided\braided_0130.jpg,0.20941162830994642,4,False
C:\Users\Hamada.MSI\Desktop\Hamada\lab\data\raw\images\Describable Textures Dataset\images\blotchy\blotchy_0038.jpg,0.20944263583803682,4,False
C:\Users\Hamada.MSI\Desktop\Hamada\lab\data\raw\images\Describable Textures Dataset\images\spiralled\spiralled_0090.jpg,0.20950271933799608,4,False
C:\Users\Hamada.MSI\Desktop\Hamada\lab\data\raw\images\Describable Textures Dataset\images\dotted\dotted_0168.jpg,0.20951229863613177,4,False
C:\Users\Hamada.MSI\Desktop\Hamada\lab\data\raw\images\Describable Textures Dataset\images\cracked\cracked_0071.jpg,0.20952201067139378,4,False
C:\Users\Hamada.MSI\Desktop\Hamada\lab\data\raw\images\Describable Textures Dataset\images\cobwebbed\cobwebbed_0065.jpg,0.20953972450413408,4,False
C:\Users\Hamada.MSI\Desktop\Hamada\lab\data\raw\images\Describable Textures Dataset\images\crystalline\crystalline_0178.jpg,0.20963029680958417,4,False
C:\Users\Hamada.MSI\Desktop\Hamada\lab\data\raw\images\Describable Textures Dataset\images\stratified\stratified_0130.jpg,0.209639591003058,4,False
C:\Users\Hamada.MSI\Desktop\Hamada\lab\data\raw\images\Describable Textures Dataset\images\perforated\perforated_0143.jpg,0.20964159322348228,4,False
C:\Users\Hamada.MSI\Desktop\Hamada\lab\data\raw\images\Describable Textures Dataset\images\blotchy\blotchy_0018.jpg,0.20966784468113087,4,False
C:\Users\Hamada.MSI\Desktop\Hamada\lab\data\raw\images\Describable Textures Dataset\images\spiralled\spiralled_0041.jpg,0.20974272731814178,4,False
C:\Users\Hamada.MSI\Desktop\Hamada\lab\data\raw\images\Describable Textures Dataset\images\pitted\pitted_0038.jpg,0.2098328872117843,4,False
C:\Users\Hamada.MSI\Desktop\Hamada\lab\data\raw\images\Describable Textures Dataset\images\gauzy\gauzy_0177.jpg,0.20988075320797606,4,False
C:\Users\Hamada.MSI\Desktop\Hamada\lab\data\raw\images\Describable Textures Dataset\images\scaly\scaly_0222.jpg,0.20988533270863244,4,False
C:\Users\Hamada.MSI\Desktop\Hamada\lab\data\raw\images\Describable Textures Dataset\images\flecked\flecked_0122.jpg,0.20989277896111191,4,False
C:\Users\Hamada.MSI\Desktop\Hamada\lab\data\raw\images\Describable Textures Dataset\images\lined\lined_0036.jpg,0.20990794827200226,4,False
C:\Users\Hamada.MSI\Desktop\Hamada\lab\data\raw\images\Describable Textures Dataset\images\braided\braided_0077.jpg,0.20993945701342226,4,False
C:\Users\Hamada.MSI\Desktop\Hamada\lab\data\raw\images\Describable Textures Dataset\images\matted\matted_0025.jpg,0.21005229954030255,4,False
C:\Users\Hamada.MSI\Desktop\Hamada\lab\data\raw\images\McGill Calibrated Color Image Database\Textures\Textures\pippin_park0044.tif,0.2100563008655652,4,False
C:\Users\Hamada.MSI\Desktop\Hamada\lab\data\raw\images\McGill Calibrated Color Image Database\Textures\Textures\merry_flor0019.tif,0.21011348622476658,4,False
C:\Users\Hamada.MSI\Desktop\Hamada\lab\data\raw\images\Describable Textures Dataset\images\bubbly\bubbly_0131.jpg,0.21015803764130936,4,False
C:\Users\Hamada.MSI\Desktop\Hamada\lab\data\raw\images\Describable Textures Dataset\images\stratified\stratified_0063.jpg,0.21023643285757357,4,False
C:\Users\Hamada.MSI\Desktop\Hamada\lab\data\raw\images\Describable Textures Dataset\images\spiralled\spiralled_0012.jpg,0.21026281727430457,4,False
C:\Users\Hamada.MSI\Desktop\Hamada\lab\data\raw\images\Describable Textures Dataset\images\spiralled\spiralled_0058.jpg,0.21031593002728544,4,False
C:\Users\Hamada.MSI\Desktop\Hamada\lab\data\raw\images\Describable Textures Dataset\images\smeared\smeared_0070.jpg,0.21044800301886665,4,False
C:\Users\Hamada.MSI\Desktop\Hamada\lab\data\raw\images\Describable Textures Dataset\images\grid\grid_0109.jpg,0.21054277135060487,4,False
C:\Users\Hamada.MSI\Desktop\Hamada\lab\data\raw\images\Describable Textures Dataset\images\crosshatched\crosshatched_0162.jpg,0.21057700056326917,4,False
C:\Users\Hamada.MSI\Desktop\Hamada\lab\data\raw\images\Describable Textures Dataset\images\sprinkled\sprinkled_0128.jpg,0.21063450723208196,4,False
C:\Users\Hamada.MSI\Desktop\Hamada\lab\data\raw\images\Describable Textures Dataset\images\stratified\stratified_0137.jpg,0.21066939193336343,4,False
C:\Users\Hamada.MSI\Desktop\Hamada\lab\data\raw\images\Describable Textures Dataset\images\scaly\scaly_0187.jpg,0.21068291321770138,4,False
C:\Users\Hamada.MSI\Desktop\Hamada\lab\data\raw\images\Describable Textures Dataset\images\spiralled\spiralled_0131.jpg,0.21068659064682363,4,False
C:\Users\Hamada.MSI\Desktop\Hamada\lab\data\raw\images\Describable Textures Dataset\images\marbled\marbled_0181.jpg,0.21073343576458384,4,False
C:\Users\Hamada.MSI\Desktop\Hamada\lab\data\raw\images\Describable Textures Dataset\images\braided\braided_0151.jpg,0.21076256824461256,4,False
C:\Users\Hamada.MSI\Desktop\Hamada\lab\data\raw\images\Describable Textures Dataset\images\grid\grid_0081.jpg,0.2107893791248948,4,False
C:\Users\Hamada.MSI\Desktop\Hamada\lab\data\raw\images\Describable Textures Dataset\images\marbled\marbled_0081.jpg,0.21089275271058092,4,False
C:\Users\Hamada.MSI\Desktop\Hamada\lab\data\raw\images\Describable Textures Dataset\images\knitted\knitted_0162.jpg,0.21099695775795674,4,False
C:\Users\Hamada.MSI\Desktop\Hamada\lab\data\raw\images\Describable Textures Dataset\images\smeared\smeared_0143.jpg,0.21100409758029678,4,False
C:\Users\Hamada.MSI\Desktop\Hamada\lab\data\raw\images\Describable Textures Dataset\images\perforated\perforated_0112.jpg,0.21106357309274087,4,False
C:\Users\Hamada.MSI\Desktop\Hamada\lab\data\raw\images\Describable Textures Dataset\images\dotted\dotted_0152.jpg,0.2110880780381755,4,False
C:\Users\Hamada.MSI\Desktop\Hamada\lab\data\raw\images\Describable Textures Dataset\images\chequered\chequered_0064.jpg,0.21124290756937508,4,False
C:\Users\Hamada.MSI\Desktop\Hamada\lab\data\raw\images\Describable Textures Dataset\images\lacelike\lacelike_0010.jpg,0.21134280370437836,4,False
C:\Users\Hamada.MSI\Desktop\Hamada\lab\data\raw\images\Describable Textures Dataset\images\wrinkled\wrinkled_0145.jpg,0.21138824681497173,4,False
C:\Users\Hamada.MSI\Desktop\Hamada\lab\data\raw\images\Describable Textures Dataset\images\knitted\knitted_0198.jpg,0.2114128773113203,4,False
C:\Users\Hamada.MSI\Desktop\Hamada\lab\data\raw\images\Describable Textures Dataset\images\potholed\potholed_0125.jpg,0.21148099826864314,4,False
C:\Users\Hamada.MSI\Desktop\Hamada\lab\data\raw\images\Describable Textures Dataset\images\veined\veined_0135.jpg,0.21166497557976377,4,False
C:\Users\Hamada.MSI\Desktop\Hamada\lab\data\raw\images\Describable Textures Dataset\images\studded\studded_0215.jpg,0.2116819283302031,4,False
C:\Users\Hamada.MSI\Desktop\Hamada\lab\data\raw\images\Describable Textures Dataset\images\grid\grid_0128.jpg,0.21173056875541676,4,False
C:\Users\Hamada.MSI\Desktop\Hamada\lab\data\raw\images\McGill Calibrated Color Image Database\Textures\Textures\pippin_park0039.tif,0.2117926723527605,4,False
C:\Users\Hamada.MSI\Desktop\Hamada\lab\data\raw\images\Describable Textures Dataset\images\swirly\swirly_0111.jpg,0.21179732731729756,4,False
C:\Users\Hamada.MSI\Desktop\Hamada\lab\data\raw\images\Describable Textures Dataset\images\meshed\meshed_0148.jpg,0.21181226827412852,4,False
C:\Users\Hamada.MSI\Desktop\Hamada\lab\data\raw\images\Describable Textures Dataset\images\freckled\freckled_0116.jpg,0.2118303715476654,4,False
C:\Users\Hamada.MSI\Desktop\Hamada\lab\data\raw\images\Describable Textures Dataset\images\flecked\flecked_0165.jpg,0.21189723141399097,4,False
C:\Users\Hamada.MSI\Desktop\Hamada\lab\data\raw\images\Describable Textures Dataset\images\pleated\pleated_0072.jpg,0.21193206869955267,4,False
C:\Users\Hamada.MSI\Desktop\Hamada\lab\data\raw\images\Describable Textures Dataset\images\scaly\scaly_0211.jpg,0.21205592170791615,4,False
C:\Users\Hamada.MSI\Desktop\Hamada\lab\data\raw\images\Describable Textures Dataset\images\stained\stained_0136.jpg,0.21216532633095989,4,False
C:\Users\Hamada.MSI\Desktop\Hamada\lab\data\raw\images\Describable Textures Dataset\images\paisley\paisley_0092.jpg,0.2121866378808401,4,False
C:\Users\Hamada.MSI\Desktop\Hamada\lab\data\raw\images\Describable Textures Dataset\images\frilly\frilly_0010.jpg,0.21226298720008213,4,False
C:\Users\Hamada.MSI\Desktop\Hamada\lab\data\raw\images\Describable Textures Dataset\images\smeared\smeared_0065.jpg,0.2122686190406927,4,False
C:\Users\Hamada.MSI\Desktop\Hamada\lab\data\raw\images\Describable Textures Dataset\images\honeycombed\honeycombed_0083.jpg,0.2123160545960947,4,False
C:\Users\Hamada.MSI\Desktop\Hamada\lab\data\raw\images\Describable Textures Dataset\images\porous\porous_0152.jpg,0.21234821031505274,4,False
C:\Users\Hamada.MSI\Desktop\Hamada\lab\data\raw\images\Describable Textures Dataset\images\cobwebbed\cobwebbed_0094.jpg,0.21237150934450738,4,False
C:\Users\Hamada.MSI\Desktop\Hamada\lab\data\raw\images\Describable Textures Dataset\images\potholed\potholed_0132.jpg,0.21253744987712578,4,False
C:\Users\Hamada.MSI\Desktop\Hamada\lab\data\raw\images\Describable Textures Dataset\images\freckled\freckled_0091.jpg,0.21256647713911422,4,False
C:\Users\Hamada.MSI\Desktop\Hamada\lab\data\raw\images\Describable Textures Dataset\images\veined\veined_0146.jpg,0.21262621601198978,4,False
C:\Users\Hamada.MSI\Desktop\Hamada\lab\data\raw\images\Describable Textures Dataset\images\scaly\scaly_0081.jpg,0.21266238859242587,4,False
C:\Users\Hamada.MSI\Desktop\Hamada\lab\data\raw\images\Describable Textures Dataset\images\spiralled\spiralled_0050.jpg,0.21271995461697138,4,False
C:\Users\Hamada.MSI\Desktop\Hamada\lab\data\raw\images\Describable Textures Dataset\images\waffled\waffled_0058.jpg,0.21273088606377258,4,False
C:\Users\Hamada.MSI\Desktop\Hamada\lab\data\raw\images\Describable Textures Dataset\images\cobwebbed\cobwebbed_0132.jpg,0.21287270497272906,4,False
C:\Users\Hamada.MSI\Desktop\Hamada\lab\data\raw\images\McGill Calibrated Color Image Database\Textures\Textures\merry_mtl07_009.tif,0.2128940153401693,4,False
C:\Users\Hamada.MSI\Desktop\Hamada\lab\data\raw\images\Describable Textures Dataset\images\lacelike\lacelike_0018.jpg,0.21289693014934233,4,False
C:\Users\Hamada.MSI\Desktop\Hamada\lab\data\raw\images\Describable Textures Dataset\images\stratified\stratified_0078.jpg,0.21292907413595774,4,False
C:\Users\Hamada.MSI\Desktop\Hamada\lab\data\raw\images\Describable Textures Dataset\images\wrinkled\wrinkled_0117.jpg,0.21295644332757643,4,False
C:\Users\Hamada.MSI\Desktop\Hamada\lab\data\raw\images\Describable Textures Dataset\images\veined\veined_0121.jpg,0.2129667868907691,4,False
C:\Users\Hamada.MSI\Desktop\Hamada\lab\data\raw\images\Describable Textures Dataset\images\interlaced\interlaced_0112.jpg,0.21306613261447702,4,False
C:\Users\Hamada.MSI\Desktop\Hamada\lab\data\raw\images\Describable Textures Dataset\images\woven\woven_0083.jpg,0.2130676052540399,4,False
C:\Users\Hamada.MSI\Desktop\Hamada\lab\data\raw\images\Describable Textures Dataset\images\smeared\smeared_0091.jpg,0.21312629231282462,4,False
C:\Users\Hamada.MSI\Desktop\Hamada\lab\data\raw\images\Describable Textures Dataset\images\matted\matted_0160.jpg,0.21317714211714422,4,False
C:\Users\Hamada.MSI\Desktop\Hamada\lab\data\raw\images\Describable Textures Dataset\images\polka-dotted\polka-dotted_0116.jpg,0.21324643822755257,4,False
C:\Users\Hamada.MSI\Desktop\Hamada\lab\data\raw\images\Describable Textures Dataset\images\grid\grid_0030.jpg,0.2133435588657065,4,False
C:\Users\Hamada.MSI\Desktop\Hamada\lab\data\raw\images\Describable Textures Dataset\images\meshed\meshed_0054.jpg,0.21345145932893897,4,False
C:\Users\Hamada.MSI\Desktop\Hamada\lab\data\raw\images\Describable Textures Dataset\images\porous\porous_0102.jpg,0.2135054623247445,4,False
C:\Users\Hamada.MSI\Desktop\Hamada\lab\data\raw\images\Describable Textures Dataset\images\chequered\chequered_0102.jpg,0.2135645203238174,4,False
C:\Users\Hamada.MSI\Desktop\Hamada\lab\data\raw\images\Describable Textures Dataset\images\wrinkled\wrinkled_0127.jpg,0.21356532996841163,4,False
C:\Users\Hamada.MSI\Desktop\Hamada\lab\data\raw\images\Describable Textures Dataset\images\potholed\potholed_0083.jpg,0.21357799614052295,4,False
C:\Users\Hamada.MSI\Desktop\Hamada\lab\data\raw\images\Describable Textures Dataset\images\knitted\knitted_0135.jpg,0.21361136534247743,4,False
C:\Users\Hamada.MSI\Desktop\Hamada\lab\data\raw\images\Describable Textures Dataset\images\pitted\pitted_0065.jpg,0.21381958223110414,4,False
C:\Users\Hamada.MSI\Desktop\Hamada\lab\data\raw\images\Describable Textures Dataset\images\paisley\paisley_0003.jpg,0.21383855453410305,4,False
C:\Users\Hamada.MSI\Desktop\Hamada\lab\data\raw\images\Describable Textures Dataset\images\freckled\freckled_0106.jpg,0.21394653237171332,4,False
C:\Users\Hamada.MSI\Desktop\Hamada\lab\data\raw\images\Describable Textures Dataset\images\cracked\cracked_0143.jpg,0.21402917280856806,4,False
C:\Users\Hamada.MSI\Desktop\Hamada\lab\data\raw\images\Describable Textures Dataset\images\stratified\stratified_0147.jpg,0.21415694610810002,4,False
C:\Users\Hamada.MSI\Desktop\Hamada\lab\data\raw\images\Describable Textures Dataset\images\smeared\smeared_0058.jpg,0.21430000032747107,4,False
C:\Users\Hamada.MSI\Desktop\Hamada\lab\data\raw\images\Describable Textures Dataset\images\grooved\grooved_0114.jpg,0.21432910737801691,4,False
C:\Users\Hamada.MSI\Desktop\Hamada\lab\data\raw\images\Describable Textures Dataset\images\waffled\waffled_0162.jpg,0.21433675063761443,4,False
C:\Users\Hamada.MSI\Desktop\Hamada\lab\data\raw\images\Describable Textures Dataset\images\flecked\flecked_0142.jpg,0.21445051069297077,4,False
C:\Users\Hamada.MSI\Desktop\Hamada\lab\data\raw\images\Describable Textures Dataset\images\fibrous\fibrous_0118.jpg,0.21451625542232172,4,False
C:\Users\Hamada.MSI\Desktop\Hamada\lab\data\raw\images\Describable Textures Dataset\images\grooved\grooved_0135.jpg,0.2145288336487152,4,False
C:\Users\Hamada.MSI\Desktop\Hamada\lab\data\raw\images\Describable Textures Dataset\images\knitted\knitted_0189.jpg,0.21453443821286647,4,False
C:\Users\Hamada.MSI\Desktop\Hamada\lab\data\raw\images\Describable Textures Dataset\images\honeycombed\honeycombed_0116.jpg,0.21455078021476093,4,False
C:\Users\Hamada.MSI\Desktop\Hamada\lab\data\raw\images\Describable Textures Dataset\images\braided\braided_0106.jpg,0.21457210218367476,4,False
C:\Users\Hamada.MSI\Desktop\Hamada\lab\data\raw\images\Describable Textures Dataset\images\marbled\marbled_0102.jpg,0.21458481877007823,4,False
C:\Users\Hamada.MSI\Desktop\Hamada\lab\data\raw\images\Describable Textures Dataset\images\lined\lined_0124.jpg,0.21460410790845622,4,False
C:\Users\Hamada.MSI\Desktop\Hamada\lab\data\raw\images\Describable Textures Dataset\images\grooved\grooved_0055.jpg,0.2146314820036237,4,False
C:\Users\Hamada.MSI\Desktop\Hamada\lab\data\raw\images\Describable Textures Dataset\images\gauzy\gauzy_0121.jpg,0.2146390407583768,4,False
C:\Users\Hamada.MSI\Desktop\Hamada\lab\data\raw\images\Describable Textures Dataset\images\meshed\meshed_0116.jpg,0.2146658152527292,4,False
C:\Users\Hamada.MSI\Desktop\Hamada\lab\data\raw\images\Describable Textures Dataset\images\freckled\freckled_0094.jpg,0.21468209808750324,4,False
C:\Users\Hamada.MSI\Desktop\Hamada\lab\data\raw\images\Describable Textures Dataset\images\cracked\cracked_0100.jpg,0.21469198454703747,4,False
C:\Users\Hamada.MSI\Desktop\Hamada\lab\data\raw\images\Describable Textures Dataset\images\freckled\freckled_0168.jpg,0.21474232381244493,4,False
C:\Users\Hamada.MSI\Desktop\Hamada\lab\data\raw\images\Describable Textures Dataset\images\porous\porous_0118.jpg,0.21474922509840874,4,False
C:\Users\Hamada.MSI\Desktop\Hamada\lab\data\raw\images\Describable Textures Dataset\images\smeared\smeared_0129.jpg,0.21481760355018292,4,False
C:\Users\Hamada.MSI\Desktop\Hamada\lab\data\raw\images\Describable Textures Dataset\images\wrinkled\wrinkled_0131.jpg,0.21500220183417265,4,False
C:\Users\Hamada.MSI\Desktop\Hamada\lab\data\raw\images\Describable Textures Dataset\images\perforated\perforated_0168.jpg,0.21507278146002617,4,False
C:\Users\Hamada.MSI\Desktop\Hamada\lab\data\raw\images\Describable Textures Dataset\images\honeycombed\honeycombed_0108.jpg,0.21513213626103525,4,False
C:\Users\Hamada.MSI\Desktop\Hamada\lab\data\raw\images\Describable Textures Dataset\images\zigzagged\zigzagged_0101.jpg,0.21515346577394706,4,False
C:\Users\Hamada.MSI\Desktop\Hamada\lab\data\raw\images\Describable Textures Dataset\images\grid\grid_0062.jpg,0.2152113390924268,4,False
C:\Users\Hamada.MSI\Desktop\Hamada\lab\data\raw\images\Describable Textures Dataset\images\freckled\freckled_0169.jpg,0.2152604519582851,4,False
C:\Users\Hamada.MSI\Desktop\Hamada\lab\data\raw\images\Describable Textures Dataset\images\woven\woven_0025.jpg,0.21528405636080003,4,False
C:\Users\Hamada.MSI\Desktop\Hamada\lab\data\raw\images\Describable Textures Dataset\images\frilly\frilly_0011.jpg,0.215319191532613,4,False
C:\Users\Hamada.MSI\Desktop\Hamada\lab\data\raw\images\Describable Textures Dataset\images\braided\braided_0190.jpg,0.21543174254534772,4,False
C:\Users\Hamada.MSI\Desktop\Hamada\lab\data\raw\images\Describable Textures Dataset\images\cracked\cracked_0069.jpg,0.21544869723706153,4,False
C:\Users\Hamada.MSI\Desktop\Hamada\lab\data\raw\images\Describable Textures Dataset\images\braided\braided_0019.jpg,0.21560926406095154,4,False
C:\Users\Hamada.MSI\Desktop\Hamada\lab\data\raw\images\Describable Textures Dataset\images\braided\braided_0007.jpg,0.21564357999365502,4,False
C:\Users\Hamada.MSI\Desktop\Hamada\lab\data\raw\images\Describable Textures Dataset\images\knitted\knitted_0075.jpg,0.21568959894748702,4,False
C:\Users\Hamada.MSI\Desktop\Hamada\lab\data\raw\images\Describable Textures Dataset\images\paisley\paisley_0047.jpg,0.2157113396017829,4,False
C:\Users\Hamada.MSI\Desktop\Hamada\lab\data\raw\images\Describable Textures Dataset\images\potholed\potholed_0042.jpg,0.21594262633852057,4,False
C:\Users\Hamada.MSI\Desktop\Hamada\lab\data\raw\images\Describable Textures Dataset\images\meshed\meshed_0164.jpg,0.21594576770133095,4,False
C:\Users\Hamada.MSI\Desktop\Hamada\lab\data\raw\images\Describable Textures Dataset\images\lacelike\lacelike_0019.jpg,0.21597310554213395,4,False
C:\Users\Hamada.MSI\Desktop\Hamada\lab\data\raw\images\Describable Textures Dataset\images\braided\braided_0105.jpg,0.21607609419057244,4,False
C:\Users\Hamada.MSI\Desktop\Hamada\lab\data\raw\images\Describable Textures Dataset\images\spiralled\spiralled_0038.jpg,0.21612134039800512,4,False
C:\Users\Hamada.MSI\Desktop\Hamada\lab\data\raw\images\Describable Textures Dataset\images\striped\striped_0013.jpg,0.21613490931006074,4,False
C:\Users\Hamada.MSI\Desktop\Hamada\lab\data\raw\images\Describable Textures Dataset\images\perforated\perforated_0013.jpg,0.2161487973974073,4,False
C:\Users\Hamada.MSI\Desktop\Hamada\lab\data\raw\images\Describable Textures Dataset\images\interlaced\interlaced_0193.jpg,0.21623155277024497,4,False
C:\Users\Hamada.MSI\Desktop\Hamada\lab\data\raw\images\Describable Textures Dataset\images\potholed\potholed_0134.jpg,0.2163181932657819,4,False
C:\Users\Hamada.MSI\Desktop\Hamada\lab\data\raw\images\Describable Textures Dataset\images\freckled\freckled_0101.jpg,0.216414572472184,4,False
C:\Users\Hamada.MSI\Desktop\Hamada\lab\data\raw\images\Describable Textures Dataset\images\smeared\smeared_0128.jpg,0.21665435438866817,4,False
C:\Users\Hamada.MSI\Desktop\Hamada\lab\data\raw\images\Describable Textures Dataset\images\potholed\potholed_0055.jpg,0.21681477128888324,4,False
C:\Users\Hamada.MSI\Desktop\Hamada\lab\data\raw\images\Describable Textures Dataset\images\interlaced\interlaced_0174.jpg,0.2168470486130325,4,False
C:\Users\Hamada.MSI\Desktop\Hamada\lab\data\raw\images\Describable Textures Dataset\images\interlaced\interlaced_0150.jpg,0.21686796477521758,4,False
C:\Users\Hamada.MSI\Desktop\Hamada\lab\data\raw\images\Describable Textures Dataset\images\lined\lined_0153.jpg,0.21700004441446244,4,False
C:\Users\Hamada.MSI\Desktop\Hamada\lab\data\raw\images\Describable Textures Dataset\images\marbled\marbled_0078.jpg,0.21707224600559832,4,False
C:\Users\Hamada.MSI\Desktop\Hamada\lab\data\raw\images\Describable Textures Dataset\images\blotchy\blotchy_0031.jpg,0.21710078187038245,4,False
C:\Users\Hamada.MSI\Desktop\Hamada\lab\data\raw\images\Describable Textures Dataset\images\frilly\frilly_0039.jpg,0.21710929664518766,4,False
C:\Users\Hamada.MSI\Desktop\Hamada\lab\data\raw\images\Describable Textures Dataset\images\veined\veined_0075.jpg,0.21713644062499826,4,False
C:\Users\Hamada.MSI\Desktop\Hamada\lab\data\raw\images\Describable Textures Dataset\images\braided\braided_0167.jpg,0.2172002214241401,4,False
C:\Users\Hamada.MSI\Desktop\Hamada\lab\data\raw\images\Describable Textures Dataset\images\cracked\cracked_0074.jpg,0.21723209004694455,4,False
C:\Users\Hamada.MSI\Desktop\Hamada\lab\data\raw\images\Describable Textures Dataset\images\pitted\pitted_0003.jpg,0.21729671037232162,4,False
C:\Users\Hamada.MSI\Desktop\Hamada\lab\data\raw\images\Describable Textures Dataset\images\stratified\stratified_0148.jpg,0.21730899394290815,4,False
C:\Users\Hamada.MSI\Desktop\Hamada\lab\data\raw\images\Describable Textures Dataset\images\wrinkled\wrinkled_0033.jpg,0.2173245095426263,4,False
C:\Users\Hamada.MSI\Desktop\Hamada\lab\data\raw\images\McGill Calibrated Color Image Database\Textures\Textures\pippin_RVHtexture001.tif,0.2174129415586173,4,False
C:\Users\Hamada.MSI\Desktop\Hamada\lab\data\raw\images\Describable Textures Dataset\images\crosshatched\crosshatched_0091.jpg,0.21784030643554897,4,False
C:\Users\Hamada.MSI\Desktop\Hamada\lab\data\raw\images\Describable Textures Dataset\images\pleated\pleated_0120.jpg,0.21785016476253086,4,False
C:\Users\Hamada.MSI\Desktop\Hamada\lab\data\raw\images\Describable Textures Dataset\images\perforated\perforated_0164.jpg,0.21787010320527997,4,False
C:\Users\Hamada.MSI\Desktop\Hamada\lab\data\raw\images\Describable Textures Dataset\images\freckled\freckled_0100.jpg,0.2178783955390303,4,False
C:\Users\Hamada.MSI\Desktop\Hamada\lab\data\raw\images\Describable Textures Dataset\images\bumpy\bumpy_0169.jpg,0.217924760510407,4,False
C:\Users\Hamada.MSI\Desktop\Hamada\lab\data\raw\images\Describable Textures Dataset\images\sprinkled\sprinkled_0058.jpg,0.21800418911275202,4,False
C:\Users\Hamada.MSI\Desktop\Hamada\lab\data\raw\images\Describable Textures Dataset\images\fibrous\fibrous_0130.jpg,0.21802692447755082,4,False
C:\Users\Hamada.MSI\Desktop\Hamada\lab\data\raw\images\Describable Textures Dataset\images\knitted\knitted_0096.jpg,0.21806304707720844,4,False
C:\Users\Hamada.MSI\Desktop\Hamada\lab\data\raw\images\Describable Textures Dataset\images\blotchy\blotchy_0133.jpg,0.21808347944947837,4,False
C:\Users\Hamada.MSI\Desktop\Hamada\lab\data\raw\images\Describable Textures Dataset\images\woven\woven_0034.jpg,0.21809373015027025,4,False
C:\Users\Hamada.MSI\Desktop\Hamada\lab\data\raw\images\Describable Textures Dataset\images\cracked\cracked_0056.jpg,0.2181977017043872,4,False
C:\Users\Hamada.MSI\Desktop\Hamada\lab\data\raw\images\Describable Textures Dataset\images\woven\woven_0112.jpg,0.21833081175826538,4,False
C:\Users\Hamada.MSI\Desktop\Hamada\lab\data\raw\images\Describable Textures Dataset\images\frilly\frilly_0025.jpg,0.21845403576843914,4,False
C:\Users\Hamada.MSI\Desktop\Hamada\lab\data\raw\images\Describable Textures Dataset\images\perforated\perforated_0051.jpg,0.21847022605846872,4,False
C:\Users\Hamada.MSI\Desktop\Hamada\lab\data\raw\images\Describable Textures Dataset\images\gauzy\gauzy_0162.jpg,0.2186048097159964,4,False
C:\Users\Hamada.MSI\Desktop\Hamada\lab\data\raw\images\Describable Textures Dataset\images\knitted\knitted_0136.jpg,0.21864825914703426,4,False
C:\Users\Hamada.MSI\Desktop\Hamada\lab\data\raw\images\McGill Calibrated Color Image Database\Textures\Textures\pippin_RVHtexture004.tif,0.21875019051263805,4,False
C:\Users\Hamada.MSI\Desktop\Hamada\lab\data\raw\images\Describable Textures Dataset\images\frilly\frilly_0125.jpg,0.218788359630794,4,False
C:\Users\Hamada.MSI\Desktop\Hamada\lab\data\raw\images\Describable Textures Dataset\images\polka-dotted\polka-dotted_0152.jpg,0.2188499678018612,4,False
C:\Users\Hamada.MSI\Desktop\Hamada\lab\data\raw\images\Describable Textures Dataset\images\sprinkled\sprinkled_0088.jpg,0.21885439991814773,4,False
C:\Users\Hamada.MSI\Desktop\Hamada\lab\data\raw\images\Describable Textures Dataset\images\paisley\paisley_0119.jpg,0.21896001113745056,4,False
C:\Users\Hamada.MSI\Desktop\Hamada\lab\data\raw\images\Describable Textures Dataset\images\matted\matted_0028.jpg,0.21896625060593086,4,False
C:\Users\Hamada.MSI\Desktop\Hamada\lab\data\raw\images\Describable Textures Dataset\images\scaly\scaly_0140.jpg,0.21904457432622365,4,False
C:\Users\Hamada.MSI\Desktop\Hamada\lab\data\raw\images\Describable Textures Dataset\images\freckled\freckled_0155.jpg,0.21907250387037805,4,False
C:\Users\Hamada.MSI\Desktop\Hamada\lab\data\raw\images\Describable Textures Dataset\images\flecked\flecked_0048.jpg,0.2190798619065464,4,False
C:\Users\Hamada.MSI\Desktop\Hamada\lab\data\raw\images\Describable Textures Dataset\images\marbled\marbled_0135.jpg,0.21912295687283967,4,False
C:\Users\Hamada.MSI\Desktop\Hamada\lab\data\raw\images\Describable Textures Dataset\images\grooved\grooved_0145.jpg,0.21912815522991694,4,False
C:\Users\Hamada.MSI\Desktop\Hamada\lab\data\raw\images\McGill Calibrated Color Image Database\Textures\Textures\pippin_RVHtexture024.tif,0.21955879454685354,4,False
C:\Users\Hamada.MSI\Desktop\Hamada\lab\data\raw\images\Describable Textures Dataset\images\spiralled\spiralled_0140.jpg,0.21958812450771173,4,False
C:\Users\Hamada.MSI\Desktop\Hamada\lab\data\raw\images\Describable Textures Dataset\images\woven\woven_0099.jpg,0.21971325953750176,4,False
C:\Users\Hamada.MSI\Desktop\Hamada\lab\data\raw\images\Describable Textures Dataset\images\cobwebbed\cobwebbed_0084.jpg,0.21973325671217792,4,False
C:\Users\Hamada.MSI\Desktop\Hamada\lab\data\raw\images\Describable Textures Dataset\images\swirly\swirly_0066.jpg,0.21986941938678498,4,False
C:\Users\Hamada.MSI\Desktop\Hamada\lab\data\raw\images\Describable Textures Dataset\images\interlaced\interlaced_0175.jpg,0.21987150439572595,5,False
C:\Users\Hamada.MSI\Desktop\Hamada\lab\data\raw\images\Describable Textures Dataset\images\waffled\waffled_0191.jpg,0.21989552542745158,5,False
C:\Users\Hamada.MSI\Desktop\Hamada\lab\data\raw\images\Describable Textures Dataset\images\knitted\knitted_0169.jpg,0.21993793974901338,5,False
C:\Users\Hamada.MSI\Desktop\Hamada\lab\data\raw\images\Describable Textures Dataset\images\matted\matted_0072.jpg,0.21996222137479776,5,False
C:\Users\Hamada.MSI\Desktop\Hamada\lab\data\raw\images\Describable Textures Dataset\images\grid\grid_0105.jpg,0.21996840281022348,5,False
C:\Users\Hamada.MSI\Desktop\Hamada\lab\data\raw\images\Describable Textures Dataset\images\meshed\meshed_0145.jpg,0.21999495929542834,5,False
C:\Users\Hamada.MSI\Desktop\Hamada\lab\data\raw\images\Describable Textures Dataset\images\matted\matted_0069.jpg,0.22000145508160396,5,False
C:\Users\Hamada.MSI\Desktop\Hamada\lab\data\raw\images\Describable Textures Dataset\images\frilly\frilly_0002.jpg,0.22001733364149612,5,False
C:\Users\Hamada.MSI\Desktop\Hamada\lab\data\raw\images\McGill Calibrated Color Image Database\Textures\Textures\merry_mtl07_003.tif,0.22006388472179483,5,False
C:\Users\Hamada.MSI\Desktop\Hamada\lab\data\raw\images\Describable Textures Dataset\images\wrinkled\wrinkled_0124.jpg,0.22006724050787202,5,False
C:\Users\Hamada.MSI\Desktop\Hamada\lab\data\raw\images\Describable Textures Dataset\images\gauzy\gauzy_0127.jpg,0.2200690488769097,5,False
C:\Users\Hamada.MSI\Desktop\Hamada\lab\data\raw\images\Describable Textures Dataset\images\frilly\frilly_0029.jpg,0.22021536083275445,5,False
C:\Users\Hamada.MSI\Desktop\Hamada\lab\data\raw\images\Describable Textures Dataset\images\wrinkled\wrinkled_0062.jpg,0.22024976390205558,5,False
C:\Users\Hamada.MSI\Desktop\Hamada\lab\data\raw\images\Describable Textures Dataset\images\waffled\waffled_0056.jpg,0.22051682916021215,5,False
C:\Users\Hamada.MSI\Desktop\Hamada\lab\data\raw\images\Describable Textures Dataset\images\waffled\waffled_0099.jpg,0.22053491104731088,5,False
C:\Users\Hamada.MSI\Desktop\Hamada\lab\data\raw\images\Describable Textures Dataset\images\stained\stained_0091.jpg,0.22054751188913746,5,False
C:\Users\Hamada.MSI\Desktop\Hamada\lab\data\raw\images\Describable Textures Dataset\images\grid\grid_0089.jpg,0.22057215665279475,5,False
C:\Users\Hamada.MSI\Desktop\Hamada\lab\data\raw\images\Describable Textures Dataset\images\scaly\scaly_0219.jpg,0.22082662965290592,5,False
C:\Users\Hamada.MSI\Desktop\Hamada\lab\data\raw\images\Describable Textures Dataset\images\lacelike\lacelike_0034.jpg,0.2208305239007033,5,False
C:\Users\Hamada.MSI\Desktop\Hamada\lab\data\raw\images\Describable Textures Dataset\images\knitted\knitted_0097.jpg,0.2211200537227648,5,False
C:\Users\Hamada.MSI\Desktop\Hamada\lab\data\raw\images\Describable Textures Dataset\images\paisley\paisley_0112.jpg,0.22120473742391614,5,False
C:\Users\Hamada.MSI\Desktop\Hamada\lab\data\raw\images\Describable Textures Dataset\images\grooved\grooved_0139.jpg,0.2212174964878123,5,False
C:\Users\Hamada.MSI\Desktop\Hamada\lab\data\raw\images\Describable Textures Dataset\images\pleated\pleated_0121.jpg,0.22130129572641583,5,False
C:\Users\Hamada.MSI\Desktop\Hamada\lab\data\raw\images\Describable Textures Dataset\images\potholed\potholed_0124.jpg,0.22137634316701163,5,False
C:\Users\Hamada.MSI\Desktop\Hamada\lab\data\raw\images\Describable Textures Dataset\images\freckled\freckled_0120.jpg,0.2214308856895924,5,False
C:\Users\Hamada.MSI\Desktop\Hamada\lab\data\raw\images\Describable Textures Dataset\images\matted\matted_0115.jpg,0.22144681798767393,5,False
C:\Users\Hamada.MSI\Desktop\Hamada\lab\data\raw\images\Describable Textures Dataset\images\porous\porous_0065.jpg,0.22152172253744293,5,False
C:\Users\Hamada.MSI\Desktop\Hamada\lab\data\raw\images\Describable Textures Dataset\images\knitted\knitted_0202.jpg,0.2215485823327893,5,False
C:\Users\Hamada.MSI\Desktop\Hamada\lab\data\raw\images\Describable Textures Dataset\images\striped\striped_0042.jpg,0.22156566667366803,5,False
C:\Users\Hamada.MSI\Desktop\Hamada\lab\data\raw\images\Describable Textures Dataset\images\bumpy\bumpy_0188.jpg,0.2216514959079063,5,False
C:\Users\Hamada.MSI\Desktop\Hamada\lab\data\raw\images\Describable Textures Dataset\images\matted\matted_0136.jpg,0.22169115861982405,5,False
C:\Users\Hamada.MSI\Desktop\Hamada\lab\data\raw\images\Describable Textures Dataset\images\polka-dotted\polka-dotted_0187.jpg,0.22169453222634852,5,False
C:\Users\Hamada.MSI\Desktop\Hamada\lab\data\raw\images\Describable Textures Dataset\images\fibrous\fibrous_0148.jpg,0.22180021408432876,5,False
C:\Users\Hamada.MSI\Desktop\Hamada\lab\data\raw\images\Describable Textures Dataset\images\fibrous\fibrous_0140.jpg,0.2218374107263563,5,False
C:\Users\Hamada.MSI\Desktop\Hamada\lab\data\raw\images\Describable Textures Dataset\images\spiralled\spiralled_0086.jpg,0.22184448539644253,5,False
C:\Users\Hamada.MSI\Desktop\Hamada\lab\data\raw\images\Describable Textures Dataset\images\blotchy\blotchy_0044.jpg,0.22184928269676968,5,False
C:\Users\Hamada.MSI\Desktop\Hamada\lab\data\raw\images\Describable Textures Dataset\images\matted\matted_0150.jpg,0.2219417460279131,5,False
C:\Users\Hamada.MSI\Desktop\Hamada\lab\data\raw\images\Describable Textures Dataset\images\cobwebbed\cobwebbed_0085.jpg,0.22202766153411485,5,False
C:\Users\Hamada.MSI\Desktop\Hamada\lab\data\raw\images\Describable Textures Dataset\images\perforated\perforated_0167.jpg,0.22210575934048177,5,False
C:\Users\Hamada.MSI\Desktop\Hamada\lab\data\raw\images\McGill Calibrated Color Image Database\Textures\Textures\pippin_park0019.tif,0.22211861430096883,5,False
C:\Users\Hamada.MSI\Desktop\Hamada\lab\data\raw\images\Describable Textures Dataset\images\spiralled\spiralled_0116.jpg,0.22214186723275234,5,False
C:\Users\Hamada.MSI\Desktop\Hamada\lab\data\raw\images\Describable Textures Dataset\images\grid\grid_0098.jpg,0.22215843828745818,5,False
C:\Users\Hamada.MSI\Desktop\Hamada\lab\data\raw\images\Describable Textures Dataset\images\cracked\cracked_0139.jpg,0.22234627918694091,5,False
C:\Users\Hamada.MSI\Desktop\Hamada\lab\data\raw\images\Describable Textures Dataset\images\potholed\potholed_0084.jpg,0.2223969714438122,5,False
C:\Users\Hamada.MSI\Desktop\Hamada\lab\data\raw\images\Describable Textures Dataset\images\bumpy\bumpy_0139.jpg,0.22239834126012892,5,False
C:\Users\Hamada.MSI\Desktop\Hamada\lab\data\raw\images\Describable Textures Dataset\images\pleated\pleated_0134.jpg,0.2224392563410538,5,False
C:\Users\Hamada.MSI\Desktop\Hamada\lab\data\raw\images\Describable Textures Dataset\images\paisley\paisley_0002.jpg,0.2224741296035712,5,False
C:\Users\Hamada.MSI\Desktop\Hamada\lab\data\raw\images\Describable Textures Dataset\images\matted\matted_0037.jpg,0.22248317144798288,5,False
C:\Users\Hamada.MSI\Desktop\Hamada\lab\data\raw\images\Describable Textures Dataset\images\flecked\flecked_0143.jpg,0.2225346360770766,5,False
C:\Users\Hamada.MSI\Desktop\Hamada\lab\data\raw\images\Describable Textures Dataset\images\striped\striped_0024.jpg,0.2226031605173229,5,False
C:\Users\Hamada.MSI\Desktop\Hamada\lab\data\raw\images\Describable Textures Dataset\images\potholed\potholed_0154.jpg,0.22265418714484267,5,False
C:\Users\Hamada.MSI\Desktop\Hamada\lab\data\raw\images\Describable Textures Dataset\images\stained\stained_0109.jpg,0.22273075906436393,5,False
C:\Users\Hamada.MSI\Desktop\Hamada\lab\data\raw\images\McGill Calibrated Color Image Database\Textures\Textures\pippin_UniStrt020.tif,0.22276244646077928,5,False
C:\Users\Hamada.MSI\Desktop\Hamada\lab\data\raw\images\Describable Textures Dataset\images\striped\striped_0117.jpg,0.22276655668509268,5,False
C:\Users\Hamada.MSI\Desktop\Hamada\lab\data\raw\images\Describable Textures Dataset\images\perforated\perforated_0161.jpg,0.22277892060056745,5,False
C:\Users\Hamada.MSI\Desktop\Hamada\lab\data\raw\images\Describable Textures Dataset\images\smeared\smeared_0111.jpg,0.2228259460381721,5,False
C:\Users\Hamada.MSI\Desktop\Hamada\lab\data\raw\images\Describable Textures Dataset\images\grooved\grooved_0133.jpg,0.22283125018178165,5,False
C:\Users\Hamada.MSI\Desktop\Hamada\lab\data\raw\images\Describable Textures Dataset\images\blotchy\blotchy_0115.jpg,0.22287842196009627,5,False
C:\Users\Hamada.MSI\Desktop\Hamada\lab\data\raw\images\Describable Textures Dataset\images\gauzy\gauzy_0157.jpg,0.22293958472055314,5,False
C:\Users\Hamada.MSI\Desktop\Hamada\lab\data\raw\images\McGill Calibrated Color Image Database\Textures\Textures\merry_mtl07_022.tif,0.22296620518904967,5,False
C:\Users\Hamada.MSI\Desktop\Hamada\lab\data\raw\images\McGill Calibrated Color Image Database\Textures\Textures\merry_win07_009.tif,0.22309000379606592,5,False
C:\Users\Hamada.MSI\Desktop\Hamada\lab\data\raw\images\Describable Textures Dataset\images\spiralled\spiralled_0124.jpg,0.22309371929780214,5,False
C:\Users\Hamada.MSI\Desktop\Hamada\lab\data\raw\images\Describable Textures Dataset\images\perforated\perforated_0097.jpg,0.22314672604540595,5,False
C:\Users\Hamada.MSI\Desktop\Hamada\lab\data\raw\images\Describable Textures Dataset\images\blotchy\blotchy_0087.jpg,0.22314874371059995,5,False
C:\Users\Hamada.MSI\Desktop\Hamada\lab\data\raw\images\Describable Textures Dataset\images\porous\porous_0075.jpg,0.22319233151767448,5,False
C:\Users\Hamada.MSI\Desktop\Hamada\lab\data\raw\images\McGill Calibrated Color Image Database\Textures\Textures\pippin_jtalon0016.tif,0.22320601805096033,5,False
C:\Users\Hamada.MSI\Desktop\Hamada\lab\data\raw\images\Describable Textures Dataset\images\stained\stained_0062.jpg,0.22332793460627048,5,False
C:\Users\Hamada.MSI\Desktop\Hamada\lab\data\raw\images\Describable Textures Dataset\images\paisley\paisley_0070.jpg,0.2233584854270377,5,False
C:\Users\Hamada.MSI\Desktop\Hamada\lab\data\raw\images\Describable Textures Dataset\images\stained\stained_0135.jpg,0.2234171915389826,5,False
C:\Users\Hamada.MSI\Desktop\Hamada\lab\data\raw\images\Describable Textures Dataset\images\stratified\stratified_0173.jpg,0.22348875814489388,5,False
C:\Users\Hamada.MSI\Desktop\Hamada\lab\data\raw\images\McGill Calibrated Color Image Database\Textures\Textures\pippin_jtalon0022.tif,0.22351050853638513,5,False
C:\Users\Hamada.MSI\Desktop\Hamada\lab\data\raw\images\Describable Textures Dataset\images\paisley\paisley_0037.jpg,0.2235320732880738,5,False
C:\Users\Hamada.MSI\Desktop\Hamada\lab\data\raw\images\McGill Calibrated Color Image Database\Textures\Textures\pippin_Peel043.tif,0.22357550353395955,5,False
C:\Users\Hamada.MSI\Desktop\Hamada\lab\data\raw\images\Describable Textures Dataset\images\stratified\stratified_0139.jpg,0.22361595589515648,5,False
C:\Users\Hamada.MSI\Desktop\Hamada\lab\data\raw\images\Describable Textures Dataset\images\pleated\pleated_0095.jpg,0.2236637084969507,5,False
C:\Users\Hamada.MSI\Desktop\Hamada\lab\data\raw\images\Describable Textures Dataset\images\pleated\pleated_0108.jpg,0.22375898140208134,5,False
C:\Users\Hamada.MSI\Desktop\Hamada\lab\data\raw\images\Describable Textures Dataset\images\swirly\swirly_0104.jpg,0.22377800029801767,5,False
C:\Users\Hamada.MSI\Desktop\Hamada\lab\data\raw\images\Describable Textures Dataset\images\fibrous\fibrous_0104.jpg,0.22385235437736398,5,False
C:\Users\Hamada.MSI\Desktop\Hamada\lab\data\raw\images\Describable Textures Dataset\images\interlaced\interlaced_0125.jpg,0.22386441534413595,5,False
C:\Users\Hamada.MSI\Desktop\Hamada\lab\data\raw\images\Describable Textures Dataset\images\bubbly\bubbly_0050.jpg,0.22386691708169384,5,False
C:\Users\Hamada.MSI\Desktop\Hamada\lab\data\raw\images\Describable Textures Dataset\images\spiralled\spiralled_0068.jpg,0.22391586528777083,5,False
C:\Users\Hamada.MSI\Desktop\Hamada\lab\data\raw\images\Describable Textures Dataset\images\waffled\waffled_0199.jpg,0.2239523212505937,5,False
C:\Users\Hamada.MSI\Desktop\Hamada\lab\data\raw\images\Describable Textures Dataset\images\grooved\grooved_0074.jpg,0.2239915419167976,5,False
C:\Users\Hamada.MSI\Desktop\Hamada\lab\data\raw\images\Describable Textures Dataset\images\flecked\flecked_0067.jpg,0.22409559855127126,5,False
C:\Users\Hamada.MSI\Desktop\Hamada\lab\data\raw\images\McGill Calibrated Color Image Database\Textures\Textures\pippin_RVHtexture003.tif,0.2242721474882172,5,False
C:\Users\Hamada.MSI\Desktop\Hamada\lab\data\raw\images\Describable Textures Dataset\images\pitted\pitted_0122.jpg,0.22430851038861604,5,False
C:\Users\Hamada.MSI\Desktop\Hamada\lab\data\raw\images\McGill Calibrated Color Image Database\Textures\Textures\pippin_RS_YachtClub006.tif,0.22433431819365057,5,False
C:\Users\Hamada.MSI\Desktop\Hamada\lab\data\raw\images\Describable Textures Dataset\images\braided\braided_0156.jpg,0.22436457190179215,5,False
C:\Users\Hamada.MSI\Desktop\Hamada\lab\data\raw\images\Describable Textures Dataset\images\bubbly\bubbly_0127.jpg,0.22445008973574956,5,False
C:\Users\Hamada.MSI\Desktop\Hamada\lab\data\raw\images\Describable Textures Dataset\images\waffled\waffled_0188.jpg,0.22452665258532523,5,False
C:\Users\Hamada.MSI\Desktop\Hamada\lab\data\raw\images\Describable Textures Dataset\images\potholed\potholed_0149.jpg,0.22453483137193095,5,False
C:\Users\Hamada.MSI\Desktop\Hamada\lab\data\raw\images\Describable Textures Dataset\images\veined\veined_0093.jpg,0.2246206991524354,5,False
C:\Users\Hamada.MSI\Desktop\Hamada\lab\data\raw\images\Describable Textures Dataset\images\blotchy\blotchy_0122.jpg,0.22462515817797546,5,False
C:\Users\Hamada.MSI\Desktop\Hamada\lab\data\raw\images\Describable Textures Dataset\images\interlaced\interlaced_0148.jpg,0.22479092300902784,5,False
C:\Users\Hamada.MSI\Desktop\Hamada\lab\data\raw\images\Describable Textures Dataset\images\flecked\flecked_0083.jpg,0.22480332535389966,5,False
C:\Users\Hamada.MSI\Desktop\Hamada\lab\data\raw\images\Describable Textures Dataset\images\marbled\marbled_0079.jpg,0.22480954629109057,5,False
C:\Users\Hamada.MSI\Desktop\Hamada\lab\data\raw\images\Describable Textures Dataset\images\cracked\cracked_0162.jpg,0.22481101744498103,5,False
C:\Users\Hamada.MSI\Desktop\Hamada\lab\data\raw\images\Describable Textures Dataset\images\crosshatched\crosshatched_0129.jpg,0.22482070910525923,5,False
C:\Users\Hamada.MSI\Desktop\Hamada\lab\data\raw\images\Describable Textures Dataset\images\fibrous\fibrous_0115.jpg,0.22482257395658958,5,False
C:\Users\Hamada.MSI\Desktop\Hamada\lab\data\raw\images\Describable Textures Dataset\images\waffled\waffled_0151.jpg,0.2248447141657137,5,False
C:\Users\Hamada.MSI\Desktop\Hamada\lab\data\raw\images\Describable Textures Dataset\images\knitted\knitted_0104.jpg,0.22487626143417971,5,False
C:\Users\Hamada.MSI\Desktop\Hamada\lab\data\raw\images\Describable Textures Dataset\images\potholed\potholed_0073.jpg,0.2249197178633092,5,False
C:\Users\Hamada.MSI\Desktop\Hamada\lab\data\raw\images\Describable Textures Dataset\images\grid\grid_0106.jpg,0.22493443331445664,5,False
C:\Users\Hamada.MSI\Desktop\Hamada\lab\data\raw\images\Describable Textures Dataset\images\stained\stained_0116.jpg,0.22496256149754423,5,False
C:\Users\Hamada.MSI\Desktop\Hamada\lab\data\raw\images\Describable Textures Dataset\images\chequered\chequered_0183.jpg,0.22502044455499992,5,False
C:\Users\Hamada.MSI\Desktop\Hamada\lab\data\raw\images\Describable Textures Dataset\images\lacelike\lacelike_0113.jpg,0.2250879881758328,5,False
C:\Users\Hamada.MSI\Desktop\Hamada\lab\data\raw\images\Describable Textures Dataset\images\pleated\pleated_0161.jpg,0.2251610385474967,5,False
C:\Users\Hamada.MSI\Desktop\Hamada\lab\data\raw\images\Describable Textures Dataset\images\matted\matted_0050.jpg,0.2251832510513387,5,False
C:\Users\Hamada.MSI\Desktop\Hamada\lab\data\raw\images\Describable Textures Dataset\images\waffled\waffled_0174.jpg,0.2252746970305324,5,False
C:\Users\Hamada.MSI\Desktop\Hamada\lab\data\raw\images\Describable Textures Dataset\images\honeycombed\honeycombed_0164.jpg,0.22537118554060998,5,False
C:\Users\Hamada.MSI\Desktop\Hamada\lab\data\raw\images\Describable Textures Dataset\images\porous\porous_0120.jpg,0.22551417854273512,5,False
C:\Users\Hamada.MSI\Desktop\Hamada\lab\data\raw\images\Describable Textures Dataset\images\freckled\freckled_0084.jpg,0.2255158748743971,5,False
C:\Users\Hamada.MSI\Desktop\Hamada\lab\data\raw\images\Describable Textures Dataset\images\woven\woven_0061.jpg,0.22552941393943418,5,False
C:\Users\Hamada.MSI\Desktop\Hamada\lab\data\raw\images\Describable Textures Dataset\images\frilly\frilly_0017.jpg,0.22558125665402234,5,False
C:\Users\Hamada.MSI\Desktop\Hamada\lab\data\raw\images\Describable Textures Dataset\images\stratified\stratified_0071.jpg,0.22559327829350775,5,False
C:\Users\Hamada.MSI\Desktop\Hamada\lab\data\raw\images\Describable Textures Dataset\images\paisley\paisley_0091.jpg,0.2256052399067789,5,False
C:\Users\Hamada.MSI\Desktop\Hamada\lab\data\raw\images\Describable Textures Dataset\images\grid\grid_0090.jpg,0.2256270017407674,5,False
C:\Users\Hamada.MSI\Desktop\Hamada\lab\data\raw\images\Describable Textures Dataset\images\waffled\waffled_0127.jpg,0.22572072643075367,5,False
C:\Users\Hamada.MSI\Desktop\Hamada\lab\data\raw\images\Describable Textures Dataset\images\woven\woven_0036.jpg,0.22572499567563284,5,False
C:\Users\Hamada.MSI\Desktop\Hamada\lab\data\raw\images\Describable Textures Dataset\images\crosshatched\crosshatched_0050.jpg,0.2257257122537535,5,False
C:\Users\Hamada.MSI\Desktop\Hamada\lab\data\raw\images\Describable Textures Dataset\images\banded\banded_0076.jpg,0.22575056523662254,5,False
C:\Users\Hamada.MSI\Desktop\Hamada\lab\data\raw\images\Describable Textures Dataset\images\sprinkled\sprinkled_0123.jpg,0.22576655176122748,5,False
C:\Users\Hamada.MSI\Desktop\Hamada\lab\data\raw\images\Describable Textures Dataset\images\stained\stained_0134.jpg,0.22578094453616032,5,False
C:\Users\Hamada.MSI\Desktop\Hamada\lab\data\raw\images\Describable Textures Dataset\images\veined\veined_0174.jpg,0.22579741948016943,5,False
C:\Users\Hamada.MSI\Desktop\Hamada\lab\data\raw\images\McGill Calibrated Color Image Database\Textures\Textures\pippin_park0047.tif,0.22585607715913592,5,False
C:\Users\Hamada.MSI\Desktop\Hamada\lab\data\raw\images\Describable Textures Dataset\images\meshed\meshed_0159.jpg,0.2258670622796911,5,False
C:\Users\Hamada.MSI\Desktop\Hamada\lab\data\raw\images\McGill Calibrated Color Image Database\Textures\Textures\pippin_RVHtexture016.tif,0.22588311344916182,5,False
C:\Users\Hamada.MSI\Desktop\Hamada\lab\data\raw\images\Describable Textures Dataset\images\gauzy\gauzy_0113.jpg,0.2259995021098878,5,False
C:\Users\Hamada.MSI\Desktop\Hamada\lab\data\raw\images\Describable Textures Dataset\images\smeared\smeared_0096.jpg,0.22600046029321688,5,False
C:\Users\Hamada.MSI\Desktop\Hamada\lab\data\raw\images\Describable Textures Dataset\images\chequered\chequered_0160.jpg,0.22617267686433176,5,False
C:\Users\Hamada.MSI\Desktop\Hamada\lab\data\raw\images\Describable Textures Dataset\images\meshed\meshed_0152.jpg,0.22619771977780093,5,False
C:\Users\Hamada.MSI\Desktop\Hamada\lab\data\raw\images\Describable Textures Dataset\images\stained\stained_0114.jpg,0.22630633497399016,5,False
C:\Users\Hamada.MSI\Desktop\Hamada\lab\data\raw\images\McGill Calibrated Color Image Database\Textures\Textures\merry_win07_012.tif,0.22633276755197945,5,False
C:\Users\Hamada.MSI\Desktop\Hamada\lab\data\raw\images\Describable Textures Dataset\images\honeycombed\honeycombed_0139.jpg,0.2263757078280571,5,False
C:\Users\Hamada.MSI\Desktop\Hamada\lab\data\raw\images\Describable Textures Dataset\images\potholed\potholed_0069.jpg,0.2263792326180807,5,False
C:\Users\Hamada.MSI\Desktop\Hamada\lab\data\raw\images\McGill Calibrated Color Image Database\Textures\Textures\pippin_park0052.tif,0.22656109798854177,5,False
C:\Users\Hamada.MSI\Desktop\Hamada\lab\data\raw\images\Describable Textures Dataset\images\crystalline\crystalline_0117.jpg,0.22662260008569052,5,False
C:\Users\Hamada.MSI\Desktop\Hamada\lab\data\raw\images\Describable Textures Dataset\images\flecked\flecked_0047.jpg,0.22666720178203895,5,False
C:\Users\Hamada.MSI\Desktop\Hamada\lab\data\raw\images\Describable Textures Dataset\images\matted\matted_0120.jpg,0.22667526958101256,5,False
C:\Users\Hamada.MSI\Desktop\Hamada\lab\data\raw\images\Describable Textures Dataset\images\scaly\scaly_0115.jpg,0.22673490591109755,5,False
C:\Users\Hamada.MSI\Desktop\Hamada\lab\data\raw\images\Describable Textures Dataset\images\honeycombed\honeycombed_0104.jpg,0.22678497366439088,5,False
C:\Users\Hamada.MSI\Desktop\Hamada\lab\data\raw\images\Describable Textures Dataset\images\woven\woven_0119.jpg,0.22682832320081878,5,False
C:\Users\Hamada.MSI\Desktop\Hamada\lab\data\raw\images\Describable Textures Dataset\images\smeared\smeared_0124.jpg,0.22684004632412064,5,False
C:\Users\Hamada.MSI\Desktop\Hamada\lab\data\raw\images\Describable Textures Dataset\images\paisley\paisley_0057.jpg,0.22691345872197768,5,False
C:\Users\Hamada.MSI\Desktop\Hamada\lab\data\raw\images\Describable Textures Dataset\images\meshed\meshed_0191.jpg,0.22691770373675604,5,False
C:\Users\Hamada.MSI\Desktop\Hamada\lab\data\raw\images\Describable Textures Dataset\images\waffled\waffled_0181.jpg,0.22693108454820013,5,False
C:\Users\Hamada.MSI\Desktop\Hamada\lab\data\raw\images\Describable Textures Dataset\images\paisley\paisley_0019.jpg,0.22693762144668878,5,False
C:\Users\Hamada.MSI\Desktop\Hamada\lab\data\raw\images\Describable Textures Dataset\images\bumpy\bumpy_0176.jpg,0.22693842123009966,5,False
C:\Users\Hamada.MSI\Desktop\Hamada\lab\data\raw\images\Describable Textures Dataset\images\meshed\meshed_0044.jpg,0.22697803172407285,5,False
C:\Users\Hamada.MSI\Desktop\Hamada\lab\data\raw\images\Describable Textures Dataset\images\stained\stained_0063.jpg,0.22701767396391806,5,False
C:\Users\Hamada.MSI\Desktop\Hamada\lab\data\raw\images\Describable Textures Dataset\images\grid\grid_0035.jpg,0.22703859921111832,5,False
C:\Users\Hamada.MSI\Desktop\Hamada\lab\data\raw\images\Describable Textures Dataset\images\crosshatched\crosshatched_0082.jpg,0.2270785782303087,5,False
C:\Users\Hamada.MSI\Desktop\Hamada\lab\data\raw\images\Describable Textures Dataset\images\bumpy\bumpy_0185.jpg,0.22709367048187287,5,False
C:\Users\Hamada.MSI\Desktop\Hamada\lab\data\raw\images\Describable Textures Dataset\images\fibrous\fibrous_0156.jpg,0.22709745873750148,5,False
C:\Users\Hamada.MSI\Desktop\Hamada\lab\data\raw\images\Describable Textures Dataset\images\polka-dotted\polka-dotted_0093.jpg,0.2271165153423653,5,False
C:\Users\Hamada.MSI\Desktop\Hamada\lab\data\raw\images\Describable Textures Dataset\images\bubbly\bubbly_0083.jpg,0.22714013685895285,5,False
C:\Users\Hamada.MSI\Desktop\Hamada\lab\data\raw\images\Describable Textures Dataset\images\interlaced\interlaced_0105.jpg,0.22722929683870197,5,False
C:\Users\Hamada.MSI\Desktop\Hamada\lab\data\raw\images\Describable Textures Dataset\images\polka-dotted\polka-dotted_0162.jpg,0.22730352695316955,5,False
C:\Users\Hamada.MSI\Desktop\Hamada\lab\data\raw\images\McGill Calibrated Color Image Database\Textures\Textures\pippin_ParcSafari005.tif,0.22733339372177805,5,False
C:\Users\Hamada.MSI\Desktop\Hamada\lab\data\raw\images\Describable Textures Dataset\images\braided\braided_0178.jpg,0.22734268797233836,5,False
C:\Users\Hamada.MSI\Desktop\Hamada\lab\data\raw\images\Describable Textures Dataset\images\bubbly\bubbly_0171.jpg,0.22734724610184961,5,False
C:\Users\Hamada.MSI\Desktop\Hamada\lab\data\raw\images\Describable Textures Dataset\images\lined\lined_0071.jpg,0.2273517201216293,5,False
C:\Users\Hamada.MSI\Desktop\Hamada\lab\data\raw\images\Describable Textures Dataset\images\chequered\chequered_0157.jpg,0.22736054995167926,5,False
C:\Users\Hamada.MSI\Desktop\Hamada\lab\data\raw\images\Describable Textures Dataset\images\pitted\pitted_0100.jpg,0.22741104731781203,5,False
C:\Users\Hamada.MSI\Desktop\Hamada\lab\data\raw\images\Describable Textures Dataset\images\honeycombed\honeycombed_0115.jpg,0.22746979019181587,5,False
C:\Users\Hamada.MSI\Desktop\Hamada\lab\data\raw\images\Describable Textures Dataset\images\matted\matted_0070.jpg,0.22748054774258014,5,False
C:\Users\Hamada.MSI\Desktop\Hamada\lab\data\raw\images\Describable Textures Dataset\images\matted\matted_0090.jpg,0.2275459942568105,5,False
C:\Users\Hamada.MSI\Desktop\Hamada\lab\data\raw\images\Describable Textures Dataset\images\pitted\pitted_0010.jpg,0.22755333499633268,5,False
C:\Users\Hamada.MSI\Desktop\Hamada\lab\data\raw\images\Describable Textures Dataset\images\bumpy\bumpy_0067.jpg,0.2276654119976092,5,False
C:\Users\Hamada.MSI\Desktop\Hamada\lab\data\raw\images\Describable Textures Dataset\images\chequered\chequered_0145.jpg,0.22767180633551234,5,False
C:\Users\Hamada.MSI\Desktop\Hamada\lab\data\raw\images\Describable Textures Dataset\images\freckled\freckled_0105.jpg,0.22771891543716102,5,False
C:\Users\Hamada.MSI\Desktop\Hamada\lab\data\raw\images\Describable Textures Dataset\images\veined\veined_0148.jpg,0.227741132756524,5,False
C:\Users\Hamada.MSI\Desktop\Hamada\lab\data\raw\images\Describable Textures Dataset\images\zigzagged\zigzagged_0075.jpg,0.2277637968452284,5,False
C:\Users\Hamada.MSI\Desktop\Hamada\lab\data\raw\images\Describable Textures Dataset\images\meshed\meshed_0113.jpg,0.22777621920227872,5,False
C:\Users\Hamada.MSI\Desktop\Hamada\lab\data\raw\images\Describable Textures Dataset\images\potholed\potholed_0142.jpg,0.22778374877198565,5,False
C:\Users\Hamada.MSI\Desktop\Hamada\lab\data\raw\images\Describable Textures Dataset\images\porous\porous_0172.jpg,0.22783539930007923,5,False
C:\Users\Hamada.MSI\Desktop\Hamada\lab\data\raw\images\Describable Textures Dataset\images\pitted\pitted_0124.jpg,0.22785889123265737,5,False
C:\Users\Hamada.MSI\Desktop\Hamada\lab\data\raw\images\Describable Textures Dataset\images\knitted\knitted_0196.jpg,0.227939319116701,5,False
C:\Users\Hamada.MSI\Desktop\Hamada\lab\data\raw\images\Describable Textures Dataset\images\lined\lined_0077.jpg,0.22795233083312177,5,False
C:\Users\Hamada.MSI\Desktop\Hamada\lab\data\raw\images\Describable Textures Dataset\images\porous\porous_0167.jpg,0.2279831492089652,5,False
C:\Users\Hamada.MSI\Desktop\Hamada\lab\data\raw\images\Describable Textures Dataset\images\interlaced\interlaced_0122.jpg,0.2280115676196494,5,False
C:\Users\Hamada.MSI\Desktop\Hamada\lab\data\raw\images\Describable Textures Dataset\images\polka-dotted\polka-dotted_0192.jpg,0.22804470878480368,5,False
C:\Users\Hamada.MSI\Desktop\Hamada\lab\data\raw\images\Describable Textures Dataset\images\pitted\pitted_0072.jpg,0.22805623989774856,5,False
C:\Users\Hamada.MSI\Desktop\Hamada\lab\data\raw\images\Describable Textures Dataset\images\perforated\perforated_0034.jpg,0.22810231910479145,5,False
C:\Users\Hamada.MSI\Desktop\Hamada\lab\data\raw\images\Describable Textures Dataset\images\woven\woven_0075.jpg,0.22812775417186087,5,False
C:\Users\Hamada.MSI\Desktop\Hamada\lab\data\raw\images\Describable Textures Dataset\images\braided\braided_0123.jpg,0.22813871733522476,5,False
C:\Users\Hamada.MSI\Desktop\Hamada\lab\data\raw\images\Describable Textures Dataset\images\pleated\pleated_0137.jpg,0.22817207909208795,5,False
C:\Users\Hamada.MSI\Desktop\Hamada\lab\data\raw\images\Describable Textures Dataset\images\blotchy\blotchy_0108.jpg,0.22819618380598844,5,False
C:\Users\Hamada.MSI\Desktop\Hamada\lab\data\raw\images\Describable Textures Dataset\images\cracked\cracked_0066.jpg,0.22821886182852658,5,False
C:\Users\Hamada.MSI\Desktop\Hamada\lab\data\raw\images\Describable Textures Dataset\images\meshed\meshed_0141.jpg,0.2285371613664336,5,False
C:\Users\Hamada.MSI\Desktop\Hamada\lab\data\raw\images\Describable Textures Dataset\images\pleated\pleated_0059.jpg,0.22857635648759336,5,False
C:\Users\Hamada.MSI\Desktop\Hamada\lab\data\raw\images\Describable Textures Dataset\images\honeycombed\honeycombed_0136.jpg,0.22865328829123746,5,False
C:\Users\Hamada.MSI\Desktop\Hamada\lab\data\raw\images\Describable Textures Dataset\images\veined\veined_0139.jpg,0.22878880611675068,5,False
C:\Users\Hamada.MSI\Desktop\Hamada\lab\data\raw\images\Describable Textures Dataset\images\spiralled\spiralled_0056.jpg,0.22889708070432652,5,False
C:\Users\Hamada.MSI\Desktop\Hamada\lab\data\raw\images\Describable Textures Dataset\images\honeycombed\honeycombed_0045.jpg,0.2289266361510397,5,False
C:\Users\Hamada.MSI\Desktop\Hamada\lab\data\raw\images\Describable Textures Dataset\images\freckled\freckled_0114.jpg,0.22895082320172422,5,False
C:\Users\Hamada.MSI\Desktop\Hamada\lab\data\raw\images\McGill Calibrated Color Image Database\Textures\Textures\pippin_RS_YachtClub019.tif,0.2289674018735146,5,False
C:\Users\Hamada.MSI\Desktop\Hamada\lab\data\raw\images\Describable Textures Dataset\images\waffled\waffled_0185.jpg,0.22910202981609343,5,False
C:\Users\Hamada.MSI\Desktop\Hamada\lab\data\raw\images\Describable Textures Dataset\images\interlaced\interlaced_0201.jpg,0.22910402855964251,5,False
C:\Users\Hamada.MSI\Desktop\Hamada\lab\data\raw\images\Describable Textures Dataset\images\frilly\frilly_0009.jpg,0.22912002961200112,5,False
C:\Users\Hamada.MSI\Desktop\Hamada\lab\data\raw\images\Describable Textures Dataset\images\pleated\pleated_0089.jpg,0.2293398970150956,5,False
C:\Users\Hamada.MSI\Desktop\Hamada\lab\data\raw\images\Describable Textures Dataset\images\bumpy\bumpy_0182.jpg,0.22934128074119361,5,False
C:\Users\Hamada.MSI\Desktop\Hamada\lab\data\raw\images\Describable Textures Dataset\images\cracked\cracked_0111.jpg,0.22935684797805325,5,False
C:\Users\Hamada.MSI\Desktop\Hamada\lab\data\raw\images\Describable Textures Dataset\images\marbled\marbled_0148.jpg,0.2293924512927345,5,False
C:\Users\Hamada.MSI\Desktop\Hamada\lab\data\raw\images\Describable Textures Dataset\images\perforated\perforated_0001.jpg,0.22954934193079277,5,False
C:\Users\Hamada.MSI\Desktop\Hamada\lab\data\raw\images\Describable Textures Dataset\images\stratified\stratified_0027.jpg,0.2295580199168997,5,False
C:\Users\Hamada.MSI\Desktop\Hamada\lab\data\raw\images\Describable Textures Dataset\images\swirly\swirly_0133.jpg,0.22962087693138142,5,False
C:\Users\Hamada.MSI\Desktop\Hamada\lab\data\raw\images\Describable Textures Dataset\images\wrinkled\wrinkled_0112.jpg,0.22966136292949677,5,False
C:\Users\Hamada.MSI\Desktop\Hamada\lab\data\raw\images\Describable Textures Dataset\images\scaly\scaly_0156.jpg,0.22978901316763597,5,False
C:\Users\Hamada.MSI\Desktop\Hamada\lab\data\raw\images\Describable Textures Dataset\images\polka-dotted\polka-dotted_0197.jpg,0.22982490238020242,5,False
C:\Users\Hamada.MSI\Desktop\Hamada\lab\data\raw\images\Describable Textures Dataset\images\frilly\frilly_0016.jpg,0.22983073141998553,5,False
C:\Users\Hamada.MSI\Desktop\Hamada\lab\data\raw\images\Describable Textures Dataset\images\veined\veined_0173.jpg,0.22985424256207185,5,False
C:\Users\Hamada.MSI\Desktop\Hamada\lab\data\raw\images\Describable Textures Dataset\images\zigzagged\zigzagged_0044.jpg,0.22987743491034973,5,False
C:\Users\Hamada.MSI\Desktop\Hamada\lab\data\raw\images\Describable Textures Dataset\images\lacelike\lacelike_0099.jpg,0.22993438868351715,5,False
C:\Users\Hamada.MSI\Desktop\Hamada\lab\data\raw\images\Describable Textures Dataset\images\waffled\waffled_0125.jpg,0.23008950433598988,5,False
C:\Users\Hamada.MSI\Desktop\Hamada\lab\data\raw\images\Describable Textures Dataset\images\stratified\stratified_0090.jpg,0.2301240368189415,5,False
C:\Users\Hamada.MSI\Desktop\Hamada\lab\data\raw\images\Describable Textures Dataset\images\perforated\perforated_0050.jpg,0.23017558611895197,5,False
C:\Users\Hamada.MSI\Desktop\Hamada\lab\data\raw\images\Describable Textures Dataset\images\sprinkled\sprinkled_0141.jpg,0.2301819827725112,5,False
C:\Users\Hamada.MSI\Desktop\Hamada\lab\data\raw\images\Describable Textures Dataset\images\cracked\cracked_0080.jpg,0.23021163771916672,5,False
C:\Users\Hamada.MSI\Desktop\Hamada\lab\data\raw\images\Describable Textures Dataset\images\porous\porous_0093.jpg,0.23022052618835964,5,False
C:\Users\Hamada.MSI\Desktop\Hamada\lab\data\raw\images\Describable Textures Dataset\images\porous\porous_0108.jpg,0.2302369113672753,5,False
C:\Users\Hamada.MSI\Desktop\Hamada\lab\data\raw\images\Describable Textures Dataset\images\crosshatched\crosshatched_0137.jpg,0.23038435399551788,5,False
C:\Users\Hamada.MSI\Desktop\Hamada\lab\data\raw\images\Describable Textures Dataset\images\swirly\swirly_0101.jpg,0.23040720605636866,5,False
C:\Users\Hamada.MSI\Desktop\Hamada\lab\data\raw\images\McGill Calibrated Color Image Database\Textures\Textures\pippin_RS_YachtClub026.tif,0.23051148156036738,5,False
C:\Users\Hamada.MSI\Desktop\Hamada\lab\data\raw\images\Describable Textures Dataset\images\bubbly\bubbly_0100.jpg,0.23057474475691767,5,False
C:\Users\Hamada.MSI\Desktop\Hamada\lab\data\raw\images\Describable Textures Dataset\images\bumpy\bumpy_0065.jpg,0.23068499582831672,5,False
C:\Users\Hamada.MSI\Desktop\Hamada\lab\data\raw\images\Describable Textures Dataset\images\waffled\waffled_0063.jpg,0.23075453199237642,5,False
C:\Users\Hamada.MSI\Desktop\Hamada\lab\data\raw\images\Describable Textures Dataset\images\pitted\pitted_0002.jpg,0.23079477079639465,5,False
C:\Users\Hamada.MSI\Desktop\Hamada\lab\data\raw\images\Describable Textures Dataset\images\matted\matted_0073.jpg,0.2308219164284856,5,False
C:\Users\Hamada.MSI\Desktop\Hamada\lab\data\raw\images\Describable Textures Dataset\images\wrinkled\wrinkled_0079.jpg,0.23088520276923638,5,False
C:\Users\Hamada.MSI\Desktop\Hamada\lab\data\raw\images\Describable Textures Dataset\images\sprinkled\sprinkled_0063.jpg,0.23094575832264572,5,False
C:\Users\Hamada.MSI\Desktop\Hamada\lab\data\raw\images\Describable Textures Dataset\images\honeycombed\honeycombed_0153.jpg,0.23099883336218865,5,False
C:\Users\Hamada.MSI\Desktop\Hamada\lab\data\raw\images\Describable Textures Dataset\images\freckled\freckled_0048.jpg,0.23100105722678257,5,False
C:\Users\Hamada.MSI\Desktop\Hamada\lab\data\raw\images\Describable Textures Dataset\images\scaly\scaly_0218.jpg,0.2310017089350433,5,False
C:\Users\Hamada.MSI\Desktop\Hamada\lab\data\raw\images\Describable Textures Dataset\images\spiralled\spiralled_0104.jpg,0.23106263524669957,5,False
C:\Users\Hamada.MSI\Desktop\Hamada\lab\data\raw\images\Describable Textures Dataset\images\cracked\cracked_0114.jpg,0.23109088478753292,5,False
C:\Users\Hamada.MSI\Desktop\Hamada\lab\data\raw\images\Describable Textures Dataset\images\banded\banded_0019.jpg,0.23112915096907033,5,False
C:\Users\Hamada.MSI\Desktop\Hamada\lab\data\raw\images\Describable Textures Dataset\images\scaly\scaly_0194.jpg,0.23113879509430937,5,False
C:\Users\Hamada.MSI\Desktop\Hamada\lab\data\raw\images\Describable Textures Dataset\images\smeared\smeared_0134.jpg,0.23118598165921037,5,False
C:\Users\Hamada.MSI\Desktop\Hamada\lab\data\raw\images\Describable Textures Dataset\images\stratified\stratified_0114.jpg,0.23121119972175566,5,False
C:\Users\Hamada.MSI\Desktop\Hamada\lab\data\raw\images\McGill Calibrated Color Image Database\Textures\Textures\pippin_park0038.tif,0.2312246263180965,5,False
C:\Users\Hamada.MSI\Desktop\Hamada\lab\data\raw\images\Describable Textures Dataset\images\potholed\potholed_0088.jpg,0.23126786220057957,5,False
C:\Users\Hamada.MSI\Desktop\Hamada\lab\data\raw\images\Describable Textures Dataset\images\crystalline\crystalline_0136.jpg,0.2313125839708414,5,False
C:\Users\Hamada.MSI\Desktop\Hamada\lab\data\raw\images\Describable Textures Dataset\images\scaly\scaly_0224.jpg,0.23136167409224923,5,False
C:\Users\Hamada.MSI\Desktop\Hamada\lab\data\raw\images\Describable Textures Dataset\images\bumpy\bumpy_0122.jpg,0.23136248055006464,5,False
C:\Users\Hamada.MSI\Desktop\Hamada\lab\data\raw\images\Describable Textures Dataset\images\lined\lined_0144.jpg,0.23137627215403528,5,False
C:\Users\Hamada.MSI\Desktop\Hamada\lab\data\raw\images\McGill Calibrated Color Image Database\Textures\Textures\pippin_park0060.tif,0.23138324316088135,5,False
C:\Users\Hamada.MSI\Desktop\Hamada\lab\data\raw\images\Describable Textures Dataset\images\freckled\freckled_0108.jpg,0.23142900210220116,5,False
C:\Users\Hamada.MSI\Desktop\Hamada\lab\data\raw\images\Describable Textures Dataset\images\paisley\paisley_0110.jpg,0.2314773014814364,5,False
C:\Users\Hamada.MSI\Desktop\Hamada\lab\data\raw\images\Describable Textures Dataset\images\bumpy\bumpy_0150.jpg,0.23148642730497057,5,False
C:\Users\Hamada.MSI\Desktop\Hamada\lab\data\raw\images\Describable Textures Dataset\images\frilly\frilly_0004.jpg,0.23153179695470955,5,False
C:\Users\Hamada.MSI\Desktop\Hamada\lab\data\raw\images\Describable Textures Dataset\images\freckled\freckled_0135.jpg,0.23169402150255472,5,False
C:\Users\Hamada.MSI\Desktop\Hamada\lab\data\raw\images\Describable Textures Dataset\images\meshed\meshed_0188.jpg,0.23177427874057846,5,False
C:\Users\Hamada.MSI\Desktop\Hamada\lab\data\raw\images\McGill Calibrated Color Image Database\Textures\Textures\merry_mtl07_037.tif,0.23184594636049383,5,False
C:\Users\Hamada.MSI\Desktop\Hamada\lab\data\raw\images\McGill Calibrated Color Image Database\Textures\Textures\pippin_UniStrt028.tif,0.2318611028945281,5,False
C:\Users\Hamada.MSI\Desktop\Hamada\lab\data\raw\images\Describable Textures Dataset\images\porous\porous_0099.jpg,0.23186210545179867,5,False
C:\Users\Hamada.MSI\Desktop\Hamada\lab\data\raw\images\Describable Textures Dataset\images\cracked\cracked_0048.jpg,0.23192121961493425,5,False
C:\Users\Hamada.MSI\Desktop\Hamada\lab\data\raw\images\Describable Textures Dataset\images\grid\grid_0012.jpg,0.231994540248104,5,False
C:\Users\Hamada.MSI\Desktop\Hamada\lab\data\raw\images\Describable Textures Dataset\images\cracked\cracked_0067.jpg,0.23203346830823587,5,False
C:\Users\Hamada.MSI\Desktop\Hamada\lab\data\raw\images\Describable Textures Dataset\images\chequered\chequered_0114.jpg,0.23217789493128102,5,False
C:\Users\Hamada.MSI\Desktop\Hamada\lab\data\raw\images\Describable Textures Dataset\images\matted\matted_0135.jpg,0.23217838491969373,5,False
C:\Users\Hamada.MSI\Desktop\Hamada\lab\data\raw\images\Describable Textures Dataset\images\matted\matted_0030.jpg,0.23222120283190875,5,False
C:\Users\Hamada.MSI\Desktop\Hamada\lab\data\raw\images\Describable Textures Dataset\images\veined\veined_0144.jpg,0.23222446331067714,5,False
C:\Users\Hamada.MSI\Desktop\Hamada\lab\data\raw\images\Describable Textures Dataset\images\spiralled\spiralled_0067.jpg,0.23227527657724398,5,False
C:\Users\Hamada.MSI\Desktop\Hamada\lab\data\raw\images\Describable Textures Dataset\images\lacelike\lacelike_0056.jpg,0.2323874958901438,5,False
C:\Users\Hamada.MSI\Desktop\Hamada\lab\data\raw\images\Describable Textures Dataset\images\blotchy\blotchy_0003.jpg,0.2325352867578128,5,False
C:\Users\Hamada.MSI\Desktop\Hamada\lab\data\raw\images\Describable Textures Dataset\images\matted\matted_0107.jpg,0.23261045482931494,5,False
C:\Users\Hamada.MSI\Desktop\Hamada\lab\data\raw\images\Describable Textures Dataset\images\stratified\stratified_0051.jpg,0.23276263860214025,5,False
C:\Users\Hamada.MSI\Desktop\Hamada\lab\data\raw\images\Describable Textures Dataset\images\blotchy\blotchy_0063.jpg,0.23280789412603686,5,False
C:\Users\Hamada.MSI\Desktop\Hamada\lab\data\raw\images\Describable Textures Dataset\images\veined\veined_0095.jpg,0.23291469981384244,5,False
C:\Users\Hamada.MSI\Desktop\Hamada\lab\data\raw\images\Describable Textures Dataset\images\paisley\paisley_0111.jpg,0.23291911234045526,5,False
C:\Users\Hamada.MSI\Desktop\Hamada\lab\data\raw\images\Describable Textures Dataset\images\potholed\potholed_0100.jpg,0.2329769535745893,5,False
C:\Users\Hamada.MSI\Desktop\Hamada\lab\data\raw\images\Describable Textures Dataset\images\lined\lined_0173.jpg,0.23301684651932064,5,False
C:\Users\Hamada.MSI\Desktop\Hamada\lab\data\raw\images\Describable Textures Dataset\images\smeared\smeared_0141.jpg,0.2330331700026966,5,False
C:\Users\Hamada.MSI\Desktop\Hamada\lab\data\raw\images\Describable Textures Dataset\images\knitted\knitted_0171.jpg,0.23309405263817634,5,False
C:\Users\Hamada.MSI\Desktop\Hamada\lab\data\raw\images\Describable Textures Dataset\images\knitted\knitted_0076.jpg,0.23317664226532087,5,False
C:\Users\Hamada.MSI\Desktop\Hamada\lab\data\raw\images\Describable Textures Dataset\images\porous\porous_0151.jpg,0.2332842146297267,5,False
C:\Users\Hamada.MSI\Desktop\Hamada\lab\data\raw\images\McGill Calibrated Color Image Database\Textures\Textures\pippin_park0043.tif,0.23342342847389302,5,False
C:\Users\Hamada.MSI\Desktop\Hamada\lab\data\raw\images\McGill Calibrated Color Image Database\Textures\Textures\pippin_Peel013.tif,0.23342893618889007,5,False
C:\Users\Hamada.MSI\Desktop\Hamada\lab\data\raw\images\Describable Textures Dataset\images\dotted\dotted_0173.jpg,0.23343269293964264,5,False
C:\Users\Hamada.MSI\Desktop\Hamada\lab\data\raw\images\Describable Textures Dataset\images\dotted\dotted_0206.jpg,0.23343269293964264,5,False
C:\Users\Hamada.MSI\Desktop\Hamada\lab\data\raw\images\McGill Calibrated Color Image Database\Textures\Textures\pippin_RS_YachtClub023.tif,0.23343361070230365,5,False
C:\Users\Hamada.MSI\Desktop\Hamada\lab\data\raw\images\Describable Textures Dataset\images\interlaced\interlaced_0183.jpg,0.23344049579616138,5,False
C:\Users\Hamada.MSI\Desktop\Hamada\lab\data\raw\images\McGill Calibrated Color Image Database\Textures\Textures\pippin_UniStrt010.tif,0.23352937639666407,5,False
C:\Users\Hamada.MSI\Desktop\Hamada\lab\data\raw\images\McGill Calibrated Color Image Database\Textures\Textures\pippin_UniStrt005.tif,0.23355898021229318,5,False
C:\Users\Hamada.MSI\Desktop\Hamada\lab\data\raw\images\Describable Textures Dataset\images\potholed\potholed_0099.jpg,0.23356713026942771,5,False
C:\Users\Hamada.MSI\Desktop\Hamada\lab\data\raw\images\Describable Textures Dataset\images\zigzagged\zigzagged_0097.jpg,0.23358678566247176,5,False
C:\Users\Hamada.MSI\Desktop\Hamada\lab\data\raw\images\Describable Textures Dataset\images\porous\porous_0098.jpg,0.23361745760290403,5,False
C:\Users\Hamada.MSI\Desktop\Hamada\lab\data\raw\images\Describable Textures Dataset\images\crosshatched\crosshatched_0148.jpg,0.2336969555782285,5,False
C:\Users\Hamada.MSI\Desktop\Hamada\lab\data\raw\images\Describable Textures Dataset\images\crosshatched\crosshatched_0163.jpg,0.2337063811782417,5,False
C:\Users\Hamada.MSI\Desktop\Hamada\lab\data\raw\images\Describable Textures Dataset\images\pleated\pleated_0052.jpg,0.23376903549066227,5,False
C:\Users\Hamada.MSI\Desktop\Hamada\lab\data\raw\images\Describable Textures Dataset\images\interlaced\interlaced_0108.jpg,0.23382190997327398,5,False
C:\Users\Hamada.MSI\Desktop\Hamada\lab\data\raw\images\Describable Textures Dataset\images\spiralled\spiralled_0094.jpg,0.2338584843069117,5,False
C:\Users\Hamada.MSI\Desktop\Hamada\lab\data\raw\images\Describable Textures Dataset\images\perforated\perforated_0139.jpg,0.23405321307206767,5,False
C:\Users\Hamada.MSI\Desktop\Hamada\lab\data\raw\images\Describable Textures Dataset\images\honeycombed\honeycombed_0126.jpg,0.23416934111404097,5,False
C:\Users\Hamada.MSI\Desktop\Hamada\lab\data\raw\images\Describable Textures Dataset\images\woven\woven_0127.jpg,0.2341747596677963,5,False
C:\Users\Hamada.MSI\Desktop\Hamada\lab\data\raw\images\Describable Textures Dataset\images\grid\grid_0127.jpg,0.23420305762218202,5,False
C:\Users\Hamada.MSI\Desktop\Hamada\lab\data\raw\images\Describable Textures Dataset\images\perforated\perforated_0119.jpg,0.2342623100668743,5,False
C:\Users\Hamada.MSI\Desktop\Hamada\lab\data\raw\images\McGill Calibrated Color Image Database\Textures\Textures\pippin_ParcSafari048.tif,0.23436931547940834,5,False
C:\Users\Hamada.MSI\Desktop\Hamada\lab\data\raw\images\Describable Textures Dataset\images\studded\studded_0134.jpg,0.23437624143848018,5,False
C:\Users\Hamada.MSI\Desktop\Hamada\lab\data\raw\images\Describable Textures Dataset\images\lacelike\lacelike_0032.jpg,0.23441545409116119,5,False
C:\Users\Hamada.MSI\Desktop\Hamada\lab\data\raw\images\Describable Textures Dataset\images\stratified\stratified_0077.jpg,0.23443548459011457,5,False
C:\Users\Hamada.MSI\Desktop\Hamada\lab\data\raw\images\Describable Textures Dataset\images\scaly\scaly_0148.jpg,0.2345603234290299,5,False
C:\Users\Hamada.MSI\Desktop\Hamada\lab\data\raw\images\Describable Textures Dataset\images\freckled\freckled_0061.jpg,0.23456740600375314,5,False
C:\Users\Hamada.MSI\Desktop\Hamada\lab\data\raw\images\Describable Textures Dataset\images\banded\banded_0138.jpg,0.23456945326979023,5,False
C:\Users\Hamada.MSI\Desktop\Hamada\lab\data\raw\images\Describable Textures Dataset\images\grooved\grooved_0048.jpg,0.2346270879337728,5,False
C:\Users\Hamada.MSI\Desktop\Hamada\lab\data\raw\images\Describable Textures Dataset\images\interlaced\interlaced_0145.jpg,0.23464148067598103,5,False
C:\Users\Hamada.MSI\Desktop\Hamada\lab\data\raw\images\Describable Textures Dataset\images\frilly\frilly_0100.jpg,0.23464604082586618,5,False
C:\Users\Hamada.MSI\Desktop\Hamada\lab\data\raw\images\Describable Textures Dataset\images\polka-dotted\polka-dotted_0146.jpg,0.2346966579677902,5,False
C:\Users\Hamada.MSI\Desktop\Hamada\lab\data\raw\images\Describable Textures Dataset\images\perforated\perforated_0057.jpg,0.2347006544461443,5,False
C:\Users\Hamada.MSI\Desktop\Hamada\lab\data\raw\images\Describable Textures Dataset\images\perforated\perforated_0088.jpg,0.2347261877079276,5,False
C:\Users\Hamada.MSI\Desktop\Hamada\lab\data\raw\images\Describable Textures Dataset\images\smeared\smeared_0099.jpg,0.2347353375882056,5,False
C:\Users\Hamada.MSI\Desktop\Hamada\lab\data\raw\images\Describable Textures Dataset\images\perforated\perforated_0074.jpg,0.23480922851263775,5,False
C:\Users\Hamada.MSI\Desktop\Hamada\lab\data\raw\images\Describable Textures Dataset\images\knitted\knitted_0174.jpg,0.23482053419982157,5,False
C:\Users\Hamada.MSI\Desktop\Hamada\lab\data\raw\images\Describable Textures Dataset\images\sprinkled\sprinkled_0042.jpg,0.2348790953503774,5,False
C:\Users\Hamada.MSI\Desktop\Hamada\lab\data\raw\images\Describable Textures Dataset\images\pitted\pitted_0106.jpg,0.23489251072982126,5,False
C:\Users\Hamada.MSI\Desktop\Hamada\lab\data\raw\images\Describable Textures Dataset\images\gauzy\gauzy_0110.jpg,0.23494190711714008,5,False
C:\Users\Hamada.MSI\Desktop\Hamada\lab\data\raw\images\Describable Textures Dataset\images\bubbly\bubbly_0118.jpg,0.2352301553408437,5,False
C:\Users\Hamada.MSI\Desktop\Hamada\lab\data\raw\images\McGill Calibrated Color Image Database\Textures\Textures\pippin_RVHtexture026.tif,0.23523034219247563,5,False
C:\Users\Hamada.MSI\Desktop\Hamada\lab\data\raw\images\Describable Textures Dataset\images\matted\matted_0066.jpg,0.235258945858105,5,False
C:\Users\Hamada.MSI\Desktop\Hamada\lab\data\raw\images\Describable Textures Dataset\images\striped\striped_0065.jpg,0.2353080684894375,5,False
C:\Users\Hamada.MSI\Desktop\Hamada\lab\data\raw\images\Describable Textures Dataset\images\spiralled\spiralled_0103.jpg,0.23530934414847038,5,False
C:\Users\Hamada.MSI\Desktop\Hamada\lab\data\raw\images\Describable Textures Dataset\images\chequered\chequered_0190.jpg,0.2353350454505813,5,False
C:\Users\Hamada.MSI\Desktop\Hamada\lab\data\raw\images\Describable Textures Dataset\images\veined\veined_0112.jpg,0.23537400569165687,5,False
C:\Users\Hamada.MSI\Desktop\Hamada\lab\data\raw\images\Describable Textures Dataset\images\blotchy\blotchy_0132.jpg,0.2354162941986871,5,False
C:\Users\Hamada.MSI\Desktop\Hamada\lab\data\raw\images\Describable Textures Dataset\images\porous\porous_0069.jpg,0.23558953758302958,5,False
C:\Users\Hamada.MSI\Desktop\Hamada\lab\data\raw\images\Describable Textures Dataset\images\smeared\smeared_0145.jpg,0.23579359548525242,5,False
C:\Users\Hamada.MSI\Desktop\Hamada\lab\data\raw\images\Describable Textures Dataset\images\chequered\chequered_0120.jpg,0.23588163916761137,5,False
C:\Users\Hamada.MSI\Desktop\Hamada\lab\data\raw\images\Describable Textures Dataset\images\pitted\pitted_0142.jpg,0.23591436033927451,5,False
C:\Users\Hamada.MSI\Desktop\Hamada\lab\data\raw\images\McGill Calibrated Color Image Database\Textures\Textures\pippin_RVHtexture008.tif,0.23591903864924502,5,False
C:\Users\Hamada.MSI\Desktop\Hamada\lab\data\raw\images\Describable Textures Dataset\images\waffled\waffled_0179.jpg,0.23604839017034226,5,False
C:\Users\Hamada.MSI\Desktop\Hamada\lab\data\raw\images\Describable Textures Dataset\images\zigzagged\zigzagged_0112.jpg,0.23609864362718044,5,False
C:\Users\Hamada.MSI\Desktop\Hamada\lab\data\raw\images\Describable Textures Dataset\images\sprinkled\sprinkled_0113.jpg,0.23615696676026138,5,False
C:\Users\Hamada.MSI\Desktop\Hamada\lab\data\raw\images\Describable Textures Dataset\images\knitted\knitted_0197.jpg,0.23616009125765614,5,False
C:\Users\Hamada.MSI\Desktop\Hamada\lab\data\raw\images\McGill Calibrated Color Image Database\Textures\Textures\pippin_adirondacks0013.tif,0.23617425713312842,5,False
C:\Users\Hamada.MSI\Desktop\Hamada\lab\data\raw\images\Describable Textures Dataset\images\woven\woven_0030.jpg,0.236238513649362,5,False
C:\Users\Hamada.MSI\Desktop\Hamada\lab\data\raw\images\Describable Textures Dataset\images\braided\braided_0042.jpg,0.23630963927664364,5,False
C:\Users\Hamada.MSI\Desktop\Hamada\lab\data\raw\images\Describable Textures Dataset\images\stratified\stratified_0133.jpg,0.23632014392371825,5,False
C:\Users\Hamada.MSI\Desktop\Hamada\lab\data\raw\images\Describable Textures Dataset\images\crosshatched\crosshatched_0144.jpg,0.23645788835843615,5,False
C:\Users\Hamada.MSI\Desktop\Hamada\lab\data\raw\images\Describable Textures Dataset\images\braided\braided_0168.jpg,0.2365332414975759,5,False
C:\Users\Hamada.MSI\Desktop\Hamada\lab\data\raw\images\Describable Textures Dataset\images\porous\porous_0072.jpg,0.23654009490297404,5,False
C:\Users\Hamada.MSI\Desktop\Hamada\lab\data\raw\images\Describable Textures Dataset\images\stratified\stratified_0055.jpg,0.23658568688840953,5,False
C:\Users\Hamada.MSI\Desktop\Hamada\lab\data\raw\images\Describable Textures Dataset\images\veined\veined_0130.jpg,0.23660716459558287,5,False
C:\Users\Hamada.MSI\Desktop\Hamada\lab\data\raw\images\Describable Textures Dataset\images\waffled\waffled_0182.jpg,0.23660732989933134,5,False
C:\Users\Hamada.MSI\Desktop\Hamada\lab\data\raw\images\Describable Textures Dataset\images\interlaced\interlaced_0119.jpg,0.23669135803510555,5,False
C:\Users\Hamada.MSI\Desktop\Hamada\lab\data\raw\images\Describable Textures Dataset\images\crystalline\crystalline_0115.jpg,0.23679823879874834,5,False
C:\Users\Hamada.MSI\Desktop\Hamada\lab\data\raw\images\Describable Textures Dataset\images\smeared\smeared_0148.jpg,0.23681727438361017,5,False
C:\Users\Hamada.MSI\Desktop\Hamada\lab\data\raw\images\Describable Textures Dataset\images\crosshatched\crosshatched_0079.jpg,0.23689066680637977,5,False
C:\Users\Hamada.MSI\Desktop\Hamada\lab\data\raw\images\Describable Textures Dataset\images\porous\porous_0160.jpg,0.23690688130145096,5,False
C:\Users\Hamada.MSI\Desktop\Hamada\lab\data\raw\images\Describable Textures Dataset\images\matted\matted_0071.jpg,0.2369138468252872,5,False
C:\Users\Hamada.MSI\Desktop\Hamada\lab\data\raw\images\Describable Textures Dataset\images\crosshatched\crosshatched_0107.jpg,0.23698297754492337,5,False
C:\Users\Hamada.MSI\Desktop\Hamada\lab\data\raw\images\Describable Textures Dataset\images\bumpy\bumpy_0024.jpg,0.2369936593884262,5,False
C:\Users\Hamada.MSI\Desktop\Hamada\lab\data\raw\images\Describable Textures Dataset\images\grooved\grooved_0105.jpg,0.23710680467765924,5,False
C:\Users\Hamada.MSI\Desktop\Hamada\lab\data\raw\images\Describable Textures Dataset\images\meshed\meshed_0033.jpg,0.23712913055983087,5,False
C:\Users\Hamada.MSI\Desktop\Hamada\lab\data\raw\images\Describable Textures Dataset\images\bubbly\bubbly_0060.jpg,0.23719986085663355,5,False
C:\Users\Hamada.MSI\Desktop\Hamada\lab\data\raw\images\Describable Textures Dataset\images\bumpy\bumpy_0166.jpg,0.23731425748566634,5,False
C:\Users\Hamada.MSI\Desktop\Hamada\lab\data\raw\images\Describable Textures Dataset\images\fibrous\fibrous_0194.jpg,0.23732146799602916,5,False
C:\Users\Hamada.MSI\Desktop\Hamada\lab\data\raw\images\Describable Textures Dataset\images\marbled\marbled_0123.jpg,0.23738908864852457,5,False
C:\Users\Hamada.MSI\Desktop\Hamada\lab\data\raw\images\Describable Textures Dataset\images\woven\woven_0022.jpg,0.23747823117843186,5,False
C:\Users\Hamada.MSI\Desktop\Hamada\lab\data\raw\images\Describable Textures Dataset\images\woven\woven_0082.jpg,0.23765812652852686,5,False
C:\Users\Hamada.MSI\Desktop\Hamada\lab\data\raw\images\Describable Textures Dataset\images\frilly\frilly_0020.jpg,0.2376672481680658,5,False
C:\Users\Hamada.MSI\Desktop\Hamada\lab\data\raw\images\Describable Textures Dataset\images\gauzy\gauzy_0077.jpg,0.23768991014001697,5,False
C:\Users\Hamada.MSI\Desktop\Hamada\lab\data\raw\images\Describable Textures Dataset\images\porous\porous_0073.jpg,0.23792555087937994,5,False
C:\Users\Hamada.MSI\Desktop\Hamada\lab\data\raw\images\Describable Textures Dataset\images\crystalline\crystalline_0142.jpg,0.23797065346840354,5,False
C:\Users\Hamada.MSI\Desktop\Hamada\lab\data\raw\images\Describable Textures Dataset\images\veined\veined_0188.jpg,0.23821381951792323,5,False
C:\Users\Hamada.MSI\Desktop\Hamada\lab\data\raw\images\Describable Textures Dataset\images\sprinkled\sprinkled_0043.jpg,0.23829100717299043,5,False
C:\Users\Hamada.MSI\Desktop\Hamada\lab\data\raw\images\Describable Textures Dataset\images\stratified\stratified_0155.jpg,0.23862730310900787,5,False
C:\Users\Hamada.MSI\Desktop\Hamada\lab\data\raw\images\Describable Textures Dataset\images\striped\striped_0037.jpg,0.23862760003908107,5,False
C:\Users\Hamada.MSI\Desktop\Hamada\lab\data\raw\images\Describable Textures Dataset\images\banded\banded_0023.jpg,0.2386868721817804,5,False
C:\Users\Hamada.MSI\Desktop\Hamada\lab\data\raw\images\Describable Textures Dataset\images\matted\matted_0117.jpg,0.23877969627670734,5,False
C:\Users\Hamada.MSI\Desktop\Hamada\lab\data\raw\images\Describable Textures Dataset\images\cracked\cracked_0098.jpg,0.23891002280518708,5,False
C:\Users\Hamada.MSI\Desktop\Hamada\lab\data\raw\images\McGill Calibrated Color Image Database\Textures\Textures\merry_mtl07_019.tif,0.23899506603251422,5,False
C:\Users\Hamada.MSI\Desktop\Hamada\lab\data\raw\images\McGill Calibrated Color Image Database\Textures\Textures\pippin_Biodome044.tif,0.23900799299270228,5,False
C:\Users\Hamada.MSI\Desktop\Hamada\lab\data\raw\images\Describable Textures Dataset\images\meshed\meshed_0173.jpg,0.23903495816759981,5,False
C:\Users\Hamada.MSI\Desktop\Hamada\lab\data\raw\images\McGill Calibrated Color Image Database\Textures\Textures\pippin_RVHtexture013.tif,0.23906493430460826,5,False
C:\Users\Hamada.MSI\Desktop\Hamada\lab\data\raw\images\Describable Textures Dataset\images\meshed\meshed_0132.jpg,0.23906671166530002,5,False
C:\Users\Hamada.MSI\Desktop\Hamada\lab\data\raw\images\Describable Textures Dataset\images\cracked\cracked_0136.jpg,0.23906936361485726,5,False
C:\Users\Hamada.MSI\Desktop\Hamada\lab\data\raw\images\Describable Textures Dataset\images\stratified\stratified_0170.jpg,0.23910241945953745,5,False
C:\Users\Hamada.MSI\Desktop\Hamada\lab\data\raw\images\Describable Textures Dataset\images\bubbly\bubbly_0134.jpg,0.2391176126355802,5,False
C:\Users\Hamada.MSI\Desktop\Hamada\lab\data\raw\images\Describable Textures Dataset\images\potholed\potholed_0128.jpg,0.2391337912581585,5,False
C:\Users\Hamada.MSI\Desktop\Hamada\lab\data\raw\images\Describable Textures Dataset\images\braided\braided_0076.jpg,0.23922104670246458,5,False
C:\Users\Hamada.MSI\Desktop\Hamada\lab\data\raw\images\Describable Textures Dataset\images\zigzagged\zigzagged_0032.jpg,0.23924632728076423,5,False
C:\Users\Hamada.MSI\Desktop\Hamada\lab\data\raw\images\Describable Textures Dataset\images\pleated\pleated_0056.jpg,0.23926961373548053,5,False
C:\Users\Hamada.MSI\Desktop\Hamada\lab\data\raw\images\Describable Textures Dataset\images\meshed\meshed_0114.jpg,0.2392798515606536,5,False
C:\Users\Hamada.MSI\Desktop\Hamada\lab\data\raw\images\Describable Textures Dataset\images\bubbly\bubbly_0052.jpg,0.23928756839166268,5,False
C:\Users\Hamada.MSI\Desktop\Hamada\lab\data\raw\images\Describable Textures Dataset\images\flecked\flecked_0144.jpg,0.2394309627461063,5,False
C:\Users\Hamada.MSI\Desktop\Hamada\lab\data\raw\images\Describable Textures Dataset\images\marbled\marbled_0087.jpg,0.2394554599520068,5,False
C:\Users\Hamada.MSI\Desktop\Hamada\lab\data\raw\images\Describable Textures Dataset\images\cracked\cracked_0085.jpg,0.23947281489037436,5,False
C:\Users\Hamada.MSI\Desktop\Hamada\lab\data\raw\images\McGill Calibrated Color Image Database\Textures\Textures\pippin_spring0006.tif,0.2394735162988291,5,False
C:\Users\Hamada.MSI\Desktop\Hamada\lab\data\raw\images\McGill Calibrated Color Image Database\Textures\Textures\pippin_RVHtexture005.tif,0.23949185347216317,5,False
C:\Users\Hamada.MSI\Desktop\Hamada\lab\data\raw\images\Describable Textures Dataset\images\knitted\knitted_0107.jpg,0.2395885366187336,5,False
C:\Users\Hamada.MSI\Desktop\Hamada\lab\data\raw\images\Describable Textures Dataset\images\porous\porous_0101.jpg,0.23965421568410783,5,False
C:\Users\Hamada.MSI\Desktop\Hamada\lab\data\raw\images\Describable Textures Dataset\images\fibrous\fibrous_0173.jpg,0.2396768748849966,5,False
C:\Users\Hamada.MSI\Desktop\Hamada\lab\data\raw\images\Describable Textures Dataset\images\porous\porous_0168.jpg,0.23972035700480396,5,False
C:\Users\Hamada.MSI\Desktop\Hamada\lab\data\raw\images\Describable Textures Dataset\images\veined\veined_0082.jpg,0.23977465639642523,5,False
C:\Users\Hamada.MSI\Desktop\Hamada\lab\data\raw\images\Describable Textures Dataset\images\knitted\knitted_0167.jpg,0.23984480526847024,5,False
C:\Users\Hamada.MSI\Desktop\Hamada\lab\data\raw\images\Describable Textures Dataset\images\scaly\scaly_0110.jpg,0.2399131300095505,5,False
C:\Users\Hamada.MSI\Desktop\Hamada\lab\data\raw\images\Describable Textures Dataset\images\scaly\scaly_0162.jpg,0.23994925391907446,5,False
C:\Users\Hamada.MSI\Desktop\Hamada\lab\data\raw\images\Describable Textures Dataset\images\striped\striped_0067.jpg,0.23995094591716407,5,False
C:\Users\Hamada.MSI\Desktop\Hamada\lab\data\raw\images\Describable Textures Dataset\images\braided\braided_0194.jpg,0.23996034880921346,5,False
C:\Users\Hamada.MSI\Desktop\Hamada\lab\data\raw\images\Describable Textures Dataset\images\paisley\paisley_0074.jpg,0.2399800093383627,5,False
C:\Users\Hamada.MSI\Desktop\Hamada\lab\data\raw\images\Describable Textures Dataset\images\stained\stained_0115.jpg,0.24002704549751283,5,False
C:\Users\Hamada.MSI\Desktop\Hamada\lab\data\raw\images\Describable Textures Dataset\images\meshed\meshed_0151.jpg,0.24008506490910206,5,False
C:\Users\Hamada.MSI\Desktop\Hamada\lab\data\raw\images\Describable Textures Dataset\images\lacelike\lacelike_0120.jpg,0.24012314129343387,5,False
C:\Users\Hamada.MSI\Desktop\Hamada\lab\data\raw\images\McGill Calibrated Color Image Database\Textures\Textures\pippin_RS_YachtClub055.tif,0.24015830028916685,5,False
C:\Users\Hamada.MSI\Desktop\Hamada\lab\data\raw\images\Describable Textures Dataset\images\freckled\freckled_0173.jpg,0.24017230190148292,5,False
C:\Users\Hamada.MSI\Desktop\Hamada\lab\data\raw\images\Describable Textures Dataset\images\paisley\paisley_0065.jpg,0.24018773629177562,5,False
C:\Users\Hamada.MSI\Desktop\Hamada\lab\data\raw\images\Describable Textures Dataset\images\flecked\flecked_0079.jpg,0.2402151506744745,5,False
C:\Users\Hamada.MSI\Desktop\Hamada\lab\data\raw\images\Describable Textures Dataset\images\sprinkled\sprinkled_0143.jpg,0.2402634926284329,5,False
C:\Users\Hamada.MSI\Desktop\Hamada\lab\data\raw\images\Describable Textures Dataset\images\pitted\pitted_0157.jpg,0.24026440869318078,5,False
C:\Users\Hamada.MSI\Desktop\Hamada\lab\data\raw\images\Describable Textures Dataset\images\studded\studded_0200.jpg,0.24030504185037138,5,False
C:\Users\Hamada.MSI\Desktop\Hamada\lab\data\raw\images\Describable Textures Dataset\images\porous\porous_0173.jpg,0.2403280533581396,5,False
C:\Users\Hamada.MSI\Desktop\Hamada\lab\data\raw\images\Describable Textures Dataset\images\perforated\perforated_0109.jpg,0.24048749088269303,5,False
C:\Users\Hamada.MSI\Desktop\Hamada\lab\data\raw\images\Describable Textures Dataset\images\smeared\smeared_0040.jpg,0.2405356198391569,5,False
C:\Users\Hamada.MSI\Desktop\Hamada\lab\data\raw\images\Describable Textures Dataset\images\bumpy\bumpy_0128.jpg,0.24057209374687208,5,False
C:\Users\Hamada.MSI\Desktop\Hamada\lab\data\raw\images\Describable Textures Dataset\images\grooved\grooved_0080.jpg,0.24060422111142885,5,False
C:\Users\Hamada.MSI\Desktop\Hamada\lab\data\raw\images\Describable Textures Dataset\images\banded\banded_0122.jpg,0.24061878708010812,5,False
C:\Users\Hamada.MSI\Desktop\Hamada\lab\data\raw\images\Describable Textures Dataset\images\pitted\pitted_0114.jpg,0.24067531845118126,5,False
C:\Users\Hamada.MSI\Desktop\Hamada\lab\data\raw\images\Describable Textures Dataset\images\crystalline\crystalline_0148.jpg,0.24068419717480172,5,False
C:\Users\Hamada.MSI\Desktop\Hamada\lab\data\raw\images\Describable Textures Dataset\images\pitted\pitted_0025.jpg,0.24072333696691797,5,False
C:\Users\Hamada.MSI\Desktop\Hamada\lab\data\raw\images\Describable Textures Dataset\images\banded\banded_0058.jpg,0.24078614469793466,5,False
C:\Users\Hamada.MSI\Desktop\Hamada\lab\data\raw\images\Describable Textures Dataset\images\grooved\grooved_0083.jpg,0.24081366317314395,5,False
C:\Users\Hamada.MSI\Desktop\Hamada\lab\data\raw\images\Describable Textures Dataset\images\gauzy\gauzy_0153.jpg,0.2409083504837492,5,False
C:\Users\Hamada.MSI\Desktop\Hamada\lab\data\raw\images\Describable Textures Dataset\images\sprinkled\sprinkled_0105.jpg,0.24102057154454468,5,False
C:\Users\Hamada.MSI\Desktop\Hamada\lab\data\raw\images\Describable Textures Dataset\images\flecked\flecked_0077.jpg,0.24115483931378773,5,False
C:\Users\Hamada.MSI\Desktop\Hamada\lab\data\raw\images\Describable Textures Dataset\images\meshed\meshed_0119.jpg,0.2411770343789766,5,False
C:\Users\Hamada.MSI\Desktop\Hamada\lab\data\raw\images\Describable Textures Dataset\images\polka-dotted\polka-dotted_0101.jpg,0.24129305220617184,5,False
C:\Users\Hamada.MSI\Desktop\Hamada\lab\data\raw\images\Describable Textures Dataset\images\polka-dotted\polka-dotted_0065.jpg,0.2413016719392494,5,False
C:\Users\Hamada.MSI\Desktop\Hamada\lab\data\raw\images\Describable Textures Dataset\images\pleated\pleated_0046.jpg,0.24133225366859293,5,False
C:\Users\Hamada.MSI\Desktop\Hamada\lab\data\raw\images\Describable Textures Dataset\images\potholed\potholed_0117.jpg,0.24139915055290123,5,False
C:\Users\Hamada.MSI\Desktop\Hamada\lab\data\raw\images\Describable Textures Dataset\images\matted\matted_0040.jpg,0.24143965317400332,5,False
C:\Users\Hamada.MSI\Desktop\Hamada\lab\data\raw\images\Describable Textures Dataset\images\striped\striped_0078.jpg,0.24147104469761888,5,False
C:\Users\Hamada.MSI\Desktop\Hamada\lab\data\raw\images\Describable Textures Dataset\images\crystalline\crystalline_0123.jpg,0.24152609867402225,5,False
C:\Users\Hamada.MSI\Desktop\Hamada\lab\data\raw\images\Describable Textures Dataset\images\pleated\pleated_0135.jpg,0.24156446684821564,5,False
C:\Users\Hamada.MSI\Desktop\Hamada\lab\data\raw\images\Describable Textures Dataset\images\matted\matted_0048.jpg,0.2415815884748968,5,False
C:\Users\Hamada.MSI\Desktop\Hamada\lab\data\raw\images\McGill Calibrated Color Image Database\Textures\Textures\pippin_RVHtexture009.tif,0.24162786181661342,5,False
C:\Users\Hamada.MSI\Desktop\Hamada\lab\data\raw\images\Describable Textures Dataset\images\bumpy\bumpy_0136.jpg,0.24171902432016515,5,False
C:\Users\Hamada.MSI\Desktop\Hamada\lab\data\raw\images\Describable Textures Dataset\images\stratified\stratified_0174.jpg,0.24172451901404704,5,False
C:\Users\Hamada.MSI\Desktop\Hamada\lab\data\raw\images\Describable Textures Dataset\images\smeared\smeared_0146.jpg,0.24174228116677893,5,False
C:\Users\Hamada.MSI\Desktop\Hamada\lab\data\raw\images\Describable Textures Dataset\images\perforated\perforated_0158.jpg,0.24179511699915182,5,False
C:\Users\Hamada.MSI\Desktop\Hamada\lab\data\raw\images\Describable Textures Dataset\images\cracked\cracked_0159.jpg,0.24179517913920318,5,False
C:\Users\Hamada.MSI\Desktop\Hamada\lab\data\raw\images\Describable Textures Dataset\images\potholed\potholed_0164.jpg,0.241873917595868,5,False
C:\Users\Hamada.MSI\Desktop\Hamada\lab\data\raw\images\Describable Textures Dataset\images\gauzy\gauzy_0192.jpg,0.241880685470565,5,False
C:\Users\Hamada.MSI\Desktop\Hamada\lab\data\raw\images\Describable Textures Dataset\images\interlaced\interlaced_0188.jpg,0.2419291306884448,5,False
C:\Users\Hamada.MSI\Desktop\Hamada\lab\data\raw\images\Describable Textures Dataset\images\banded\banded_0144.jpg,0.24195510360663638,5,False
C:\Users\Hamada.MSI\Desktop\Hamada\lab\data\raw\images\Describable Textures Dataset\images\potholed\potholed_0061.jpg,0.24197765550300712,5,False
C:\Users\Hamada.MSI\Desktop\Hamada\lab\data\raw\images\Describable Textures Dataset\images\honeycombed\honeycombed_0074.jpg,0.2421431099293502,5,False
C:\Users\Hamada.MSI\Desktop\Hamada\lab\data\raw\images\Describable Textures Dataset\images\porous\porous_0077.jpg,0.24216749321578904,5,False
C:\Users\Hamada.MSI\Desktop\Hamada\lab\data\raw\images\Describable Textures Dataset\images\gauzy\gauzy_0091.jpg,0.242299413553662,5,False
C:\Users\Hamada.MSI\Desktop\Hamada\lab\data\raw\images\Describable Textures Dataset\images\cracked\cracked_0059.jpg,0.24232203168124603,5,False
C:\Users\Hamada.MSI\Desktop\Hamada\lab\data\raw\images\Describable Textures Dataset\images\crystalline\crystalline_0180.jpg,0.24238238933047676,5,False
C:\Users\Hamada.MSI\Desktop\Hamada\lab\data\raw\images\Describable Textures Dataset\images\braided\braided_0188.jpg,0.2424681591510439,5,False
C:\Users\Hamada.MSI\Desktop\Hamada\lab\data\raw\images\Describable Textures Dataset\images\braided\braided_0141.jpg,0.24247552707270542,5,False
C:\Users\Hamada.MSI\Desktop\Hamada\lab\data\raw\images\Describable Textures Dataset\images\matted\matted_0061.jpg,0.24250881165625973,5,False
C:\Users\Hamada.MSI\Desktop\Hamada\lab\data\raw\images\Describable Textures Dataset\images\striped\striped_0047.jpg,0.24254766540010406,5,False
C:\Users\Hamada.MSI\Desktop\Hamada\lab\data\raw\images\Describable Textures Dataset\images\stratified\stratified_0113.jpg,0.24255769094832139,5,False
C:\Users\Hamada.MSI\Desktop\Hamada\lab\data\raw\images\Describable Textures Dataset\images\veined\veined_0123.jpg,0.24255888419310673,5,False
C:\Users\Hamada.MSI\Desktop\Hamada\lab\data\raw\images\Describable Textures Dataset\images\matted\matted_0156.jpg,0.24256459330916963,5,False
C:\Users\Hamada.MSI\Desktop\Hamada\lab\data\raw\images\Describable Textures Dataset\images\interlaced\interlaced_0197.jpg,0.2425705151701399,5,False
C:\Users\Hamada.MSI\Desktop\Hamada\lab\data\raw\images\Describable Textures Dataset\images\grid\grid_0123.jpg,0.24258184437068817,5,False
C:\Users\Hamada.MSI\Desktop\Hamada\lab\data\raw\images\Describable Textures Dataset\images\frilly\frilly_0086.jpg,0.24267386225199553,5,False
C:\Users\Hamada.MSI\Desktop\Hamada\lab\data\raw\images\Describable Textures Dataset\images\cracked\cracked_0116.jpg,0.24272638019165213,5,False
C:\Users\Hamada.MSI\Desktop\Hamada\lab\data\raw\images\Describable Textures Dataset\images\flecked\flecked_0062.jpg,0.24277540851901624,5,False
C:\Users\Hamada.MSI\Desktop\Hamada\lab\data\raw\images\Describable Textures Dataset\images\polka-dotted\polka-dotted_0199.jpg,0.2428426841707224,5,False
C:\Users\Hamada.MSI\Desktop\Hamada\lab\data\raw\images\Describable Textures Dataset\images\lined\lined_0087.jpg,0.24288877806899728,5,False
C:\Users\Hamada.MSI\Desktop\Hamada\lab\data\raw\images\Describable Textures Dataset\images\crystalline\crystalline_0139.jpg,0.24289351769742046,5,False
C:\Users\Hamada.MSI\Desktop\Hamada\lab\data\raw\images\Describable Textures Dataset\images\frilly\frilly_0037.jpg,0.24291781583377575,5,False
C:\Users\Hamada.MSI\Desktop\Hamada\lab\data\raw\images\Describable Textures Dataset\images\crystalline\crystalline_0214.jpg,0.24302404983104178,5,False
C:\Users\Hamada.MSI\Desktop\Hamada\lab\data\raw\images\Describable Textures Dataset\images\waffled\waffled_0150.jpg,0.24304640625624627,5,False
C:\Users\Hamada.MSI\Desktop\Hamada\lab\data\raw\images\Describable Textures Dataset\images\marbled\marbled_0086.jpg,0.24323312111091464,5,False
C:\Users\Hamada.MSI\Desktop\Hamada\lab\data\raw\images\Describable Textures Dataset\images\striped\striped_0115.jpg,0.2434202763236118,5,False
C:\Users\Hamada.MSI\Desktop\Hamada\lab\data\raw\images\Describable Textures Dataset\images\waffled\waffled_0085.jpg,0.24350413099163562,5,False
C:\Users\Hamada.MSI\Desktop\Hamada\lab\data\raw\images\Describable Textures Dataset\images\bumpy\bumpy_0145.jpg,0.24360528333852308,5,False
C:\Users\Hamada.MSI\Desktop\Hamada\lab\data\raw\images\McGill Calibrated Color Image Database\Textures\Textures\merry_mtl07_053.tif,0.24361462929846772,5,False
C:\Users\Hamada.MSI\Desktop\Hamada\lab\data\raw\images\Describable Textures Dataset\images\interlaced\interlaced_0130.jpg,0.24362055085385767,5,False
C:\Users\Hamada.MSI\Desktop\Hamada\lab\data\raw\images\Describable Textures Dataset\images\interlaced\interlaced_0167.jpg,0.24367330015432945,5,False
C:\Users\Hamada.MSI\Desktop\Hamada\lab\data\raw\images\Describable Textures Dataset\images\crosshatched\crosshatched_0066.jpg,0.24374170300742243,5,False
C:\Users\Hamada.MSI\Desktop\Hamada\lab\data\raw\images\Describable Textures Dataset\images\honeycombed\honeycombed_0043.jpg,0.24377552899820856,5,False
C:\Users\Hamada.MSI\Desktop\Hamada\lab\data\raw\images\Describable Textures Dataset\images\bumpy\bumpy_0147.jpg,0.2438180759170055,5,False
C:\Users\Hamada.MSI\Desktop\Hamada\lab\data\raw\images\Describable Textures Dataset\images\bubbly\bubbly_0135.jpg,0.2438256390875855,5,False
C:\Users\Hamada.MSI\Desktop\Hamada\lab\data\raw\images\Describable Textures Dataset\images\stratified\stratified_0157.jpg,0.24384244720541318,5,False
C:\Users\Hamada.MSI\Desktop\Hamada\lab\data\raw\images\Describable Textures Dataset\images\gauzy\gauzy_0106.jpg,0.24385496872298795,5,False
C:\Users\Hamada.MSI\Desktop\Hamada\lab\data\raw\images\Describable Textures Dataset\images\blotchy\blotchy_0135.jpg,0.24386598773258822,5,False
C:\Users\Hamada.MSI\Desktop\Hamada\lab\data\raw\images\Describable Textures Dataset\images\stained\stained_0123.jpg,0.24392131886707513,5,False
C:\Users\Hamada.MSI\Desktop\Hamada\lab\data\raw\images\Describable Textures Dataset\images\potholed\potholed_0135.jpg,0.2439980225419389,5,False
C:\Users\Hamada.MSI\Desktop\Hamada\lab\data\raw\images\Describable Textures Dataset\images\flecked\flecked_0045.jpg,0.24402749807654966,5,False
C:\Users\Hamada.MSI\Desktop\Hamada\lab\data\raw\images\Describable Textures Dataset\images\sprinkled\sprinkled_0097.jpg,0.2440522677289082,5,False
C:\Users\Hamada.MSI\Desktop\Hamada\lab\data\raw\images\Describable Textures Dataset\images\cobwebbed\cobwebbed_0100.jpg,0.24405358704783592,5,False
C:\Users\Hamada.MSI\Desktop\Hamada\lab\data\raw\images\Describable Textures Dataset\images\grooved\grooved_0045.jpg,0.24414992121356732,5,False
C:\Users\Hamada.MSI\Desktop\Hamada\lab\data\raw\images\Describable Textures Dataset\images\fibrous\fibrous_0205.jpg,0.24431000030835565,5,False
C:\Users\Hamada.MSI\Desktop\Hamada\lab\data\raw\images\Describable Textures Dataset\images\dotted\dotted_0105.jpg,0.24440131357301395,5,False
C:\Users\Hamada.MSI\Desktop\Hamada\lab\data\raw\images\Describable Textures Dataset\images\flecked\flecked_0110.jpg,0.24445241948116916,5,False
C:\Users\Hamada.MSI\Desktop\Hamada\lab\data\raw\images\Describable Textures Dataset\images\striped\striped_0087.jpg,0.24446106415504013,5,False
C:\Users\Hamada.MSI\Desktop\Hamada\lab\data\raw\images\Describable Textures Dataset\images\crystalline\crystalline_0169.jpg,0.24451609228041088,5,False
C:\Users\Hamada.MSI\Desktop\Hamada\lab\data\raw\images\Describable Textures Dataset\images\cracked\cracked_0156.jpg,0.24451711673634313,5,False
C:\Users\Hamada.MSI\Desktop\Hamada\lab\data\raw\images\McGill Calibrated Color Image Database\Textures\Textures\pippin_RVHtexture010.tif,0.2445257912956101,5,False
C:\Users\Hamada.MSI\Desktop\Hamada\lab\data\raw\images\Describable Textures Dataset\images\bubbly\bubbly_0169.jpg,0.24455277835172629,5,False
C:\Users\Hamada.MSI\Desktop\Hamada\lab\data\raw\images\Describable Textures Dataset\images\stratified\stratified_0107.jpg,0.24456668296139222,5,False
C:\Users\Hamada.MSI\Desktop\Hamada\lab\data\raw\images\Describable Textures Dataset\images\meshed\meshed_0179.jpg,0.2445696311265053,5,False
C:\Users\Hamada.MSI\Desktop\Hamada\lab\data\raw\images\Describable Textures Dataset\images\striped\striped_0041.jpg,0.24473505889817035,5,False
C:\Users\Hamada.MSI\Desktop\Hamada\lab\data\raw\images\Describable Textures Dataset\images\interlaced\interlaced_0127.jpg,0.24474699967044244,5,False
C:\Users\Hamada.MSI\Desktop\Hamada\lab\data\raw\images\Describable Textures Dataset\images\frilly\frilly_0036.jpg,0.24476154792488364,5,False
C:\Users\Hamada.MSI\Desktop\Hamada\lab\data\raw\images\Describable Textures Dataset\images\potholed\potholed_0072.jpg,0.2447962083529775,5,False
C:\Users\Hamada.MSI\Desktop\Hamada\lab\data\raw\images\Describable Textures Dataset\images\paisley\paisley_0012.jpg,0.24480032393297152,5,False
C:\Users\Hamada.MSI\Desktop\Hamada\lab\data\raw\images\Describable Textures Dataset\images\grooved\grooved_0056.jpg,0.24480867642678233,5,False
C:\Users\Hamada.MSI\Desktop\Hamada\lab\data\raw\images\Describable Textures Dataset\images\freckled\freckled_0151.jpg,0.2448939638735163,5,False
C:\Users\Hamada.MSI\Desktop\Hamada\lab\data\raw\images\Describable Textures Dataset\images\perforated\perforated_0128.jpg,0.2449799728982336,5,False
C:\Users\Hamada.MSI\Desktop\Hamada\lab\data\raw\images\Describable Textures Dataset\images\scaly\scaly_0217.jpg,0.24499303290571256,5,False
C:\Users\Hamada.MSI\Desktop\Hamada\lab\data\raw\images\Describable Textures Dataset\images\sprinkled\sprinkled_0142.jpg,0.24502774019068993,5,False
C:\Users\Hamada.MSI\Desktop\Hamada\lab\data\raw\images\Describable Textures Dataset\images\interlaced\interlaced_0144.jpg,0.24505423386621103,5,False
C:\Users\Hamada.MSI\Desktop\Hamada\lab\data\raw\images\Describable Textures Dataset\images\blotchy\blotchy_0033.jpg,0.24516357299052532,5,False
C:\Users\Hamada.MSI\Desktop\Hamada\lab\data\raw\images\Describable Textures Dataset\images\pitted\pitted_0054.jpg,0.24523696930101038,5,False
C:\Users\Hamada.MSI\Desktop\Hamada\lab\data\raw\images\Describable Textures Dataset\images\grid\grid_0102.jpg,0.24523772283867828,5,False
C:\Users\Hamada.MSI\Desktop\Hamada\lab\data\raw\images\Describable Textures Dataset\images\porous\porous_0066.jpg,0.24524901371991167,5,False
C:\Users\Hamada.MSI\Desktop\Hamada\lab\data\raw\images\Describable Textures Dataset\images\braided\braided_0146.jpg,0.24525675583592643,5,False
C:\Users\Hamada.MSI\Desktop\Hamada\lab\data\raw\images\Describable Textures Dataset\images\perforated\perforated_0033.jpg,0.24526744704348477,5,False
C:\Users\Hamada.MSI\Desktop\Hamada\lab\data\raw\images\Describable Textures Dataset\images\stained\stained_0101.jpg,0.24526845317574333,5,False
C:\Users\Hamada.MSI\Desktop\Hamada\lab\data\raw\images\Describable Textures Dataset\images\smeared\smeared_0139.jpg,0.2453438148363615,5,False
C:\Users\Hamada.MSI\Desktop\Hamada\lab\data\raw\images\McGill Calibrated Color Image Database\Textures\Textures\pippin_park0010.tif,0.24541723903410023,5,False
C:\Users\Hamada.MSI\Desktop\Hamada\lab\data\raw\images\Describable Textures Dataset\images\stratified\stratified_0060.jpg,0.24542425359135162,5,False
C:\Users\Hamada.MSI\Desktop\Hamada\lab\data\raw\images\Describable Textures Dataset\images\banded\banded_0120.jpg,0.24542504407964033,5,False
C:\Users\Hamada.MSI\Desktop\Hamada\lab\data\raw\images\McGill Calibrated Color Image Database\Textures\Textures\pippin_park0055.tif,0.24549415049201034,5,False
C:\Users\Hamada.MSI\Desktop\Hamada\lab\data\raw\images\Describable Textures Dataset\images\cracked\cracked_0072.jpg,0.245503146185713,5,False
C:\Users\Hamada.MSI\Desktop\Hamada\lab\data\raw\images\Describable Textures Dataset\images\woven\woven_0130.jpg,0.24558025577970188,5,False
C:\Users\Hamada.MSI\Desktop\Hamada\lab\data\raw\images\Describable Textures Dataset\images\waffled\waffled_0101.jpg,0.2456028026309428,5,False
C:\Users\Hamada.MSI\Desktop\Hamada\lab\data\raw\images\Describable Textures Dataset\images\wrinkled\wrinkled_0020.jpg,0.24568887419737936,5,False
C:\Users\Hamada.MSI\Desktop\Hamada\lab\data\raw\images\Describable Textures Dataset\images\grooved\grooved_0118.jpg,0.2456955651824388,5,False
C:\Users\Hamada.MSI\Desktop\Hamada\lab\data\raw\images\Describable Textures Dataset\images\veined\veined_0163.jpg,0.24572893643233967,5,False
C:\Users\Hamada.MSI\Desktop\Hamada\lab\data\raw\images\Describable Textures Dataset\images\striped\striped_0004.jpg,0.2458558009618407,5,False
C:\Users\Hamada.MSI\Desktop\Hamada\lab\data\raw\images\Describable Textures Dataset\images\striped\striped_0032.jpg,0.24593264221522296,5,False
C:\Users\Hamada.MSI\Desktop\Hamada\lab\data\raw\images\Describable Textures Dataset\images\meshed\meshed_0071.jpg,0.2459379694493949,5,False
C:\Users\Hamada.MSI\Desktop\Hamada\lab\data\raw\images\Describable Textures Dataset\images\frilly\frilly_0124.jpg,0.24593908107483706,5,False
C:\Users\Hamada.MSI\Desktop\Hamada\lab\data\raw\images\Describable Textures Dataset\images\waffled\waffled_0132.jpg,0.24600897481056894,5,False
C:\Users\Hamada.MSI\Desktop\Hamada\lab\data\raw\images\Describable Textures Dataset\images\fibrous\fibrous_0110.jpg,0.2460100849487434,5,False
C:\Users\Hamada.MSI\Desktop\Hamada\lab\data\raw\images\Describable Textures Dataset\images\woven\woven_0123.jpg,0.24606662639560406,5,False
C:\Users\Hamada.MSI\Desktop\Hamada\lab\data\raw\images\Describable Textures Dataset\images\porous\porous_0096.jpg,0.24607750278418825,5,False
C:\Users\Hamada.MSI\Desktop\Hamada\lab\data\raw\images\Describable Textures Dataset\images\meshed\meshed_0147.jpg,0.24611187159367678,5,False
C:\Users\Hamada.MSI\Desktop\Hamada\lab\data\raw\images\Describable Textures Dataset\images\scaly\scaly_0173.jpg,0.24621334706834766,5,False
C:\Users\Hamada.MSI\Desktop\Hamada\lab\data\raw\images\Describable Textures Dataset\images\zigzagged\zigzagged_0018.jpg,0.24632871482049193,5,False
C:\Users\Hamada.MSI\Desktop\Hamada\lab\data\raw\images\McGill Calibrated Color Image Database\Textures\Textures\pippin0223.tif,0.2464150217232054,5,False
C:\Users\Hamada.MSI\Desktop\Hamada\lab\data\raw\images\Describable Textures Dataset\images\knitted\knitted_0134.jpg,0.24643420255250148,5,False
C:\Users\Hamada.MSI\Desktop\Hamada\lab\data\raw\images\Describable Textures Dataset\images\grid\grid_0134.jpg,0.24644189561919044,5,False
C:\Users\Hamada.MSI\Desktop\Hamada\lab\data\raw\images\Describable Textures Dataset\images\interlaced\interlaced_0049.jpg,0.24644244205719698,5,False
C:\Users\Hamada.MSI\Desktop\Hamada\lab\data\raw\images\Describable Textures Dataset\images\braided\braided_0107.jpg,0.24659127693580907,5,False
C:\Users\Hamada.MSI\Desktop\Hamada\lab\data\raw\images\Describable Textures Dataset\images\stratified\stratified_0127.jpg,0.24664266639669624,5,False
C:\Users\Hamada.MSI\Desktop\Hamada\lab\data\raw\images\Describable Textures Dataset\images\interlaced\interlaced_0186.jpg,0.24666188442415687,5,False
C:\Users\Hamada.MSI\Desktop\Hamada\lab\data\raw\images\Describable Textures Dataset\images\perforated\perforated_0039.jpg,0.2466971842859161,5,False
C:\Users\Hamada.MSI\Desktop\Hamada\lab\data\raw\images\Describable Textures Dataset\images\lacelike\lacelike_0087.jpg,0.24671433262648457,5,False
C:\Users\Hamada.MSI\Desktop\Hamada\lab\data\raw\images\Describable Textures Dataset\images\potholed\potholed_0065.jpg,0.2467824528352032,5,False
C:\Users\Hamada.MSI\Desktop\Hamada\lab\data\raw\images\Describable Textures Dataset\images\waffled\waffled_0107.jpg,0.246790664425632,5,False
C:\Users\Hamada.MSI\Desktop\Hamada\lab\data\raw\images\Describable Textures Dataset\images\smeared\smeared_0057.jpg,0.2468775238962548,5,False
C:\Users\Hamada.MSI\Desktop\Hamada\lab\data\raw\images\Describable Textures Dataset\images\studded\studded_0118.jpg,0.24689028485068135,5,False
C:\Users\Hamada.MSI\Desktop\Hamada\lab\data\raw\images\Describable Textures Dataset\images\bumpy\bumpy_0189.jpg,0.24699334798679715,5,False
C:\Users\Hamada.MSI\Desktop\Hamada\lab\data\raw\images\Describable Textures Dataset\images\freckled\freckled_0055.jpg,0.24699951102401418,5,False
C:\Users\Hamada.MSI\Desktop\Hamada\lab\data\raw\images\Describable Textures Dataset\images\stained\stained_0034.jpg,0.24702965609550018,5,False
C:\Users\Hamada.MSI\Desktop\Hamada\lab\data\raw\images\Describable Textures Dataset\images\waffled\waffled_0112.jpg,0.24705424399962728,5,False
C:\Users\Hamada.MSI\Desktop\Hamada\lab\data\raw\images\Describable Textures Dataset\images\freckled\freckled_0046.jpg,0.24709475990038907,5,False
C:\Users\Hamada.MSI\Desktop\Hamada\lab\data\raw\images\Describable Textures Dataset\images\fibrous\fibrous_0175.jpg,0.24711099619334703,5,False
C:\Users\Hamada.MSI\Desktop\Hamada\lab\data\raw\images\Describable Textures Dataset\images\stratified\stratified_0120.jpg,0.24718099793325224,5,False
C:\Users\Hamada.MSI\Desktop\Hamada\lab\data\raw\images\Describable Textures Dataset\images\cobwebbed\cobwebbed_0146.jpg,0.24722034263626683,5,False
C:\Users\Hamada.MSI\Desktop\Hamada\lab\data\raw\images\McGill Calibrated Color Image Database\Textures\Textures\pippin_RVHtexture007.tif,0.24730734159696338,5,False
C:\Users\Hamada.MSI\Desktop\Hamada\lab\data\raw\images\Describable Textures Dataset\images\frilly\frilly_0090.jpg,0.24735577646443574,5,False
C:\Users\Hamada.MSI\Desktop\Hamada\lab\data\raw\images\McGill Calibrated Color Image Database\Textures\Textures\pippin_park0048.tif,0.24742193879779006,5,False
C:\Users\Hamada.MSI\Desktop\Hamada\lab\data\raw\images\Describable Textures Dataset\images\banded\banded_0034.jpg,0.24745649315025578,5,False
C:\Users\Hamada.MSI\Desktop\Hamada\lab\data\raw\images\Describable Textures Dataset\images\potholed\potholed_0123.jpg,0.24750473723841646,5,False
C:\Users\Hamada.MSI\Desktop\Hamada\lab\data\raw\images\Describable Textures Dataset\images\pitted\pitted_0036.jpg,0.24751916160268483,5,False
C:\Users\Hamada.MSI\Desktop\Hamada\lab\data\raw\images\Describable Textures Dataset\images\spiralled\spiralled_0035.jpg,0.24754570590396544,5,False
C:\Users\Hamada.MSI\Desktop\Hamada\lab\data\raw\images\Describable Textures Dataset\images\interlaced\interlaced_0106.jpg,0.24755575456788587,5,False
C:\Users\Hamada.MSI\Desktop\Hamada\lab\data\raw\images\Describable Textures Dataset\images\smeared\smeared_0131.jpg,0.24756684495428186,5,False
C:\Users\Hamada.MSI\Desktop\Hamada\lab\data\raw\images\Describable Textures Dataset\images\banded\banded_0072.jpg,0.24765239408218648,5,False
C:\Users\Hamada.MSI\Desktop\Hamada\lab\data\raw\images\Describable Textures Dataset\images\scaly\scaly_0113.jpg,0.24767810814006957,5,False
C:\Users\Hamada.MSI\Desktop\Hamada\lab\data\raw\images\Describable Textures Dataset\images\cobwebbed\cobwebbed_0136.jpg,0.24783485396852373,5,False
C:\Users\Hamada.MSI\Desktop\Hamada\lab\data\raw\images\Describable Textures Dataset\images\pleated\pleated_0045.jpg,0.2478760632055537,5,False
C:\Users\Hamada.MSI\Desktop\Hamada\lab\data\raw\images\Describable Textures Dataset\images\lined\lined_0101.jpg,0.24810226077735434,5,False
C:\Users\Hamada.MSI\Desktop\Hamada\lab\data\raw\images\Describable Textures Dataset\images\pitted\pitted_0078.jpg,0.24816727009124298,5,False
C:\Users\Hamada.MSI\Desktop\Hamada\lab\data\raw\images\Describable Textures Dataset\images\crystalline\crystalline_0161.jpg,0.2482177844381198,5,False
C:\Users\Hamada.MSI\Desktop\Hamada\lab\data\raw\images\Describable Textures Dataset\images\banded\banded_0124.jpg,0.24827288899175992,5,False
C:\Users\Hamada.MSI\Desktop\Hamada\lab\data\raw\images\Describable Textures Dataset\images\spiralled\spiralled_0108.jpg,0.2482791636123037,6,False
C:\Users\Hamada.MSI\Desktop\Hamada\lab\data\raw\images\Describable Textures Dataset\images\perforated\perforated_0066.jpg,0.2483807689949766,6,False
C:\Users\Hamada.MSI\Desktop\Hamada\lab\data\raw\images\Describable Textures Dataset\images\pleated\pleated_0132.jpg,0.2483822294341773,6,False
C:\Users\Hamada.MSI\Desktop\Hamada\lab\data\raw\images\Describable Textures Dataset\images\knitted\knitted_0085.jpg,0.24842239209213812,6,False
C:\Users\Hamada.MSI\Desktop\Hamada\lab\data\raw\images\Describable Textures Dataset\images\meshed\meshed_0101.jpg,0.24850592861219709,6,False
C:\Users\Hamada.MSI\Desktop\Hamada\lab\data\raw\images\Describable Textures Dataset\images\waffled\waffled_0158.jpg,0.24859623278191278,6,False
C:\Users\Hamada.MSI\Desktop\Hamada\lab\data\raw\images\Describable Textures Dataset\images\interlaced\interlaced_0060.jpg,0.24864928785254095,6,False
C:\Users\Hamada.MSI\Desktop\Hamada\lab\data\raw\images\Describable Textures Dataset\images\freckled\freckled_0142.jpg,0.24865544628952754,6,False
C:\Users\Hamada.MSI\Desktop\Hamada\lab\data\raw\images\Describable Textures Dataset\images\sprinkled\sprinkled_0090.jpg,0.24869077332887382,6,False
C:\Users\Hamada.MSI\Desktop\Hamada\lab\data\raw\images\Describable Textures Dataset\images\braided\braided_0143.jpg,0.24876296570783604,6,False
C:\Users\Hamada.MSI\Desktop\Hamada\lab\data\raw\images\Describable Textures Dataset\images\fibrous\fibrous_0162.jpg,0.24876809646912104,6,False
C:\Users\Hamada.MSI\Desktop\Hamada\lab\data\raw\images\Describable Textures Dataset\images\cracked\cracked_0129.jpg,0.24883284559472132,6,False
C:\Users\Hamada.MSI\Desktop\Hamada\lab\data\raw\images\Describable Textures Dataset\images\waffled\waffled_0098.jpg,0.24884967908483868,6,False
C:\Users\Hamada.MSI\Desktop\Hamada\lab\data\raw\images\Describable Textures Dataset\images\meshed\meshed_0135.jpg,0.24895914374036107,6,False
C:\Users\Hamada.MSI\Desktop\Hamada\lab\data\raw\images\Describable Textures Dataset\images\paisley\paisley_0126.jpg,0.24904590276786095,6,False
C:\Users\Hamada.MSI\Desktop\Hamada\lab\data\raw\images\Describable Textures Dataset\images\cobwebbed\cobwebbed_0135.jpg,0.24907703461436292,6,False
C:\Users\Hamada.MSI\Desktop\Hamada\lab\data\raw\images\Describable Textures Dataset\images\veined\veined_0162.jpg,0.24913055149318974,6,False
C:\Users\Hamada.MSI\Desktop\Hamada\lab\data\raw\images\Describable Textures Dataset\images\perforated\perforated_0104.jpg,0.24919449204137445,6,False
C:\Users\Hamada.MSI\Desktop\Hamada\lab\data\raw\images\Describable Textures Dataset\images\freckled\freckled_0113.jpg,0.24920646373353014,6,False
C:\Users\Hamada.MSI\Desktop\Hamada\lab\data\raw\images\Describable Textures Dataset\images\bumpy\bumpy_0157.jpg,0.24927319496110426,6,False
C:\Users\Hamada.MSI\Desktop\Hamada\lab\data\raw\images\Describable Textures Dataset\images\grooved\grooved_0063.jpg,0.24930290221759702,6,False
C:\Users\Hamada.MSI\Desktop\Hamada\lab\data\raw\images\Describable Textures Dataset\images\matted\matted_0144.jpg,0.24931406486125804,6,False
C:\Users\Hamada.MSI\Desktop\Hamada\lab\data\raw\images\Describable Textures Dataset\images\smeared\smeared_0036.jpg,0.24932393758555352,6,False
C:\Users\Hamada.MSI\Desktop\Hamada\lab\data\raw\images\Describable Textures Dataset\images\grooved\grooved_0046.jpg,0.24932612712725727,6,False
C:\Users\Hamada.MSI\Desktop\Hamada\lab\data\raw\images\Describable Textures Dataset\images\perforated\perforated_0090.jpg,0.24933086906181315,6,False
C:\Users\Hamada.MSI\Desktop\Hamada\lab\data\raw\images\Describable Textures Dataset\images\swirly\swirly_0158.jpg,0.24933805006572776,6,False
C:\Users\Hamada.MSI\Desktop\Hamada\lab\data\raw\images\Describable Textures Dataset\images\porous\porous_0109.jpg,0.24942136218264838,6,False
C:\Users\Hamada.MSI\Desktop\Hamada\lab\data\raw\images\Describable Textures Dataset\images\lacelike\lacelike_0112.jpg,0.24954680280658406,6,False
C:\Users\Hamada.MSI\Desktop\Hamada\lab\data\raw\images\Describable Textures Dataset\images\bubbly\bubbly_0069.jpg,0.24954682678885357,6,False
C:\Users\Hamada.MSI\Desktop\Hamada\lab\data\raw\images\Describable Textures Dataset\images\swirly\swirly_0127.jpg,0.24955572885660035,6,False
C:\Users\Hamada.MSI\Desktop\Hamada\lab\data\raw\images\Describable Textures Dataset\images\pleated\pleated_0143.jpg,0.24958857268246262,6,False
C:\Users\Hamada.MSI\Desktop\Hamada\lab\data\raw\images\Describable Textures Dataset\images\spiralled\spiralled_0087.jpg,0.24960590313048853,6,False
C:\Users\Hamada.MSI\Desktop\Hamada\lab\data\raw\images\Describable Textures Dataset\images\frilly\frilly_0067.jpg,0.24969318576170685,6,False
C:\Users\Hamada.MSI\Desktop\Hamada\lab\data\raw\images\Describable Textures Dataset\images\woven\woven_0040.jpg,0.24971530630102334,6,False
C:\Users\Hamada.MSI\Desktop\Hamada\lab\data\raw\images\Describable Textures Dataset\images\veined\veined_0073.jpg,0.24979242299782084,6,False
C:\Users\Hamada.MSI\Desktop\Hamada\lab\data\raw\images\Describable Textures Dataset\images\frilly\frilly_0092.jpg,0.24985363861171095,6,False
C:\Users\Hamada.MSI\Desktop\Hamada\lab\data\raw\images\Describable Textures Dataset\images\grooved\grooved_0147.jpg,0.24990053250556568,6,False
C:\Users\Hamada.MSI\Desktop\Hamada\lab\data\raw\images\Describable Textures Dataset\images\cracked\cracked_0124.jpg,0.24993327448650998,6,False
C:\Users\Hamada.MSI\Desktop\Hamada\lab\data\raw\images\McGill Calibrated Color Image Database\Textures\Textures\pippin_park0049.tif,0.24998193533213425,6,False
C:\Users\Hamada.MSI\Desktop\Hamada\lab\data\raw\images\Describable Textures Dataset\images\veined\veined_0184.jpg,0.2500024265088099,6,False
C:\Users\Hamada.MSI\Desktop\Hamada\lab\data\raw\images\Describable Textures Dataset\images\smeared\smeared_0081.jpg,0.25021366337244233,6,False
C:\Users\Hamada.MSI\Desktop\Hamada\lab\data\raw\images\Describable Textures Dataset\images\banded\banded_0087.jpg,0.2502144432662843,6,False
C:\Users\Hamada.MSI\Desktop\Hamada\lab\data\raw\images\Describable Textures Dataset\images\smeared\smeared_0056.jpg,0.25023472237540206,6,False
C:\Users\Hamada.MSI\Desktop\Hamada\lab\data\raw\images\Describable Textures Dataset\images\fibrous\fibrous_0198.jpg,0.2502727418006541,6,False
C:\Users\Hamada.MSI\Desktop\Hamada\lab\data\raw\images\Describable Textures Dataset\images\interlaced\interlaced_0168.jpg,0.25028277113889513,6,False
C:\Users\Hamada.MSI\Desktop\Hamada\lab\data\raw\images\Describable Textures Dataset\images\pitted\pitted_0137.jpg,0.2504365081037294,6,False
C:\Users\Hamada.MSI\Desktop\Hamada\lab\data\raw\images\Describable Textures Dataset\images\zigzagged\zigzagged_0045.jpg,0.25046398569440653,6,False
C:\Users\Hamada.MSI\Desktop\Hamada\lab\data\raw\images\Describable Textures Dataset\images\swirly\swirly_0074.jpg,0.2504924545354219,6,False
C:\Users\Hamada.MSI\Desktop\Hamada\lab\data\raw\images\Describable Textures Dataset\images\striped\striped_0052.jpg,0.25050313854854395,6,False
C:\Users\Hamada.MSI\Desktop\Hamada\lab\data\raw\images\Describable Textures Dataset\images\fibrous\fibrous_0164.jpg,0.25052353168505975,6,False
C:\Users\Hamada.MSI\Desktop\Hamada\lab\data\raw\images\Describable Textures Dataset\images\zigzagged\zigzagged_0128.jpg,0.2505530233725753,6,False
C:\Users\Hamada.MSI\Desktop\Hamada\lab\data\raw\images\Describable Textures Dataset\images\potholed\potholed_0169.jpg,0.2506525120653494,6,False
C:\Users\Hamada.MSI\Desktop\Hamada\lab\data\raw\images\Describable Textures Dataset\images\stratified\stratified_0089.jpg,0.2506793964405616,6,False
C:\Users\Hamada.MSI\Desktop\Hamada\lab\data\raw\images\McGill Calibrated Color Image Database\Textures\Textures\merry_mexico0122.tif,0.2507637865199863,6,False
C:\Users\Hamada.MSI\Desktop\Hamada\lab\data\raw\images\Describable Textures Dataset\images\stratified\stratified_0110.jpg,0.2508619007461664,6,False
C:\Users\Hamada.MSI\Desktop\Hamada\lab\data\raw\images\Describable Textures Dataset\images\cracked\cracked_0161.jpg,0.25103435716087125,6,False
C:\Users\Hamada.MSI\Desktop\Hamada\lab\data\raw\images\Describable Textures Dataset\images\honeycombed\honeycombed_0106.jpg,0.25107711300363206,6,False
C:\Users\Hamada.MSI\Desktop\Hamada\lab\data\raw\images\Describable Textures Dataset\images\matted\matted_0153.jpg,0.25115080284849506,6,False
C:\Users\Hamada.MSI\Desktop\Hamada\lab\data\raw\images\Describable Textures Dataset\images\sprinkled\sprinkled_0062.jpg,0.2512107607476634,6,False
C:\Users\Hamada.MSI\Desktop\Hamada\lab\data\raw\images\Describable Textures Dataset\images\meshed\meshed_0100.jpg,0.2512262539693826,6,False
C:\Users\Hamada.MSI\Desktop\Hamada\lab\data\raw\images\McGill Calibrated Color Image Database\Textures\Textures\pippin_RVHtexture019.tif,0.25129361176729265,6,False
C:\Users\Hamada.MSI\Desktop\Hamada\lab\data\raw\images\Describable Textures Dataset\images\waffled\waffled_0134.jpg,0.2513409592775284,6,False
C:\Users\Hamada.MSI\Desktop\Hamada\lab\data\raw\images\Describable Textures Dataset\images\gauzy\gauzy_0163.jpg,0.251437097385936,6,False
C:\Users\Hamada.MSI\Desktop\Hamada\lab\data\raw\images\Describable Textures Dataset\images\stratified\stratified_0132.jpg,0.2514491606063315,6,False
C:\Users\Hamada.MSI\Desktop\Hamada\lab\data\raw\images\McGill Calibrated Color Image Database\Textures\Textures\pippin_Peel065.tif,0.2514714299318407,6,False
C:\Users\Hamada.MSI\Desktop\Hamada\lab\data\raw\images\Describable Textures Dataset\images\meshed\meshed_0182.jpg,0.2514800352841522,6,False
C:\Users\Hamada.MSI\Desktop\Hamada\lab\data\raw\images\Describable Textures Dataset\images\stained\stained_0061.jpg,0.25148947478189126,6,False
C:\Users\Hamada.MSI\Desktop\Hamada\lab\data\raw\images\Describable Textures Dataset\images\perforated\perforated_0124.jpg,0.25157898641038845,6,False
C:\Users\Hamada.MSI\Desktop\Hamada\lab\data\raw\images\Describable Textures Dataset\images\perforated\perforated_0023.jpg,0.25159097089386984,6,False
C:\Users\Hamada.MSI\Desktop\Hamada\lab\data\raw\images\Describable Textures Dataset\images\zigzagged\zigzagged_0035.jpg,0.25161788246990213,6,False
C:\Users\Hamada.MSI\Desktop\Hamada\lab\data\raw\images\Describable Textures Dataset\images\matted\matted_0159.jpg,0.2516592466508402,6,False
C:\Users\Hamada.MSI\Desktop\Hamada\lab\data\raw\images\Describable Textures Dataset\images\porous\porous_0149.jpg,0.2517740974942767,6,False
C:\Users\Hamada.MSI\Desktop\Hamada\lab\data\raw\images\Describable Textures Dataset\images\stratified\stratified_0160.jpg,0.2518716873157031,6,False
C:\Users\Hamada.MSI\Desktop\Hamada\lab\data\raw\images\Describable Textures Dataset\images\frilly\frilly_0094.jpg,0.2518749041608502,6,False
C:\Users\Hamada.MSI\Desktop\Hamada\lab\data\raw\images\Describable Textures Dataset\images\veined\veined_0136.jpg,0.25204152532027363,6,False
C:\Users\Hamada.MSI\Desktop\Hamada\lab\data\raw\images\Describable Textures Dataset\images\meshed\meshed_0170.jpg,0.25206443267575185,6,False
C:\Users\Hamada.MSI\Desktop\Hamada\lab\data\raw\images\Describable Textures Dataset\images\honeycombed\honeycombed_0155.jpg,0.25208707885516285,6,False
C:\Users\Hamada.MSI\Desktop\Hamada\lab\data\raw\images\Describable Textures Dataset\images\potholed\potholed_0089.jpg,0.2521799305252674,6,False
C:\Users\Hamada.MSI\Desktop\Hamada\lab\data\raw\images\Describable Textures Dataset\images\porous\porous_0080.jpg,0.25228909747381095,6,False
C:\Users\Hamada.MSI\Desktop\Hamada\lab\data\raw\images\Describable Textures Dataset\images\lacelike\lacelike_0062.jpg,0.2522893502825083,6,False
C:\Users\Hamada.MSI\Desktop\Hamada\lab\data\raw\images\Describable Textures Dataset\images\bubbly\bubbly_0056.jpg,0.25250439769716193,6,False
C:\Users\Hamada.MSI\Desktop\Hamada\lab\data\raw\images\McGill Calibrated Color Image Database\Textures\Textures\pippin_Biodome030.tif,0.25259155876022166,6,False
C:\Users\Hamada.MSI\Desktop\Hamada\lab\data\raw\images\Describable Textures Dataset\images\marbled\marbled_0190.jpg,0.25270474925549835,6,False
C:\Users\Hamada.MSI\Desktop\Hamada\lab\data\raw\images\Describable Textures Dataset\images\striped\striped_0051.jpg,0.252733707436063,6,False
C:\Users\Hamada.MSI\Desktop\Hamada\lab\data\raw\images\Describable Textures Dataset\images\cracked\cracked_0091.jpg,0.25277369118308185,6,False
C:\Users\Hamada.MSI\Desktop\Hamada\lab\data\raw\images\Describable Textures Dataset\images\grooved\grooved_0125.jpg,0.2528198636019402,6,False
C:\Users\Hamada.MSI\Desktop\Hamada\lab\data\raw\images\Describable Textures Dataset\images\veined\veined_0128.jpg,0.25284580212648017,6,False
C:\Users\Hamada.MSI\Desktop\Hamada\lab\data\raw\images\Describable Textures Dataset\images\lacelike\lacelike_0030.jpg,0.2528479250436322,6,False
C:\Users\Hamada.MSI\Desktop\Hamada\lab\data\raw\images\Describable Textures Dataset\images\interlaced\interlaced_0109.jpg,0.25287735857756477,6,False
C:\Users\Hamada.MSI\Desktop\Hamada\lab\data\raw\images\Describable Textures Dataset\images\interlaced\interlaced_0136.jpg,0.2529009075313893,6,False
C:\Users\Hamada.MSI\Desktop\Hamada\lab\data\raw\images\Describable Textures Dataset\images\pitted\pitted_0026.jpg,0.25293858756624316,6,False
C:\Users\Hamada.MSI\Desktop\Hamada\lab\data\raw\images\Describable Textures Dataset\images\freckled\freckled_0076.jpg,0.2529605790221929,6,False
C:\Users\Hamada.MSI\Desktop\Hamada\lab\data\raw\images\Describable Textures Dataset\images\dotted\dotted_0193.jpg,0.25296992901649035,6,False
C:\Users\Hamada.MSI\Desktop\Hamada\lab\data\raw\images\Describable Textures Dataset\images\scaly\scaly_0155.jpg,0.2530550973074368,6,False
C:\Users\Hamada.MSI\Desktop\Hamada\lab\data\raw\images\Describable Textures Dataset\images\matted\matted_0108.jpg,0.25310490828045884,6,False
C:\Users\Hamada.MSI\Desktop\Hamada\lab\data\raw\images\Describable Textures Dataset\images\stained\stained_0096.jpg,0.253116832044261,6,False
C:\Users\Hamada.MSI\Desktop\Hamada\lab\data\raw\images\Describable Textures Dataset\images\pitted\pitted_0120.jpg,0.25325066933349716,6,False
C:\Users\Hamada.MSI\Desktop\Hamada\lab\data\raw\images\Describable Textures Dataset\images\crystalline\crystalline_0151.jpg,0.2534319080068192,6,False
C:\Users\Hamada.MSI\Desktop\Hamada\lab\data\raw\images\Describable Textures Dataset\images\cobwebbed\cobwebbed_0131.jpg,0.25347780475691456,6,False
C:\Users\Hamada.MSI\Desktop\Hamada\lab\data\raw\images\Describable Textures Dataset\images\waffled\waffled_0121.jpg,0.25349076691305933,6,False
C:\Users\Hamada.MSI\Desktop\Hamada\lab\data\raw\images\Describable Textures Dataset\images\scaly\scaly_0161.jpg,0.25371669584040296,6,False
C:\Users\Hamada.MSI\Desktop\Hamada\lab\data\raw\images\Describable Textures Dataset\images\spiralled\spiralled_0093.jpg,0.2538532284876257,6,False
C:\Users\Hamada.MSI\Desktop\Hamada\lab\data\raw\images\Describable Textures Dataset\images\grid\grid_0125.jpg,0.2539284433810442,6,False
C:\Users\Hamada.MSI\Desktop\Hamada\lab\data\raw\images\Describable Textures Dataset\images\swirly\swirly_0069.jpg,0.25395784016091466,6,False
C:\Users\Hamada.MSI\Desktop\Hamada\lab\data\raw\images\Describable Textures Dataset\images\cobwebbed\cobwebbed_0153.jpg,0.2539630520077079,6,False
C:\Users\Hamada.MSI\Desktop\Hamada\lab\data\raw\images\Describable Textures Dataset\images\zigzagged\zigzagged_0051.jpg,0.25408415411345586,6,False
C:\Users\Hamada.MSI\Desktop\Hamada\lab\data\raw\images\Describable Textures Dataset\images\gauzy\gauzy_0132.jpg,0.25410978737663475,6,False
C:\Users\Hamada.MSI\Desktop\Hamada\lab\data\raw\images\Describable Textures Dataset\images\flecked\flecked_0042.jpg,0.2541503995636559,6,False
C:\Users\Hamada.MSI\Desktop\Hamada\lab\data\raw\images\Describable Textures Dataset\images\pleated\pleated_0158.jpg,0.2543344613943389,6,False
C:\Users\Hamada.MSI\Desktop\Hamada\lab\data\raw\images\Describable Textures Dataset\images\marbled\marbled_0074.jpg,0.25439754907945505,6,False
C:\Users\Hamada.MSI\Desktop\Hamada\lab\data\raw\images\Describable Textures Dataset\images\paisley\paisley_0073.jpg,0.25448551280607234,6,False
C:\Users\Hamada.MSI\Desktop\Hamada\lab\data\raw\images\Describable Textures Dataset\images\cracked\cracked_0153.jpg,0.25455693562261955,6,False
C:\Users\Hamada.MSI\Desktop\Hamada\lab\data\raw\images\Describable Textures Dataset\images\lined\lined_0170.jpg,0.2545765798103591,6,False
C:\Users\Hamada.MSI\Desktop\Hamada\lab\data\raw\images\Describable Textures Dataset\images\smeared\smeared_0022.jpg,0.25462485023363524,6,False
C:\Users\Hamada.MSI\Desktop\Hamada\lab\data\raw\images\Describable Textures Dataset\images\spiralled\spiralled_0036.jpg,0.2546460260217051,6,False
C:\Users\Hamada.MSI\Desktop\Hamada\lab\data\raw\images\Describable Textures Dataset\images\chequered\chequered_0119.jpg,0.2546654666692399,6,False
C:\Users\Hamada.MSI\Desktop\Hamada\lab\data\raw\images\Describable Textures Dataset\images\grid\grid_0079.jpg,0.2546939450525949,6,False
C:\Users\Hamada.MSI\Desktop\Hamada\lab\data\raw\images\Describable Textures Dataset\images\frilly\frilly_0012.jpg,0.25477696769498687,6,False
C:\Users\Hamada.MSI\Desktop\Hamada\lab\data\raw\images\Describable Textures Dataset\images\meshed\meshed_0111.jpg,0.25478215947363153,6,False
C:\Users\Hamada.MSI\Desktop\Hamada\lab\data\raw\images\Describable Textures Dataset\images\crystalline\crystalline_0193.jpg,0.25485163570115016,6,False
C:\Users\Hamada.MSI\Desktop\Hamada\lab\data\raw\images\Describable Textures Dataset\images\marbled\marbled_0149.jpg,0.25487998109202464,6,False
C:\Users\Hamada.MSI\Desktop\Hamada\lab\data\raw\images\Describable Textures Dataset\images\knitted\knitted_0105.jpg,0.254934480490365,6,False
C:\Users\Hamada.MSI\Desktop\Hamada\lab\data\raw\images\Describable Textures Dataset\images\matted\matted_0143.jpg,0.25495319082244067,6,False
C:\Users\Hamada.MSI\Desktop\Hamada\lab\data\raw\images\Describable Textures Dataset\images\knitted\knitted_0147.jpg,0.2549812274174813,6,False
C:\Users\Hamada.MSI\Desktop\Hamada\lab\data\raw\images\Describable Textures Dataset\images\scaly\scaly_0214.jpg,0.2551147510287816,6,False
C:\Users\Hamada.MSI\Desktop\Hamada\lab\data\raw\images\Describable Textures Dataset\images\cracked\cracked_0106.jpg,0.25512640871067715,6,False
C:\Users\Hamada.MSI\Desktop\Hamada\lab\data\raw\images\Describable Textures Dataset\images\fibrous\fibrous_0185.jpg,0.2552992254237278,6,False
C:\Users\Hamada.MSI\Desktop\Hamada\lab\data\raw\images\Describable Textures Dataset\images\interlaced\interlaced_0143.jpg,0.2553192726412471,6,False
C:\Users\Hamada.MSI\Desktop\Hamada\lab\data\raw\images\Describable Textures Dataset\images\matted\matted_0112.jpg,0.2553984905719449,6,False
C:\Users\Hamada.MSI\Desktop\Hamada\lab\data\raw\images\Describable Textures Dataset\images\braided\braided_0164.jpg,0.2554060466280924,6,False
C:\Users\Hamada.MSI\Desktop\Hamada\lab\data\raw\images\Describable Textures Dataset\images\scaly\scaly_0160.jpg,0.25541454271770303,6,False
C:\Users\Hamada.MSI\Desktop\Hamada\lab\data\raw\images\McGill Calibrated Color Image Database\Textures\Textures\merry_mtl07_001.tif,0.255431448234964,6,False
C:\Users\Hamada.MSI\Desktop\Hamada\lab\data\raw\images\Describable Textures Dataset\images\porous\porous_0091.jpg,0.2554494051653358,6,False
C:\Users\Hamada.MSI\Desktop\Hamada\lab\data\raw\images\Describable Textures Dataset\images\sprinkled\sprinkled_0125.jpg,0.25551593941254724,6,False
C:\Users\Hamada.MSI\Desktop\Hamada\lab\data\raw\images\Describable Textures Dataset\images\interlaced\interlaced_0149.jpg,0.255544505935696,6,False
C:\Users\Hamada.MSI\Desktop\Hamada\lab\data\raw\images\Describable Textures Dataset\images\stratified\stratified_0049.jpg,0.2556674822436021,6,False
C:\Users\Hamada.MSI\Desktop\Hamada\lab\data\raw\images\Describable Textures Dataset\images\polka-dotted\polka-dotted_0226.jpg,0.2556844082762317,6,False
C:\Users\Hamada.MSI\Desktop\Hamada\lab\data\raw\images\Describable Textures Dataset\images\pleated\pleated_0130.jpg,0.2557118538108497,6,False
C:\Users\Hamada.MSI\Desktop\Hamada\lab\data\raw\images\Describable Textures Dataset\images\potholed\potholed_0046.jpg,0.25573336388149015,6,False
C:\Users\Hamada.MSI\Desktop\Hamada\lab\data\raw\images\Describable Textures Dataset\images\spiralled\spiralled_0055.jpg,0.25574638726740184,6,False
C:\Users\Hamada.MSI\Desktop\Hamada\lab\data\raw\images\McGill Calibrated Color Image Database\Textures\Textures\pippin_UniStrt021.tif,0.2557580199812196,6,False
C:\Users\Hamada.MSI\Desktop\Hamada\lab\data\raw\images\Describable Textures Dataset\images\bumpy\bumpy_0127.jpg,0.2557843420643732,6,False
C:\Users\Hamada.MSI\Desktop\Hamada\lab\data\raw\images\Describable Textures Dataset\images\swirly\swirly_0170.jpg,0.25585384783825216,6,False
C:\Users\Hamada.MSI\Desktop\Hamada\lab\data\raw\images\Describable Textures Dataset\images\wrinkled\wrinkled_0040.jpg,0.2559189626918674,6,False
C:\Users\Hamada.MSI\Desktop\Hamada\lab\data\raw\images\Describable Textures Dataset\images\interlaced\interlaced_0154.jpg,0.25592437249573574,6,False
C:\Users\Hamada.MSI\Desktop\Hamada\lab\data\raw\images\Describable Textures Dataset\images\potholed\potholed_0077.jpg,0.2559900218982015,6,False
C:\Users\Hamada.MSI\Desktop\Hamada\lab\data\raw\images\Describable Textures Dataset\images\woven\woven_0094.jpg,0.2560246588305456,6,False
C:\Users\Hamada.MSI\Desktop\Hamada\lab\data\raw\images\Describable Textures Dataset\images\marbled\marbled_0179.jpg,0.25609498593470476,6,False
C:\Users\Hamada.MSI\Desktop\Hamada\lab\data\raw\images\Describable Textures Dataset\images\grooved\grooved_0071.jpg,0.2562072771844046,6,False
C:\Users\Hamada.MSI\Desktop\Hamada\lab\data\raw\images\Describable Textures Dataset\images\freckled\freckled_0161.jpg,0.256207680748213,6,False
C:\Users\Hamada.MSI\Desktop\Hamada\lab\data\raw\images\Describable Textures Dataset\images\freckled\freckled_0050.jpg,0.25625118829681254,6,False
C:\Users\Hamada.MSI\Desktop\Hamada\lab\data\raw\images\Describable Textures Dataset\images\stratified\stratified_0152.jpg,0.2562723230100824,6,False
C:\Users\Hamada.MSI\Desktop\Hamada\lab\data\raw\images\Describable Textures Dataset\images\crosshatched\crosshatched_0095.jpg,0.2563943363431884,6,False
C:\Users\Hamada.MSI\Desktop\Hamada\lab\data\raw\images\Describable Textures Dataset\images\striped\striped_0050.jpg,0.2564053789670927,6,False
C:\Users\Hamada.MSI\Desktop\Hamada\lab\data\raw\images\Describable Textures Dataset\images\zigzagged\zigzagged_0057.jpg,0.25643634672674687,6,False
C:\Users\Hamada.MSI\Desktop\Hamada\lab\data\raw\images\Describable Textures Dataset\images\veined\veined_0154.jpg,0.25644559392534727,6,False
C:\Users\Hamada.MSI\Desktop\Hamada\lab\data\raw\images\Describable Textures Dataset\images\freckled\freckled_0089.jpg,0.25654060324268324,6,False
C:\Users\Hamada.MSI\Desktop\Hamada\lab\data\raw\images\Describable Textures Dataset\images\blotchy\blotchy_0139.jpg,0.256561514267761,6,False
C:\Users\Hamada.MSI\Desktop\Hamada\lab\data\raw\images\Describable Textures Dataset\images\crystalline\crystalline_0118.jpg,0.2565811629758341,6,False
C:\Users\Hamada.MSI\Desktop\Hamada\lab\data\raw\images\Describable Textures Dataset\images\smeared\smeared_0130.jpg,0.25665742745036907,6,False
C:\Users\Hamada.MSI\Desktop\Hamada\lab\data\raw\images\Describable Textures Dataset\images\zigzagged\zigzagged_0056.jpg,0.2566963680206588,6,False
C:\Users\Hamada.MSI\Desktop\Hamada\lab\data\raw\images\Describable Textures Dataset\images\cracked\cracked_0068.jpg,0.2568451257444505,6,False
C:\Users\Hamada.MSI\Desktop\Hamada\lab\data\raw\images\Describable Textures Dataset\images\matted\matted_0031.jpg,0.2569120520836737,6,False
C:\Users\Hamada.MSI\Desktop\Hamada\lab\data\raw\images\Describable Textures Dataset\images\frilly\frilly_0034.jpg,0.2569315873785637,6,False
C:\Users\Hamada.MSI\Desktop\Hamada\lab\data\raw\images\Describable Textures Dataset\images\gauzy\gauzy_0130.jpg,0.25700526421537057,6,False
C:\Users\Hamada.MSI\Desktop\Hamada\lab\data\raw\images\Describable Textures Dataset\images\crosshatched\crosshatched_0140.jpg,0.2570482908249891,6,False
C:\Users\Hamada.MSI\Desktop\Hamada\lab\data\raw\images\Describable Textures Dataset\images\woven\woven_0041.jpg,0.2570544703905038,6,False
C:\Users\Hamada.MSI\Desktop\Hamada\lab\data\raw\images\Describable Textures Dataset\images\woven\woven_0095.jpg,0.2570982664529514,6,False
C:\Users\Hamada.MSI\Desktop\Hamada\lab\data\raw\images\Describable Textures Dataset\images\meshed\meshed_0181.jpg,0.25723642078604253,6,False
C:\Users\Hamada.MSI\Desktop\Hamada\lab\data\raw\images\Describable Textures Dataset\images\potholed\potholed_0070.jpg,0.2572848613207805,6,False
C:\Users\Hamada.MSI\Desktop\Hamada\lab\data\raw\images\Describable Textures Dataset\images\knitted\knitted_0123.jpg,0.25738531985394064,6,False
C:\Users\Hamada.MSI\Desktop\Hamada\lab\data\raw\images\Describable Textures Dataset\images\waffled\waffled_0170.jpg,0.25746007159439876,6,False
C:\Users\Hamada.MSI\Desktop\Hamada\lab\data\raw\images\Describable Textures Dataset\images\polka-dotted\polka-dotted_0131.jpg,0.2574629656933706,6,False
C:\Users\Hamada.MSI\Desktop\Hamada\lab\data\raw\images\Describable Textures Dataset\images\striped\striped_0026.jpg,0.2574690159787614,6,False
C:\Users\Hamada.MSI\Desktop\Hamada\lab\data\raw\images\Describable Textures Dataset\images\pleated\pleated_0058.jpg,0.2574962910544744,6,False
C:\Users\Hamada.MSI\Desktop\Hamada\lab\data\raw\images\Describable Textures Dataset\images\swirly\swirly_0163.jpg,0.2574969578558805,6,False
C:\Users\Hamada.MSI\Desktop\Hamada\lab\data\raw\images\Describable Textures Dataset\images\grid\grid_0135.jpg,0.25750569741726365,6,False
C:\Users\Hamada.MSI\Desktop\Hamada\lab\data\raw\images\Describable Textures Dataset\images\stratified\stratified_0059.jpg,0.25753730115373874,6,False
C:\Users\Hamada.MSI\Desktop\Hamada\lab\data\raw\images\Describable Textures Dataset\images\blotchy\blotchy_0118.jpg,0.25755063057090594,6,False
C:\Users\Hamada.MSI\Desktop\Hamada\lab\data\raw\images\Describable Textures Dataset\images\crystalline\crystalline_0213.jpg,0.25769566599113786,6,False
C:\Users\Hamada.MSI\Desktop\Hamada\lab\data\raw\images\Describable Textures Dataset\images\marbled\marbled_0176.jpg,0.25772113498831106,6,False
C:\Users\Hamada.MSI\Desktop\Hamada\lab\data\raw\images\Describable Textures Dataset\images\veined\veined_0159.jpg,0.2577747644801346,6,False
C:\Users\Hamada.MSI\Desktop\Hamada\lab\data\raw\images\Describable Textures Dataset\images\marbled\marbled_0080.jpg,0.25779858349395035,6,False
C:\Users\Hamada.MSI\Desktop\Hamada\lab\data\raw\images\Describable Textures Dataset\images\stained\stained_0106.jpg,0.25783811100952536,6,False
C:\Users\Hamada.MSI\Desktop\Hamada\lab\data\raw\images\Describable Textures Dataset\images\lacelike\lacelike_0027.jpg,0.25784739679798185,6,False
C:\Users\Hamada.MSI\Desktop\Hamada\lab\data\raw\images\McGill Calibrated Color Image Database\Textures\Textures\merry_mtl07_033.tif,0.25786329827431126,6,False
C:\Users\Hamada.MSI\Desktop\Hamada\lab\data\raw\images\Describable Textures Dataset\images\cracked\cracked_0155.jpg,0.25788108808044924,6,False
C:\Users\Hamada.MSI\Desktop\Hamada\lab\data\raw\images\Describable Textures Dataset\images\swirly\swirly_0067.jpg,0.25792439798372924,6,False
C:\Users\Hamada.MSI\Desktop\Hamada\lab\data\raw\images\Describable Textures Dataset\images\cracked\cracked_0109.jpg,0.258205840343353,6,False
C:\Users\Hamada.MSI\Desktop\Hamada\lab\data\raw\images\Describable Textures Dataset\images\porous\porous_0159.jpg,0.2584249626462663,6,False
C:\Users\Hamada.MSI\Desktop\Hamada\lab\data\raw\images\Describable Textures Dataset\images\interlaced\interlaced_0103.jpg,0.2584675079599194,6,False
C:\Users\Hamada.MSI\Desktop\Hamada\lab\data\raw\images\Describable Textures Dataset\images\paisley\paisley_0011.jpg,0.2584943162197012,6,False
C:\Users\Hamada.MSI\Desktop\Hamada\lab\data\raw\images\Describable Textures Dataset\images\striped\striped_0012.jpg,0.2589219044960677,6,False
C:\Users\Hamada.MSI\Desktop\Hamada\lab\data\raw\images\Describable Textures Dataset\images\grooved\grooved_0057.jpg,0.2589252257814299,6,False
C:\Users\Hamada.MSI\Desktop\Hamada\lab\data\raw\images\Describable Textures Dataset\images\knitted\knitted_0132.jpg,0.25895848370308877,6,False
C:\Users\Hamada.MSI\Desktop\Hamada\lab\data\raw\images\Describable Textures Dataset\images\cobwebbed\cobwebbed_0161.jpg,0.25898037816020975,6,False
C:\Users\Hamada.MSI\Desktop\Hamada\lab\data\raw\images\Describable Textures Dataset\images\wrinkled\wrinkled_0093.jpg,0.2590172804351551,6,False
C:\Users\Hamada.MSI\Desktop\Hamada\lab\data\raw\images\Describable Textures Dataset\images\porous\porous_0124.jpg,0.2590218351135887,6,False
C:\Users\Hamada.MSI\Desktop\Hamada\lab\data\raw\images\Describable Textures Dataset\images\veined\veined_0107.jpg,0.25902503131845844,6,False
C:\Users\Hamada.MSI\Desktop\Hamada\lab\data\raw\images\Describable Textures Dataset\images\bumpy\bumpy_0194.jpg,0.2590356761600225,6,False
C:\Users\Hamada.MSI\Desktop\Hamada\lab\data\raw\images\Describable Textures Dataset\images\waffled\waffled_0186.jpg,0.2590494626353276,6,False
C:\Users\Hamada.MSI\Desktop\Hamada\lab\data\raw\images\Describable Textures Dataset\images\veined\veined_0167.jpg,0.2591693061301678,6,False
C:\Users\Hamada.MSI\Desktop\Hamada\lab\data\raw\images\Describable Textures Dataset\images\woven\woven_0031.jpg,0.2591976657905183,6,False
C:\Users\Hamada.MSI\Desktop\Hamada\lab\data\raw\images\Describable Textures Dataset\images\chequered\chequered_0084.jpg,0.25923054469412316,6,False
C:\Users\Hamada.MSI\Desktop\Hamada\lab\data\raw\images\Describable Textures Dataset\images\bubbly\bubbly_0038.jpg,0.25927689972772955,6,False
C:\Users\Hamada.MSI\Desktop\Hamada\lab\data\raw\images\Describable Textures Dataset\images\zigzagged\zigzagged_0131.jpg,0.2592864493451346,6,False
C:\Users\Hamada.MSI\Desktop\Hamada\lab\data\raw\images\Describable Textures Dataset\images\meshed\meshed_0108.jpg,0.2594209016706834,6,False
C:\Users\Hamada.MSI\Desktop\Hamada\lab\data\raw\images\Describable Textures Dataset\images\freckled\freckled_0176.jpg,0.2594296793093207,6,False
C:\Users\Hamada.MSI\Desktop\Hamada\lab\data\raw\images\Describable Textures Dataset\images\dotted\dotted_0127.jpg,0.25947066961626414,6,False
C:\Users\Hamada.MSI\Desktop\Hamada\lab\data\raw\images\Describable Textures Dataset\images\chequered\chequered_0201.jpg,0.2595013673024749,6,False
C:\Users\Hamada.MSI\Desktop\Hamada\lab\data\raw\images\Describable Textures Dataset\images\potholed\potholed_0136.jpg,0.2595278479290257,6,False
C:\Users\Hamada.MSI\Desktop\Hamada\lab\data\raw\images\Describable Textures Dataset\images\veined\veined_0078.jpg,0.2595775117372407,6,False
C:\Users\Hamada.MSI\Desktop\Hamada\lab\data\raw\images\Describable Textures Dataset\images\grid\grid_0101.jpg,0.259593542616036,6,False
C:\Users\Hamada.MSI\Desktop\Hamada\lab\data\raw\images\Describable Textures Dataset\images\stained\stained_0032.jpg,0.2596224169860926,6,False
C:\Users\Hamada.MSI\Desktop\Hamada\lab\data\raw\images\Describable Textures Dataset\images\pitted\pitted_0105.jpg,0.2596395731934277,6,False
C:\Users\Hamada.MSI\Desktop\Hamada\lab\data\raw\images\Describable Textures Dataset\images\pleated\pleated_0106.jpg,0.2596718092808674,6,False
C:\Users\Hamada.MSI\Desktop\Hamada\lab\data\raw\images\Describable Textures Dataset\images\matted\matted_0034.jpg,0.2596850538222548,6,False
C:\Users\Hamada.MSI\Desktop\Hamada\lab\data\raw\images\Describable Textures Dataset\images\scaly\scaly_0151.jpg,0.2597821048073029,6,False
C:\Users\Hamada.MSI\Desktop\Hamada\lab\data\raw\images\Describable Textures Dataset\images\crosshatched\crosshatched_0167.jpg,0.2598978492721358,6,False
C:\Users\Hamada.MSI\Desktop\Hamada\lab\data\raw\images\Describable Textures Dataset\images\freckled\freckled_0149.jpg,0.25990566475403004,6,False
C:\Users\Hamada.MSI\Desktop\Hamada\lab\data\raw\images\Describable Textures Dataset\images\crystalline\crystalline_0108.jpg,0.25990804328783845,6,False
C:\Users\Hamada.MSI\Desktop\Hamada\lab\data\raw\images\Describable Textures Dataset\images\zigzagged\zigzagged_0053.jpg,0.2599099856029927,6,False
C:\Users\Hamada.MSI\Desktop\Hamada\lab\data\raw\images\Describable Textures Dataset\images\matted\matted_0053.jpg,0.25992701580810673,6,False
C:\Users\Hamada.MSI\Desktop\Hamada\lab\data\raw\images\Describable Textures Dataset\images\pleated\pleated_0141.jpg,0.26002950466453206,6,False
C:\Users\Hamada.MSI\Desktop\Hamada\lab\data\raw\images\Describable Textures Dataset\images\veined\veined_0179.jpg,0.26022316486620967,6,False
C:\Users\Hamada.MSI\Desktop\Hamada\lab\data\raw\images\Describable Textures Dataset\images\crosshatched\crosshatched_0124.jpg,0.260245738177338,6,False
C:\Users\Hamada.MSI\Desktop\Hamada\lab\data\raw\images\Describable Textures Dataset\images\marbled\marbled_0194.jpg,0.2602831610211802,6,False
C:\Users\Hamada.MSI\Desktop\Hamada\lab\data\raw\images\Describable Textures Dataset\images\potholed\potholed_0048.jpg,0.2602840472448304,6,False
C:\Users\Hamada.MSI\Desktop\Hamada\lab\data\raw\images\Describable Textures Dataset\images\lacelike\lacelike_0108.jpg,0.2602931790164667,6,False
C:\Users\Hamada.MSI\Desktop\Hamada\lab\data\raw\images\Describable Textures Dataset\images\braided\braided_0074.jpg,0.2602949761952828,6,False
C:\Users\Hamada.MSI\Desktop\Hamada\lab\data\raw\images\Describable Textures Dataset\images\meshed\meshed_0089.jpg,0.2603377309299967,6,False
C:\Users\Hamada.MSI\Desktop\Hamada\lab\data\raw\images\Describable Textures Dataset\images\veined\veined_0178.jpg,0.26038797163988026,6,False
C:\Users\Hamada.MSI\Desktop\Hamada\lab\data\raw\images\Describable Textures Dataset\images\stratified\stratified_0135.jpg,0.2605438311354228,6,False
C:\Users\Hamada.MSI\Desktop\Hamada\lab\data\raw\images\Describable Textures Dataset\images\freckled\freckled_0099.jpg,0.2605632609551922,6,False
C:\Users\Hamada.MSI\Desktop\Hamada\lab\data\raw\images\Describable Textures Dataset\images\blotchy\blotchy_0034.jpg,0.2605677261352936,6,False
C:\Users\Hamada.MSI\Desktop\Hamada\lab\data\raw\images\Describable Textures Dataset\images\porous\porous_0058.jpg,0.2605901482899592,6,False
C:\Users\Hamada.MSI\Desktop\Hamada\lab\data\raw\images\Describable Textures Dataset\images\freckled\freckled_0118.jpg,0.2606770563848968,6,False
C:\Users\Hamada.MSI\Desktop\Hamada\lab\data\raw\images\Describable Textures Dataset\images\scaly\scaly_0178.jpg,0.26071162647988005,6,False
C:\Users\Hamada.MSI\Desktop\Hamada\lab\data\raw\images\Describable Textures Dataset\images\grid\grid_0104.jpg,0.2607364092513152,6,False
C:\Users\Hamada.MSI\Desktop\Hamada\lab\data\raw\images\Describable Textures Dataset\images\crosshatched\crosshatched_0058.jpg,0.26074268630723135,6,False
C:\Users\Hamada.MSI\Desktop\Hamada\lab\data\raw\images\Describable Textures Dataset\images\bubbly\bubbly_0168.jpg,0.26077052960855174,6,False
C:\Users\Hamada.MSI\Desktop\Hamada\lab\data\raw\images\Describable Textures Dataset\images\banded\banded_0083.jpg,0.2607732134832023,6,False
C:\Users\Hamada.MSI\Desktop\Hamada\lab\data\raw\images\Describable Textures Dataset\images\braided\braided_0075.jpg,0.2609572345508402,6,False
C:\Users\Hamada.MSI\Desktop\Hamada\lab\data\raw\images\Describable Textures Dataset\images\blotchy\blotchy_0123.jpg,0.26096183843457993,6,False
C:\Users\Hamada.MSI\Desktop\Hamada\lab\data\raw\images\McGill Calibrated Color Image Database\Textures\Textures\pippin_spring0003.tif,0.2610465058304958,6,False
C:\Users\Hamada.MSI\Desktop\Hamada\lab\data\raw\images\Describable Textures Dataset\images\polka-dotted\polka-dotted_0182.jpg,0.26115232655043796,6,False
C:\Users\Hamada.MSI\Desktop\Hamada\lab\data\raw\images\Describable Textures Dataset\images\pleated\pleated_0073.jpg,0.26123469152661644,6,False
C:\Users\Hamada.MSI\Desktop\Hamada\lab\data\raw\images\Describable Textures Dataset\images\potholed\potholed_0153.jpg,0.2612669246737705,6,False
C:\Users\Hamada.MSI\Desktop\Hamada\lab\data\raw\images\Describable Textures Dataset\images\polka-dotted\polka-dotted_0112.jpg,0.26142788546318224,6,False
C:\Users\Hamada.MSI\Desktop\Hamada\lab\data\raw\images\Describable Textures Dataset\images\waffled\waffled_0059.jpg,0.26146492995281945,6,False
C:\Users\Hamada.MSI\Desktop\Hamada\lab\data\raw\images\Describable Textures Dataset\images\bubbly\bubbly_0124.jpg,0.26156444745902435,6,False
C:\Users\Hamada.MSI\Desktop\Hamada\lab\data\raw\images\Describable Textures Dataset\images\fibrous\fibrous_0165.jpg,0.26158497659246843,6,False
C:\Users\Hamada.MSI\Desktop\Hamada\lab\data\raw\images\Describable Textures Dataset\images\cracked\cracked_0077.jpg,0.2616274566896565,6,False
C:\Users\Hamada.MSI\Desktop\Hamada\lab\data\raw\images\Describable Textures Dataset\images\lacelike\lacelike_0020.jpg,0.26165828157348336,6,False
C:\Users\Hamada.MSI\Desktop\Hamada\lab\data\raw\images\Describable Textures Dataset\images\potholed\potholed_0045.jpg,0.26189225564099583,6,False
C:\Users\Hamada.MSI\Desktop\Hamada\lab\data\raw\images\Describable Textures Dataset\images\blotchy\blotchy_0093.jpg,0.2619120797719534,6,False
C:\Users\Hamada.MSI\Desktop\Hamada\lab\data\raw\images\Describable Textures Dataset\images\bubbly\bubbly_0084.jpg,0.26191419474267763,6,False
C:\Users\Hamada.MSI\Desktop\Hamada\lab\data\raw\images\Describable Textures Dataset\images\potholed\potholed_0144.jpg,0.2619353013981725,6,False
C:\Users\Hamada.MSI\Desktop\Hamada\lab\data\raw\images\Describable Textures Dataset\images\grid\grid_0032.jpg,0.2619378282115741,6,False
C:\Users\Hamada.MSI\Desktop\Hamada\lab\data\raw\images\Describable Textures Dataset\images\lacelike\lacelike_0003.jpg,0.26200341077007183,6,False
C:\Users\Hamada.MSI\Desktop\Hamada\lab\data\raw\images\Describable Textures Dataset\images\crosshatched\crosshatched_0053.jpg,0.2620096099021518,6,False
C:\Users\Hamada.MSI\Desktop\Hamada\lab\data\raw\images\Describable Textures Dataset\images\wrinkled\wrinkled_0144.jpg,0.2620724568042445,6,False
C:\Users\Hamada.MSI\Desktop\Hamada\lab\data\raw\images\Describable Textures Dataset\images\cobwebbed\cobwebbed_0113.jpg,0.26213861887614737,6,False
C:\Users\Hamada.MSI\Desktop\Hamada\lab\data\raw\images\Describable Textures Dataset\images\crystalline\crystalline_0173.jpg,0.26220402121473296,6,False
C:\Users\Hamada.MSI\Desktop\Hamada\lab\data\raw\images\Describable Textures Dataset\images\matted\matted_0141.jpg,0.2622125776439654,6,False
C:\Users\Hamada.MSI\Desktop\Hamada\lab\data\raw\images\Describable Textures Dataset\images\veined\veined_0137.jpg,0.262294199779223,6,False
C:\Users\Hamada.MSI\Desktop\Hamada\lab\data\raw\images\Describable Textures Dataset\images\paisley\paisley_0096.jpg,0.2623084117307431,6,False
C:\Users\Hamada.MSI\Desktop\Hamada\lab\data\raw\images\Describable Textures Dataset\images\honeycombed\honeycombed_0161.jpg,0.2623161208599331,6,False
C:\Users\Hamada.MSI\Desktop\Hamada\lab\data\raw\images\McGill Calibrated Color Image Database\Textures\Textures\pippin_park0054.tif,0.26241809008595635,6,False
C:\Users\Hamada.MSI\Desktop\Hamada\lab\data\raw\images\Describable Textures Dataset\images\veined\veined_0120.jpg,0.26243097688901035,6,False
C:\Users\Hamada.MSI\Desktop\Hamada\lab\data\raw\images\Describable Textures Dataset\images\zigzagged\zigzagged_0116.jpg,0.2625078270892611,6,False
C:\Users\Hamada.MSI\Desktop\Hamada\lab\data\raw\images\Describable Textures Dataset\images\smeared\smeared_0133.jpg,0.2625340508591845,6,False
C:\Users\Hamada.MSI\Desktop\Hamada\lab\data\raw\images\Describable Textures Dataset\images\cracked\cracked_0092.jpg,0.2625816496744125,6,False
C:\Users\Hamada.MSI\Desktop\Hamada\lab\data\raw\images\McGill Calibrated Color Image Database\Textures\Textures\pippin_UniStrt013.tif,0.2626554796057352,6,False
C:\Users\Hamada.MSI\Desktop\Hamada\lab\data\raw\images\Describable Textures Dataset\images\wrinkled\wrinkled_0083.jpg,0.2627423530434261,6,False
C:\Users\Hamada.MSI\Desktop\Hamada\lab\data\raw\images\Describable Textures Dataset\images\braided\braided_0196.jpg,0.2628811899409103,6,False
C:\Users\Hamada.MSI\Desktop\Hamada\lab\data\raw\images\Describable Textures Dataset\images\braided\braided_0144.jpg,0.26289274604063384,6,False
C:\Users\Hamada.MSI\Desktop\Hamada\lab\data\raw\images\Describable Textures Dataset\images\porous\porous_0079.jpg,0.262898732330404,6,False
C:\Users\Hamada.MSI\Desktop\Hamada\lab\data\raw\images\Describable Textures Dataset\images\cracked\cracked_0082.jpg,0.26291315271659554,6,False
C:\Users\Hamada.MSI\Desktop\Hamada\lab\data\raw\images\Describable Textures Dataset\images\perforated\perforated_0145.jpg,0.26296258219681423,6,False
C:\Users\Hamada.MSI\Desktop\Hamada\lab\data\raw\images\Describable Textures Dataset\images\pitted\pitted_0062.jpg,0.26305950454633487,6,False
C:\Users\Hamada.MSI\Desktop\Hamada\lab\data\raw\images\Describable Textures Dataset\images\smeared\smeared_0137.jpg,0.2630836021323991,6,False
C:\Users\Hamada.MSI\Desktop\Hamada\lab\data\raw\images\Describable Textures Dataset\images\potholed\potholed_0040.jpg,0.2630952347076992,6,False
C:\Users\Hamada.MSI\Desktop\Hamada\lab\data\raw\images\Describable Textures Dataset\images\bubbly\bubbly_0046.jpg,0.26314690806245644,6,False
C:\Users\Hamada.MSI\Desktop\Hamada\lab\data\raw\images\Describable Textures Dataset\images\lacelike\lacelike_0014.jpg,0.2631827450806693,6,False
C:\Users\Hamada.MSI\Desktop\Hamada\lab\data\raw\images\Describable Textures Dataset\images\porous\porous_0060.jpg,0.26326740263859666,6,False
C:\Users\Hamada.MSI\Desktop\Hamada\lab\data\raw\images\Describable Textures Dataset\images\smeared\smeared_0018.jpg,0.2633720957374254,6,False
C:\Users\Hamada.MSI\Desktop\Hamada\lab\data\raw\images\Describable Textures Dataset\images\perforated\perforated_0040.jpg,0.26348260926798667,6,False
C:\Users\Hamada.MSI\Desktop\Hamada\lab\data\raw\images\Describable Textures Dataset\images\porous\porous_0128.jpg,0.26369071447260295,6,False
C:\Users\Hamada.MSI\Desktop\Hamada\lab\data\raw\images\Describable Textures Dataset\images\frilly\frilly_0054.jpg,0.2636960986896913,6,False
C:\Users\Hamada.MSI\Desktop\Hamada\lab\data\raw\images\Describable Textures Dataset\images\interlaced\interlaced_0152.jpg,0.2637052257505056,6,False
C:\Users\Hamada.MSI\Desktop\Hamada\lab\data\raw\images\Describable Textures Dataset\images\smeared\smeared_0031.jpg,0.2637273730415915,6,False
C:\Users\Hamada.MSI\Desktop\Hamada\lab\data\raw\images\Describable Textures Dataset\images\honeycombed\honeycombed_0165.jpg,0.26375415181531014,6,False
C:\Users\Hamada.MSI\Desktop\Hamada\lab\data\raw\images\Describable Textures Dataset\images\zigzagged\zigzagged_0037.jpg,0.2638258226768397,6,False
C:\Users\Hamada.MSI\Desktop\Hamada\lab\data\raw\images\Describable Textures Dataset\images\knitted\knitted_0195.jpg,0.26385844469521974,6,False
C:\Users\Hamada.MSI\Desktop\Hamada\lab\data\raw\images\Describable Textures Dataset\images\cobwebbed\cobwebbed_0119.jpg,0.26387771863501325,6,False
C:\Users\Hamada.MSI\Desktop\Hamada\lab\data\raw\images\Describable Textures Dataset\images\scaly\scaly_0179.jpg,0.26397413736002684,6,False
C:\Users\Hamada.MSI\Desktop\Hamada\lab\data\raw\images\Describable Textures Dataset\images\zigzagged\zigzagged_0060.jpg,0.2639938004402877,6,False
C:\Users\Hamada.MSI\Desktop\Hamada\lab\data\raw\images\Describable Textures Dataset\images\woven\woven_0071.jpg,0.2641229414531567,6,False
C:\Users\Hamada.MSI\Desktop\Hamada\lab\data\raw\images\Describable Textures Dataset\images\frilly\frilly_0069.jpg,0.26413901547659396,6,False
C:\Users\Hamada.MSI\Desktop\Hamada\lab\data\raw\images\Describable Textures Dataset\images\bubbly\bubbly_0053.jpg,0.2642126804270513,6,False
C:\Users\Hamada.MSI\Desktop\Hamada\lab\data\raw\images\Describable Textures Dataset\images\pitted\pitted_0134.jpg,0.26443220373258686,6,False
C:\Users\Hamada.MSI\Desktop\Hamada\lab\data\raw\images\Describable Textures Dataset\images\crystalline\crystalline_0112.jpg,0.26458055925963747,6,False
C:\Users\Hamada.MSI\Desktop\Hamada\lab\data\raw\images\Describable Textures Dataset\images\waffled\waffled_0102.jpg,0.2646696389471927,6,False
C:\Users\Hamada.MSI\Desktop\Hamada\lab\data\raw\images\Describable Textures Dataset\images\stratified\stratified_0042.jpg,0.26474606429726166,6,False
C:\Users\Hamada.MSI\Desktop\Hamada\lab\data\raw\images\Describable Textures Dataset\images\matted\matted_0158.jpg,0.26478590335496244,6,False
C:\Users\Hamada.MSI\Desktop\Hamada\lab\data\raw\images\Describable Textures Dataset\images\stratified\stratified_0144.jpg,0.26480457127429596,6,False
C:\Users\Hamada.MSI\Desktop\Hamada\lab\data\raw\images\Describable Textures Dataset\images\stained\stained_0089.jpg,0.2648088550524206,6,False
C:\Users\Hamada.MSI\Desktop\Hamada\lab\data\raw\images\Describable Textures Dataset\images\porous\porous_0164.jpg,0.26490106333864233,6,False
C:\Users\Hamada.MSI\Desktop\Hamada\lab\data\raw\images\Describable Textures Dataset\images\bumpy\bumpy_0142.jpg,0.2649830839820153,6,False
C:\Users\Hamada.MSI\Desktop\Hamada\lab\data\raw\images\Describable Textures Dataset\images\paisley\paisley_0097.jpg,0.2650889299382449,6,False
C:\Users\Hamada.MSI\Desktop\Hamada\lab\data\raw\images\Describable Textures Dataset\images\fibrous\fibrous_0168.jpg,0.26510823369888104,6,False
C:\Users\Hamada.MSI\Desktop\Hamada\lab\data\raw\images\Describable Textures Dataset\images\porous\porous_0095.jpg,0.2651763323100644,6,False
C:\Users\Hamada.MSI\Desktop\Hamada\lab\data\raw\images\Describable Textures Dataset\images\pitted\pitted_0126.jpg,0.26529494833074574,6,False
C:\Users\Hamada.MSI\Desktop\Hamada\lab\data\raw\images\Describable Textures Dataset\images\honeycombed\honeycombed_0107.jpg,0.2653140795721291,6,False
C:\Users\Hamada.MSI\Desktop\Hamada\lab\data\raw\images\Describable Textures Dataset\images\woven\woven_0088.jpg,0.2653341526348616,6,False
C:\Users\Hamada.MSI\Desktop\Hamada\lab\data\raw\images\Describable Textures Dataset\images\matted\matted_0137.jpg,0.265378496653029,6,False
C:\Users\Hamada.MSI\Desktop\Hamada\lab\data\raw\images\Describable Textures Dataset\images\frilly\frilly_0062.jpg,0.2655774820435113,6,False
C:\Users\Hamada.MSI\Desktop\Hamada\lab\data\raw\images\Describable Textures Dataset\images\frilly\frilly_0042.jpg,0.2656675696999556,6,False
C:\Users\Hamada.MSI\Desktop\Hamada\lab\data\raw\images\Describable Textures Dataset\images\sprinkled\sprinkled_0116.jpg,0.26573885533687785,6,False
C:\Users\Hamada.MSI\Desktop\Hamada\lab\data\raw\images\Describable Textures Dataset\images\matted\matted_0038.jpg,0.2657610030761728,6,False
C:\Users\Hamada.MSI\Desktop\Hamada\lab\data\raw\images\Describable Textures Dataset\images\perforated\perforated_0142.jpg,0.2657710422087111,6,False
C:\Users\Hamada.MSI\Desktop\Hamada\lab\data\raw\images\Describable Textures Dataset\images\crosshatched\crosshatched_0077.jpg,0.26577578752461894,6,False
C:\Users\Hamada.MSI\Desktop\Hamada\lab\data\raw\images\Describable Textures Dataset\images\meshed\meshed_0123.jpg,0.2658628798304969,6,False
C:\Users\Hamada.MSI\Desktop\Hamada\lab\data\raw\images\Describable Textures Dataset\images\smeared\smeared_0083.jpg,0.26588416277849414,6,False
C:\Users\Hamada.MSI\Desktop\Hamada\lab\data\raw\images\Describable Textures Dataset\images\cracked\cracked_0054.jpg,0.2659736026673,6,False
C:\Users\Hamada.MSI\Desktop\Hamada\lab\data\raw\images\Describable Textures Dataset\images\sprinkled\sprinkled_0102.jpg,0.2659763469386915,6,False
C:\Users\Hamada.MSI\Desktop\Hamada\lab\data\raw\images\Describable Textures Dataset\images\paisley\paisley_0069.jpg,0.26602000036452245,6,False
C:\Users\Hamada.MSI\Desktop\Hamada\lab\data\raw\images\Describable Textures Dataset\images\interlaced\interlaced_0169.jpg,0.2660843762930437,6,False
C:\Users\Hamada.MSI\Desktop\Hamada\lab\data\raw\images\Describable Textures Dataset\images\chequered\chequered_0189.jpg,0.2662027883720746,6,False
C:\Users\Hamada.MSI\Desktop\Hamada\lab\data\raw\images\Describable Textures Dataset\images\cracked\cracked_0112.jpg,0.26630983673026004,6,False
C:\Users\Hamada.MSI\Desktop\Hamada\lab\data\raw\images\Describable Textures Dataset\images\grid\grid_0052.jpg,0.26632457413310734,6,False
C:\Users\Hamada.MSI\Desktop\Hamada\lab\data\raw\images\Describable Textures Dataset\images\woven\woven_0026.jpg,0.266339290189145,6,False
C:\Users\Hamada.MSI\Desktop\Hamada\lab\data\raw\images\Describable Textures Dataset\images\paisley\paisley_0094.jpg,0.2663472208879791,6,False
C:\Users\Hamada.MSI\Desktop\Hamada\lab\data\raw\images\Describable Textures Dataset\images\dotted\dotted_0191.jpg,0.26636627829059306,6,False
C:\Users\Hamada.MSI\Desktop\Hamada\lab\data\raw\images\Describable Textures Dataset\images\honeycombed\honeycombed_0173.jpg,0.26639960927525075,6,False
C:\Users\Hamada.MSI\Desktop\Hamada\lab\data\raw\images\Describable Textures Dataset\images\meshed\meshed_0154.jpg,0.26644758161086657,6,False
C:\Users\Hamada.MSI\Desktop\Hamada\lab\data\raw\images\McGill Calibrated Color Image Database\Textures\Textures\pippin_park0040.tif,0.2666440720234017,6,False
C:\Users\Hamada.MSI\Desktop\Hamada\lab\data\raw\images\Describable Textures Dataset\images\crystalline\crystalline_0190.jpg,0.2666471542676488,6,False
C:\Users\Hamada.MSI\Desktop\Hamada\lab\data\raw\images\Describable Textures Dataset\images\knitted\knitted_0172.jpg,0.2666770650064885,6,False
C:\Users\Hamada.MSI\Desktop\Hamada\lab\data\raw\images\Describable Textures Dataset\images\freckled\freckled_0164.jpg,0.2667541655269514,6,False
C:\Users\Hamada.MSI\Desktop\Hamada\lab\data\raw\images\Describable Textures Dataset\images\veined\veined_0111.jpg,0.26678890825595775,6,False
C:\Users\Hamada.MSI\Desktop\Hamada\lab\data\raw\images\Describable Textures Dataset\images\waffled\waffled_0143.jpg,0.2668415981732483,6,False
C:\Users\Hamada.MSI\Desktop\Hamada\lab\data\raw\images\Describable Textures Dataset\images\swirly\swirly_0135.jpg,0.2668875924950212,6,False
C:\Users\Hamada.MSI\Desktop\Hamada\lab\data\raw\images\McGill Calibrated Color Image Database\Textures\Textures\pippin0226.tif,0.2668915012353872,6,False
C:\Users\Hamada.MSI\Desktop\Hamada\lab\data\raw\images\Describable Textures Dataset\images\stained\stained_0027.jpg,0.26690780726110636,6,False
C:\Users\Hamada.MSI\Desktop\Hamada\lab\data\raw\images\Describable Textures Dataset\images\crosshatched\crosshatched_0160.jpg,0.2669862870544486,6,False
C:\Users\Hamada.MSI\Desktop\Hamada\lab\data\raw\images\Describable Textures Dataset\images\potholed\potholed_0087.jpg,0.2670169940227463,6,False
C:\Users\Hamada.MSI\Desktop\Hamada\lab\data\raw\images\Describable Textures Dataset\images\bubbly\bubbly_0049.jpg,0.2670312124219279,6,False
C:\Users\Hamada.MSI\Desktop\Hamada\lab\data\raw\images\Describable Textures Dataset\images\freckled\freckled_0060.jpg,0.2672606052765732,6,False
C:\Users\Hamada.MSI\Desktop\Hamada\lab\data\raw\images\Describable Textures Dataset\images\potholed\potholed_0113.jpg,0.26730215199627966,6,False
C:\Users\Hamada.MSI\Desktop\Hamada\lab\data\raw\images\Describable Textures Dataset\images\lacelike\lacelike_0069.jpg,0.2673377533017284,6,False
C:\Users\Hamada.MSI\Desktop\Hamada\lab\data\raw\images\Describable Textures Dataset\images\cracked\cracked_0065.jpg,0.2673426965239673,6,False
C:\Users\Hamada.MSI\Desktop\Hamada\lab\data\raw\images\Describable Textures Dataset\images\lacelike\lacelike_0040.jpg,0.2674422537047678,6,False
C:\Users\Hamada.MSI\Desktop\Hamada\lab\data\raw\images\Describable Textures Dataset\images\frilly\frilly_0075.jpg,0.2675453665954307,6,False
C:\Users\Hamada.MSI\Desktop\Hamada\lab\data\raw\images\Describable Textures Dataset\images\cracked\cracked_0122.jpg,0.26762060472696,6,False
C:\Users\Hamada.MSI\Desktop\Hamada\lab\data\raw\images\Describable Textures Dataset\images\waffled\waffled_0145.jpg,0.2677364202887346,6,False
C:\Users\Hamada.MSI\Desktop\Hamada\lab\data\raw\images\Describable Textures Dataset\images\matted\matted_0058.jpg,0.26776712898252314,6,False
C:\Users\Hamada.MSI\Desktop\Hamada\lab\data\raw\images\Describable Textures Dataset\images\knitted\knitted_0092.jpg,0.2677745309610557,6,False
C:\Users\Hamada.MSI\Desktop\Hamada\lab\data\raw\images\Describable Textures Dataset\images\freckled\freckled_0064.jpg,0.26777930604074446,6,False
C:\Users\Hamada.MSI\Desktop\Hamada\lab\data\raw\images\Describable Textures Dataset\images\perforated\perforated_0003.jpg,0.2677822284015365,6,False
C:\Users\Hamada.MSI\Desktop\Hamada\lab\data\raw\images\Describable Textures Dataset\images\frilly\frilly_0035.jpg,0.2679107531660218,6,False
C:\Users\Hamada.MSI\Desktop\Hamada\lab\data\raw\images\Describable Textures Dataset\images\lacelike\lacelike_0118.jpg,0.2679226938939677,6,False
C:\Users\Hamada.MSI\Desktop\Hamada\lab\data\raw\images\Describable Textures Dataset\images\interlaced\interlaced_0146.jpg,0.26796047369270004,6,False
C:\Users\Hamada.MSI\Desktop\Hamada\lab\data\raw\images\Describable Textures Dataset\images\honeycombed\honeycombed_0159.jpg,0.2679811937164518,6,False
C:\Users\Hamada.MSI\Desktop\Hamada\lab\data\raw\images\Describable Textures Dataset\images\lacelike\lacelike_0023.jpg,0.26805485696736814,6,False
C:\Users\Hamada.MSI\Desktop\Hamada\lab\data\raw\images\Describable Textures Dataset\images\marbled\marbled_0168.jpg,0.2681563216080714,6,False
C:\Users\Hamada.MSI\Desktop\Hamada\lab\data\raw\images\Describable Textures Dataset\images\gauzy\gauzy_0134.jpg,0.26816124463534063,6,False
C:\Users\Hamada.MSI\Desktop\Hamada\lab\data\raw\images\Describable Textures Dataset\images\perforated\perforated_0166.jpg,0.2681876294698417,6,False
C:\Users\Hamada.MSI\Desktop\Hamada\lab\data\raw\images\Describable Textures Dataset\images\lacelike\lacelike_0079.jpg,0.26820738708856634,6,False
C:\Users\Hamada.MSI\Desktop\Hamada\lab\data\raw\images\Describable Textures Dataset\images\blotchy\blotchy_0086.jpg,0.2682650842744705,6,False
C:\Users\Hamada.MSI\Desktop\Hamada\lab\data\raw\images\Describable Textures Dataset\images\pitted\pitted_0147.jpg,0.2683836019611933,6,False
C:\Users\Hamada.MSI\Desktop\Hamada\lab\data\raw\images\Describable Textures Dataset\images\bubbly\bubbly_0091.jpg,0.26840834781033907,6,False
C:\Users\Hamada.MSI\Desktop\Hamada\lab\data\raw\images\Describable Textures Dataset\images\interlaced\interlaced_0102.jpg,0.26844727578679245,6,False
C:\Users\Hamada.MSI\Desktop\Hamada\lab\data\raw\images\Describable Textures Dataset\images\knitted\knitted_0176.jpg,0.26845349368382904,6,False
C:\Users\Hamada.MSI\Desktop\Hamada\lab\data\raw\images\Describable Textures Dataset\images\perforated\perforated_0159.jpg,0.2684551785486723,6,False
C:\Users\Hamada.MSI\Desktop\Hamada\lab\data\raw\images\Describable Textures Dataset\images\braided\braided_0170.jpg,0.2686146278429461,6,False
C:\Users\Hamada.MSI\Desktop\Hamada\lab\data\raw\images\Describable Textures Dataset\images\meshed\meshed_0140.jpg,0.2686608879054271,6,False
C:\Users\Hamada.MSI\Desktop\Hamada\lab\data\raw\images\Describable Textures Dataset\images\striped\striped_0027.jpg,0.2686913383592285,6,False
C:\Users\Hamada.MSI\Desktop\Hamada\lab\data\raw\images\Describable Textures Dataset\images\matted\matted_0124.jpg,0.2688018888970632,6,False
C:\Users\Hamada.MSI\Desktop\Hamada\lab\data\raw\images\Describable Textures Dataset\images\freckled\freckled_0140.jpg,0.26881040914873405,6,False
C:\Users\Hamada.MSI\Desktop\Hamada\lab\data\raw\images\Describable Textures Dataset\images\grid\grid_0019.jpg,0.26882932821956196,6,False
C:\Users\Hamada.MSI\Desktop\Hamada\lab\data\raw\images\Describable Textures Dataset\images\veined\veined_0072.jpg,0.2688451730806204,6,False
C:\Users\Hamada.MSI\Desktop\Hamada\lab\data\raw\images\Describable Textures Dataset\images\flecked\flecked_0052.jpg,0.26887955757637133,6,False
C:\Users\Hamada.MSI\Desktop\Hamada\lab\data\raw\images\Describable Textures Dataset\images\smeared\smeared_0079.jpg,0.2689008781995846,6,False
C:\Users\Hamada.MSI\Desktop\Hamada\lab\data\raw\images\Describable Textures Dataset\images\chequered\chequered_0127.jpg,0.26891351874593167,6,False
C:\Users\Hamada.MSI\Desktop\Hamada\lab\data\raw\images\Describable Textures Dataset\images\waffled\waffled_0173.jpg,0.26897284232627755,6,False
C:\Users\Hamada.MSI\Desktop\Hamada\lab\data\raw\images\Describable Textures Dataset\images\scaly\scaly_0180.jpg,0.2690646115129298,6,False
C:\Users\Hamada.MSI\Desktop\Hamada\lab\data\raw\images\Describable Textures Dataset\images\chequered\chequered_0153.jpg,0.269086269611953,6,False
C:\Users\Hamada.MSI\Desktop\Hamada\lab\data\raw\images\Describable Textures Dataset\images\cobwebbed\cobwebbed_0111.jpg,0.26931518665917725,6,False
C:\Users\Hamada.MSI\Desktop\Hamada\lab\data\raw\images\Describable Textures Dataset\images\pitted\pitted_0113.jpg,0.26940483590924835,6,False
C:\Users\Hamada.MSI\Desktop\Hamada\lab\data\raw\images\Describable Textures Dataset\images\lacelike\lacelike_0041.jpg,0.26955412791853556,6,False
C:\Users\Hamada.MSI\Desktop\Hamada\lab\data\raw\images\Describable Textures Dataset\images\matted\matted_0076.jpg,0.26956740761234993,6,False
C:\Users\Hamada.MSI\Desktop\Hamada\lab\data\raw\images\Describable Textures Dataset\images\zigzagged\zigzagged_0049.jpg,0.26961481515860825,6,False
C:\Users\Hamada.MSI\Desktop\Hamada\lab\data\raw\images\McGill Calibrated Color Image Database\Textures\Textures\merry_mexico0123.tif,0.26980293905407765,6,False
C:\Users\Hamada.MSI\Desktop\Hamada\lab\data\raw\images\Describable Textures Dataset\images\dotted\dotted_0157.jpg,0.2700231287326472,6,False
C:\Users\Hamada.MSI\Desktop\Hamada\lab\data\raw\images\Describable Textures Dataset\images\scaly\scaly_0122.jpg,0.2700361833504901,6,False
C:\Users\Hamada.MSI\Desktop\Hamada\lab\data\raw\images\Describable Textures Dataset\images\scaly\scaly_0186.jpg,0.27024800399137533,6,False
C:\Users\Hamada.MSI\Desktop\Hamada\lab\data\raw\images\Describable Textures Dataset\images\marbled\marbled_0193.jpg,0.2703538036192126,6,False
C:\Users\Hamada.MSI\Desktop\Hamada\lab\data\raw\images\Describable Textures Dataset\images\paisley\paisley_0123.jpg,0.2703757062967884,6,False
C:\Users\Hamada.MSI\Desktop\Hamada\lab\data\raw\images\Describable Textures Dataset\images\interlaced\interlaced_0172.jpg,0.2704147421965741,6,False
C:\Users\Hamada.MSI\Desktop\Hamada\lab\data\raw\images\Describable Textures Dataset\images\zigzagged\zigzagged_0089.jpg,0.27060153148459887,6,False
C:\Users\Hamada.MSI\Desktop\Hamada\lab\data\raw\images\Describable Textures Dataset\images\gauzy\gauzy_0135.jpg,0.2707330916690754,6,False
C:\Users\Hamada.MSI\Desktop\Hamada\lab\data\raw\images\Describable Textures Dataset\images\swirly\swirly_0092.jpg,0.2708081515912066,6,False
C:\Users\Hamada.MSI\Desktop\Hamada\lab\data\raw\images\Describable Textures Dataset\images\polka-dotted\polka-dotted_0138.jpg,0.27082676522378873,6,False
C:\Users\Hamada.MSI\Desktop\Hamada\lab\data\raw\images\Describable Textures Dataset\images\bumpy\bumpy_0180.jpg,0.27083536761321575,6,False
C:\Users\Hamada.MSI\Desktop\Hamada\lab\data\raw\images\Describable Textures Dataset\images\bumpy\bumpy_0101.jpg,0.27084268174095927,6,False
C:\Users\Hamada.MSI\Desktop\Hamada\lab\data\raw\images\Describable Textures Dataset\images\pitted\pitted_0083.jpg,0.27084640631051865,6,False
C:\Users\Hamada.MSI\Desktop\Hamada\lab\data\raw\images\Describable Textures Dataset\images\wrinkled\wrinkled_0025.jpg,0.27088027977341494,6,False
C:\Users\Hamada.MSI\Desktop\Hamada\lab\data\raw\images\Describable Textures Dataset\images\paisley\paisley_0089.jpg,0.2709411390089315,6,False
C:\Users\Hamada.MSI\Desktop\Hamada\lab\data\raw\images\Describable Textures Dataset\images\stained\stained_0093.jpg,0.27100068650913545,6,False
C:\Users\Hamada.MSI\Desktop\Hamada\lab\data\raw\images\Describable Textures Dataset\images\sprinkled\sprinkled_0078.jpg,0.27113671987302324,6,False
C:\Users\Hamada.MSI\Desktop\Hamada\lab\data\raw\images\Describable Textures Dataset\images\cobwebbed\cobwebbed_0068.jpg,0.27115441623870173,6,False
C:\Users\Hamada.MSI\Desktop\Hamada\lab\data\raw\images\Describable Textures Dataset\images\perforated\perforated_0170.jpg,0.2711616878988377,6,False
C:\Users\Hamada.MSI\Desktop\Hamada\lab\data\raw\images\Describable Textures Dataset\images\freckled\freckled_0133.jpg,0.2713162173761832,6,False
C:\Users\Hamada.MSI\Desktop\Hamada\lab\data\raw\images\Describable Textures Dataset\images\lacelike\lacelike_0081.jpg,0.2713775157092937,6,False
C:\Users\Hamada.MSI\Desktop\Hamada\lab\data\raw\images\Describable Textures Dataset\images\interlaced\interlaced_0138.jpg,0.27137766038656114,6,False
C:\Users\Hamada.MSI\Desktop\Hamada\lab\data\raw\images\Describable Textures Dataset\images\polka-dotted\polka-dotted_0213.jpg,0.271405792511651,6,False
C:\Users\Hamada.MSI\Desktop\Hamada\lab\data\raw\images\Describable Textures Dataset\images\potholed\potholed_0168.jpg,0.271664001754368,6,False
C:\Users\Hamada.MSI\Desktop\Hamada\lab\data\raw\images\McGill Calibrated Color Image Database\Textures\Textures\pippin_RVHtexture012.tif,0.2717496221524032,6,False
C:\Users\Hamada.MSI\Desktop\Hamada\lab\data\raw\images\Describable Textures Dataset\images\scaly\scaly_0130.jpg,0.27179724952926665,6,False
C:\Users\Hamada.MSI\Desktop\Hamada\lab\data\raw\images\Describable Textures Dataset\images\bumpy\bumpy_0111.jpg,0.2718827595488462,6,False
C:\Users\Hamada.MSI\Desktop\Hamada\lab\data\raw\images\Describable Textures Dataset\images\wrinkled\wrinkled_0038.jpg,0.27189921019416646,6,False
C:\Users\Hamada.MSI\Desktop\Hamada\lab\data\raw\images\Describable Textures Dataset\images\swirly\swirly_0081.jpg,0.2719606912951261,6,False
C:\Users\Hamada.MSI\Desktop\Hamada\lab\data\raw\images\Describable Textures Dataset\images\matted\matted_0128.jpg,0.27197803462237,6,False
C:\Users\Hamada.MSI\Desktop\Hamada\lab\data\raw\images\Describable Textures Dataset\images\crystalline\crystalline_0191.jpg,0.2720182621902191,6,False
C:\Users\Hamada.MSI\Desktop\Hamada\lab\data\raw\images\Describable Textures Dataset\images\meshed\meshed_0178.jpg,0.27205604431470176,6,False
C:\Users\Hamada.MSI\Desktop\Hamada\lab\data\raw\images\Describable Textures Dataset\images\swirly\swirly_0123.jpg,0.2721414159880076,6,False
C:\Users\Hamada.MSI\Desktop\Hamada\lab\data\raw\images\Describable Textures Dataset\images\pitted\pitted_0031.jpg,0.27216110466536003,6,False
C:\Users\Hamada.MSI\Desktop\Hamada\lab\data\raw\images\Describable Textures Dataset\images\scaly\scaly_0114.jpg,0.27224142420827063,6,False
C:\Users\Hamada.MSI\Desktop\Hamada\lab\data\raw\images\Describable Textures Dataset\images\knitted\knitted_0087.jpg,0.2722614559629995,6,False
C:\Users\Hamada.MSI\Desktop\Hamada\lab\data\raw\images\Describable Textures Dataset\images\blotchy\blotchy_0074.jpg,0.27229629234986774,6,False
C:\Users\Hamada.MSI\Desktop\Hamada\lab\data\raw\images\McGill Calibrated Color Image Database\Textures\Textures\pippin_RVHtexture006.tif,0.2723411394414479,6,False
C:\Users\Hamada.MSI\Desktop\Hamada\lab\data\raw\images\Describable Textures Dataset\images\frilly\frilly_0114.jpg,0.2723895329397115,6,False
C:\Users\Hamada.MSI\Desktop\Hamada\lab\data\raw\images\Describable Textures Dataset\images\chequered\chequered_0211.jpg,0.27262428302593616,6,False
C:\Users\Hamada.MSI\Desktop\Hamada\lab\data\raw\images\Describable Textures Dataset\images\lacelike\lacelike_0016.jpg,0.27263421888345424,6,False
C:\Users\Hamada.MSI\Desktop\Hamada\lab\data\raw\images\Describable Textures Dataset\images\potholed\potholed_0050.jpg,0.2728187237120995,6,False
C:\Users\Hamada.MSI\Desktop\Hamada\lab\data\raw\images\Describable Textures Dataset\images\fibrous\fibrous_0105.jpg,0.2728330520748625,6,False
C:\Users\Hamada.MSI\Desktop\Hamada\lab\data\raw\images\Describable Textures Dataset\images\interlaced\interlaced_0048.jpg,0.27285161317574325,6,False
C:\Users\Hamada.MSI\Desktop\Hamada\lab\data\raw\images\Describable Textures Dataset\images\grooved\grooved_0141.jpg,0.2728580149420453,6,False
C:\Users\Hamada.MSI\Desktop\Hamada\lab\data\raw\images\Describable Textures Dataset\images\zigzagged\zigzagged_0059.jpg,0.2728823061917477,6,False
C:\Users\Hamada.MSI\Desktop\Hamada\lab\data\raw\images\Describable Textures Dataset\images\spiralled\spiralled_0047.jpg,0.27294806586202264,6,False
C:\Users\Hamada.MSI\Desktop\Hamada\lab\data\raw\images\Describable Textures Dataset\images\interlaced\interlaced_0179.jpg,0.27298819247193473,6,False
C:\Users\Hamada.MSI\Desktop\Hamada\lab\data\raw\images\Describable Textures Dataset\images\knitted\knitted_0142.jpg,0.2731688732584404,6,False
C:\Users\Hamada.MSI\Desktop\Hamada\lab\data\raw\images\Describable Textures Dataset\images\wrinkled\wrinkled_0067.jpg,0.27318498445489364,6,False
C:\Users\Hamada.MSI\Desktop\Hamada\lab\data\raw\images\Describable Textures Dataset\images\freckled\freckled_0143.jpg,0.27330791495916446,6,False
C:\Users\Hamada.MSI\Desktop\Hamada\lab\data\raw\images\Describable Textures Dataset\images\dotted\dotted_0178.jpg,0.2734385854363913,6,False
C:\Users\Hamada.MSI\Desktop\Hamada\lab\data\raw\images\Describable Textures Dataset\images\paisley\paisley_0102.jpg,0.273448105712345,6,False
C:\Users\Hamada.MSI\Desktop\Hamada\lab\data\raw\images\McGill Calibrated Color Image Database\Textures\Textures\pippin_park0037.tif,0.27345781902297733,6,False
C:\Users\Hamada.MSI\Desktop\Hamada\lab\data\raw\images\Describable Textures Dataset\images\wrinkled\wrinkled_0125.jpg,0.27347532245088935,6,False
C:\Users\Hamada.MSI\Desktop\Hamada\lab\data\raw\images\Describable Textures Dataset\images\fibrous\fibrous_0207.jpg,0.273527920764678,6,False
C:\Users\Hamada.MSI\Desktop\Hamada\lab\data\raw\images\Describable Textures Dataset\images\grooved\grooved_0086.jpg,0.2735580630072535,6,False
C:\Users\Hamada.MSI\Desktop\Hamada\lab\data\raw\images\Describable Textures Dataset\images\interlaced\interlaced_0156.jpg,0.27362748758014566,6,False
C:\Users\Hamada.MSI\Desktop\Hamada\lab\data\raw\images\Describable Textures Dataset\images\lined\lined_0126.jpg,0.27367351066930096,6,False
C:\Users\Hamada.MSI\Desktop\Hamada\lab\data\raw\images\Describable Textures Dataset\images\crystalline\crystalline_0138.jpg,0.27368042781343543,6,False
C:\Users\Hamada.MSI\Desktop\Hamada\lab\data\raw\images\Describable Textures Dataset\images\knitted\knitted_0106.jpg,0.2738906543695127,6,False
C:\Users\Hamada.MSI\Desktop\Hamada\lab\data\raw\images\Describable Textures Dataset\images\lined\lined_0112.jpg,0.2739358540853194,6,False
C:\Users\Hamada.MSI\Desktop\Hamada\lab\data\raw\images\McGill Calibrated Color Image Database\Textures\Textures\merry_mexico0067.tif,0.27398185294628274,6,False
C:\Users\Hamada.MSI\Desktop\Hamada\lab\data\raw\images\Describable Textures Dataset\images\interlaced\interlaced_0114.jpg,0.27399095854257977,6,False
C:\Users\Hamada.MSI\Desktop\Hamada\lab\data\raw\images\Describable Textures Dataset\images\lined\lined_0118.jpg,0.27403644068139743,6,False
C:\Users\Hamada.MSI\Desktop\Hamada\lab\data\raw\images\Describable Textures Dataset\images\lacelike\lacelike_0009.jpg,0.274061948910422,6,False
C:\Users\Hamada.MSI\Desktop\Hamada\lab\data\raw\images\Describable Textures Dataset\images\chequered\chequered_0209.jpg,0.27415609058069523,6,False
C:\Users\Hamada.MSI\Desktop\Hamada\lab\data\raw\images\Describable Textures Dataset\images\chequered\chequered_0045.jpg,0.2741935187815619,6,False
C:\Users\Hamada.MSI\Desktop\Hamada\lab\data\raw\images\Describable Textures Dataset\images\marbled\marbled_0186.jpg,0.27431589672210877,6,False
C:\Users\Hamada.MSI\Desktop\Hamada\lab\data\raw\images\Describable Textures Dataset\images\interlaced\interlaced_0176.jpg,0.2743432644690922,6,False
C:\Users\Hamada.MSI\Desktop\Hamada\lab\data\raw\images\Describable Textures Dataset\images\sprinkled\sprinkled_0094.jpg,0.27435720941234437,6,False
C:\Users\Hamada.MSI\Desktop\Hamada\lab\data\raw\images\Describable Textures Dataset\images\wrinkled\wrinkled_0094.jpg,0.27456855983430667,6,False
C:\Users\Hamada.MSI\Desktop\Hamada\lab\data\raw\images\Describable Textures Dataset\images\paisley\paisley_0114.jpg,0.2745686415478052,6,False
C:\Users\Hamada.MSI\Desktop\Hamada\lab\data\raw\images\Describable Textures Dataset\images\fibrous\fibrous_0131.jpg,0.27459873641571736,6,False
C:\Users\Hamada.MSI\Desktop\Hamada\lab\data\raw\images\Describable Textures Dataset\images\matted\matted_0121.jpg,0.2746566623362419,6,False
C:\Users\Hamada.MSI\Desktop\Hamada\lab\data\raw\images\Describable Textures Dataset\images\knitted\knitted_0023.jpg,0.2746650613089496,6,False
C:\Users\Hamada.MSI\Desktop\Hamada\lab\data\raw\images\Describable Textures Dataset\images\porous\porous_0046.jpg,0.2747109002599943,6,False
C:\Users\Hamada.MSI\Desktop\Hamada\lab\data\raw\images\Describable Textures Dataset\images\gauzy\gauzy_0143.jpg,0.2747652911497189,6,False
C:\Users\Hamada.MSI\Desktop\Hamada\lab\data\raw\images\Describable Textures Dataset\images\perforated\perforated_0156.jpg,0.27489688824916514,6,False
C:\Users\Hamada.MSI\Desktop\Hamada\lab\data\raw\images\Describable Textures Dataset\images\grid\grid_0095.jpg,0.2749372788382832,6,False
C:\Users\Hamada.MSI\Desktop\Hamada\lab\data\raw\images\Describable Textures Dataset\images\crystalline\crystalline_0140.jpg,0.2749542007059061,6,False
C:\Users\Hamada.MSI\Desktop\Hamada\lab\data\raw\images\Describable Textures Dataset\images\marbled\marbled_0132.jpg,0.2749581727655119,6,False
C:\Users\Hamada.MSI\Desktop\Hamada\lab\data\raw\images\Describable Textures Dataset\images\fibrous\fibrous_0117.jpg,0.27504938026032155,6,False
C:\Users\Hamada.MSI\Desktop\Hamada\lab\data\raw\images\Describable Textures Dataset\images\woven\woven_0038.jpg,0.2750693103118589,6,False
C:\Users\Hamada.MSI\Desktop\Hamada\lab\data\raw\images\Describable Textures Dataset\images\honeycombed\honeycombed_0110.jpg,0.2750900555095512,6,False
C:\Users\Hamada.MSI\Desktop\Hamada\lab\data\raw\images\Describable Textures Dataset\images\pitted\pitted_0076.jpg,0.2751708762394404,6,False
C:\Users\Hamada.MSI\Desktop\Hamada\lab\data\raw\images\Describable Textures Dataset\images\scaly\scaly_0139.jpg,0.2752131675162154,6,False
C:\Users\Hamada.MSI\Desktop\Hamada\lab\data\raw\images\Describable Textures Dataset\images\cracked\cracked_0166.jpg,0.2752340716246189,6,False
C:\Users\Hamada.MSI\Desktop\Hamada\lab\data\raw\images\Describable Textures Dataset\images\meshed\meshed_0174.jpg,0.27524071856467125,6,False
C:\Users\Hamada.MSI\Desktop\Hamada\lab\data\raw\images\Describable Textures Dataset\images\meshed\meshed_0026.jpg,0.27528516522274815,6,False
C:\Users\Hamada.MSI\Desktop\Hamada\lab\data\raw\images\Describable Textures Dataset\images\woven\woven_0097.jpg,0.27534070395880583,6,False
C:\Users\Hamada.MSI\Desktop\Hamada\lab\data\raw\images\Describable Textures Dataset\images\crystalline\crystalline_0152.jpg,0.2753968754731135,6,False
C:\Users\Hamada.MSI\Desktop\Hamada\lab\data\raw\images\McGill Calibrated Color Image Database\Textures\Textures\pippin_Peel071.tif,0.2754197230827806,6,False
C:\Users\Hamada.MSI\Desktop\Hamada\lab\data\raw\images\Describable Textures Dataset\images\honeycombed\honeycombed_0150.jpg,0.2754765174819439,6,False
C:\Users\Hamada.MSI\Desktop\Hamada\lab\data\raw\images\Describable Textures Dataset\images\scaly\scaly_0166.jpg,0.27556465554606496,6,False
C:\Users\Hamada.MSI\Desktop\Hamada\lab\data\raw\images\Describable Textures Dataset\images\lined\lined_0141.jpg,0.2757284450360256,6,False
C:\Users\Hamada.MSI\Desktop\Hamada\lab\data\raw\images\Describable Textures Dataset\images\swirly\swirly_0176.jpg,0.27573665266324476,6,False
C:\Users\Hamada.MSI\Desktop\Hamada\lab\data\raw\images\Describable Textures Dataset\images\bubbly\bubbly_0074.jpg,0.27576138594823996,6,False
C:\Users\Hamada.MSI\Desktop\Hamada\lab\data\raw\images\Describable Textures Dataset\images\potholed\potholed_0105.jpg,0.2757954845569045,6,False
C:\Users\Hamada.MSI\Desktop\Hamada\lab\data\raw\images\Describable Textures Dataset\images\pleated\pleated_0112.jpg,0.27586774812787296,6,False
C:\Users\Hamada.MSI\Desktop\Hamada\lab\data\raw\images\Describable Textures Dataset\images\potholed\potholed_0126.jpg,0.27593323970065914,6,False
C:\Users\Hamada.MSI\Desktop\Hamada\lab\data\raw\images\Describable Textures Dataset\images\porous\porous_0104.jpg,0.27599398568462247,6,False
C:\Users\Hamada.MSI\Desktop\Hamada\lab\data\raw\images\Describable Textures Dataset\images\cracked\cracked_0120.jpg,0.2761269967127875,6,False
C:\Users\Hamada.MSI\Desktop\Hamada\lab\data\raw\images\Describable Textures Dataset\images\marbled\marbled_0145.jpg,0.2762355388955717,6,False
C:\Users\Hamada.MSI\Desktop\Hamada\lab\data\raw\images\Describable Textures Dataset\images\waffled\waffled_0189.jpg,0.2762835665767021,6,False
C:\Users\Hamada.MSI\Desktop\Hamada\lab\data\raw\images\Describable Textures Dataset\images\bumpy\bumpy_0162.jpg,0.27629678892574205,6,False
C:\Users\Hamada.MSI\Desktop\Hamada\lab\data\raw\images\Describable Textures Dataset\images\interlaced\interlaced_0104.jpg,0.276314518183149,6,False
C:\Users\Hamada.MSI\Desktop\Hamada\lab\data\raw\images\McGill Calibrated Color Image Database\Textures\Textures\merry_mtl07_023.tif,0.2764514160919657,6,False
C:\Users\Hamada.MSI\Desktop\Hamada\lab\data\raw\images\Describable Textures Dataset\images\freckled\freckled_0141.jpg,0.27648412475730794,6,False
C:\Users\Hamada.MSI\Desktop\Hamada\lab\data\raw\images\Describable Textures Dataset\images\bumpy\bumpy_0133.jpg,0.2764931259059269,6,False
C:\Users\Hamada.MSI\Desktop\Hamada\lab\data\raw\images\Describable Textures Dataset\images\meshed\meshed_0098.jpg,0.27649376426585387,6,False
C:\Users\Hamada.MSI\Desktop\Hamada\lab\data\raw\images\Describable Textures Dataset\images\wrinkled\wrinkled_0084.jpg,0.2765970277794902,6,False
C:\Users\Hamada.MSI\Desktop\Hamada\lab\data\raw\images\Describable Textures Dataset\images\cracked\cracked_0076.jpg,0.27676923171301215,6,False
C:\Users\Hamada.MSI\Desktop\Hamada\lab\data\raw\images\Describable Textures Dataset\images\bubbly\bubbly_0042.jpg,0.2768573036696474,6,False
C:\Users\Hamada.MSI\Desktop\Hamada\lab\data\raw\images\Describable Textures Dataset\images\paisley\paisley_0103.jpg,0.27691898240909835,6,False
C:\Users\Hamada.MSI\Desktop\Hamada\lab\data\raw\images\Describable Textures Dataset\images\lacelike\lacelike_0109.jpg,0.2769910168708026,6,False
C:\Users\Hamada.MSI\Desktop\Hamada\lab\data\raw\images\Describable Textures Dataset\images\polka-dotted\polka-dotted_0190.jpg,0.27701099438328164,6,False
C:\Users\Hamada.MSI\Desktop\Hamada\lab\data\raw\images\Describable Textures Dataset\images\bumpy\bumpy_0098.jpg,0.2770358108151965,6,False
C:\Users\Hamada.MSI\Desktop\Hamada\lab\data\raw\images\Describable Textures Dataset\images\bumpy\bumpy_0175.jpg,0.2771741658362049,6,False
C:\Users\Hamada.MSI\Desktop\Hamada\lab\data\raw\images\Describable Textures Dataset\images\veined\veined_0160.jpg,0.2773103887683733,6,False
C:\Users\Hamada.MSI\Desktop\Hamada\lab\data\raw\images\Describable Textures Dataset\images\scaly\scaly_0120.jpg,0.27741618648310346,6,False
C:\Users\Hamada.MSI\Desktop\Hamada\lab\data\raw\images\Describable Textures Dataset\images\pleated\pleated_0044.jpg,0.2774406287323254,6,False
C:\Users\Hamada.MSI\Desktop\Hamada\lab\data\raw\images\Describable Textures Dataset\images\zigzagged\zigzagged_0105.jpg,0.2774843106215344,6,False
C:\Users\Hamada.MSI\Desktop\Hamada\lab\data\raw\images\Describable Textures Dataset\images\pleated\pleated_0123.jpg,0.2774858944884158,6,False
C:\Users\Hamada.MSI\Desktop\Hamada\lab\data\raw\images\Describable Textures Dataset\images\bumpy\bumpy_0102.jpg,0.2776593208878501,6,False
C:\Users\Hamada.MSI\Desktop\Hamada\lab\data\raw\images\Describable Textures Dataset\images\pleated\pleated_0100.jpg,0.2776831284380026,6,False
C:\Users\Hamada.MSI\Desktop\Hamada\lab\data\raw\images\Describable Textures Dataset\images\spiralled\spiralled_0122.jpg,0.2777020626559853,6,False
C:\Users\Hamada.MSI\Desktop\Hamada\lab\data\raw\images\Describable Textures Dataset\images\grooved\grooved_0156.jpg,0.27780009432053115,6,False
C:\Users\Hamada.MSI\Desktop\Hamada\lab\data\raw\images\Describable Textures Dataset\images\freckled\freckled_0096.jpg,0.27792697186368337,6,False
C:\Users\Hamada.MSI\Desktop\Hamada\lab\data\raw\images\Describable Textures Dataset\images\chequered\chequered_0213.jpg,0.2779696111428676,6,False
C:\Users\Hamada.MSI\Desktop\Hamada\lab\data\raw\images\Describable Textures Dataset\images\paisley\paisley_0127.jpg,0.2779764354097366,6,False
C:\Users\Hamada.MSI\Desktop\Hamada\lab\data\raw\images\Describable Textures Dataset\images\swirly\swirly_0151.jpg,0.2780206823503323,6,False
C:\Users\Hamada.MSI\Desktop\Hamada\lab\data\raw\images\Describable Textures Dataset\images\gauzy\gauzy_0140.jpg,0.27807951162764205,6,False
C:\Users\Hamada.MSI\Desktop\Hamada\lab\data\raw\images\Describable Textures Dataset\images\freckled\freckled_0112.jpg,0.2780927387660356,6,False
C:\Users\Hamada.MSI\Desktop\Hamada\lab\data\raw\images\Describable Textures Dataset\images\cracked\cracked_0149.jpg,0.2781390579289204,6,False
C:\Users\Hamada.MSI\Desktop\Hamada\lab\data\raw\images\Describable Textures Dataset\images\braided\braided_0127.jpg,0.27820555597938,6,False
C:\Users\Hamada.MSI\Desktop\Hamada\lab\data\raw\images\Describable Textures Dataset\images\gauzy\gauzy_0184.jpg,0.2783244472680622,6,False
C:\Users\Hamada.MSI\Desktop\Hamada\lab\data\raw\images\Describable Textures Dataset\images\paisley\paisley_0098.jpg,0.27834739364847283,6,False
C:\Users\Hamada.MSI\Desktop\Hamada\lab\data\raw\images\Describable Textures Dataset\images\pleated\pleated_0113.jpg,0.2783605741778769,6,False
C:\Users\Hamada.MSI\Desktop\Hamada\lab\data\raw\images\Describable Textures Dataset\images\fibrous\fibrous_0113.jpg,0.2784531365466291,6,False
C:\Users\Hamada.MSI\Desktop\Hamada\lab\data\raw\images\Describable Textures Dataset\images\honeycombed\honeycombed_0109.jpg,0.27856856681098674,6,False
C:\Users\Hamada.MSI\Desktop\Hamada\lab\data\raw\images\Describable Textures Dataset\images\porous\porous_0114.jpg,0.27857126263994486,6,False
C:\Users\Hamada.MSI\Desktop\Hamada\lab\data\raw\images\Describable Textures Dataset\images\polka-dotted\polka-dotted_0188.jpg,0.27860485316307354,6,False
C:\Users\Hamada.MSI\Desktop\Hamada\lab\data\raw\images\Describable Textures Dataset\images\interlaced\interlaced_0192.jpg,0.2787240859832612,6,False
C:\Users\Hamada.MSI\Desktop\Hamada\lab\data\raw\images\McGill Calibrated Color Image Database\Textures\Textures\merry_mtl07_012.tif,0.2788426073110781,6,False
C:\Users\Hamada.MSI\Desktop\Hamada\lab\data\raw\images\Describable Textures Dataset\images\porous\porous_0138.jpg,0.27886714608568086,6,False
C:\Users\Hamada.MSI\Desktop\Hamada\lab\data\raw\images\Describable Textures Dataset\images\lacelike\lacelike_0105.jpg,0.2788874717760819,6,False
C:\Users\Hamada.MSI\Desktop\Hamada\lab\data\raw\images\Describable Textures Dataset\images\veined\veined_0143.jpg,0.2789237768026783,6,False
C:\Users\Hamada.MSI\Desktop\Hamada\lab\data\raw\images\Describable Textures Dataset\images\stratified\stratified_0085.jpg,0.27898847635251944,6,False
C:\Users\Hamada.MSI\Desktop\Hamada\lab\data\raw\images\Describable Textures Dataset\images\frilly\frilly_0066.jpg,0.2790637295298378,6,False
C:\Users\Hamada.MSI\Desktop\Hamada\lab\data\raw\images\Describable Textures Dataset\images\potholed\potholed_0075.jpg,0.27915655923513405,6,False
C:\Users\Hamada.MSI\Desktop\Hamada\lab\data\raw\images\Describable Textures Dataset\images\chequered\chequered_0178.jpg,0.27922889973448584,6,False
C:\Users\Hamada.MSI\Desktop\Hamada\lab\data\raw\images\Describable Textures Dataset\images\wrinkled\wrinkled_0039.jpg,0.27931276677894074,6,False
C:\Users\Hamada.MSI\Desktop\Hamada\lab\data\raw\images\Describable Textures Dataset\images\fibrous\fibrous_0127.jpg,0.27940504171499764,6,False
C:\Users\Hamada.MSI\Desktop\Hamada\lab\data\raw\images\Describable Textures Dataset\images\zigzagged\zigzagged_0076.jpg,0.27948702788308183,6,False
C:\Users\Hamada.MSI\Desktop\Hamada\lab\data\raw\images\Describable Textures Dataset\images\crystalline\crystalline_0205.jpg,0.279533889765348,6,False
C:\Users\Hamada.MSI\Desktop\Hamada\lab\data\raw\images\Describable Textures Dataset\images\sprinkled\sprinkled_0038.jpg,0.2795730134037193,6,False
C:\Users\Hamada.MSI\Desktop\Hamada\lab\data\raw\images\Describable Textures Dataset\images\perforated\perforated_0068.jpg,0.2796301806897374,6,False
C:\Users\Hamada.MSI\Desktop\Hamada\lab\data\raw\images\Describable Textures Dataset\images\bumpy\bumpy_0149.jpg,0.27978538849994034,6,False
C:\Users\Hamada.MSI\Desktop\Hamada\lab\data\raw\images\Describable Textures Dataset\images\lined\lined_0177.jpg,0.2798617717481129,6,False
C:\Users\Hamada.MSI\Desktop\Hamada\lab\data\raw\images\Describable Textures Dataset\images\matted\matted_0079.jpg,0.27988212133535245,6,False
C:\Users\Hamada.MSI\Desktop\Hamada\lab\data\raw\images\Describable Textures Dataset\images\waffled\waffled_0180.jpg,0.27990568380088177,6,False
C:\Users\Hamada.MSI\Desktop\Hamada\lab\data\raw\images\Describable Textures Dataset\images\pleated\pleated_0151.jpg,0.2799308815112966,6,False
C:\Users\Hamada.MSI\Desktop\Hamada\lab\data\raw\images\Describable Textures Dataset\images\grooved\grooved_0108.jpg,0.27997114640657905,6,False
C:\Users\Hamada.MSI\Desktop\Hamada\lab\data\raw\images\McGill Calibrated Color Image Database\Textures\Textures\pippin0225.tif,0.2800591522959636,6,False
C:\Users\Hamada.MSI\Desktop\Hamada\lab\data\raw\images\Describable Textures Dataset\images\blotchy\blotchy_0069.jpg,0.2800837613950088,6,False
C:\Users\Hamada.MSI\Desktop\Hamada\lab\data\raw\images\Describable Textures Dataset\images\veined\veined_0125.jpg,0.2800994132092317,6,False
C:\Users\Hamada.MSI\Desktop\Hamada\lab\data\raw\images\Describable Textures Dataset\images\potholed\potholed_0141.jpg,0.28018080104097004,6,False
C:\Users\Hamada.MSI\Desktop\Hamada\lab\data\raw\images\Describable Textures Dataset\images\matted\matted_0123.jpg,0.2802901487546033,6,False
C:\Users\Hamada.MSI\Desktop\Hamada\lab\data\raw\images\Describable Textures Dataset\images\scaly\scaly_0159.jpg,0.2804734816178819,6,False
C:\Users\Hamada.MSI\Desktop\Hamada\lab\data\raw\images\Describable Textures Dataset\images\matted\matted_0155.jpg,0.2805348069443948,6,False
C:\Users\Hamada.MSI\Desktop\Hamada\lab\data\raw\images\Describable Textures Dataset\images\stratified\stratified_0116.jpg,0.2805380836344432,6,False
C:\Users\Hamada.MSI\Desktop\Hamada\lab\data\raw\images\Describable Textures Dataset\images\marbled\marbled_0107.jpg,0.2805892177894768,6,False
C:\Users\Hamada.MSI\Desktop\Hamada\lab\data\raw\images\Describable Textures Dataset\images\paisley\paisley_0049.jpg,0.2806433719670258,6,False
C:\Users\Hamada.MSI\Desktop\Hamada\lab\data\raw\images\Describable Textures Dataset\images\crosshatched\crosshatched_0094.jpg,0.2807287098889939,6,False
C:\Users\Hamada.MSI\Desktop\Hamada\lab\data\raw\images\Describable Textures Dataset\images\fibrous\fibrous_0211.jpg,0.28083539961349263,6,False
C:\Users\Hamada.MSI\Desktop\Hamada\lab\data\raw\images\Describable Textures Dataset\images\lacelike\lacelike_0070.jpg,0.2808383018865775,6,False
C:\Users\Hamada.MSI\Desktop\Hamada\lab\data\raw\images\Describable Textures Dataset\images\fibrous\fibrous_0101.jpg,0.28084187684977513,6,False
C:\Users\Hamada.MSI\Desktop\Hamada\lab\data\raw\images\Describable Textures Dataset\images\fibrous\fibrous_0190.jpg,0.2808554151746169,6,False
C:\Users\Hamada.MSI\Desktop\Hamada\lab\data\raw\images\Describable Textures Dataset\images\bumpy\bumpy_0196.jpg,0.2808605894867504,6,False
C:\Users\Hamada.MSI\Desktop\Hamada\lab\data\raw\images\Describable Textures Dataset\images\pleated\pleated_0168.jpg,0.2808616361841105,6,False
C:\Users\Hamada.MSI\Desktop\Hamada\lab\data\raw\images\Describable Textures Dataset\images\gauzy\gauzy_0107.jpg,0.2808883138109611,6,False
C:\Users\Hamada.MSI\Desktop\Hamada\lab\data\raw\images\Describable Textures Dataset\images\spiralled\spiralled_0019.jpg,0.2809066987718611,7,False
C:\Users\Hamada.MSI\Desktop\Hamada\lab\data\raw\images\Describable Textures Dataset\images\fibrous\fibrous_0202.jpg,0.28098205664171,7,False
C:\Users\Hamada.MSI\Desktop\Hamada\lab\data\raw\images\Describable Textures Dataset\images\lacelike\lacelike_0119.jpg,0.28101250948347145,7,False
C:\Users\Hamada.MSI\Desktop\Hamada\lab\data\raw\images\Describable Textures Dataset\images\scaly\scaly_0192.jpg,0.28103991295767855,7,False
C:\Users\Hamada.MSI\Desktop\Hamada\lab\data\raw\images\Describable Textures Dataset\images\crystalline\crystalline_0201.jpg,0.2811125938870578,7,False
C:\Users\Hamada.MSI\Desktop\Hamada\lab\data\raw\images\Describable Textures Dataset\images\braided\braided_0181.jpg,0.28112106551092053,7,False
C:\Users\Hamada.MSI\Desktop\Hamada\lab\data\raw\images\Describable Textures Dataset\images\scaly\scaly_0221.jpg,0.2811878023447771,7,False
C:\Users\Hamada.MSI\Desktop\Hamada\lab\data\raw\images\Describable Textures Dataset\images\striped\striped_0096.jpg,0.28123310268835144,7,False
C:\Users\Hamada.MSI\Desktop\Hamada\lab\data\raw\images\Describable Textures Dataset\images\potholed\potholed_0111.jpg,0.28124969439558717,7,False
C:\Users\Hamada.MSI\Desktop\Hamada\lab\data\raw\images\Describable Textures Dataset\images\potholed\potholed_0104.jpg,0.2813336605838229,7,False
C:\Users\Hamada.MSI\Desktop\Hamada\lab\data\raw\images\Describable Textures Dataset\images\potholed\potholed_0140.jpg,0.2813336605838229,7,False
C:\Users\Hamada.MSI\Desktop\Hamada\lab\data\raw\images\Describable Textures Dataset\images\spiralled\spiralled_0026.jpg,0.28133509493067094,7,False
C:\Users\Hamada.MSI\Desktop\Hamada\lab\data\raw\images\McGill Calibrated Color Image Database\Textures\Textures\pippin0063.tif,0.2815798321168921,7,False
C:\Users\Hamada.MSI\Desktop\Hamada\lab\data\raw\images\Describable Textures Dataset\images\paisley\paisley_0080.jpg,0.28170651772223815,7,False
C:\Users\Hamada.MSI\Desktop\Hamada\lab\data\raw\images\Describable Textures Dataset\images\potholed\potholed_0106.jpg,0.28178320245420707,7,False
C:\Users\Hamada.MSI\Desktop\Hamada\lab\data\raw\images\Describable Textures Dataset\images\chequered\chequered_0204.jpg,0.28180486150269973,7,False
C:\Users\Hamada.MSI\Desktop\Hamada\lab\data\raw\images\Describable Textures Dataset\images\cracked\cracked_0075.jpg,0.28201578173284597,7,False
C:\Users\Hamada.MSI\Desktop\Hamada\lab\data\raw\images\Describable Textures Dataset\images\cobwebbed\cobwebbed_0147.jpg,0.28205768711084744,7,False
C:\Users\Hamada.MSI\Desktop\Hamada\lab\data\raw\images\Describable Textures Dataset\images\crosshatched\crosshatched_0096.jpg,0.28209715396734886,7,False
C:\Users\Hamada.MSI\Desktop\Hamada\lab\data\raw\images\Describable Textures Dataset\images\waffled\waffled_0068.jpg,0.28210951555119174,7,False
C:\Users\Hamada.MSI\Desktop\Hamada\lab\data\raw\images\Describable Textures Dataset\images\braided\braided_0136.jpg,0.282277135415124,7,False
C:\Users\Hamada.MSI\Desktop\Hamada\lab\data\raw\images\Describable Textures Dataset\images\matted\matted_0085.jpg,0.28227864358311666,7,False
C:\Users\Hamada.MSI\Desktop\Hamada\lab\data\raw\images\Describable Textures Dataset\images\crystalline\crystalline_0109.jpg,0.28242304150974445,7,False
C:\Users\Hamada.MSI\Desktop\Hamada\lab\data\raw\images\Describable Textures Dataset\images\striped\striped_0010.jpg,0.2826269918328761,7,False
C:\Users\Hamada.MSI\Desktop\Hamada\lab\data\raw\images\McGill Calibrated Color Image Database\Textures\Textures\pippin_park0050.tif,0.2826636917256564,7,False
C:\Users\Hamada.MSI\Desktop\Hamada\lab\data\raw\images\Describable Textures Dataset\images\stratified\stratified_0168.jpg,0.28268007433033604,7,False
C:\Users\Hamada.MSI\Desktop\Hamada\lab\data\raw\images\Describable Textures Dataset\images\veined\veined_0147.jpg,0.2827168253298345,7,False
C:\Users\Hamada.MSI\Desktop\Hamada\lab\data\raw\images\Describable Textures Dataset\images\interlaced\interlaced_0166.jpg,0.2827569030567629,7,False
C:\Users\Hamada.MSI\Desktop\Hamada\lab\data\raw\images\Describable Textures Dataset\images\meshed\meshed_0166.jpg,0.2828129784475163,7,False
C:\Users\Hamada.MSI\Desktop\Hamada\lab\data\raw\images\Describable Textures Dataset\images\wrinkled\wrinkled_0133.jpg,0.28288710034415343,7,False
C:\Users\Hamada.MSI\Desktop\Hamada\lab\data\raw\images\Describable Textures Dataset\images\smeared\smeared_0108.jpg,0.2829104225666038,7,False
C:\Users\Hamada.MSI\Desktop\Hamada\lab\data\raw\images\Describable Textures Dataset\images\chequered\chequered_0177.jpg,0.28300461403763805,7,False
C:\Users\Hamada.MSI\Desktop\Hamada\lab\data\raw\images\Describable Textures Dataset\images\braided\braided_0169.jpg,0.2831585736567069,7,False
C:\Users\Hamada.MSI\Desktop\Hamada\lab\data\raw\images\Describable Textures Dataset\images\scaly\scaly_0208.jpg,0.28321564280427397,7,False
C:\Users\Hamada.MSI\Desktop\Hamada\lab\data\raw\images\Describable Textures Dataset\images\chequered\chequered_0186.jpg,0.2832182118245336,7,False
C:\Users\Hamada.MSI\Desktop\Hamada\lab\data\raw\images\Describable Textures Dataset\images\matted\matted_0142.jpg,0.2832403692594096,7,False
C:\Users\Hamada.MSI\Desktop\Hamada\lab\data\raw\images\Describable Textures Dataset\images\porous\porous_0113.jpg,0.28324141984491324,7,False
C:\Users\Hamada.MSI\Desktop\Hamada\lab\data\raw\images\Describable Textures Dataset\images\honeycombed\honeycombed_0169.jpg,0.2833904946785406,7,False
C:\Users\Hamada.MSI\Desktop\Hamada\lab\data\raw\images\Describable Textures Dataset\images\veined\veined_0116.jpg,0.28340118027280986,7,False
C:\Users\Hamada.MSI\Desktop\Hamada\lab\data\raw\images\Describable Textures Dataset\images\chequered\chequered_0214.jpg,0.28345911750678787,7,False
C:\Users\Hamada.MSI\Desktop\Hamada\lab\data\raw\images\Describable Textures Dataset\images\stratified\stratified_0153.jpg,0.28350477741612895,7,False
C:\Users\Hamada.MSI\Desktop\Hamada\lab\data\raw\images\Describable Textures Dataset\images\cracked\cracked_0104.jpg,0.28352643038663394,7,False
C:\Users\Hamada.MSI\Desktop\Hamada\lab\data\raw\images\Describable Textures Dataset\images\matted\matted_0005.jpg,0.28355398043530183,7,False
C:\Users\Hamada.MSI\Desktop\Hamada\lab\data\raw\images\Describable Textures Dataset\images\knitted\knitted_0129.jpg,0.28357526763752194,7,False
C:\Users\Hamada.MSI\Desktop\Hamada\lab\data\raw\images\Describable Textures Dataset\images\cracked\cracked_0053.jpg,0.28370962255673393,7,False
C:\Users\Hamada.MSI\Desktop\Hamada\lab\data\raw\images\Describable Textures Dataset\images\bumpy\bumpy_0152.jpg,0.2837545975808971,7,False
C:\Users\Hamada.MSI\Desktop\Hamada\lab\data\raw\images\Describable Textures Dataset\images\honeycombed\honeycombed_0051.jpg,0.28391262032625836,7,False
C:\Users\Hamada.MSI\Desktop\Hamada\lab\data\raw\images\Describable Textures Dataset\images\bumpy\bumpy_0198.jpg,0.2839647287317678,7,False
C:\Users\Hamada.MSI\Desktop\Hamada\lab\data\raw\images\Describable Textures Dataset\images\potholed\potholed_0147.jpg,0.2841601323331845,7,False
C:\Users\Hamada.MSI\Desktop\Hamada\lab\data\raw\images\Describable Textures Dataset\images\bumpy\bumpy_0165.jpg,0.2842727988087095,7,False
C:\Users\Hamada.MSI\Desktop\Hamada\lab\data\raw\images\Describable Textures Dataset\images\stratified\stratified_0163.jpg,0.2843846853880384,7,False
C:\Users\Hamada.MSI\Desktop\Hamada\lab\data\raw\images\Describable Textures Dataset\images\potholed\potholed_0165.jpg,0.2845712542226384,7,False
C:\Users\Hamada.MSI\Desktop\Hamada\lab\data\raw\images\Describable Textures Dataset\images\polka-dotted\polka-dotted_0227.jpg,0.2845801424606562,7,False
C:\Users\Hamada.MSI\Desktop\Hamada\lab\data\raw\images\Describable Textures Dataset\images\bumpy\bumpy_0195.jpg,0.28463170560662987,7,False
C:\Users\Hamada.MSI\Desktop\Hamada\lab\data\raw\images\Describable Textures Dataset\images\waffled\waffled_0196.jpg,0.28482701086593804,7,False
C:\Users\Hamada.MSI\Desktop\Hamada\lab\data\raw\images\Describable Textures Dataset\images\veined\veined_0142.jpg,0.28484634464043285,7,False
C:\Users\Hamada.MSI\Desktop\Hamada\lab\data\raw\images\Describable Textures Dataset\images\waffled\waffled_0138.jpg,0.28487315801869406,7,False
C:\Users\Hamada.MSI\Desktop\Hamada\lab\data\raw\images\Describable Textures Dataset\images\bumpy\bumpy_0120.jpg,0.2849215076282594,7,False
C:\Users\Hamada.MSI\Desktop\Hamada\lab\data\raw\images\Describable Textures Dataset\images\pitted\pitted_0131.jpg,0.28492605259841,7,False
C:\Users\Hamada.MSI\Desktop\Hamada\lab\data\raw\images\Describable Textures Dataset\images\chequered\chequered_0106.jpg,0.2849358620165473,7,False
C:\Users\Hamada.MSI\Desktop\Hamada\lab\data\raw\images\Describable Textures Dataset\images\perforated\perforated_0099.jpg,0.2849500946415173,7,False
C:\Users\Hamada.MSI\Desktop\Hamada\lab\data\raw\images\Describable Textures Dataset\images\crystalline\crystalline_0121.jpg,0.28502357457986155,7,False
C:\Users\Hamada.MSI\Desktop\Hamada\lab\data\raw\images\Describable Textures Dataset\images\smeared\smeared_0038.jpg,0.28505637057085526,7,False
C:\Users\Hamada.MSI\Desktop\Hamada\lab\data\raw\images\Describable Textures Dataset\images\stained\stained_0090.jpg,0.2850791662602011,7,False
C:\Users\Hamada.MSI\Desktop\Hamada\lab\data\raw\images\Describable Textures Dataset\images\polka-dotted\polka-dotted_0218.jpg,0.28512258605999186,7,False
C:\Users\Hamada.MSI\Desktop\Hamada\lab\data\raw\images\Describable Textures Dataset\images\bubbly\bubbly_0164.jpg,0.28513253558998675,7,False
C:\Users\Hamada.MSI\Desktop\Hamada\lab\data\raw\images\Describable Textures Dataset\images\sprinkled\sprinkled_0114.jpg,0.2852629920555046,7,False
C:\Users\Hamada.MSI\Desktop\Hamada\lab\data\raw\images\Describable Textures Dataset\images\studded\studded_0128.jpg,0.2853390414015318,7,False
C:\Users\Hamada.MSI\Desktop\Hamada\lab\data\raw\images\Describable Textures Dataset\images\perforated\perforated_0045.jpg,0.28534585632270903,7,False
C:\Users\Hamada.MSI\Desktop\Hamada\lab\data\raw\images\Describable Textures Dataset\images\scaly\scaly_0207.jpg,0.28537738752793934,7,False
C:\Users\Hamada.MSI\Desktop\Hamada\lab\data\raw\images\Describable Textures Dataset\images\waffled\waffled_0054.jpg,0.2853821041064189,7,False
C:\Users\Hamada.MSI\Desktop\Hamada\lab\data\raw\images\Describable Textures Dataset\images\veined\veined_0074.jpg,0.2854257996626439,7,False
C:\Users\Hamada.MSI\Desktop\Hamada\lab\data\raw\images\Describable Textures Dataset\images\cobwebbed\cobwebbed_0118.jpg,0.2855367670908117,7,False
C:\Users\Hamada.MSI\Desktop\Hamada\lab\data\raw\images\Describable Textures Dataset\images\scaly\scaly_0188.jpg,0.2856907507420249,7,False
C:\Users\Hamada.MSI\Desktop\Hamada\lab\data\raw\images\Describable Textures Dataset\images\wrinkled\wrinkled_0034.jpg,0.28575469252997493,7,False
C:\Users\Hamada.MSI\Desktop\Hamada\lab\data\raw\images\Describable Textures Dataset\images\dotted\dotted_0116.jpg,0.2858347042136462,7,False
C:\Users\Hamada.MSI\Desktop\Hamada\lab\data\raw\images\Describable Textures Dataset\images\crystalline\crystalline_0133.jpg,0.2860495513936131,7,False
C:\Users\Hamada.MSI\Desktop\Hamada\lab\data\raw\images\Describable Textures Dataset\images\waffled\waffled_0167.jpg,0.28605380020262355,7,False
C:\Users\Hamada.MSI\Desktop\Hamada\lab\data\raw\images\Describable Textures Dataset\images\porous\porous_0070.jpg,0.2861848563985562,7,False
C:\Users\Hamada.MSI\Desktop\Hamada\lab\data\raw\images\Describable Textures Dataset\images\chequered\chequered_0103.jpg,0.2863241918868938,7,False
C:\Users\Hamada.MSI\Desktop\Hamada\lab\data\raw\images\Describable Textures Dataset\images\frilly\frilly_0046.jpg,0.28634042564234174,7,False
C:\Users\Hamada.MSI\Desktop\Hamada\lab\data\raw\images\Describable Textures Dataset\images\veined\veined_0071.jpg,0.2863980688835754,7,False
C:\Users\Hamada.MSI\Desktop\Hamada\lab\data\raw\images\Describable Textures Dataset\images\honeycombed\honeycombed_0081.jpg,0.28640529105783996,7,False
C:\Users\Hamada.MSI\Desktop\Hamada\lab\data\raw\images\Describable Textures Dataset\images\porous\porous_0048.jpg,0.2867946036116769,7,False
C:\Users\Hamada.MSI\Desktop\Hamada\lab\data\raw\images\Describable Textures Dataset\images\braided\braided_0115.jpg,0.2869057760532486,7,False
C:\Users\Hamada.MSI\Desktop\Hamada\lab\data\raw\images\Describable Textures Dataset\images\gauzy\gauzy_0176.jpg,0.28692540300394787,7,False
C:\Users\Hamada.MSI\Desktop\Hamada\lab\data\raw\images\Describable Textures Dataset\images\stratified\stratified_0045.jpg,0.2870025970093121,7,False
C:\Users\Hamada.MSI\Desktop\Hamada\lab\data\raw\images\Describable Textures Dataset\images\potholed\potholed_0056.jpg,0.28716279625059404,7,False
C:\Users\Hamada.MSI\Desktop\Hamada\lab\data\raw\images\Describable Textures Dataset\images\dotted\dotted_0106.jpg,0.28721474741945063,7,False
C:\Users\Hamada.MSI\Desktop\Hamada\lab\data\raw\images\Describable Textures Dataset\images\bumpy\bumpy_0103.jpg,0.2872451052527917,7,False
C:\Users\Hamada.MSI\Desktop\Hamada\lab\data\raw\images\Describable Textures Dataset\images\knitted\knitted_0128.jpg,0.28737242772522303,7,False
C:\Users\Hamada.MSI\Desktop\Hamada\lab\data\raw\images\Describable Textures Dataset\images\pitted\pitted_0084.jpg,0.28756898291034194,7,False
C:\Users\Hamada.MSI\Desktop\Hamada\lab\data\raw\images\Describable Textures Dataset\images\bubbly\bubbly_0051.jpg,0.28758976862043556,7,False
C:\Users\Hamada.MSI\Desktop\Hamada\lab\data\raw\images\Describable Textures Dataset\images\pleated\pleated_0080.jpg,0.2876826088297578,7,False
C:\Users\Hamada.MSI\Desktop\Hamada\lab\data\raw\images\Describable Textures Dataset\images\waffled\waffled_0077.jpg,0.2876879426087167,7,False
C:\Users\Hamada.MSI\Desktop\Hamada\lab\data\raw\images\Describable Textures Dataset\images\porous\porous_0050.jpg,0.2877154935577041,7,False
C:\Users\Hamada.MSI\Desktop\Hamada\lab\data\raw\images\Describable Textures Dataset\images\polka-dotted\polka-dotted_0161.jpg,0.28773506394758475,7,False
C:\Users\Hamada.MSI\Desktop\Hamada\lab\data\raw\images\Describable Textures Dataset\images\stained\stained_0075.jpg,0.28778672199071775,7,False
C:\Users\Hamada.MSI\Desktop\Hamada\lab\data\raw\images\McGill Calibrated Color Image Database\Textures\Textures\pippin_Peel095.tif,0.28779521450800066,7,False
C:\Users\Hamada.MSI\Desktop\Hamada\lab\data\raw\images\Describable Textures Dataset\images\marbled\marbled_0122.jpg,0.28792042354334085,7,False
C:\Users\Hamada.MSI\Desktop\Hamada\lab\data\raw\images\Describable Textures Dataset\images\smeared\smeared_0019.jpg,0.28792375399922754,7,False
C:\Users\Hamada.MSI\Desktop\Hamada\lab\data\raw\images\Describable Textures Dataset\images\spiralled\spiralled_0139.jpg,0.28809146412858566,7,False
C:\Users\Hamada.MSI\Desktop\Hamada\lab\data\raw\images\Describable Textures Dataset\images\porous\porous_0051.jpg,0.288096868059193,7,False
C:\Users\Hamada.MSI\Desktop\Hamada\lab\data\raw\images\McGill Calibrated Color Image Database\Textures\Textures\pippin_park0058.tif,0.2881275726920891,7,False
C:\Users\Hamada.MSI\Desktop\Hamada\lab\data\raw\images\Describable Textures Dataset\images\fibrous\fibrous_0206.jpg,0.28813418927141915,7,False
C:\Users\Hamada.MSI\Desktop\Hamada\lab\data\raw\images\Describable Textures Dataset\images\scaly\scaly_0136.jpg,0.28818660913228394,7,False
C:\Users\Hamada.MSI\Desktop\Hamada\lab\data\raw\images\Describable Textures Dataset\images\potholed\potholed_0098.jpg,0.28822049612022455,7,False
C:\Users\Hamada.MSI\Desktop\Hamada\lab\data\raw\images\Describable Textures Dataset\images\stained\stained_0064.jpg,0.28823138591283104,7,False
C:\Users\Hamada.MSI\Desktop\Hamada\lab\data\raw\images\Describable Textures Dataset\images\striped\striped_0023.jpg,0.28835726293796626,7,False
C:\Users\Hamada.MSI\Desktop\Hamada\lab\data\raw\images\Describable Textures Dataset\images\braided\braided_0118.jpg,0.28835832011094215,7,False
C:\Users\Hamada.MSI\Desktop\Hamada\lab\data\raw\images\Describable Textures Dataset\images\gauzy\gauzy_0144.jpg,0.2884579133004773,7,False
C:\Users\Hamada.MSI\Desktop\Hamada\lab\data\raw\images\Describable Textures Dataset\images\cracked\cracked_0165.jpg,0.28848790813063974,7,False
C:\Users\Hamada.MSI\Desktop\Hamada\lab\data\raw\images\Describable Textures Dataset\images\freckled\freckled_0119.jpg,0.28865839191245685,7,False
C:\Users\Hamada.MSI\Desktop\Hamada\lab\data\raw\images\Describable Textures Dataset\images\blotchy\blotchy_0126.jpg,0.2887172472202172,7,False
C:\Users\Hamada.MSI\Desktop\Hamada\lab\data\raw\images\Describable Textures Dataset\images\potholed\potholed_0166.jpg,0.2888437424998779,7,False
C:\Users\Hamada.MSI\Desktop\Hamada\lab\data\raw\images\Describable Textures Dataset\images\bumpy\bumpy_0167.jpg,0.2890656313756512,7,False
C:\Users\Hamada.MSI\Desktop\Hamada\lab\data\raw\images\Describable Textures Dataset\images\cracked\cracked_0105.jpg,0.28906644220189387,7,False
C:\Users\Hamada.MSI\Desktop\Hamada\lab\data\raw\images\Describable Textures Dataset\images\banded\banded_0153.jpg,0.2891071992745575,7,False
C:\Users\Hamada.MSI\Desktop\Hamada\lab\data\raw\images\Describable Textures Dataset\images\braided\braided_0008.jpg,0.28922736057103454,7,False
C:\Users\Hamada.MSI\Desktop\Hamada\lab\data\raw\images\Describable Textures Dataset\images\smeared\smeared_0064.jpg,0.28922900780050137,7,False
C:\Users\Hamada.MSI\Desktop\Hamada\lab\data\raw\images\Describable Textures Dataset\images\polka-dotted\polka-dotted_0178.jpg,0.2892904592035617,7,False
C:\Users\Hamada.MSI\Desktop\Hamada\lab\data\raw\images\Describable Textures Dataset\images\crystalline\crystalline_0102.jpg,0.2892919428455058,7,False
C:\Users\Hamada.MSI\Desktop\Hamada\lab\data\raw\images\Describable Textures Dataset\images\matted\matted_0106.jpg,0.28931970449756134,7,False
C:\Users\Hamada.MSI\Desktop\Hamada\lab\data\raw\images\McGill Calibrated Color Image Database\Textures\Textures\pippin_Peel096.tif,0.28953923170119805,7,False
C:\Users\Hamada.MSI\Desktop\Hamada\lab\data\raw\images\Describable Textures Dataset\images\potholed\potholed_0155.jpg,0.28958497981441106,7,False
C:\Users\Hamada.MSI\Desktop\Hamada\lab\data\raw\images\Describable Textures Dataset\images\grooved\grooved_0155.jpg,0.28973604117715335,7,False
C:\Users\Hamada.MSI\Desktop\Hamada\lab\data\raw\images\Describable Textures Dataset\images\frilly\frilly_0026.jpg,0.2898814514443791,7,False
C:\Users\Hamada.MSI\Desktop\Hamada\lab\data\raw\images\Describable Textures Dataset\images\veined\veined_0098.jpg,0.28990800962672214,7,False
C:\Users\Hamada.MSI\Desktop\Hamada\lab\data\raw\images\Describable Textures Dataset\images\blotchy\blotchy_0136.jpg,0.2900911255155352,7,False
C:\Users\Hamada.MSI\Desktop\Hamada\lab\data\raw\images\Describable Textures Dataset\images\meshed\meshed_0109.jpg,0.29012125430756663,7,False
C:\Users\Hamada.MSI\Desktop\Hamada\lab\data\raw\images\Describable Textures Dataset\images\perforated\perforated_0012.jpg,0.2902064621030693,7,False
C:\Users\Hamada.MSI\Desktop\Hamada\lab\data\raw\images\Describable Textures Dataset\images\grid\grid_0084.jpg,0.2902768530154874,7,False
C:\Users\Hamada.MSI\Desktop\Hamada\lab\data\raw\images\Describable Textures Dataset\images\pleated\pleated_0173.jpg,0.2903024440282875,7,False
C:\Users\Hamada.MSI\Desktop\Hamada\lab\data\raw\images\Describable Textures Dataset\images\zigzagged\zigzagged_0039.jpg,0.29044759914916474,7,False
C:\Users\Hamada.MSI\Desktop\Hamada\lab\data\raw\images\Describable Textures Dataset\images\smeared\smeared_0082.jpg,0.29081109989974735,7,False
C:\Users\Hamada.MSI\Desktop\Hamada\lab\data\raw\images\Describable Textures Dataset\images\lined\lined_0133.jpg,0.29082700709613385,7,False
C:\Users\Hamada.MSI\Desktop\Hamada\lab\data\raw\images\Describable Textures Dataset\images\veined\veined_0172.jpg,0.2909029498629838,7,False
C:\Users\Hamada.MSI\Desktop\Hamada\lab\data\raw\images\Describable Textures Dataset\images\crystalline\crystalline_0160.jpg,0.29102751458204407,7,False
C:\Users\Hamada.MSI\Desktop\Hamada\lab\data\raw\images\Describable Textures Dataset\images\interlaced\interlaced_0163.jpg,0.29106729808727966,7,False
C:\Users\Hamada.MSI\Desktop\Hamada\lab\data\raw\images\Describable Textures Dataset\images\porous\porous_0040.jpg,0.2910762403238185,7,False
C:\Users\Hamada.MSI\Desktop\Hamada\lab\data\raw\images\Describable Textures Dataset\images\smeared\smeared_0077.jpg,0.29110395622043,7,False
C:\Users\Hamada.MSI\Desktop\Hamada\lab\data\raw\images\Describable Textures Dataset\images\stained\stained_0117.jpg,0.29112284348995465,7,False
C:\Users\Hamada.MSI\Desktop\Hamada\lab\data\raw\images\Describable Textures Dataset\images\pitted\pitted_0082.jpg,0.29116065777382033,7,False
C:\Users\Hamada.MSI\Desktop\Hamada\lab\data\raw\images\Describable Textures Dataset\images\potholed\potholed_0091.jpg,0.29123038899488063,7,False
C:\Users\Hamada.MSI\Desktop\Hamada\lab\data\raw\images\Describable Textures Dataset\images\knitted\knitted_0193.jpg,0.29127191737600555,7,False
C:\Users\Hamada.MSI\Desktop\Hamada\lab\data\raw\images\Describable Textures Dataset\images\striped\striped_0063.jpg,0.29132447439695724,7,False
C:\Users\Hamada.MSI\Desktop\Hamada\lab\data\raw\images\Describable Textures Dataset\images\meshed\meshed_0186.jpg,0.2914672991275851,7,False
C:\Users\Hamada.MSI\Desktop\Hamada\lab\data\raw\images\Describable Textures Dataset\images\sprinkled\sprinkled_0021.jpg,0.2915097194289521,7,False
C:\Users\Hamada.MSI\Desktop\Hamada\lab\data\raw\images\Describable Textures Dataset\images\stained\stained_0058.jpg,0.29152664846572673,7,False
C:\Users\Hamada.MSI\Desktop\Hamada\lab\data\raw\images\Describable Textures Dataset\images\pleated\pleated_0090.jpg,0.2916206422450896,7,False
C:\Users\Hamada.MSI\Desktop\Hamada\lab\data\raw\images\Describable Textures Dataset\images\scaly\scaly_0167.jpg,0.29175610157162335,7,False
C:\Users\Hamada.MSI\Desktop\Hamada\lab\data\raw\images\Describable Textures Dataset\images\marbled\marbled_0170.jpg,0.29180507723396504,7,False
C:\Users\Hamada.MSI\Desktop\Hamada\lab\data\raw\images\Describable Textures Dataset\images\lined\lined_0161.jpg,0.29189011794827635,7,False
C:\Users\Hamada.MSI\Desktop\Hamada\lab\data\raw\images\Describable Textures Dataset\images\cracked\cracked_0141.jpg,0.29194565994286503,7,False
C:\Users\Hamada.MSI\Desktop\Hamada\lab\data\raw\images\Describable Textures Dataset\images\chequered\chequered_0130.jpg,0.2919601284057718,7,False
C:\Users\Hamada.MSI\Desktop\Hamada\lab\data\raw\images\Describable Textures Dataset\images\smeared\smeared_0102.jpg,0.2919631360144083,7,False
C:\Users\Hamada.MSI\Desktop\Hamada\lab\data\raw\images\Describable Textures Dataset\images\knitted\knitted_0163.jpg,0.29204226027280716,7,False
C:\Users\Hamada.MSI\Desktop\Hamada\lab\data\raw\images\Describable Textures Dataset\images\marbled\marbled_0163.jpg,0.29210083335408815,7,False
C:\Users\Hamada.MSI\Desktop\Hamada\lab\data\raw\images\Describable Textures Dataset\images\swirly\swirly_0143.jpg,0.29224364848145323,7,False
C:\Users\Hamada.MSI\Desktop\Hamada\lab\data\raw\images\Describable Textures Dataset\images\frilly\frilly_0047.jpg,0.29258138878584306,7,False
C:\Users\Hamada.MSI\Desktop\Hamada\lab\data\raw\images\McGill Calibrated Color Image Database\Textures\Textures\pippin_RVHtexture021.tif,0.2926551903796374,7,False
C:\Users\Hamada.MSI\Desktop\Hamada\lab\data\raw\images\Describable Textures Dataset\images\bubbly\bubbly_0155.jpg,0.2926880510922396,7,False
C:\Users\Hamada.MSI\Desktop\Hamada\lab\data\raw\images\Describable Textures Dataset\images\polka-dotted\polka-dotted_0157.jpg,0.29277363645541027,7,False
C:\Users\Hamada.MSI\Desktop\Hamada\lab\data\raw\images\Describable Textures Dataset\images\stained\stained_0125.jpg,0.29286290530094855,7,False
C:\Users\Hamada.MSI\Desktop\Hamada\lab\data\raw\images\Describable Textures Dataset\images\stratified\stratified_0103.jpg,0.2928995896644211,7,False
C:\Users\Hamada.MSI\Desktop\Hamada\lab\data\raw\images\Describable Textures Dataset\images\pitted\pitted_0101.jpg,0.29291106450573806,7,False
C:\Users\Hamada.MSI\Desktop\Hamada\lab\data\raw\images\Describable Textures Dataset\images\bumpy\bumpy_0130.jpg,0.2929225522557935,7,False
C:\Users\Hamada.MSI\Desktop\Hamada\lab\data\raw\images\Describable Textures Dataset\images\perforated\perforated_0172.jpg,0.292960057890546,7,False
C:\Users\Hamada.MSI\Desktop\Hamada\lab\data\raw\images\Describable Textures Dataset\images\striped\striped_0033.jpg,0.29302409205436697,7,False
C:\Users\Hamada.MSI\Desktop\Hamada\lab\data\raw\images\Describable Textures Dataset\images\stained\stained_0048.jpg,0.2930295998010565,7,False
C:\Users\Hamada.MSI\Desktop\Hamada\lab\data\raw\images\Describable Textures Dataset\images\striped\striped_0025.jpg,0.29315237177368947,7,False
C:\Users\Hamada.MSI\Desktop\Hamada\lab\data\raw\images\Describable Textures Dataset\images\paisley\paisley_0118.jpg,0.29315253478042197,7,False
C:\Users\Hamada.MSI\Desktop\Hamada\lab\data\raw\images\Describable Textures Dataset\images\paisley\paisley_0036.jpg,0.29324310499522876,7,False
C:\Users\Hamada.MSI\Desktop\Hamada\lab\data\raw\images\Describable Textures Dataset\images\lacelike\lacelike_0117.jpg,0.29330709011790107,7,False
C:\Users\Hamada.MSI\Desktop\Hamada\lab\data\raw\images\Describable Textures Dataset\images\bumpy\bumpy_0105.jpg,0.2934140908904744,7,False
C:\Users\Hamada.MSI\Desktop\Hamada\lab\data\raw\images\Describable Textures Dataset\images\potholed\potholed_0062.jpg,0.293469370134681,7,False
C:\Users\Hamada.MSI\Desktop\Hamada\lab\data\raw\images\Describable Textures Dataset\images\woven\woven_0131.jpg,0.29378810267471833,7,False
C:\Users\Hamada.MSI\Desktop\Hamada\lab\data\raw\images\Describable Textures Dataset\images\crystalline\crystalline_0150.jpg,0.293881135123659,7,False
C:\Users\Hamada.MSI\Desktop\Hamada\lab\data\raw\images\Describable Textures Dataset\images\striped\striped_0035.jpg,0.2938992550315486,7,False
C:\Users\Hamada.MSI\Desktop\Hamada\lab\data\raw\images\Describable Textures Dataset\images\crosshatched\crosshatched_0014.jpg,0.2939350619461192,7,False
C:\Users\Hamada.MSI\Desktop\Hamada\lab\data\raw\images\Describable Textures Dataset\images\grid\grid_0097.jpg,0.2939419515548702,7,False
C:\Users\Hamada.MSI\Desktop\Hamada\lab\data\raw\images\Describable Textures Dataset\images\flecked\flecked_0124.jpg,0.2940352109464404,7,False
C:\Users\Hamada.MSI\Desktop\Hamada\lab\data\raw\images\Describable Textures Dataset\images\meshed\meshed_0072.jpg,0.2940442877046784,7,False
C:\Users\Hamada.MSI\Desktop\Hamada\lab\data\raw\images\Describable Textures Dataset\images\stratified\stratified_0101.jpg,0.2940921735122666,7,False
C:\Users\Hamada.MSI\Desktop\Hamada\lab\data\raw\images\Describable Textures Dataset\images\fibrous\fibrous_0177.jpg,0.2941072606495333,7,False
C:\Users\Hamada.MSI\Desktop\Hamada\lab\data\raw\images\Describable Textures Dataset\images\cobwebbed\cobwebbed_0062.jpg,0.294192202561769,7,False
C:\Users\Hamada.MSI\Desktop\Hamada\lab\data\raw\images\Describable Textures Dataset\images\studded\studded_0180.jpg,0.29423860711896577,7,False
C:\Users\Hamada.MSI\Desktop\Hamada\lab\data\raw\images\McGill Calibrated Color Image Database\Textures\Textures\pippin_park0059.tif,0.29435380301587516,7,False
C:\Users\Hamada.MSI\Desktop\Hamada\lab\data\raw\images\Describable Textures Dataset\images\matted\matted_0089.jpg,0.2944234022149387,7,False
C:\Users\Hamada.MSI\Desktop\Hamada\lab\data\raw\images\Describable Textures Dataset\images\perforated\perforated_0171.jpg,0.29445901323645624,7,False
C:\Users\Hamada.MSI\Desktop\Hamada\lab\data\raw\images\Describable Textures Dataset\images\dotted\dotted_0132.jpg,0.29451004214036447,7,False
C:\Users\Hamada.MSI\Desktop\Hamada\lab\data\raw\images\Describable Textures Dataset\images\banded\banded_0132.jpg,0.29472037876190327,7,False
C:\Users\Hamada.MSI\Desktop\Hamada\lab\data\raw\images\Describable Textures Dataset\images\woven\woven_0016.jpg,0.29485801222974517,7,False
C:\Users\Hamada.MSI\Desktop\Hamada\lab\data\raw\images\Describable Textures Dataset\images\polka-dotted\polka-dotted_0173.jpg,0.2949240095899612,7,False
C:\Users\Hamada.MSI\Desktop\Hamada\lab\data\raw\images\Describable Textures Dataset\images\crosshatched\crosshatched_0051.jpg,0.294937087470338,7,False
C:\Users\Hamada.MSI\Desktop\Hamada\lab\data\raw\images\Describable Textures Dataset\images\porous\porous_0163.jpg,0.2949973373064355,7,False
C:\Users\Hamada.MSI\Desktop\Hamada\lab\data\raw\images\Describable Textures Dataset\images\matted\matted_0080.jpg,0.29500549312486535,7,False
C:\Users\Hamada.MSI\Desktop\Hamada\lab\data\raw\images\Describable Textures Dataset\images\grid\grid_0094.jpg,0.29508531812774097,7,False
C:\Users\Hamada.MSI\Desktop\Hamada\lab\data\raw\images\Describable Textures Dataset\images\gauzy\gauzy_0150.jpg,0.29510307673421793,7,False
C:\Users\Hamada.MSI\Desktop\Hamada\lab\data\raw\images\Describable Textures Dataset\images\crosshatched\crosshatched_0045.jpg,0.29535639759447563,7,False
C:\Users\Hamada.MSI\Desktop\Hamada\lab\data\raw\images\Describable Textures Dataset\images\meshed\meshed_0156.jpg,0.29538439254361254,7,False
C:\Users\Hamada.MSI\Desktop\Hamada\lab\data\raw\images\Describable Textures Dataset\images\matted\matted_0081.jpg,0.29559276320478234,7,False
C:\Users\Hamada.MSI\Desktop\Hamada\lab\data\raw\images\McGill Calibrated Color Image Database\Textures\Textures\merry_italy0171.tif,0.29559859829654855,7,False
C:\Users\Hamada.MSI\Desktop\Hamada\lab\data\raw\images\Describable Textures Dataset\images\potholed\potholed_0067.jpg,0.2956658172735383,7,False
C:\Users\Hamada.MSI\Desktop\Hamada\lab\data\raw\images\Describable Textures Dataset\images\cracked\cracked_0084.jpg,0.2958166059113414,7,False
C:\Users\Hamada.MSI\Desktop\Hamada\lab\data\raw\images\Describable Textures Dataset\images\wrinkled\wrinkled_0074.jpg,0.29583107162265426,7,False
C:\Users\Hamada.MSI\Desktop\Hamada\lab\data\raw\images\Describable Textures Dataset\images\cracked\cracked_0148.jpg,0.2959797397578589,7,False
C:\Users\Hamada.MSI\Desktop\Hamada\lab\data\raw\images\Describable Textures Dataset\images\grooved\grooved_0058.jpg,0.2959900587569985,7,False
C:\Users\Hamada.MSI\Desktop\Hamada\lab\data\raw\images\Describable Textures Dataset\images\smeared\smeared_0032.jpg,0.2960602617157599,7,False
C:\Users\Hamada.MSI\Desktop\Hamada\lab\data\raw\images\Describable Textures Dataset\images\marbled\marbled_0150.jpg,0.2961327533858492,7,False
C:\Users\Hamada.MSI\Desktop\Hamada\lab\data\raw\images\Describable Textures Dataset\images\waffled\waffled_0106.jpg,0.29623780410990785,7,False
C:\Users\Hamada.MSI\Desktop\Hamada\lab\data\raw\images\Describable Textures Dataset\images\striped\striped_0088.jpg,0.2963121271047152,7,False
C:\Users\Hamada.MSI\Desktop\Hamada\lab\data\raw\images\Describable Textures Dataset\images\cobwebbed\cobwebbed_0106.jpg,0.2963427791796864,7,False
C:\Users\Hamada.MSI\Desktop\Hamada\lab\data\raw\images\Describable Textures Dataset\images\knitted\knitted_0175.jpg,0.2963654565078335,7,False
C:\Users\Hamada.MSI\Desktop\Hamada\lab\data\raw\images\Describable Textures Dataset\images\polka-dotted\polka-dotted_0144.jpg,0.2963694362888265,7,False
C:\Users\Hamada.MSI\Desktop\Hamada\lab\data\raw\images\Describable Textures Dataset\images\dotted\dotted_0111.jpg,0.2964189039262614,7,False
C:\Users\Hamada.MSI\Desktop\Hamada\lab\data\raw\images\Describable Textures Dataset\images\polka-dotted\polka-dotted_0119.jpg,0.2964295539274703,7,False
C:\Users\Hamada.MSI\Desktop\Hamada\lab\data\raw\images\McGill Calibrated Color Image Database\Textures\Textures\pippin_park0042.tif,0.296572258716867,7,False
C:\Users\Hamada.MSI\Desktop\Hamada\lab\data\raw\images\Describable Textures Dataset\images\pleated\pleated_0110.jpg,0.2965753000370602,7,False
C:\Users\Hamada.MSI\Desktop\Hamada\lab\data\raw\images\Describable Textures Dataset\images\lacelike\lacelike_0015.jpg,0.29659968564750405,7,False
C:\Users\Hamada.MSI\Desktop\Hamada\lab\data\raw\images\Describable Textures Dataset\images\veined\veined_0185.jpg,0.2966185604953811,7,False
C:\Users\Hamada.MSI\Desktop\Hamada\lab\data\raw\images\Describable Textures Dataset\images\blotchy\blotchy_0092.jpg,0.2967745000190999,7,False
C:\Users\Hamada.MSI\Desktop\Hamada\lab\data\raw\images\Describable Textures Dataset\images\honeycombed\honeycombed_0102.jpg,0.29678164514672634,7,False
C:\Users\Hamada.MSI\Desktop\Hamada\lab\data\raw\images\Describable Textures Dataset\images\crystalline\crystalline_0129.jpg,0.29681384685522977,7,False
C:\Users\Hamada.MSI\Desktop\Hamada\lab\data\raw\images\Describable Textures Dataset\images\swirly\swirly_0130.jpg,0.29685106550027307,7,False
C:\Users\Hamada.MSI\Desktop\Hamada\lab\data\raw\images\Describable Textures Dataset\images\meshed\meshed_0138.jpg,0.296909660207813,7,False
C:\Users\Hamada.MSI\Desktop\Hamada\lab\data\raw\images\Describable Textures Dataset\images\striped\striped_0046.jpg,0.2973184560553242,7,False
C:\Users\Hamada.MSI\Desktop\Hamada\lab\data\raw\images\Describable Textures Dataset\images\wrinkled\wrinkled_0118.jpg,0.2973453374810646,7,False
C:\Users\Hamada.MSI\Desktop\Hamada\lab\data\raw\images\Describable Textures Dataset\images\smeared\smeared_0086.jpg,0.2973919499005492,7,False
C:\Users\Hamada.MSI\Desktop\Hamada\lab\data\raw\images\Describable Textures Dataset\images\swirly\swirly_0138.jpg,0.2974925631154131,7,False
C:\Users\Hamada.MSI\Desktop\Hamada\lab\data\raw\images\Describable Textures Dataset\images\honeycombed\honeycombed_0095.jpg,0.29751151395557945,7,False
C:\Users\Hamada.MSI\Desktop\Hamada\lab\data\raw\images\Describable Textures Dataset\images\interlaced\interlaced_0171.jpg,0.29754528512073525,7,False
C:\Users\Hamada.MSI\Desktop\Hamada\lab\data\raw\images\Describable Textures Dataset\images\spiralled\spiralled_0048.jpg,0.2975844832136004,7,False
C:\Users\Hamada.MSI\Desktop\Hamada\lab\data\raw\images\Describable Textures Dataset\images\grooved\grooved_0113.jpg,0.29783614900424227,7,False
C:\Users\Hamada.MSI\Desktop\Hamada\lab\data\raw\images\Describable Textures Dataset\images\veined\veined_0119.jpg,0.2978469572883164,7,False
C:\Users\Hamada.MSI\Desktop\Hamada\lab\data\raw\images\Describable Textures Dataset\images\gauzy\gauzy_0080.jpg,0.29786635176144977,7,False
C:\Users\Hamada.MSI\Desktop\Hamada\lab\data\raw\images\Describable Textures Dataset\images\braided\braided_0100.jpg,0.2979934730699355,7,False
C:\Users\Hamada.MSI\Desktop\Hamada\lab\data\raw\images\Describable Textures Dataset\images\paisley\paisley_0014.jpg,0.2980086209289932,7,False
C:\Users\Hamada.MSI\Desktop\Hamada\lab\data\raw\images\Describable Textures Dataset\images\interlaced\interlaced_0140.jpg,0.29805816716899136,7,False
C:\Users\Hamada.MSI\Desktop\Hamada\lab\data\raw\images\Describable Textures Dataset\images\potholed\potholed_0151.jpg,0.2983302988286161,7,False
C:\Users\Hamada.MSI\Desktop\Hamada\lab\data\raw\images\Describable Textures Dataset\images\veined\veined_0117.jpg,0.29840918527100396,7,False
C:\Users\Hamada.MSI\Desktop\Hamada\lab\data\raw\images\Describable Textures Dataset\images\bubbly\bubbly_0043.jpg,0.2985135022657342,7,False
C:\Users\Hamada.MSI\Desktop\Hamada\lab\data\raw\images\Describable Textures Dataset\images\sprinkled\sprinkled_0104.jpg,0.29855784408243613,7,False
C:\Users\Hamada.MSI\Desktop\Hamada\lab\data\raw\images\Describable Textures Dataset\images\veined\veined_0102.jpg,0.2988453304321614,7,False
C:\Users\Hamada.MSI\Desktop\Hamada\lab\data\raw\images\Describable Textures Dataset\images\matted\matted_0166.jpg,0.2989157515662375,7,False
C:\Users\Hamada.MSI\Desktop\Hamada\lab\data\raw\images\Describable Textures Dataset\images\veined\veined_0109.jpg,0.2989216479383573,7,False
C:\Users\Hamada.MSI\Desktop\Hamada\lab\data\raw\images\McGill Calibrated Color Image Database\Textures\Textures\pippin_RVHtexture002.tif,0.29892649584971887,7,False
C:\Users\Hamada.MSI\Desktop\Hamada\lab\data\raw\images\Describable Textures Dataset\images\braided\braided_0067.jpg,0.299007577516101,7,False
C:\Users\Hamada.MSI\Desktop\Hamada\lab\data\raw\images\Describable Textures Dataset\images\marbled\marbled_0139.jpg,0.2990463062439419,7,False
C:\Users\Hamada.MSI\Desktop\Hamada\lab\data\raw\images\Describable Textures Dataset\images\pitted\pitted_0049.jpg,0.29918688334073956,7,False
C:\Users\Hamada.MSI\Desktop\Hamada\lab\data\raw\images\Describable Textures Dataset\images\lacelike\lacelike_0121.jpg,0.2993152811850913,7,False
C:\Users\Hamada.MSI\Desktop\Hamada\lab\data\raw\images\Describable Textures Dataset\images\frilly\frilly_0059.jpg,0.2993834585817974,7,False
C:\Users\Hamada.MSI\Desktop\Hamada\lab\data\raw\images\Describable Textures Dataset\images\pleated\pleated_0098.jpg,0.29943148912561235,7,False
C:\Users\Hamada.MSI\Desktop\Hamada\lab\data\raw\images\Describable Textures Dataset\images\crosshatched\crosshatched_0059.jpg,0.2994334557479251,7,False
C:\Users\Hamada.MSI\Desktop\Hamada\lab\data\raw\images\Describable Textures Dataset\images\interlaced\interlaced_0190.jpg,0.2995834904596148,7,False
C:\Users\Hamada.MSI\Desktop\Hamada\lab\data\raw\images\Describable Textures Dataset\images\meshed\meshed_0157.jpg,0.2996275954392052,7,False
C:\Users\Hamada.MSI\Desktop\Hamada\lab\data\raw\images\Describable Textures Dataset\images\chequered\chequered_0158.jpg,0.2997781850225545,7,False
C:\Users\Hamada.MSI\Desktop\Hamada\lab\data\raw\images\Describable Textures Dataset\images\freckled\freckled_0080.jpg,0.29978310731987495,7,False
C:\Users\Hamada.MSI\Desktop\Hamada\lab\data\raw\images\Describable Textures Dataset\images\zigzagged\zigzagged_0098.jpg,0.29984437745832715,7,False
C:\Users\Hamada.MSI\Desktop\Hamada\lab\data\raw\images\Describable Textures Dataset\images\meshed\meshed_0128.jpg,0.29992831882514465,7,False
C:\Users\Hamada.MSI\Desktop\Hamada\lab\data\raw\images\Describable Textures Dataset\images\paisley\paisley_0017.jpg,0.2999397870731447,7,False
C:\Users\Hamada.MSI\Desktop\Hamada\lab\data\raw\images\Describable Textures Dataset\images\braided\braided_0112.jpg,0.2999565784974241,7,False
C:\Users\Hamada.MSI\Desktop\Hamada\lab\data\raw\images\Describable Textures Dataset\images\grid\grid_0009.jpg,0.3001899083328705,7,False
C:\Users\Hamada.MSI\Desktop\Hamada\lab\data\raw\images\Describable Textures Dataset\images\dotted\dotted_0112.jpg,0.30027970506800744,7,False
C:\Users\Hamada.MSI\Desktop\Hamada\lab\data\raw\images\Describable Textures Dataset\images\fibrous\fibrous_0217.jpg,0.30035716745236146,7,False
C:\Users\Hamada.MSI\Desktop\Hamada\lab\data\raw\images\Describable Textures Dataset\images\wrinkled\wrinkled_0130.jpg,0.3003733219547394,7,False
C:\Users\Hamada.MSI\Desktop\Hamada\lab\data\raw\images\Describable Textures Dataset\images\matted\matted_0024.jpg,0.30054670243764114,7,False
C:\Users\Hamada.MSI\Desktop\Hamada\lab\data\raw\images\Describable Textures Dataset\images\bubbly\bubbly_0128.jpg,0.30057738251220617,7,False
C:\Users\Hamada.MSI\Desktop\Hamada\lab\data\raw\images\Describable Textures Dataset\images\marbled\marbled_0082.jpg,0.3006130721765798,7,False
C:\Users\Hamada.MSI\Desktop\Hamada\lab\data\raw\images\Describable Textures Dataset\images\lacelike\lacelike_0005.jpg,0.30061394937928765,7,False
C:\Users\Hamada.MSI\Desktop\Hamada\lab\data\raw\images\Describable Textures Dataset\images\potholed\potholed_0150.jpg,0.30072388154526714,7,False
C:\Users\Hamada.MSI\Desktop\Hamada\lab\data\raw\images\Describable Textures Dataset\images\cobwebbed\cobwebbed_0150.jpg,0.3007939965652593,7,False
C:\Users\Hamada.MSI\Desktop\Hamada\lab\data\raw\images\Describable Textures Dataset\images\wrinkled\wrinkled_0106.jpg,0.30083437760285453,7,False
C:\Users\Hamada.MSI\Desktop\Hamada\lab\data\raw\images\Describable Textures Dataset\images\smeared\smeared_0045.jpg,0.30088002077003256,7,False
C:\Users\Hamada.MSI\Desktop\Hamada\lab\data\raw\images\Describable Textures Dataset\images\smeared\smeared_0062.jpg,0.30090598221346376,7,False
C:\Users\Hamada.MSI\Desktop\Hamada\lab\data\raw\images\Describable Textures Dataset\images\cobwebbed\cobwebbed_0107.jpg,0.3009514965821398,7,False
C:\Users\Hamada.MSI\Desktop\Hamada\lab\data\raw\images\Describable Textures Dataset\images\blotchy\blotchy_0140.jpg,0.3009822614355343,7,False
C:\Users\Hamada.MSI\Desktop\Hamada\lab\data\raw\images\Describable Textures Dataset\images\cobwebbed\cobwebbed_0056.jpg,0.301130235235909,7,False
C:\Users\Hamada.MSI\Desktop\Hamada\lab\data\raw\images\Describable Textures Dataset\images\lacelike\lacelike_0094.jpg,0.3011555863455038,7,False
C:\Users\Hamada.MSI\Desktop\Hamada\lab\data\raw\images\Describable Textures Dataset\images\blotchy\blotchy_0072.jpg,0.3012392400149531,7,False
C:\Users\Hamada.MSI\Desktop\Hamada\lab\data\raw\images\Describable Textures Dataset\images\scaly\scaly_0216.jpg,0.30128948645540576,7,False
C:\Users\Hamada.MSI\Desktop\Hamada\lab\data\raw\images\Describable Textures Dataset\images\paisley\paisley_0122.jpg,0.3015434352474248,7,False
C:\Users\Hamada.MSI\Desktop\Hamada\lab\data\raw\images\Describable Textures Dataset\images\frilly\frilly_0103.jpg,0.30156575730936386,7,False
C:\Users\Hamada.MSI\Desktop\Hamada\lab\data\raw\images\Describable Textures Dataset\images\waffled\waffled_0129.jpg,0.3016849029641276,7,False
C:\Users\Hamada.MSI\Desktop\Hamada\lab\data\raw\images\Describable Textures Dataset\images\veined\veined_0145.jpg,0.3017590468881075,7,False
C:\Users\Hamada.MSI\Desktop\Hamada\lab\data\raw\images\Describable Textures Dataset\images\smeared\smeared_0075.jpg,0.30187054995419055,7,False
C:\Users\Hamada.MSI\Desktop\Hamada\lab\data\raw\images\Describable Textures Dataset\images\wrinkled\wrinkled_0129.jpg,0.301913848860808,7,False
C:\Users\Hamada.MSI\Desktop\Hamada\lab\data\raw\images\Describable Textures Dataset\images\bubbly\bubbly_0151.jpg,0.301934644473871,7,False
C:\Users\Hamada.MSI\Desktop\Hamada\lab\data\raw\images\Describable Textures Dataset\images\knitted\knitted_0166.jpg,0.3019947563701089,7,False
C:\Users\Hamada.MSI\Desktop\Hamada\lab\data\raw\images\Describable Textures Dataset\images\stained\stained_0038.jpg,0.30200813485260236,7,False
C:\Users\Hamada.MSI\Desktop\Hamada\lab\data\raw\images\Describable Textures Dataset\images\gauzy\gauzy_0100.jpg,0.3021286896769198,7,False
C:\Users\Hamada.MSI\Desktop\Hamada\lab\data\raw\images\Describable Textures Dataset\images\scaly\scaly_0137.jpg,0.30220199342885934,7,False
C:\Users\Hamada.MSI\Desktop\Hamada\lab\data\raw\images\Describable Textures Dataset\images\fibrous\fibrous_0142.jpg,0.302460069275365,7,False
C:\Users\Hamada.MSI\Desktop\Hamada\lab\data\raw\images\Describable Textures Dataset\images\polka-dotted\polka-dotted_0129.jpg,0.302612907828876,7,False
C:\Users\Hamada.MSI\Desktop\Hamada\lab\data\raw\images\Describable Textures Dataset\images\honeycombed\honeycombed_0123.jpg,0.302640633874953,7,False
C:\Users\Hamada.MSI\Desktop\Hamada\lab\data\raw\images\Describable Textures Dataset\images\gauzy\gauzy_0170.jpg,0.30265313725784787,7,False
C:\Users\Hamada.MSI\Desktop\Hamada\lab\data\raw\images\Describable Textures Dataset\images\knitted\knitted_0164.jpg,0.3026817915739848,7,False
C:\Users\Hamada.MSI\Desktop\Hamada\lab\data\raw\images\Describable Textures Dataset\images\interlaced\interlaced_0131.jpg,0.30270894871746296,7,False
C:\Users\Hamada.MSI\Desktop\Hamada\lab\data\raw\images\Describable Textures Dataset\images\flecked\flecked_0078.jpg,0.3028995590038511,7,False
C:\Users\Hamada.MSI\Desktop\Hamada\lab\data\raw\images\Describable Textures Dataset\images\bubbly\bubbly_0103.jpg,0.3029236937241329,7,False
C:\Users\Hamada.MSI\Desktop\Hamada\lab\data\raw\images\Describable Textures Dataset\images\scaly\scaly_0123.jpg,0.30301873031099125,7,False
C:\Users\Hamada.MSI\Desktop\Hamada\lab\data\raw\images\Describable Textures Dataset\images\perforated\perforated_0106.jpg,0.30310240012647355,7,False
C:\Users\Hamada.MSI\Desktop\Hamada\lab\data\raw\images\Describable Textures Dataset\images\perforated\perforated_0123.jpg,0.30313038123128083,7,False
C:\Users\Hamada.MSI\Desktop\Hamada\lab\data\raw\images\Describable Textures Dataset\images\flecked\flecked_0096.jpg,0.30321143034409614,7,False
C:\Users\Hamada.MSI\Desktop\Hamada\lab\data\raw\images\Describable Textures Dataset\images\cracked\cracked_0097.jpg,0.3033048062467371,7,False
C:\Users\Hamada.MSI\Desktop\Hamada\lab\data\raw\images\Describable Textures Dataset\images\banded\banded_0143.jpg,0.30347399236570904,7,False
C:\Users\Hamada.MSI\Desktop\Hamada\lab\data\raw\images\Describable Textures Dataset\images\grooved\grooved_0107.jpg,0.30354133923711735,7,False
C:\Users\Hamada.MSI\Desktop\Hamada\lab\data\raw\images\Describable Textures Dataset\images\marbled\marbled_0167.jpg,0.30356097575193985,7,False
C:\Users\Hamada.MSI\Desktop\Hamada\lab\data\raw\images\Describable Textures Dataset\images\striped\striped_0049.jpg,0.30356467182875224,7,False
C:\Users\Hamada.MSI\Desktop\Hamada\lab\data\raw\images\Describable Textures Dataset\images\chequered\chequered_0121.jpg,0.30361720887069954,7,False
C:\Users\Hamada.MSI\Desktop\Hamada\lab\data\raw\images\Describable Textures Dataset\images\pleated\pleated_0079.jpg,0.30384381009691364,7,False
C:\Users\Hamada.MSI\Desktop\Hamada\lab\data\raw\images\Describable Textures Dataset\images\perforated\perforated_0117.jpg,0.30392246517381205,7,False
C:\Users\Hamada.MSI\Desktop\Hamada\lab\data\raw\images\Describable Textures Dataset\images\paisley\paisley_0054.jpg,0.30403239089553286,7,False
C:\Users\Hamada.MSI\Desktop\Hamada\lab\data\raw\images\Describable Textures Dataset\images\waffled\waffled_0051.jpg,0.3042684962860449,7,False
C:\Users\Hamada.MSI\Desktop\Hamada\lab\data\raw\images\Describable Textures Dataset\images\sprinkled\sprinkled_0126.jpg,0.30429041911698085,7,False
C:\Users\Hamada.MSI\Desktop\Hamada\lab\data\raw\images\Describable Textures Dataset\images\interlaced\interlaced_0120.jpg,0.30440854780574844,7,False
C:\Users\Hamada.MSI\Desktop\Hamada\lab\data\raw\images\Describable Textures Dataset\images\chequered\chequered_0172.jpg,0.3044592119520232,7,False
C:\Users\Hamada.MSI\Desktop\Hamada\lab\data\raw\images\Describable Textures Dataset\images\stratified\stratified_0165.jpg,0.3045482720278835,7,False
C:\Users\Hamada.MSI\Desktop\Hamada\lab\data\raw\images\Describable Textures Dataset\images\crystalline\crystalline_0146.jpg,0.30458742374963477,7,False
C:\Users\Hamada.MSI\Desktop\Hamada\lab\data\raw\images\Describable Textures Dataset\images\scaly\scaly_0116.jpg,0.30463045624552687,7,False
C:\Users\Hamada.MSI\Desktop\Hamada\lab\data\raw\images\Describable Textures Dataset\images\waffled\waffled_0131.jpg,0.3047807429514979,7,False
C:\Users\Hamada.MSI\Desktop\Hamada\lab\data\raw\images\Describable Textures Dataset\images\chequered\chequered_0108.jpg,0.3048595278026711,7,False
C:\Users\Hamada.MSI\Desktop\Hamada\lab\data\raw\images\Describable Textures Dataset\images\banded\banded_0121.jpg,0.3051456340509061,7,False
C:\Users\Hamada.MSI\Desktop\Hamada\lab\data\raw\images\Describable Textures Dataset\images\interlaced\interlaced_0082.jpg,0.3052168871635972,7,False
C:\Users\Hamada.MSI\Desktop\Hamada\lab\data\raw\images\Describable Textures Dataset\images\flecked\flecked_0135.jpg,0.3052637132103136,7,False
C:\Users\Hamada.MSI\Desktop\Hamada\lab\data\raw\images\Describable Textures Dataset\images\woven\woven_0109.jpg,0.3052768801915473,7,False
C:\Users\Hamada.MSI\Desktop\Hamada\lab\data\raw\images\Describable Textures Dataset\images\dotted\dotted_0102.jpg,0.30536895779695616,7,False
C:\Users\Hamada.MSI\Desktop\Hamada\lab\data\raw\images\Describable Textures Dataset\images\crystalline\crystalline_0119.jpg,0.3054323518647945,7,False
C:\Users\Hamada.MSI\Desktop\Hamada\lab\data\raw\images\Describable Textures Dataset\images\potholed\potholed_0078.jpg,0.30549149073370596,7,False
C:\Users\Hamada.MSI\Desktop\Hamada\lab\data\raw\images\Describable Textures Dataset\images\matted\matted_0074.jpg,0.30549842086231893,7,False
C:\Users\Hamada.MSI\Desktop\Hamada\lab\data\raw\images\McGill Calibrated Color Image Database\Textures\Textures\pippin_jtalon0032.tif,0.30551047016646893,7,False
C:\Users\Hamada.MSI\Desktop\Hamada\lab\data\raw\images\Describable Textures Dataset\images\sprinkled\sprinkled_0120.jpg,0.3055247577574318,7,False
C:\Users\Hamada.MSI\Desktop\Hamada\lab\data\raw\images\Describable Textures Dataset\images\grid\grid_0057.jpg,0.3055555555555556,7,False
C:\Users\Hamada.MSI\Desktop\Hamada\lab\data\raw\images\Describable Textures Dataset\images\wrinkled\wrinkled_0026.jpg,0.30557283980807914,7,False
C:\Users\Hamada.MSI\Desktop\Hamada\lab\data\raw\images\Describable Textures Dataset\images\swirly\swirly_0150.jpg,0.3056643360921884,7,False
C:\Users\Hamada.MSI\Desktop\Hamada\lab\data\raw\images\Describable Textures Dataset\images\pleated\pleated_0103.jpg,0.3056809252075334,7,False
C:\Users\Hamada.MSI\Desktop\Hamada\lab\data\raw\images\Describable Textures Dataset\images\frilly\frilly_0085.jpg,0.30581323711222147,7,False
C:\Users\Hamada.MSI\Desktop\Hamada\lab\data\raw\images\Describable Textures Dataset\images\chequered\chequered_0202.jpg,0.30585546989852996,7,False
C:\Users\Hamada.MSI\Desktop\Hamada\lab\data\raw\images\Describable Textures Dataset\images\potholed\potholed_0137.jpg,0.3058855268367123,7,False
C:\Users\Hamada.MSI\Desktop\Hamada\lab\data\raw\images\Describable Textures Dataset\images\woven\woven_0051.jpg,0.30592712151161716,7,False
C:\Users\Hamada.MSI\Desktop\Hamada\lab\data\raw\images\Describable Textures Dataset\images\marbled\marbled_0184.jpg,0.30601107750714196,7,False
C:\Users\Hamada.MSI\Desktop\Hamada\lab\data\raw\images\Describable Textures Dataset\images\frilly\frilly_0024.jpg,0.3060595623471281,7,False
C:\Users\Hamada.MSI\Desktop\Hamada\lab\data\raw\images\Describable Textures Dataset\images\dotted\dotted_0120.jpg,0.3062382703670766,7,False
C:\Users\Hamada.MSI\Desktop\Hamada\lab\data\raw\images\Describable Textures Dataset\images\sprinkled\sprinkled_0140.jpg,0.306293164521215,7,False
C:\Users\Hamada.MSI\Desktop\Hamada\lab\data\raw\images\Describable Textures Dataset\images\frilly\frilly_0068.jpg,0.30637349626965515,7,False
C:\Users\Hamada.MSI\Desktop\Hamada\lab\data\raw\images\Describable Textures Dataset\images\knitted\knitted_0103.jpg,0.3064151690858569,7,False
C:\Users\Hamada.MSI\Desktop\Hamada\lab\data\raw\images\Describable Textures Dataset\images\sprinkled\sprinkled_0101.jpg,0.3065205276657212,7,False
C:\Users\Hamada.MSI\Desktop\Hamada\lab\data\raw\images\Describable Textures Dataset\images\grid\grid_0110.jpg,0.3065322111377634,7,False
C:\Users\Hamada.MSI\Desktop\Hamada\lab\data\raw\images\Describable Textures Dataset\images\scaly\scaly_0157.jpg,0.30660321640621785,7,False
C:\Users\Hamada.MSI\Desktop\Hamada\lab\data\raw\images\Describable Textures Dataset\images\braided\braided_0161.jpg,0.30661169006370564,7,False
C:\Users\Hamada.MSI\Desktop\Hamada\lab\data\raw\images\Describable Textures Dataset\images\blotchy\blotchy_0113.jpg,0.30662880735251,7,False
C:\Users\Hamada.MSI\Desktop\Hamada\lab\data\raw\images\Describable Textures Dataset\images\cracked\cracked_0110.jpg,0.30667312877432684,7,False
C:\Users\Hamada.MSI\Desktop\Hamada\lab\data\raw\images\Describable Textures Dataset\images\striped\striped_0080.jpg,0.3067565041462096,7,False
C:\Users\Hamada.MSI\Desktop\Hamada\lab\data\raw\images\Describable Textures Dataset\images\porous\porous_0106.jpg,0.3067803416146724,7,False
C:\Users\Hamada.MSI\Desktop\Hamada\lab\data\raw\images\Describable Textures Dataset\images\banded\banded_0097.jpg,0.3068017225767449,7,False
C:\Users\Hamada.MSI\Desktop\Hamada\lab\data\raw\images\Describable Textures Dataset\images\bumpy\bumpy_0153.jpg,0.30686898071024027,7,False
C:\Users\Hamada.MSI\Desktop\Hamada\lab\data\raw\images\Describable Textures Dataset\images\bumpy\bumpy_0171.jpg,0.30703987425355406,7,False
C:\Users\Hamada.MSI\Desktop\Hamada\lab\data\raw\images\Describable Textures Dataset\images\banded\banded_0147.jpg,0.3074517053281378,7,False
C:\Users\Hamada.MSI\Desktop\Hamada\lab\data\raw\images\Describable Textures Dataset\images\paisley\paisley_0024.jpg,0.30762126738574325,7,False
C:\Users\Hamada.MSI\Desktop\Hamada\lab\data\raw\images\Describable Textures Dataset\images\pleated\pleated_0163.jpg,0.30769507186612044,7,False
C:\Users\Hamada.MSI\Desktop\Hamada\lab\data\raw\images\Describable Textures Dataset\images\lacelike\lacelike_0084.jpg,0.3077096079986896,7,False
C:\Users\Hamada.MSI\Desktop\Hamada\lab\data\raw\images\Describable Textures Dataset\images\swirly\swirly_0105.jpg,0.3077403743018044,7,False
C:\Users\Hamada.MSI\Desktop\Hamada\lab\data\raw\images\Describable Textures Dataset\images\cracked\cracked_0158.jpg,0.3077764739730223,7,False
C:\Users\Hamada.MSI\Desktop\Hamada\lab\data\raw\images\Describable Textures Dataset\images\cobwebbed\cobwebbed_0072.jpg,0.3078160091058511,7,False
C:\Users\Hamada.MSI\Desktop\Hamada\lab\data\raw\images\Describable Textures Dataset\images\dotted\dotted_0170.jpg,0.30783410101333386,7,False
C:\Users\Hamada.MSI\Desktop\Hamada\lab\data\raw\images\Describable Textures Dataset\images\stained\stained_0110.jpg,0.30802787140037935,7,False
C:\Users\Hamada.MSI\Desktop\Hamada\lab\data\raw\images\Describable Textures Dataset\images\chequered\chequered_0132.jpg,0.30805743298622934,7,False
C:\Users\Hamada.MSI\Desktop\Hamada\lab\data\raw\images\Describable Textures Dataset\images\paisley\paisley_0116.jpg,0.3081878172489263,7,False
C:\Users\Hamada.MSI\Desktop\Hamada\lab\data\raw\images\Describable Textures Dataset\images\crystalline\crystalline_0163.jpg,0.308195141508875,7,False
C:\Users\Hamada.MSI\Desktop\Hamada\lab\data\raw\images\Describable Textures Dataset\images\marbled\marbled_0159.jpg,0.30822732232326405,7,False
C:\Users\Hamada.MSI\Desktop\Hamada\lab\data\raw\images\Describable Textures Dataset\images\swirly\swirly_0152.jpg,0.30834234659843907,7,False
C:\Users\Hamada.MSI\Desktop\Hamada\lab\data\raw\images\Describable Textures Dataset\images\stratified\stratified_0129.jpg,0.3084151504153248,7,False
C:\Users\Hamada.MSI\Desktop\Hamada\lab\data\raw\images\Describable Textures Dataset\images\pleated\pleated_0101.jpg,0.30843346378158626,7,False
C:\Users\Hamada.MSI\Desktop\Hamada\lab\data\raw\images\Describable Textures Dataset\images\veined\veined_0077.jpg,0.3084724264921622,7,False
C:\Users\Hamada.MSI\Desktop\Hamada\lab\data\raw\images\Describable Textures Dataset\images\lined\lined_0158.jpg,0.3085191292802851,7,False
C:\Users\Hamada.MSI\Desktop\Hamada\lab\data\raw\images\Describable Textures Dataset\images\polka-dotted\polka-dotted_0223.jpg,0.30852474525651863,7,False
C:\Users\Hamada.MSI\Desktop\Hamada\lab\data\raw\images\Describable Textures Dataset\images\frilly\frilly_0119.jpg,0.3086010629298008,7,False
C:\Users\Hamada.MSI\Desktop\Hamada\lab\data\raw\images\Describable Textures Dataset\images\swirly\swirly_0156.jpg,0.30862447203419746,7,False
C:\Users\Hamada.MSI\Desktop\Hamada\lab\data\raw\images\Describable Textures Dataset\images\blotchy\blotchy_0107.jpg,0.30863597942141424,7,False
C:\Users\Hamada.MSI\Desktop\Hamada\lab\data\raw\images\Describable Textures Dataset\images\gauzy\gauzy_0146.jpg,0.3086731993520202,7,False
C:\Users\Hamada.MSI\Desktop\Hamada\lab\data\raw\images\Describable Textures Dataset\images\spiralled\spiralled_0025.jpg,0.3087229752843754,7,False
C:\Users\Hamada.MSI\Desktop\Hamada\lab\data\raw\images\Describable Textures Dataset\images\zigzagged\zigzagged_0111.jpg,0.3087282084993221,7,False
C:\Users\Hamada.MSI\Desktop\Hamada\lab\data\raw\images\McGill Calibrated Color Image Database\Textures\Textures\pippin_RVHtexture020.tif,0.3087934378723572,7,False
C:\Users\Hamada.MSI\Desktop\Hamada\lab\data\raw\images\Describable Textures Dataset\images\cracked\cracked_0070.jpg,0.3088282305457782,7,False
C:\Users\Hamada.MSI\Desktop\Hamada\lab\data\raw\images\Describable Textures Dataset\images\potholed\potholed_0097.jpg,0.30902604300654085,7,False
C:\Users\Hamada.MSI\Desktop\Hamada\lab\data\raw\images\Describable Textures Dataset\images\pleated\pleated_0167.jpg,0.3090699687643813,7,False
C:\Users\Hamada.MSI\Desktop\Hamada\lab\data\raw\images\Describable Textures Dataset\images\blotchy\blotchy_0103.jpg,0.3090829137192377,7,False
C:\Users\Hamada.MSI\Desktop\Hamada\lab\data\raw\images\Describable Textures Dataset\images\stratified\stratified_0150.jpg,0.30913609601335307,7,False
C:\Users\Hamada.MSI\Desktop\Hamada\lab\data\raw\images\Describable Textures Dataset\images\waffled\waffled_0133.jpg,0.30920752295527326,7,False
C:\Users\Hamada.MSI\Desktop\Hamada\lab\data\raw\images\Describable Textures Dataset\images\sprinkled\sprinkled_0129.jpg,0.30922082491342984,7,False
C:\Users\Hamada.MSI\Desktop\Hamada\lab\data\raw\images\Describable Textures Dataset\images\flecked\flecked_0070.jpg,0.3093220326227151,7,False
C:\Users\Hamada.MSI\Desktop\Hamada\lab\data\raw\images\Describable Textures Dataset\images\meshed\meshed_0176.jpg,0.3093618037586877,7,False
C:\Users\Hamada.MSI\Desktop\Hamada\lab\data\raw\images\Describable Textures Dataset\images\bumpy\bumpy_0135.jpg,0.30939353050388735,7,False
C:\Users\Hamada.MSI\Desktop\Hamada\lab\data\raw\images\Describable Textures Dataset\images\banded\banded_0129.jpg,0.30940439116984236,7,False
C:\Users\Hamada.MSI\Desktop\Hamada\lab\data\raw\images\Describable Textures Dataset\images\potholed\potholed_0101.jpg,0.30956825652199377,7,False
C:\Users\Hamada.MSI\Desktop\Hamada\lab\data\raw\images\Describable Textures Dataset\images\bumpy\bumpy_0197.jpg,0.3096985498976917,7,False
C:\Users\Hamada.MSI\Desktop\Hamada\lab\data\raw\images\Describable Textures Dataset\images\smeared\smeared_0034.jpg,0.3097063732573144,7,False
C:\Users\Hamada.MSI\Desktop\Hamada\lab\data\raw\images\Describable Textures Dataset\images\swirly\swirly_0119.jpg,0.3097996525999125,7,False
C:\Users\Hamada.MSI\Desktop\Hamada\lab\data\raw\images\Describable Textures Dataset\images\striped\striped_0069.jpg,0.30984426950736554,7,False
C:\Users\Hamada.MSI\Desktop\Hamada\lab\data\raw\images\Describable Textures Dataset\images\cobwebbed\cobwebbed_0104.jpg,0.3098521826885075,7,False
C:\Users\Hamada.MSI\Desktop\Hamada\lab\data\raw\images\Describable Textures Dataset\images\grooved\grooved_0081.jpg,0.31020058565251607,7,False
C:\Users\Hamada.MSI\Desktop\Hamada\lab\data\raw\images\Describable Textures Dataset\images\honeycombed\honeycombed_0075.jpg,0.31045286700725166,7,False
C:\Users\Hamada.MSI\Desktop\Hamada\lab\data\raw\images\Describable Textures Dataset\images\striped\striped_0073.jpg,0.31060825222168925,7,False
C:\Users\Hamada.MSI\Desktop\Hamada\lab\data\raw\images\Describable Textures Dataset\images\stratified\stratified_0141.jpg,0.31064504438935947,7,False
C:\Users\Hamada.MSI\Desktop\Hamada\lab\data\raw\images\Describable Textures Dataset\images\chequered\chequered_0129.jpg,0.3106631012985394,7,False
C:\Users\Hamada.MSI\Desktop\Hamada\lab\data\raw\images\Describable Textures Dataset\images\spiralled\spiralled_0039.jpg,0.31085993114478533,7,False
C:\Users\Hamada.MSI\Desktop\Hamada\lab\data\raw\images\Describable Textures Dataset\images\sprinkled\sprinkled_0018.jpg,0.3109142784124858,7,False
C:\Users\Hamada.MSI\Desktop\Hamada\lab\data\raw\images\Describable Textures Dataset\images\polka-dotted\polka-dotted_0132.jpg,0.3112200165005361,7,False
C:\Users\Hamada.MSI\Desktop\Hamada\lab\data\raw\images\Describable Textures Dataset\images\perforated\perforated_0063.jpg,0.31122970251064336,7,False
C:\Users\Hamada.MSI\Desktop\Hamada\lab\data\raw\images\Describable Textures Dataset\images\grooved\grooved_0144.jpg,0.31124586786851577,7,False
C:\Users\Hamada.MSI\Desktop\Hamada\lab\data\raw\images\Describable Textures Dataset\images\lacelike\lacelike_0001.jpg,0.31126807326470124,7,False
C:\Users\Hamada.MSI\Desktop\Hamada\lab\data\raw\images\Describable Textures Dataset\images\flecked\flecked_0076.jpg,0.3113872435770549,7,False
C:\Users\Hamada.MSI\Desktop\Hamada\lab\data\raw\images\Describable Textures Dataset\images\chequered\chequered_0215.jpg,0.3115280484160208,7,False
C:\Users\Hamada.MSI\Desktop\Hamada\lab\data\raw\images\Describable Textures Dataset\images\chequered\chequered_0042.jpg,0.3115413009765625,7,False
C:\Users\Hamada.MSI\Desktop\Hamada\lab\data\raw\images\Describable Textures Dataset\images\stained\stained_0036.jpg,0.3116726192203679,7,False
C:\Users\Hamada.MSI\Desktop\Hamada\lab\data\raw\images\Describable Textures Dataset\images\braided\braided_0128.jpg,0.311707382664952,7,False
C:\Users\Hamada.MSI\Desktop\Hamada\lab\data\raw\images\Describable Textures Dataset\images\potholed\potholed_0163.jpg,0.31171671664731376,7,False
C:\Users\Hamada.MSI\Desktop\Hamada\lab\data\raw\images\Describable Textures Dataset\images\wrinkled\wrinkled_0057.jpg,0.31186236419606617,7,False
C:\Users\Hamada.MSI\Desktop\Hamada\lab\data\raw\images\Describable Textures Dataset\images\flecked\flecked_0154.jpg,0.31186464923738294,7,False
C:\Users\Hamada.MSI\Desktop\Hamada\lab\data\raw\images\Describable Textures Dataset\images\cracked\cracked_0151.jpg,0.31191218009599325,7,False
C:\Users\Hamada.MSI\Desktop\Hamada\lab\data\raw\images\Describable Textures Dataset\images\fibrous\fibrous_0170.jpg,0.3119635951948279,7,False
C:\Users\Hamada.MSI\Desktop\Hamada\lab\data\raw\images\Describable Textures Dataset\images\honeycombed\honeycombed_0168.jpg,0.3120867102364581,7,False
C:\Users\Hamada.MSI\Desktop\Hamada\lab\data\raw\images\Describable Textures Dataset\images\fibrous\fibrous_0109.jpg,0.3121480925279388,7,False
C:\Users\Hamada.MSI\Desktop\Hamada\lab\data\raw\images\Describable Textures Dataset\images\veined\veined_0094.jpg,0.3122026624575504,7,False
C:\Users\Hamada.MSI\Desktop\Hamada\lab\data\raw\images\Describable Textures Dataset\images\knitted\knitted_0098.jpg,0.312306627658345,7,False
C:\Users\Hamada.MSI\Desktop\Hamada\lab\data\raw\images\Describable Textures Dataset\images\frilly\frilly_0008.jpg,0.312367770487799,7,False
C:\Users\Hamada.MSI\Desktop\Hamada\lab\data\raw\images\Describable Textures Dataset\images\stratified\stratified_0121.jpg,0.31260699805676345,7,False
C:\Users\Hamada.MSI\Desktop\Hamada\lab\data\raw\images\Describable Textures Dataset\images\paisley\paisley_0035.jpg,0.3126207041254753,7,False
C:\Users\Hamada.MSI\Desktop\Hamada\lab\data\raw\images\Describable Textures Dataset\images\chequered\chequered_0167.jpg,0.3126209774160503,7,False
C:\Users\Hamada.MSI\Desktop\Hamada\lab\data\raw\images\Describable Textures Dataset\images\wrinkled\wrinkled_0111.jpg,0.3127709967462189,7,False
C:\Users\Hamada.MSI\Desktop\Hamada\lab\data\raw\images\Describable Textures Dataset\images\veined\veined_0140.jpg,0.312908059045119,7,False
C:\Users\Hamada.MSI\Desktop\Hamada\lab\data\raw\images\Describable Textures Dataset\images\meshed\meshed_0167.jpg,0.3130110660963689,7,False
C:\Users\Hamada.MSI\Desktop\Hamada\lab\data\raw\images\Describable Textures Dataset\images\veined\veined_0183.jpg,0.3132680825326711,7,False
C:\Users\Hamada.MSI\Desktop\Hamada\lab\data\raw\images\Describable Textures Dataset\images\scaly\scaly_0124.jpg,0.3134278143078733,7,False
C:\Users\Hamada.MSI\Desktop\Hamada\lab\data\raw\images\Describable Textures Dataset\images\potholed\potholed_0112.jpg,0.31346008190962144,7,False
C:\Users\Hamada.MSI\Desktop\Hamada\lab\data\raw\images\Describable Textures Dataset\images\perforated\perforated_0160.jpg,0.3134985845444845,7,False
C:\Users\Hamada.MSI\Desktop\Hamada\lab\data\raw\images\Describable Textures Dataset\images\bumpy\bumpy_0158.jpg,0.3136205408387791,7,False
C:\Users\Hamada.MSI\Desktop\Hamada\lab\data\raw\images\Describable Textures Dataset\images\polka-dotted\polka-dotted_0216.jpg,0.3136444596070892,7,False
C:\Users\Hamada.MSI\Desktop\Hamada\lab\data\raw\images\Describable Textures Dataset\images\pitted\pitted_0034.jpg,0.3139363598770296,7,False
C:\Users\Hamada.MSI\Desktop\Hamada\lab\data\raw\images\Describable Textures Dataset\images\braided\braided_0177.jpg,0.31409962546987447,7,False
C:\Users\Hamada.MSI\Desktop\Hamada\lab\data\raw\images\Describable Textures Dataset\images\porous\porous_0144.jpg,0.31411223433179175,7,False
C:\Users\Hamada.MSI\Desktop\Hamada\lab\data\raw\images\Describable Textures Dataset\images\stratified\stratified_0161.jpg,0.31415486902730344,7,False
C:\Users\Hamada.MSI\Desktop\Hamada\lab\data\raw\images\Describable Textures Dataset\images\spiralled\spiralled_0051.jpg,0.3142867571913562,7,False
C:\Users\Hamada.MSI\Desktop\Hamada\lab\data\raw\images\Describable Textures Dataset\images\cracked\cracked_0115.jpg,0.31457168504855504,7,False
C:\Users\Hamada.MSI\Desktop\Hamada\lab\data\raw\images\Describable Textures Dataset\images\perforated\perforated_0016.jpg,0.3145773635468833,7,False
C:\Users\Hamada.MSI\Desktop\Hamada\lab\data\raw\images\Describable Textures Dataset\images\smeared\smeared_0121.jpg,0.314579871307516,7,False
C:\Users\Hamada.MSI\Desktop\Hamada\lab\data\raw\images\Describable Textures Dataset\images\potholed\potholed_0160.jpg,0.31467123208877346,7,False
C:\Users\Hamada.MSI\Desktop\Hamada\lab\data\raw\images\Describable Textures Dataset\images\crystalline\crystalline_0145.jpg,0.31473068162546386,7,False
C:\Users\Hamada.MSI\Desktop\Hamada\lab\data\raw\images\Describable Textures Dataset\images\chequered\chequered_0017.jpg,0.314789356264789,7,False
C:\Users\Hamada.MSI\Desktop\Hamada\lab\data\raw\images\Describable Textures Dataset\images\cobwebbed\cobwebbed_0152.jpg,0.31500653876751133,7,False
C:\Users\Hamada.MSI\Desktop\Hamada\lab\data\raw\images\Describable Textures Dataset\images\lined\lined_0122.jpg,0.31509207795450267,7,False
C:\Users\Hamada.MSI\Desktop\Hamada\lab\data\raw\images\Describable Textures Dataset\images\interlaced\interlaced_0147.jpg,0.3151515175065569,7,False
C:\Users\Hamada.MSI\Desktop\Hamada\lab\data\raw\images\Describable Textures Dataset\images\lacelike\lacelike_0085.jpg,0.31520623219710936,7,False
C:\Users\Hamada.MSI\Desktop\Hamada\lab\data\raw\images\Describable Textures Dataset\images\bubbly\bubbly_0078.jpg,0.31526865583290564,7,False
C:\Users\Hamada.MSI\Desktop\Hamada\lab\data\raw\images\Describable Textures Dataset\images\marbled\marbled_0142.jpg,0.31535308461344375,7,False
C:\Users\Hamada.MSI\Desktop\Hamada\lab\data\raw\images\Describable Textures Dataset\images\crystalline\crystalline_0185.jpg,0.31543240140673867,7,False
C:\Users\Hamada.MSI\Desktop\Hamada\lab\data\raw\images\Describable Textures Dataset\images\cobwebbed\cobwebbed_0040.jpg,0.3155730442272562,7,False
C:\Users\Hamada.MSI\Desktop\Hamada\lab\data\raw\images\Describable Textures Dataset\images\interlaced\interlaced_0044.jpg,0.31567641017423365,7,False
C:\Users\Hamada.MSI\Desktop\Hamada\lab\data\raw\images\Describable Textures Dataset\images\honeycombed\honeycombed_0125.jpg,0.3157139498749484,7,False
C:\Users\Hamada.MSI\Desktop\Hamada\lab\data\raw\images\Describable Textures Dataset\images\polka-dotted\polka-dotted_0208.jpg,0.31577280099544663,7,False
C:\Users\Hamada.MSI\Desktop\Hamada\lab\data\raw\images\Describable Textures Dataset\images\grid\grid_0087.jpg,0.31578378059151574,7,False
C:\Users\Hamada.MSI\Desktop\Hamada\lab\data\raw\images\Describable Textures Dataset\images\lacelike\lacelike_0092.jpg,0.315845223188034,7,False
C:\Users\Hamada.MSI\Desktop\Hamada\lab\data\raw\images\Describable Textures Dataset\images\sprinkled\sprinkled_0040.jpg,0.3158650364032814,7,False
C:\Users\Hamada.MSI\Desktop\Hamada\lab\data\raw\images\Describable Textures Dataset\images\crosshatched\crosshatched_0057.jpg,0.3162743414437906,7,False
C:\Users\Hamada.MSI\Desktop\Hamada\lab\data\raw\images\Describable Textures Dataset\images\bumpy\bumpy_0200.jpg,0.31653612098755707,7,False
C:\Users\Hamada.MSI\Desktop\Hamada\lab\data\raw\images\Describable Textures Dataset\images\wrinkled\wrinkled_0066.jpg,0.3165628472115908,7,False
C:\Users\Hamada.MSI\Desktop\Hamada\lab\data\raw\images\Describable Textures Dataset\images\lacelike\lacelike_0039.jpg,0.3165992248881978,7,False
C:\Users\Hamada.MSI\Desktop\Hamada\lab\data\raw\images\Describable Textures Dataset\images\cobwebbed\cobwebbed_0114.jpg,0.3166083388104446,7,False
C:\Users\Hamada.MSI\Desktop\Hamada\lab\data\raw\images\Describable Textures Dataset\images\bumpy\bumpy_0117.jpg,0.3166352041045428,7,False
C:\Users\Hamada.MSI\Desktop\Hamada\lab\data\raw\images\Describable Textures Dataset\images\interlaced\interlaced_0133.jpg,0.31678365873648734,7,False
C:\Users\Hamada.MSI\Desktop\Hamada\lab\data\raw\images\Describable Textures Dataset\images\frilly\frilly_0061.jpg,0.3168649894072407,7,False
C:\Users\Hamada.MSI\Desktop\Hamada\lab\data\raw\images\Describable Textures Dataset\images\marbled\marbled_0131.jpg,0.3169436376175419,7,False
C:\Users\Hamada.MSI\Desktop\Hamada\lab\data\raw\images\Describable Textures Dataset\images\braided\braided_0148.jpg,0.31718755056019515,7,False
C:\Users\Hamada.MSI\Desktop\Hamada\lab\data\raw\images\Describable Textures Dataset\images\honeycombed\honeycombed_0079.jpg,0.3173227181784276,7,False
C:\Users\Hamada.MSI\Desktop\Hamada\lab\data\raw\images\Describable Textures Dataset\images\fibrous\fibrous_0136.jpg,0.31745681707162005,7,False
C:\Users\Hamada.MSI\Desktop\Hamada\lab\data\raw\images\Describable Textures Dataset\images\striped\striped_0053.jpg,0.31788678256059627,7,False
C:\Users\Hamada.MSI\Desktop\Hamada\lab\data\raw\images\Describable Textures Dataset\images\crystalline\crystalline_0202.jpg,0.31793906394891314,7,False
C:\Users\Hamada.MSI\Desktop\Hamada\lab\data\raw\images\Describable Textures Dataset\images\meshed\meshed_0118.jpg,0.3179794169844989,7,False
C:\Users\Hamada.MSI\Desktop\Hamada\lab\data\raw\images\Describable Textures Dataset\images\striped\striped_0081.jpg,0.3180004017715733,7,False
C:\Users\Hamada.MSI\Desktop\Hamada\lab\data\raw\images\Describable Textures Dataset\images\blotchy\blotchy_0017.jpg,0.31811308208914946,7,False
C:\Users\Hamada.MSI\Desktop\Hamada\lab\data\raw\images\Describable Textures Dataset\images\smeared\smeared_0023.jpg,0.3182294712367966,7,False
C:\Users\Hamada.MSI\Desktop\Hamada\lab\data\raw\images\Describable Textures Dataset\images\wrinkled\wrinkled_0103.jpg,0.3182640287293399,7,False
C:\Users\Hamada.MSI\Desktop\Hamada\lab\data\raw\images\Describable Textures Dataset\images\matted\matted_0154.jpg,0.31842669970134835,7,False
C:\Users\Hamada.MSI\Desktop\Hamada\lab\data\raw\images\Describable Textures Dataset\images\crystalline\crystalline_0194.jpg,0.3184994859165534,7,False
C:\Users\Hamada.MSI\Desktop\Hamada\lab\data\raw\images\Describable Textures Dataset\images\flecked\flecked_0119.jpg,0.31853243156168637,7,False
C:\Users\Hamada.MSI\Desktop\Hamada\lab\data\raw\images\Describable Textures Dataset\images\perforated\perforated_0053.jpg,0.31857218562091616,7,False
C:\Users\Hamada.MSI\Desktop\Hamada\lab\data\raw\images\Describable Textures Dataset\images\smeared\smeared_0044.jpg,0.31864963287798753,7,False
C:\Users\Hamada.MSI\Desktop\Hamada\lab\data\raw\images\Describable Textures Dataset\images\porous\porous_0087.jpg,0.31877078821578386,7,False
C:\Users\Hamada.MSI\Desktop\Hamada\lab\data\raw\images\McGill Calibrated Color Image Database\Textures\Textures\pippin_UniStrt012.tif,0.31880225999432005,7,False
C:\Users\Hamada.MSI\Desktop\Hamada\lab\data\raw\images\Describable Textures Dataset\images\crystalline\crystalline_0105.jpg,0.31887026866443413,7,False
C:\Users\Hamada.MSI\Desktop\Hamada\lab\data\raw\images\Describable Textures Dataset\images\waffled\waffled_0141.jpg,0.3189078606290062,7,False
C:\Users\Hamada.MSI\Desktop\Hamada\lab\data\raw\images\Describable Textures Dataset\images\woven\woven_0027.jpg,0.31911751743911326,7,False
C:\Users\Hamada.MSI\Desktop\Hamada\lab\data\raw\images\Describable Textures Dataset\images\grooved\grooved_0154.jpg,0.31930800781251734,7,False
C:\Users\Hamada.MSI\Desktop\Hamada\lab\data\raw\images\Describable Textures Dataset\images\bumpy\bumpy_0021.jpg,0.3194972601757518,7,False
C:\Users\Hamada.MSI\Desktop\Hamada\lab\data\raw\images\Describable Textures Dataset\images\porous\porous_0116.jpg,0.31951133452735914,7,False
C:\Users\Hamada.MSI\Desktop\Hamada\lab\data\raw\images\Describable Textures Dataset\images\cracked\cracked_0060.jpg,0.31963790169802836,7,False
C:\Users\Hamada.MSI\Desktop\Hamada\lab\data\raw\images\Describable Textures Dataset\images\pleated\pleated_0102.jpg,0.31974751271282,7,False
C:\Users\Hamada.MSI\Desktop\Hamada\lab\data\raw\images\Describable Textures Dataset\images\veined\veined_0091.jpg,0.3200251691934214,7,False
C:\Users\Hamada.MSI\Desktop\Hamada\lab\data\raw\images\Describable Textures Dataset\images\grooved\grooved_0085.jpg,0.32002825401553847,7,False
C:\Users\Hamada.MSI\Desktop\Hamada\lab\data\raw\images\Describable Textures Dataset\images\swirly\swirly_0126.jpg,0.3200725135104735,7,False
C:\Users\Hamada.MSI\Desktop\Hamada\lab\data\raw\images\Describable Textures Dataset\images\polka-dotted\polka-dotted_0130.jpg,0.32019755541502304,7,False
C:\Users\Hamada.MSI\Desktop\Hamada\lab\data\raw\images\Describable Textures Dataset\images\swirly\swirly_0113.jpg,0.32032718022495005,7,False
C:\Users\Hamada.MSI\Desktop\Hamada\lab\data\raw\images\Describable Textures Dataset\images\porous\porous_0062.jpg,0.32033635389353093,7,False
C:\Users\Hamada.MSI\Desktop\Hamada\lab\data\raw\images\Describable Textures Dataset\images\knitted\knitted_0191.jpg,0.3204358246373359,7,False
C:\Users\Hamada.MSI\Desktop\Hamada\lab\data\raw\images\Describable Textures Dataset\images\gauzy\gauzy_0148.jpg,0.3204367841310597,7,False
C:\Users\Hamada.MSI\Desktop\Hamada\lab\data\raw\images\Describable Textures Dataset\images\grooved\grooved_0164.jpg,0.32048258688576947,7,False
C:\Users\Hamada.MSI\Desktop\Hamada\lab\data\raw\images\Describable Textures Dataset\images\crystalline\crystalline_0166.jpg,0.32056587977704765,7,False
C:\Users\Hamada.MSI\Desktop\Hamada\lab\data\raw\images\Describable Textures Dataset\images\banded\banded_0024.jpg,0.320713827941111,7,False
C:\Users\Hamada.MSI\Desktop\Hamada\lab\data\raw\images\Describable Textures Dataset\images\cracked\cracked_0047.jpg,0.3207464678859992,7,False
C:\Users\Hamada.MSI\Desktop\Hamada\lab\data\raw\images\Describable Textures Dataset\images\porous\porous_0083.jpg,0.32080625797551315,7,False
C:\Users\Hamada.MSI\Desktop\Hamada\lab\data\raw\images\Describable Textures Dataset\images\striped\striped_0107.jpg,0.32097067518048555,7,False
C:\Users\Hamada.MSI\Desktop\Hamada\lab\data\raw\images\Describable Textures Dataset\images\cracked\cracked_0150.jpg,0.3210268655853458,7,False
C:\Users\Hamada.MSI\Desktop\Hamada\lab\data\raw\images\Describable Textures Dataset\images\honeycombed\honeycombed_0145.jpg,0.32112902429686235,7,False
C:\Users\Hamada.MSI\Desktop\Hamada\lab\data\raw\images\Describable Textures Dataset\images\matted\matted_0039.jpg,0.32113806813713636,7,False
C:\Users\Hamada.MSI\Desktop\Hamada\lab\data\raw\images\Describable Textures Dataset\images\perforated\perforated_0101.jpg,0.32123657947482576,7,False
C:\Users\Hamada.MSI\Desktop\Hamada\lab\data\raw\images\Describable Textures Dataset\images\polka-dotted\polka-dotted_0125.jpg,0.3212727478095029,7,False
C:\Users\Hamada.MSI\Desktop\Hamada\lab\data\raw\images\Describable Textures Dataset\images\freckled\freckled_0159.jpg,0.3212821330407117,7,False
C:\Users\Hamada.MSI\Desktop\Hamada\lab\data\raw\images\Describable Textures Dataset\images\bumpy\bumpy_0062.jpg,0.3212865106074913,7,False
C:\Users\Hamada.MSI\Desktop\Hamada\lab\data\raw\images\Describable Textures Dataset\images\stratified\stratified_0074.jpg,0.32144044473954886,7,False
C:\Users\Hamada.MSI\Desktop\Hamada\lab\data\raw\images\Describable Textures Dataset\images\gauzy\gauzy_0099.jpg,0.3214632616264277,7,False
C:\Users\Hamada.MSI\Desktop\Hamada\lab\data\raw\images\Describable Textures Dataset\images\potholed\potholed_0158.jpg,0.3214939537050459,7,False
C:\Users\Hamada.MSI\Desktop\Hamada\lab\data\raw\images\Describable Textures Dataset\images\paisley\paisley_0130.jpg,0.32153301392866546,7,False
C:\Users\Hamada.MSI\Desktop\Hamada\lab\data\raw\images\Describable Textures Dataset\images\zigzagged\zigzagged_0010.jpg,0.32163821888168753,7,False
C:\Users\Hamada.MSI\Desktop\Hamada\lab\data\raw\images\Describable Textures Dataset\images\lined\lined_0165.jpg,0.3217045531978812,7,False
C:\Users\Hamada.MSI\Desktop\Hamada\lab\data\raw\images\Describable Textures Dataset\images\frilly\frilly_0101.jpg,0.3217138317904943,7,False
C:\Users\Hamada.MSI\Desktop\Hamada\lab\data\raw\images\Describable Textures Dataset\images\pitted\pitted_0136.jpg,0.3217283654534031,7,False
C:\Users\Hamada.MSI\Desktop\Hamada\lab\data\raw\images\Describable Textures Dataset\images\sprinkled\sprinkled_0138.jpg,0.3217375902581029,7,False
C:\Users\Hamada.MSI\Desktop\Hamada\lab\data\raw\images\Describable Textures Dataset\images\honeycombed\honeycombed_0052.jpg,0.3219310457319445,7,False
C:\Users\Hamada.MSI\Desktop\Hamada\lab\data\raw\images\Describable Textures Dataset\images\lacelike\lacelike_0059.jpg,0.32245679021900897,7,False
C:\Users\Hamada.MSI\Desktop\Hamada\lab\data\raw\images\Describable Textures Dataset\images\porous\porous_0155.jpg,0.3224704814637965,7,False
C:\Users\Hamada.MSI\Desktop\Hamada\lab\data\raw\images\Describable Textures Dataset\images\fibrous\fibrous_0195.jpg,0.32250336797815693,7,False
C:\Users\Hamada.MSI\Desktop\Hamada\lab\data\raw\images\Describable Textures Dataset\images\bubbly\bubbly_0145.jpg,0.3225580495550185,7,False
C:\Users\Hamada.MSI\Desktop\Hamada\lab\data\raw\images\Describable Textures Dataset\images\blotchy\blotchy_0016.jpg,0.32260715793187744,7,False
C:\Users\Hamada.MSI\Desktop\Hamada\lab\data\raw\images\Describable Textures Dataset\images\perforated\perforated_0077.jpg,0.3226745568839054,7,False
C:\Users\Hamada.MSI\Desktop\Hamada\lab\data\raw\images\Describable Textures Dataset\images\cobwebbed\cobwebbed_0109.jpg,0.32275258436742144,7,False
C:\Users\Hamada.MSI\Desktop\Hamada\lab\data\raw\images\Describable Textures Dataset\images\perforated\perforated_0127.jpg,0.32277347164757964,7,False
C:\Users\Hamada.MSI\Desktop\Hamada\lab\data\raw\images\Describable Textures Dataset\images\woven\woven_0070.jpg,0.32277848305701745,7,False
C:\Users\Hamada.MSI\Desktop\Hamada\lab\data\raw\images\Describable Textures Dataset\images\grooved\grooved_0140.jpg,0.3229505761605429,7,False
C:\Users\Hamada.MSI\Desktop\Hamada\lab\data\raw\images\Describable Textures Dataset\images\bubbly\bubbly_0121.jpg,0.3230148222320136,7,False
C:\Users\Hamada.MSI\Desktop\Hamada\lab\data\raw\images\Describable Textures Dataset\images\porous\porous_0110.jpg,0.32319178155262307,7,False
C:\Users\Hamada.MSI\Desktop\Hamada\lab\data\raw\images\McGill Calibrated Color Image Database\Textures\Textures\pippin_Peel069.tif,0.32321939523020604,7,False
C:\Users\Hamada.MSI\Desktop\Hamada\lab\data\raw\images\Describable Textures Dataset\images\perforated\perforated_0035.jpg,0.3232340603250898,7,False
C:\Users\Hamada.MSI\Desktop\Hamada\lab\data\raw\images\Describable Textures Dataset\images\knitted\knitted_0115.jpg,0.3232712511786975,7,False
C:\Users\Hamada.MSI\Desktop\Hamada\lab\data\raw\images\Describable Textures Dataset\images\flecked\flecked_0080.jpg,0.32343684679175533,7,False
C:\Users\Hamada.MSI\Desktop\Hamada\lab\data\raw\images\Describable Textures Dataset\images\cobwebbed\cobwebbed_0116.jpg,0.32356018174722656,7,False
C:\Users\Hamada.MSI\Desktop\Hamada\lab\data\raw\images\Describable Textures Dataset\images\lined\lined_0065.jpg,0.32360650263672835,7,False
C:\Users\Hamada.MSI\Desktop\Hamada\lab\data\raw\images\Describable Textures Dataset\images\gauzy\gauzy_0169.jpg,0.32370100396607493,7,False
C:\Users\Hamada.MSI\Desktop\Hamada\lab\data\raw\images\Describable Textures Dataset\images\woven\woven_0121.jpg,0.3237012059248657,7,False
C:\Users\Hamada.MSI\Desktop\Hamada\lab\data\raw\images\Describable Textures Dataset\images\porous\porous_0156.jpg,0.32374637703367004,7,False
C:\Users\Hamada.MSI\Desktop\Hamada\lab\data\raw\images\Describable Textures Dataset\images\freckled\freckled_0171.jpg,0.32381485074534394,7,False
C:\Users\Hamada.MSI\Desktop\Hamada\lab\data\raw\images\Describable Textures Dataset\images\cracked\cracked_0004.jpg,0.3238672515469575,7,False
C:\Users\Hamada.MSI\Desktop\Hamada\lab\data\raw\images\Describable Textures Dataset\images\stratified\stratified_0119.jpg,0.3238932168752434,7,False
C:\Users\Hamada.MSI\Desktop\Hamada\lab\data\raw\images\Describable Textures Dataset\images\stained\stained_0140.jpg,0.3239082725335761,7,False
C:\Users\Hamada.MSI\Desktop\Hamada\lab\data\raw\images\Describable Textures Dataset\images\fibrous\fibrous_0179.jpg,0.32407211581065487,7,False
C:\Users\Hamada.MSI\Desktop\Hamada\lab\data\raw\images\Describable Textures Dataset\images\bumpy\bumpy_0104.jpg,0.32408609626761825,7,False
C:\Users\Hamada.MSI\Desktop\Hamada\lab\data\raw\images\Describable Textures Dataset\images\waffled\waffled_0104.jpg,0.3241722763809171,7,False
C:\Users\Hamada.MSI\Desktop\Hamada\lab\data\raw\images\Describable Textures Dataset\images\sprinkled\sprinkled_0108.jpg,0.3242332774791767,7,False
C:\Users\Hamada.MSI\Desktop\Hamada\lab\data\raw\images\Describable Textures Dataset\images\bubbly\bubbly_0093.jpg,0.3242846292012645,7,False
C:\Users\Hamada.MSI\Desktop\Hamada\lab\data\raw\images\Describable Textures Dataset\images\honeycombed\honeycombed_0113.jpg,0.32434828049993397,7,False
C:\Users\Hamada.MSI\Desktop\Hamada\lab\data\raw\images\Describable Textures Dataset\images\fibrous\fibrous_0189.jpg,0.3243745354929681,7,False
C:\Users\Hamada.MSI\Desktop\Hamada\lab\data\raw\images\Describable Textures Dataset\images\bumpy\bumpy_0193.jpg,0.3244078946673871,7,False
C:\Users\Hamada.MSI\Desktop\Hamada\lab\data\raw\images\Describable Textures Dataset\images\banded\banded_0063.jpg,0.32441813594894325,7,False
C:\Users\Hamada.MSI\Desktop\Hamada\lab\data\raw\images\Describable Textures Dataset\images\crystalline\crystalline_0211.jpg,0.324426622634933,7,False
C:\Users\Hamada.MSI\Desktop\Hamada\lab\data\raw\images\Describable Textures Dataset\images\studded\studded_0137.jpg,0.32466881620938076,7,False
C:\Users\Hamada.MSI\Desktop\Hamada\lab\data\raw\images\Describable Textures Dataset\images\banded\banded_0135.jpg,0.3247340948711801,7,False
C:\Users\Hamada.MSI\Desktop\Hamada\lab\data\raw\images\Describable Textures Dataset\images\zigzagged\zigzagged_0127.jpg,0.3250396408815298,7,False
C:\Users\Hamada.MSI\Desktop\Hamada\lab\data\raw\images\Describable Textures Dataset\images\pitted\pitted_0071.jpg,0.32534065093859477,7,False
C:\Users\Hamada.MSI\Desktop\Hamada\lab\data\raw\images\Describable Textures Dataset\images\braided\braided_0134.jpg,0.325402006969376,7,False
C:\Users\Hamada.MSI\Desktop\Hamada\lab\data\raw\images\Describable Textures Dataset\images\sprinkled\sprinkled_0073.jpg,0.3254298221603653,7,False
C:\Users\Hamada.MSI\Desktop\Hamada\lab\data\raw\images\Describable Textures Dataset\images\bubbly\bubbly_0113.jpg,0.32545136915322403,7,False
C:\Users\Hamada.MSI\Desktop\Hamada\lab\data\raw\images\Describable Textures Dataset\images\grid\grid_0085.jpg,0.3255027171587804,7,False
C:\Users\Hamada.MSI\Desktop\Hamada\lab\data\raw\images\Describable Textures Dataset\images\polka-dotted\polka-dotted_0183.jpg,0.325661754212942,7,False
C:\Users\Hamada.MSI\Desktop\Hamada\lab\data\raw\images\McGill Calibrated Color Image Database\Textures\Textures\pippin0224.tif,0.3256687332567499,7,False
C:\Users\Hamada.MSI\Desktop\Hamada\lab\data\raw\images\Describable Textures Dataset\images\gauzy\gauzy_0141.jpg,0.32573309887268675,7,False
C:\Users\Hamada.MSI\Desktop\Hamada\lab\data\raw\images\Describable Textures Dataset\images\porous\porous_0135.jpg,0.3257929295360645,7,False
C:\Users\Hamada.MSI\Desktop\Hamada\lab\data\raw\images\Describable Textures Dataset\images\honeycombed\honeycombed_0103.jpg,0.325894739200121,7,False
C:\Users\Hamada.MSI\Desktop\Hamada\lab\data\raw\images\Describable Textures Dataset\images\striped\striped_0044.jpg,0.32592214533134806,8,False
C:\Users\Hamada.MSI\Desktop\Hamada\lab\data\raw\images\Describable Textures Dataset\images\perforated\perforated_0132.jpg,0.3259865684682274,8,False
C:\Users\Hamada.MSI\Desktop\Hamada\lab\data\raw\images\Describable Textures Dataset\images\marbled\marbled_0144.jpg,0.3260459979842232,8,False
C:\Users\Hamada.MSI\Desktop\Hamada\lab\data\raw\images\Describable Textures Dataset\images\marbled\marbled_0111.jpg,0.3261303931107231,8,False
C:\Users\Hamada.MSI\Desktop\Hamada\lab\data\raw\images\Describable Textures Dataset\images\blotchy\blotchy_0127.jpg,0.32619932040107913,8,False
C:\Users\Hamada.MSI\Desktop\Hamada\lab\data\raw\images\Describable Textures Dataset\images\sprinkled\sprinkled_0100.jpg,0.32625689712404615,8,False
C:\Users\Hamada.MSI\Desktop\Hamada\lab\data\raw\images\Describable Textures Dataset\images\waffled\waffled_0187.jpg,0.3265178520683749,8,False
C:\Users\Hamada.MSI\Desktop\Hamada\lab\data\raw\images\Describable Textures Dataset\images\fibrous\fibrous_0153.jpg,0.32653045009109305,8,False
C:\Users\Hamada.MSI\Desktop\Hamada\lab\data\raw\images\Describable Textures Dataset\images\marbled\marbled_0117.jpg,0.3265586856702973,8,False
C:\Users\Hamada.MSI\Desktop\Hamada\lab\data\raw\images\Describable Textures Dataset\images\paisley\paisley_0081.jpg,0.32658201240054713,8,False
C:\Users\Hamada.MSI\Desktop\Hamada\lab\data\raw\images\Describable Textures Dataset\images\bubbly\bubbly_0108.jpg,0.32670965469068436,8,False
C:\Users\Hamada.MSI\Desktop\Hamada\lab\data\raw\images\Describable Textures Dataset\images\striped\striped_0084.jpg,0.3268415181724176,8,False
C:\Users\Hamada.MSI\Desktop\Hamada\lab\data\raw\images\Describable Textures Dataset\images\porous\porous_0100.jpg,0.3268482373794079,8,False
C:\Users\Hamada.MSI\Desktop\Hamada\lab\data\raw\images\Describable Textures Dataset\images\zigzagged\zigzagged_0031.jpg,0.3271064139585779,8,False
C:\Users\Hamada.MSI\Desktop\Hamada\lab\data\raw\images\Describable Textures Dataset\images\stratified\stratified_0136.jpg,0.32713679774190935,8,False
C:\Users\Hamada.MSI\Desktop\Hamada\lab\data\raw\images\Describable Textures Dataset\images\freckled\freckled_0147.jpg,0.3271776716771398,8,False
C:\Users\Hamada.MSI\Desktop\Hamada\lab\data\raw\images\Describable Textures Dataset\images\chequered\chequered_0163.jpg,0.32724089757866026,8,False
C:\Users\Hamada.MSI\Desktop\Hamada\lab\data\raw\images\Describable Textures Dataset\images\matted\matted_0087.jpg,0.32724914612708356,8,False
C:\Users\Hamada.MSI\Desktop\Hamada\lab\data\raw\images\Describable Textures Dataset\images\porous\porous_0053.jpg,0.3273423622648847,8,False
C:\Users\Hamada.MSI\Desktop\Hamada\lab\data\raw\images\Describable Textures Dataset\images\crystalline\crystalline_0134.jpg,0.32744397040802903,8,False
C:\Users\Hamada.MSI\Desktop\Hamada\lab\data\raw\images\Describable Textures Dataset\images\crystalline\crystalline_0167.jpg,0.327493505925646,8,False
C:\Users\Hamada.MSI\Desktop\Hamada\lab\data\raw\images\Describable Textures Dataset\images\zigzagged\zigzagged_0108.jpg,0.3275562578128526,8,False
C:\Users\Hamada.MSI\Desktop\Hamada\lab\data\raw\images\Describable Textures Dataset\images\sprinkled\sprinkled_0119.jpg,0.32758318172652134,8,False
C:\Users\Hamada.MSI\Desktop\Hamada\lab\data\raw\images\Describable Textures Dataset\images\dotted\dotted_0124.jpg,0.32758392960753746,8,False
C:\Users\Hamada.MSI\Desktop\Hamada\lab\data\raw\images\Describable Textures Dataset\images\meshed\meshed_0146.jpg,0.32764391583358865,8,False
C:\Users\Hamada.MSI\Desktop\Hamada\lab\data\raw\images\Describable Textures Dataset\images\grid\grid_0117.jpg,0.32769838213719904,8,False
C:\Users\Hamada.MSI\Desktop\Hamada\lab\data\raw\images\Describable Textures Dataset\images\striped\striped_0022.jpg,0.32771148455784976,8,False
C:\Users\Hamada.MSI\Desktop\Hamada\lab\data\raw\images\Describable Textures Dataset\images\braided\braided_0191.jpg,0.32784520371534237,8,False
C:\Users\Hamada.MSI\Desktop\Hamada\lab\data\raw\images\Describable Textures Dataset\images\crystalline\crystalline_0188.jpg,0.32791972725646956,8,False
C:\Users\Hamada.MSI\Desktop\Hamada\lab\data\raw\images\Describable Textures Dataset\images\waffled\waffled_0116.jpg,0.3279864828115562,8,False
C:\Users\Hamada.MSI\Desktop\Hamada\lab\data\raw\images\Describable Textures Dataset\images\pitted\pitted_0162.jpg,0.3280118595900147,8,False
C:\Users\Hamada.MSI\Desktop\Hamada\lab\data\raw\images\Describable Textures Dataset\images\sprinkled\sprinkled_0048.jpg,0.3281166749735601,8,False
C:\Users\Hamada.MSI\Desktop\Hamada\lab\data\raw\images\Describable Textures Dataset\images\dotted\dotted_0128.jpg,0.32848634762074713,8,False
C:\Users\Hamada.MSI\Desktop\Hamada\lab\data\raw\images\Describable Textures Dataset\images\waffled\waffled_0081.jpg,0.32863680454828476,8,False
C:\Users\Hamada.MSI\Desktop\Hamada\lab\data\raw\images\Describable Textures Dataset\images\pitted\pitted_0116.jpg,0.32866366247207607,8,False
C:\Users\Hamada.MSI\Desktop\Hamada\lab\data\raw\images\Describable Textures Dataset\images\banded\banded_0123.jpg,0.3286968321729717,8,False
C:\Users\Hamada.MSI\Desktop\Hamada\lab\data\raw\images\Describable Textures Dataset\images\cobwebbed\cobwebbed_0076.jpg,0.3287202660556398,8,False
C:\Users\Hamada.MSI\Desktop\Hamada\lab\data\raw\images\Describable Textures Dataset\images\grid\grid_0050.jpg,0.3288468175566669,8,False
C:\Users\Hamada.MSI\Desktop\Hamada\lab\data\raw\images\Describable Textures Dataset\images\waffled\waffled_0109.jpg,0.3289247289497498,8,False
C:\Users\Hamada.MSI\Desktop\Hamada\lab\data\raw\images\Describable Textures Dataset\images\knitted\knitted_0199.jpg,0.32900386616584815,8,False
C:\Users\Hamada.MSI\Desktop\Hamada\lab\data\raw\images\Describable Textures Dataset\images\veined\veined_0064.jpg,0.3291291796759999,8,False
C:\Users\Hamada.MSI\Desktop\Hamada\lab\data\raw\images\Describable Textures Dataset\images\scaly\scaly_0196.jpg,0.3292398980292207,8,False
C:\Users\Hamada.MSI\Desktop\Hamada\lab\data\raw\images\Describable Textures Dataset\images\crosshatched\crosshatched_0104.jpg,0.32935665973089606,8,False
C:\Users\Hamada.MSI\Desktop\Hamada\lab\data\raw\images\Describable Textures Dataset\images\stratified\stratified_0128.jpg,0.32940622487306076,8,False
C:\Users\Hamada.MSI\Desktop\Hamada\lab\data\raw\images\Describable Textures Dataset\images\stained\stained_0065.jpg,0.32952171706886374,8,False
C:\Users\Hamada.MSI\Desktop\Hamada\lab\data\raw\images\Describable Textures Dataset\images\pleated\pleated_0171.jpg,0.32952969198032794,8,False
C:\Users\Hamada.MSI\Desktop\Hamada\lab\data\raw\images\Describable Textures Dataset\images\lacelike\lacelike_0017.jpg,0.32955922193388415,8,False
C:\Users\Hamada.MSI\Desktop\Hamada\lab\data\raw\images\Describable Textures Dataset\images\interlaced\interlaced_0153.jpg,0.32963565711129317,8,False
C:\Users\Hamada.MSI\Desktop\Hamada\lab\data\raw\images\Describable Textures Dataset\images\flecked\flecked_0146.jpg,0.3297500046081003,8,False
C:\Users\Hamada.MSI\Desktop\Hamada\lab\data\raw\images\Describable Textures Dataset\images\knitted\knitted_0124.jpg,0.3297579267064957,8,False
C:\Users\Hamada.MSI\Desktop\Hamada\lab\data\raw\images\Describable Textures Dataset\images\honeycombed\honeycombed_0144.jpg,0.3297843582183364,8,False
C:\Users\Hamada.MSI\Desktop\Hamada\lab\data\raw\images\Describable Textures Dataset\images\cracked\cracked_0113.jpg,0.3298675117224964,8,False
C:\Users\Hamada.MSI\Desktop\Hamada\lab\data\raw\images\Describable Textures Dataset\images\striped\striped_0020.jpg,0.3300749450020753,8,False
C:\Users\Hamada.MSI\Desktop\Hamada\lab\data\raw\images\Describable Textures Dataset\images\marbled\marbled_0164.jpg,0.33018859046340165,8,False
C:\Users\Hamada.MSI\Desktop\Hamada\lab\data\raw\images\Describable Textures Dataset\images\freckled\freckled_0144.jpg,0.3302974383204696,8,False
C:\Users\Hamada.MSI\Desktop\Hamada\lab\data\raw\images\Describable Textures Dataset\images\veined\veined_0124.jpg,0.33032175888516097,8,False
C:\Users\Hamada.MSI\Desktop\Hamada\lab\data\raw\images\Describable Textures Dataset\images\waffled\waffled_0137.jpg,0.3303364514785286,8,False
C:\Users\Hamada.MSI\Desktop\Hamada\lab\data\raw\images\Describable Textures Dataset\images\veined\veined_0156.jpg,0.330340091526327,8,False
C:\Users\Hamada.MSI\Desktop\Hamada\lab\data\raw\images\McGill Calibrated Color Image Database\Textures\Textures\pippin_UniStrt029.tif,0.33035847760591885,8,False
C:\Users\Hamada.MSI\Desktop\Hamada\lab\data\raw\images\Describable Textures Dataset\images\sprinkled\sprinkled_0139.jpg,0.3304249220040903,8,False
C:\Users\Hamada.MSI\Desktop\Hamada\lab\data\raw\images\Describable Textures Dataset\images\porous\porous_0059.jpg,0.33043135845034705,8,False
C:\Users\Hamada.MSI\Desktop\Hamada\lab\data\raw\images\Describable Textures Dataset\images\pitted\pitted_0153.jpg,0.33050513215496735,8,False
C:\Users\Hamada.MSI\Desktop\Hamada\lab\data\raw\images\Describable Textures Dataset\images\stratified\stratified_0146.jpg,0.3305977306593641,8,False
C:\Users\Hamada.MSI\Desktop\Hamada\lab\data\raw\images\Describable Textures Dataset\images\scaly\scaly_0150.jpg,0.33063101756629615,8,False
C:\Users\Hamada.MSI\Desktop\Hamada\lab\data\raw\images\Describable Textures Dataset\images\studded\studded_0179.jpg,0.33086459975172644,8,False
C:\Users\Hamada.MSI\Desktop\Hamada\lab\data\raw\images\Describable Textures Dataset\images\blotchy\blotchy_0059.jpg,0.33091693719625564,8,False
C:\Users\Hamada.MSI\Desktop\Hamada\lab\data\raw\images\Describable Textures Dataset\images\potholed\potholed_0146.jpg,0.3309450785323937,8,False
C:\Users\Hamada.MSI\Desktop\Hamada\lab\data\raw\images\Describable Textures Dataset\images\perforated\perforated_0113.jpg,0.33101512977269654,8,False
C:\Users\Hamada.MSI\Desktop\Hamada\lab\data\raw\images\Describable Textures Dataset\images\cracked\cracked_0081.jpg,0.33102423775496126,8,False
C:\Users\Hamada.MSI\Desktop\Hamada\lab\data\raw\images\Describable Textures Dataset\images\freckled\freckled_0065.jpg,0.3310695344525525,8,False
C:\Users\Hamada.MSI\Desktop\Hamada\lab\data\raw\images\Describable Textures Dataset\images\matted\matted_0119.jpg,0.33110802667174755,8,False
C:\Users\Hamada.MSI\Desktop\Hamada\lab\data\raw\images\Describable Textures Dataset\images\flecked\flecked_0093.jpg,0.33130133967939474,8,False
C:\Users\Hamada.MSI\Desktop\Hamada\lab\data\raw\images\Describable Textures Dataset\images\swirly\swirly_0145.jpg,0.3313404869237855,8,False
C:\Users\Hamada.MSI\Desktop\Hamada\lab\data\raw\images\Describable Textures Dataset\images\pitted\pitted_0040.jpg,0.3313858583098368,8,False
C:\Users\Hamada.MSI\Desktop\Hamada\lab\data\raw\images\Describable Textures Dataset\images\braided\braided_0192.jpg,0.3314331496028012,8,False
C:\Users\Hamada.MSI\Desktop\Hamada\lab\data\raw\images\Describable Textures Dataset\images\chequered\chequered_0123.jpg,0.3316949803525882,8,False
C:\Users\Hamada.MSI\Desktop\Hamada\lab\data\raw\images\Describable Textures Dataset\images\waffled\waffled_0100.jpg,0.3317617146696196,8,False
C:\Users\Hamada.MSI\Desktop\Hamada\lab\data\raw\images\McGill Calibrated Color Image Database\Textures\Textures\pippin_RVHtexture014.tif,0.3319534680975373,8,False
C:\Users\Hamada.MSI\Desktop\Hamada\lab\data\raw\images\Describable Textures Dataset\images\striped\striped_0076.jpg,0.33202282326410076,8,False
C:\Users\Hamada.MSI\Desktop\Hamada\lab\data\raw\images\Describable Textures Dataset\images\blotchy\blotchy_0021.jpg,0.33203586427908427,8,False
C:\Users\Hamada.MSI\Desktop\Hamada\lab\data\raw\images\Describable Textures Dataset\images\swirly\swirly_0136.jpg,0.33214331650085016,8,False
C:\Users\Hamada.MSI\Desktop\Hamada\lab\data\raw\images\Describable Textures Dataset\images\crystalline\crystalline_0116.jpg,0.33221000593191297,8,False
C:\Users\Hamada.MSI\Desktop\Hamada\lab\data\raw\images\Describable Textures Dataset\images\porous\porous_0123.jpg,0.33242473394829636,8,False
C:\Users\Hamada.MSI\Desktop\Hamada\lab\data\raw\images\Describable Textures Dataset\images\stratified\stratified_0098.jpg,0.3324972095451921,8,False
C:\Users\Hamada.MSI\Desktop\Hamada\lab\data\raw\images\Describable Textures Dataset\images\gauzy\gauzy_0117.jpg,0.33254155163450194,8,False
C:\Users\Hamada.MSI\Desktop\Hamada\lab\data\raw\images\Describable Textures Dataset\images\zigzagged\zigzagged_0115.jpg,0.33264122208274266,8,False
C:\Users\Hamada.MSI\Desktop\Hamada\lab\data\raw\images\Describable Textures Dataset\images\veined\veined_0181.jpg,0.33290626971522214,8,False
C:\Users\Hamada.MSI\Desktop\Hamada\lab\data\raw\images\Describable Textures Dataset\images\marbled\marbled_0113.jpg,0.3329415144895165,8,False
C:\Users\Hamada.MSI\Desktop\Hamada\lab\data\raw\images\Describable Textures Dataset\images\braided\braided_0157.jpg,0.33348077319236874,8,False
C:\Users\Hamada.MSI\Desktop\Hamada\lab\data\raw\images\Describable Textures Dataset\images\fibrous\fibrous_0186.jpg,0.33357609170829466,8,False
C:\Users\Hamada.MSI\Desktop\Hamada\lab\data\raw\images\Describable Textures Dataset\images\gauzy\gauzy_0201.jpg,0.3335789297075305,8,False
C:\Users\Hamada.MSI\Desktop\Hamada\lab\data\raw\images\Describable Textures Dataset\images\marbled\marbled_0152.jpg,0.3335869264224317,8,False
C:\Users\Hamada.MSI\Desktop\Hamada\lab\data\raw\images\Describable Textures Dataset\images\pitted\pitted_0125.jpg,0.3336694684475164,8,False
C:\Users\Hamada.MSI\Desktop\Hamada\lab\data\raw\images\Describable Textures Dataset\images\zigzagged\zigzagged_0100.jpg,0.33373044173559496,8,False
C:\Users\Hamada.MSI\Desktop\Hamada\lab\data\raw\images\Describable Textures Dataset\images\waffled\waffled_0096.jpg,0.3338421354909403,8,False
C:\Users\Hamada.MSI\Desktop\Hamada\lab\data\raw\images\Describable Textures Dataset\images\gauzy\gauzy_0139.jpg,0.3339196593246318,8,False
C:\Users\Hamada.MSI\Desktop\Hamada\lab\data\raw\images\Describable Textures Dataset\images\lacelike\lacelike_0013.jpg,0.3340659049630469,8,False
C:\Users\Hamada.MSI\Desktop\Hamada\lab\data\raw\images\Describable Textures Dataset\images\swirly\swirly_0094.jpg,0.3341519276284181,8,False
C:\Users\Hamada.MSI\Desktop\Hamada\lab\data\raw\images\Describable Textures Dataset\images\striped\striped_0066.jpg,0.3341701773407947,8,False
C:\Users\Hamada.MSI\Desktop\Hamada\lab\data\raw\images\Describable Textures Dataset\images\paisley\paisley_0109.jpg,0.33419551367075306,8,False
C:\Users\Hamada.MSI\Desktop\Hamada\lab\data\raw\images\Describable Textures Dataset\images\potholed\potholed_0170.jpg,0.33422561593961286,8,False
C:\Users\Hamada.MSI\Desktop\Hamada\lab\data\raw\images\Describable Textures Dataset\images\pitted\pitted_0060.jpg,0.33429858752441294,8,False
C:\Users\Hamada.MSI\Desktop\Hamada\lab\data\raw\images\Describable Textures Dataset\images\gauzy\gauzy_0131.jpg,0.3343892130333815,8,False
C:\Users\Hamada.MSI\Desktop\Hamada\lab\data\raw\images\Describable Textures Dataset\images\chequered\chequered_0179.jpg,0.33448131140651877,8,False
C:\Users\Hamada.MSI\Desktop\Hamada\lab\data\raw\images\Describable Textures Dataset\images\freckled\freckled_0136.jpg,0.3346228275505574,8,False
C:\Users\Hamada.MSI\Desktop\Hamada\lab\data\raw\images\Describable Textures Dataset\images\crystalline\crystalline_0174.jpg,0.33517631701443373,8,False
C:\Users\Hamada.MSI\Desktop\Hamada\lab\data\raw\images\Describable Textures Dataset\images\grooved\grooved_0100.jpg,0.33517730942342233,8,False
C:\Users\Hamada.MSI\Desktop\Hamada\lab\data\raw\images\Describable Textures Dataset\images\bumpy\bumpy_0073.jpg,0.335245331946134,8,False
C:\Users\Hamada.MSI\Desktop\Hamada\lab\data\raw\images\Describable Textures Dataset\images\swirly\swirly_0097.jpg,0.3352772230493479,8,False
C:\Users\Hamada.MSI\Desktop\Hamada\lab\data\raw\images\Describable Textures Dataset\images\bubbly\bubbly_0148.jpg,0.3354111172735047,8,False
C:\Users\Hamada.MSI\Desktop\Hamada\lab\data\raw\images\Describable Textures Dataset\images\porous\porous_0129.jpg,0.33545610426702877,8,False
C:\Users\Hamada.MSI\Desktop\Hamada\lab\data\raw\images\Describable Textures Dataset\images\matted\matted_0134.jpg,0.335501474028237,8,False
C:\Users\Hamada.MSI\Desktop\Hamada\lab\data\raw\images\Describable Textures Dataset\images\zigzagged\zigzagged_0077.jpg,0.33561769995265883,8,False
C:\Users\Hamada.MSI\Desktop\Hamada\lab\data\raw\images\Describable Textures Dataset\images\sprinkled\sprinkled_0057.jpg,0.3358491859030645,8,False
C:\Users\Hamada.MSI\Desktop\Hamada\lab\data\raw\images\Describable Textures Dataset\images\bubbly\bubbly_0141.jpg,0.33596579124830583,8,False
C:\Users\Hamada.MSI\Desktop\Hamada\lab\data\raw\images\Describable Textures Dataset\images\waffled\waffled_0177.jpg,0.33598151565676365,8,False
C:\Users\Hamada.MSI\Desktop\Hamada\lab\data\raw\images\Describable Textures Dataset\images\cracked\cracked_0117.jpg,0.3361438517135881,8,False
C:\Users\Hamada.MSI\Desktop\Hamada\lab\data\raw\images\Describable Textures Dataset\images\dotted\dotted_0163.jpg,0.3361896871030426,8,False
C:\Users\Hamada.MSI\Desktop\Hamada\lab\data\raw\images\Describable Textures Dataset\images\dotted\dotted_0196.jpg,0.3361896871030426,8,False
C:\Users\Hamada.MSI\Desktop\Hamada\lab\data\raw\images\Describable Textures Dataset\images\cracked\cracked_0128.jpg,0.3362263200915303,8,False
C:\Users\Hamada.MSI\Desktop\Hamada\lab\data\raw\images\Describable Textures Dataset\images\sprinkled\sprinkled_0133.jpg,0.3363557236456787,8,False
C:\Users\Hamada.MSI\Desktop\Hamada\lab\data\raw\images\Describable Textures Dataset\images\zigzagged\zigzagged_0119.jpg,0.33653744842277844,8,False
C:\Users\Hamada.MSI\Desktop\Hamada\lab\data\raw\images\Describable Textures Dataset\images\veined\veined_0118.jpg,0.3365378084697412,8,False
C:\Users\Hamada.MSI\Desktop\Hamada\lab\data\raw\images\Describable Textures Dataset\images\perforated\perforated_0141.jpg,0.3365401148598084,8,False
C:\Users\Hamada.MSI\Desktop\Hamada\lab\data\raw\images\Describable Textures Dataset\images\stained\stained_0083.jpg,0.33654966685085036,8,False
C:\Users\Hamada.MSI\Desktop\Hamada\lab\data\raw\images\Describable Textures Dataset\images\grooved\grooved_0094.jpg,0.3365513636666942,8,False
C:\Users\Hamada.MSI\Desktop\Hamada\lab\data\raw\images\Describable Textures Dataset\images\woven\woven_0049.jpg,0.33678496717345613,8,False
C:\Users\Hamada.MSI\Desktop\Hamada\lab\data\raw\images\Describable Textures Dataset\images\crystalline\crystalline_0196.jpg,0.33680932299123134,8,False
C:\Users\Hamada.MSI\Desktop\Hamada\lab\data\raw\images\Describable Textures Dataset\images\paisley\paisley_0016.jpg,0.33681600965968334,8,False
C:\Users\Hamada.MSI\Desktop\Hamada\lab\data\raw\images\Describable Textures Dataset\images\crystalline\crystalline_0156.jpg,0.33687609782440464,8,False
C:\Users\Hamada.MSI\Desktop\Hamada\lab\data\raw\images\Describable Textures Dataset\images\striped\striped_0101.jpg,0.3369096821806839,8,False
C:\Users\Hamada.MSI\Desktop\Hamada\lab\data\raw\images\Describable Textures Dataset\images\sprinkled\sprinkled_0084.jpg,0.33694667592504735,8,False
C:\Users\Hamada.MSI\Desktop\Hamada\lab\data\raw\images\McGill Calibrated Color Image Database\Textures\Textures\pippin_RVHtexture022.tif,0.3369830355754605,8,False
C:\Users\Hamada.MSI\Desktop\Hamada\lab\data\raw\images\Describable Textures Dataset\images\stratified\stratified_0159.jpg,0.3370544832595765,8,False
C:\Users\Hamada.MSI\Desktop\Hamada\lab\data\raw\images\Describable Textures Dataset\images\lacelike\lacelike_0047.jpg,0.33714114127190314,8,False
C:\Users\Hamada.MSI\Desktop\Hamada\lab\data\raw\images\Describable Textures Dataset\images\porous\porous_0119.jpg,0.3371975651655793,8,False
C:\Users\Hamada.MSI\Desktop\Hamada\lab\data\raw\images\Describable Textures Dataset\images\pleated\pleated_0144.jpg,0.3373486776709384,8,False
C:\Users\Hamada.MSI\Desktop\Hamada\lab\data\raw\images\Describable Textures Dataset\images\perforated\perforated_0044.jpg,0.33737966479199,8,False
C:\Users\Hamada.MSI\Desktop\Hamada\lab\data\raw\images\Describable Textures Dataset\images\stratified\stratified_0149.jpg,0.337382790692698,8,False
C:\Users\Hamada.MSI\Desktop\Hamada\lab\data\raw\images\Describable Textures Dataset\images\frilly\frilly_0107.jpg,0.33740089670567347,8,False
C:\Users\Hamada.MSI\Desktop\Hamada\lab\data\raw\images\Describable Textures Dataset\images\smeared\smeared_0135.jpg,0.3374204341241462,8,False
C:\Users\Hamada.MSI\Desktop\Hamada\lab\data\raw\images\Describable Textures Dataset\images\fibrous\fibrous_0204.jpg,0.33756636559586767,8,False
C:\Users\Hamada.MSI\Desktop\Hamada\lab\data\raw\images\Describable Textures Dataset\images\crystalline\crystalline_0186.jpg,0.3375783495235261,8,False
C:\Users\Hamada.MSI\Desktop\Hamada\lab\data\raw\images\Describable Textures Dataset\images\stratified\stratified_0106.jpg,0.33765092290410925,8,False
C:\Users\Hamada.MSI\Desktop\Hamada\lab\data\raw\images\Describable Textures Dataset\images\waffled\waffled_0198.jpg,0.3380542887590296,8,False
C:\Users\Hamada.MSI\Desktop\Hamada\lab\data\raw\images\Describable Textures Dataset\images\waffled\waffled_0120.jpg,0.33815841870354446,8,False
C:\Users\Hamada.MSI\Desktop\Hamada\lab\data\raw\images\Describable Textures Dataset\images\porous\porous_0122.jpg,0.3382449869954878,8,False
C:\Users\Hamada.MSI\Desktop\Hamada\lab\data\raw\images\Describable Textures Dataset\images\crosshatched\crosshatched_0078.jpg,0.3384843259747751,8,False
C:\Users\Hamada.MSI\Desktop\Hamada\lab\data\raw\images\Describable Textures Dataset\images\freckled\freckled_0130.jpg,0.3385806103965685,8,False
C:\Users\Hamada.MSI\Desktop\Hamada\lab\data\raw\images\Describable Textures Dataset\images\interlaced\interlaced_0116.jpg,0.33861675852549056,8,False
C:\Users\Hamada.MSI\Desktop\Hamada\lab\data\raw\images\Describable Textures Dataset\images\grooved\grooved_0157.jpg,0.3386629044462567,8,False
C:\Users\Hamada.MSI\Desktop\Hamada\lab\data\raw\images\Describable Textures Dataset\images\meshed\meshed_0106.jpg,0.33867145753855493,8,False
C:\Users\Hamada.MSI\Desktop\Hamada\lab\data\raw\images\Describable Textures Dataset\images\paisley\paisley_0084.jpg,0.33882994632610985,8,False
C:\Users\Hamada.MSI\Desktop\Hamada\lab\data\raw\images\Describable Textures Dataset\images\striped\striped_0125.jpg,0.33883157931504765,8,False
C:\Users\Hamada.MSI\Desktop\Hamada\lab\data\raw\images\Describable Textures Dataset\images\frilly\frilly_0070.jpg,0.3389690361729631,8,False
C:\Users\Hamada.MSI\Desktop\Hamada\lab\data\raw\images\Describable Textures Dataset\images\woven\woven_0046.jpg,0.3389936668134329,8,False
C:\Users\Hamada.MSI\Desktop\Hamada\lab\data\raw\images\Describable Textures Dataset\images\bumpy\bumpy_0118.jpg,0.3390032039220954,8,False
C:\Users\Hamada.MSI\Desktop\Hamada\lab\data\raw\images\Describable Textures Dataset\images\striped\striped_0045.jpg,0.3391793800526372,8,False
C:\Users\Hamada.MSI\Desktop\Hamada\lab\data\raw\images\Describable Textures Dataset\images\paisley\paisley_0009.jpg,0.33940330594424634,8,False
C:\Users\Hamada.MSI\Desktop\Hamada\lab\data\raw\images\Describable Textures Dataset\images\freckled\freckled_0095.jpg,0.3394684121006146,8,False
C:\Users\Hamada.MSI\Desktop\Hamada\lab\data\raw\images\Describable Textures Dataset\images\lined\lined_0148.jpg,0.33949479042710146,8,False
C:\Users\Hamada.MSI\Desktop\Hamada\lab\data\raw\images\Describable Textures Dataset\images\interlaced\interlaced_0195.jpg,0.3397683541238832,8,False
C:\Users\Hamada.MSI\Desktop\Hamada\lab\data\raw\images\Describable Textures Dataset\images\potholed\potholed_0063.jpg,0.3397708430578902,8,False
C:\Users\Hamada.MSI\Desktop\Hamada\lab\data\raw\images\Describable Textures Dataset\images\veined\veined_0176.jpg,0.3399023328040058,8,False
C:\Users\Hamada.MSI\Desktop\Hamada\lab\data\raw\images\Describable Textures Dataset\images\gauzy\gauzy_0199.jpg,0.339968856982024,8,False
C:\Users\Hamada.MSI\Desktop\Hamada\lab\data\raw\images\Describable Textures Dataset\images\honeycombed\honeycombed_0065.jpg,0.3402869863661337,8,False
C:\Users\Hamada.MSI\Desktop\Hamada\lab\data\raw\images\Describable Textures Dataset\images\stratified\stratified_0126.jpg,0.3404184323366899,8,False
C:\Users\Hamada.MSI\Desktop\Hamada\lab\data\raw\images\Describable Textures Dataset\images\pitted\pitted_0107.jpg,0.34047746913646065,8,False
C:\Users\Hamada.MSI\Desktop\Hamada\lab\data\raw\images\Describable Textures Dataset\images\banded\banded_0039.jpg,0.34056320355479647,8,False
C:\Users\Hamada.MSI\Desktop\Hamada\lab\data\raw\images\Describable Textures Dataset\images\sprinkled\sprinkled_0037.jpg,0.34061460018956574,8,False
C:\Users\Hamada.MSI\Desktop\Hamada\lab\data\raw\images\Describable Textures Dataset\images\crosshatched\crosshatched_0085.jpg,0.3406405320993371,8,False
C:\Users\Hamada.MSI\Desktop\Hamada\lab\data\raw\images\Describable Textures Dataset\images\blotchy\blotchy_0131.jpg,0.34072912595402166,8,False
C:\Users\Hamada.MSI\Desktop\Hamada\lab\data\raw\images\Describable Textures Dataset\images\woven\woven_0013.jpg,0.34096012055802316,8,False
C:\Users\Hamada.MSI\Desktop\Hamada\lab\data\raw\images\Describable Textures Dataset\images\banded\banded_0103.jpg,0.34134260328066346,8,False
C:\Users\Hamada.MSI\Desktop\Hamada\lab\data\raw\images\Describable Textures Dataset\images\gauzy\gauzy_0156.jpg,0.3413678589896591,8,False
C:\Users\Hamada.MSI\Desktop\Hamada\lab\data\raw\images\Describable Textures Dataset\images\perforated\perforated_0111.jpg,0.34137195603215764,8,False
C:\Users\Hamada.MSI\Desktop\Hamada\lab\data\raw\images\Describable Textures Dataset\images\interlaced\interlaced_0187.jpg,0.3414587969557393,8,False
C:\Users\Hamada.MSI\Desktop\Hamada\lab\data\raw\images\Describable Textures Dataset\images\waffled\waffled_0075.jpg,0.34155703543456717,8,False
C:\Users\Hamada.MSI\Desktop\Hamada\lab\data\raw\images\Describable Textures Dataset\images\pitted\pitted_0156.jpg,0.3419498377899608,8,False
C:\Users\Hamada.MSI\Desktop\Hamada\lab\data\raw\images\Describable Textures Dataset\images\pitted\pitted_0070.jpg,0.34198388066006674,8,False
C:\Users\Hamada.MSI\Desktop\Hamada\lab\data\raw\images\McGill Calibrated Color Image Database\Textures\Textures\pippin_RS_YachtClub047.tif,0.34209411632691994,8,False
C:\Users\Hamada.MSI\Desktop\Hamada\lab\data\raw\images\Describable Textures Dataset\images\matted\matted_0146.jpg,0.3422340746805151,8,False
C:\Users\Hamada.MSI\Desktop\Hamada\lab\data\raw\images\Describable Textures Dataset\images\lined\lined_0135.jpg,0.3422633589220101,8,False
C:\Users\Hamada.MSI\Desktop\Hamada\lab\data\raw\images\Describable Textures Dataset\images\wrinkled\wrinkled_0122.jpg,0.3422922247295138,8,False
C:\Users\Hamada.MSI\Desktop\Hamada\lab\data\raw\images\Describable Textures Dataset\images\freckled\freckled_0109.jpg,0.3424163610874816,8,False
C:\Users\Hamada.MSI\Desktop\Hamada\lab\data\raw\images\Describable Textures Dataset\images\striped\striped_0082.jpg,0.34247093000810336,8,False
C:\Users\Hamada.MSI\Desktop\Hamada\lab\data\raw\images\Describable Textures Dataset\images\freckled\freckled_0086.jpg,0.3424873595516461,8,False
C:\Users\Hamada.MSI\Desktop\Hamada\lab\data\raw\images\Describable Textures Dataset\images\chequered\chequered_0188.jpg,0.34250431716048035,8,False
C:\Users\Hamada.MSI\Desktop\Hamada\lab\data\raw\images\Describable Textures Dataset\images\stained\stained_0104.jpg,0.34267648071611795,8,False
C:\Users\Hamada.MSI\Desktop\Hamada\lab\data\raw\images\Describable Textures Dataset\images\blotchy\blotchy_0009.jpg,0.3428137915469995,8,False
C:\Users\Hamada.MSI\Desktop\Hamada\lab\data\raw\images\Describable Textures Dataset\images\lacelike\lacelike_0066.jpg,0.34304616152813383,8,False
C:\Users\Hamada.MSI\Desktop\Hamada\lab\data\raw\images\Describable Textures Dataset\images\spiralled\spiralled_0031.jpg,0.34315167077653064,8,False
C:\Users\Hamada.MSI\Desktop\Hamada\lab\data\raw\images\Describable Textures Dataset\images\veined\veined_0170.jpg,0.34319951999983267,8,False
C:\Users\Hamada.MSI\Desktop\Hamada\lab\data\raw\images\Describable Textures Dataset\images\woven\woven_0017.jpg,0.34335570647639957,8,False
C:\Users\Hamada.MSI\Desktop\Hamada\lab\data\raw\images\Describable Textures Dataset\images\cracked\cracked_0061.jpg,0.34339233077692227,8,False
C:\Users\Hamada.MSI\Desktop\Hamada\lab\data\raw\images\Describable Textures Dataset\images\polka-dotted\polka-dotted_0168.jpg,0.34352760508781105,8,False
C:\Users\Hamada.MSI\Desktop\Hamada\lab\data\raw\images\Describable Textures Dataset\images\perforated\perforated_0004.jpg,0.34353430304481647,8,False
C:\Users\Hamada.MSI\Desktop\Hamada\lab\data\raw\images\Describable Textures Dataset\images\zigzagged\zigzagged_0070.jpg,0.3435430028583915,8,False
C:\Users\Hamada.MSI\Desktop\Hamada\lab\data\raw\images\Describable Textures Dataset\images\grid\grid_0083.jpg,0.34365185346035226,8,False
C:\Users\Hamada.MSI\Desktop\Hamada\lab\data\raw\images\Describable Textures Dataset\images\pleated\pleated_0126.jpg,0.3436645361495094,8,False
C:\Users\Hamada.MSI\Desktop\Hamada\lab\data\raw\images\Describable Textures Dataset\images\polka-dotted\polka-dotted_0105.jpg,0.34371623425197084,8,False
C:\Users\Hamada.MSI\Desktop\Hamada\lab\data\raw\images\Describable Textures Dataset\images\swirly\swirly_0060.jpg,0.3438093207154714,8,False
C:\Users\Hamada.MSI\Desktop\Hamada\lab\data\raw\images\Describable Textures Dataset\images\dotted\dotted_0153.jpg,0.34408020494419983,8,False
C:\Users\Hamada.MSI\Desktop\Hamada\lab\data\raw\images\Describable Textures Dataset\images\crosshatched\crosshatched_0131.jpg,0.3441466627543187,8,False
C:\Users\Hamada.MSI\Desktop\Hamada\lab\data\raw\images\Describable Textures Dataset\images\pleated\pleated_0096.jpg,0.34420033510565806,8,False
C:\Users\Hamada.MSI\Desktop\Hamada\lab\data\raw\images\Describable Textures Dataset\images\dotted\dotted_0138.jpg,0.34430621121031335,8,False
C:\Users\Hamada.MSI\Desktop\Hamada\lab\data\raw\images\Describable Textures Dataset\images\bubbly\bubbly_0077.jpg,0.3443954874508015,8,False
C:\Users\Hamada.MSI\Desktop\Hamada\lab\data\raw\images\Describable Textures Dataset\images\sprinkled\sprinkled_0017.jpg,0.3444187448119206,8,False
C:\Users\Hamada.MSI\Desktop\Hamada\lab\data\raw\images\Describable Textures Dataset\images\polka-dotted\polka-dotted_0120.jpg,0.34448247110427577,8,False
C:\Users\Hamada.MSI\Desktop\Hamada\lab\data\raw\images\Describable Textures Dataset\images\matted\matted_0102.jpg,0.3446284571673688,8,False
C:\Users\Hamada.MSI\Desktop\Hamada\lab\data\raw\images\Describable Textures Dataset\images\honeycombed\honeycombed_0158.jpg,0.34477945596061693,8,False
C:\Users\Hamada.MSI\Desktop\Hamada\lab\data\raw\images\Describable Textures Dataset\images\crosshatched\crosshatched_0116.jpg,0.344795859123692,8,False
C:\Users\Hamada.MSI\Desktop\Hamada\lab\data\raw\images\Describable Textures Dataset\images\matted\matted_0083.jpg,0.34496250235575016,8,False
C:\Users\Hamada.MSI\Desktop\Hamada\lab\data\raw\images\Describable Textures Dataset\images\honeycombed\honeycombed_0142.jpg,0.34496524697254755,8,False
C:\Users\Hamada.MSI\Desktop\Hamada\lab\data\raw\images\McGill Calibrated Color Image Database\Textures\Textures\pippin_RVHtexture018.tif,0.34506355896558705,8,False
C:\Users\Hamada.MSI\Desktop\Hamada\lab\data\raw\images\Describable Textures Dataset\images\braided\braided_0184.jpg,0.34508413109696107,8,False
C:\Users\Hamada.MSI\Desktop\Hamada\lab\data\raw\images\Describable Textures Dataset\images\potholed\potholed_0114.jpg,0.345231143512101,8,False
C:\Users\Hamada.MSI\Desktop\Hamada\lab\data\raw\images\Describable Textures Dataset\images\fibrous\fibrous_0191.jpg,0.3453080755240436,8,False
C:\Users\Hamada.MSI\Desktop\Hamada\lab\data\raw\images\Describable Textures Dataset\images\crystalline\crystalline_0130.jpg,0.34533741442770866,8,False
C:\Users\Hamada.MSI\Desktop\Hamada\lab\data\raw\images\Describable Textures Dataset\images\wrinkled\wrinkled_0134.jpg,0.3453401543411404,8,False
C:\Users\Hamada.MSI\Desktop\Hamada\lab\data\raw\images\Describable Textures Dataset\images\stratified\stratified_0112.jpg,0.3453679834834603,8,False
C:\Users\Hamada.MSI\Desktop\Hamada\lab\data\raw\images\Describable Textures Dataset\images\frilly\frilly_0095.jpg,0.34539596954069424,8,False
C:\Users\Hamada.MSI\Desktop\Hamada\lab\data\raw\images\Describable Textures Dataset\images\porous\porous_0165.jpg,0.3454979775996986,8,False
C:\Users\Hamada.MSI\Desktop\Hamada\lab\data\raw\images\Describable Textures Dataset\images\pitted\pitted_0074.jpg,0.3455073716124439,8,False
C:\Users\Hamada.MSI\Desktop\Hamada\lab\data\raw\images\Describable Textures Dataset\images\freckled\freckled_0115.jpg,0.3456503689947663,8,False
C:\Users\Hamada.MSI\Desktop\Hamada\lab\data\raw\images\Describable Textures Dataset\images\sprinkled\sprinkled_0135.jpg,0.3456505944724724,8,False
C:\Users\Hamada.MSI\Desktop\Hamada\lab\data\raw\images\Describable Textures Dataset\images\cracked\cracked_0079.jpg,0.34602914394964557,8,False
C:\Users\Hamada.MSI\Desktop\Hamada\lab\data\raw\images\Describable Textures Dataset\images\grooved\grooved_0134.jpg,0.3463146679102698,8,False
C:\Users\Hamada.MSI\Desktop\Hamada\lab\data\raw\images\Describable Textures Dataset\images\crosshatched\crosshatched_0069.jpg,0.34640641584905174,8,False
C:\Users\Hamada.MSI\Desktop\Hamada\lab\data\raw\images\Describable Textures Dataset\images\blotchy\blotchy_0099.jpg,0.34642599252192297,8,False
C:\Users\Hamada.MSI\Desktop\Hamada\lab\data\raw\images\Describable Textures Dataset\images\frilly\frilly_0015.jpg,0.34674695969291,8,False
C:\Users\Hamada.MSI\Desktop\Hamada\lab\data\raw\images\Describable Textures Dataset\images\stained\stained_0094.jpg,0.34697893793899165,8,False
C:\Users\Hamada.MSI\Desktop\Hamada\lab\data\raw\images\Describable Textures Dataset\images\wrinkled\wrinkled_0036.jpg,0.3470528890645424,8,False
C:\Users\Hamada.MSI\Desktop\Hamada\lab\data\raw\images\Describable Textures Dataset\images\knitted\knitted_0186.jpg,0.3470579807239171,8,False
C:\Users\Hamada.MSI\Desktop\Hamada\lab\data\raw\images\Describable Textures Dataset\images\stained\stained_0129.jpg,0.3472303550814091,8,False
C:\Users\Hamada.MSI\Desktop\Hamada\lab\data\raw\images\Describable Textures Dataset\images\zigzagged\zigzagged_0014.jpg,0.3472748655420748,8,False
C:\Users\Hamada.MSI\Desktop\Hamada\lab\data\raw\images\Describable Textures Dataset\images\lined\lined_0176.jpg,0.34735788264352724,8,False
C:\Users\Hamada.MSI\Desktop\Hamada\lab\data\raw\images\Describable Textures Dataset\images\veined\veined_0165.jpg,0.3475919396602925,8,False
C:\Users\Hamada.MSI\Desktop\Hamada\lab\data\raw\images\Describable Textures Dataset\images\woven\woven_0058.jpg,0.34767862686271456,8,False
C:\Users\Hamada.MSI\Desktop\Hamada\lab\data\raw\images\Describable Textures Dataset\images\pitted\pitted_0138.jpg,0.3477355668774023,8,False
C:\Users\Hamada.MSI\Desktop\Hamada\lab\data\raw\images\Describable Textures Dataset\images\stained\stained_0046.jpg,0.347780162019007,8,False
C:\Users\Hamada.MSI\Desktop\Hamada\lab\data\raw\images\Describable Textures Dataset\images\polka-dotted\polka-dotted_0222.jpg,0.3478118843663472,8,False
C:\Users\Hamada.MSI\Desktop\Hamada\lab\data\raw\images\Describable Textures Dataset\images\marbled\marbled_0091.jpg,0.3480210597247861,8,False
C:\Users\Hamada.MSI\Desktop\Hamada\lab\data\raw\images\Describable Textures Dataset\images\spiralled\spiralled_0107.jpg,0.3482977472332577,8,False
C:\Users\Hamada.MSI\Desktop\Hamada\lab\data\raw\images\Describable Textures Dataset\images\chequered\chequered_0181.jpg,0.3483866510026084,8,False
C:\Users\Hamada.MSI\Desktop\Hamada\lab\data\raw\images\Describable Textures Dataset\images\stained\stained_0070.jpg,0.3484192255351212,8,False
C:\Users\Hamada.MSI\Desktop\Hamada\lab\data\raw\images\Describable Textures Dataset\images\fibrous\fibrous_0089.jpg,0.348520113927122,8,False
C:\Users\Hamada.MSI\Desktop\Hamada\lab\data\raw\images\Describable Textures Dataset\images\veined\veined_0115.jpg,0.3485619686223598,8,False
C:\Users\Hamada.MSI\Desktop\Hamada\lab\data\raw\images\Describable Textures Dataset\images\striped\striped_0061.jpg,0.34867354759545754,8,False
C:\Users\Hamada.MSI\Desktop\Hamada\lab\data\raw\images\Describable Textures Dataset\images\lacelike\lacelike_0035.jpg,0.3489383246906848,8,False
C:\Users\Hamada.MSI\Desktop\Hamada\lab\data\raw\images\Describable Textures Dataset\images\chequered\chequered_0131.jpg,0.3490049340218534,8,False
C:\Users\Hamada.MSI\Desktop\Hamada\lab\data\raw\images\Describable Textures Dataset\images\meshed\meshed_0150.jpg,0.3490552437478922,8,False
C:\Users\Hamada.MSI\Desktop\Hamada\lab\data\raw\images\Describable Textures Dataset\images\potholed\potholed_0086.jpg,0.3492493633114281,8,False
C:\Users\Hamada.MSI\Desktop\Hamada\lab\data\raw\images\Describable Textures Dataset\images\wrinkled\wrinkled_0058.jpg,0.3493178370789265,8,False
C:\Users\Hamada.MSI\Desktop\Hamada\lab\data\raw\images\Describable Textures Dataset\images\freckled\freckled_0137.jpg,0.3497146964033285,8,False
C:\Users\Hamada.MSI\Desktop\Hamada\lab\data\raw\images\Describable Textures Dataset\images\wrinkled\wrinkled_0023.jpg,0.3498472518973801,8,False
C:\Users\Hamada.MSI\Desktop\Hamada\lab\data\raw\images\Describable Textures Dataset\images\stratified\stratified_0073.jpg,0.34996402149173284,8,False
C:\Users\Hamada.MSI\Desktop\Hamada\lab\data\raw\images\Describable Textures Dataset\images\wrinkled\wrinkled_0037.jpg,0.3500017802652837,8,False
C:\Users\Hamada.MSI\Desktop\Hamada\lab\data\raw\images\Describable Textures Dataset\images\bubbly\bubbly_0167.jpg,0.3500026563836493,8,False
C:\Users\Hamada.MSI\Desktop\Hamada\lab\data\raw\images\Describable Textures Dataset\images\knitted\knitted_0161.jpg,0.35011821160991585,8,False
C:\Users\Hamada.MSI\Desktop\Hamada\lab\data\raw\images\Describable Textures Dataset\images\lacelike\lacelike_0046.jpg,0.3501215725081028,8,False
C:\Users\Hamada.MSI\Desktop\Hamada\lab\data\raw\images\Describable Textures Dataset\images\crystalline\crystalline_0110.jpg,0.3501712716902434,8,False
C:\Users\Hamada.MSI\Desktop\Hamada\lab\data\raw\images\Describable Textures Dataset\images\meshed\meshed_0142.jpg,0.35022597400427136,8,False
C:\Users\Hamada.MSI\Desktop\Hamada\lab\data\raw\images\Describable Textures Dataset\images\cracked\cracked_0134.jpg,0.35025135186063966,8,False
C:\Users\Hamada.MSI\Desktop\Hamada\lab\data\raw\images\Describable Textures Dataset\images\frilly\frilly_0117.jpg,0.35026769042644973,8,False
C:\Users\Hamada.MSI\Desktop\Hamada\lab\data\raw\images\Describable Textures Dataset\images\scaly\scaly_0198.jpg,0.35031810112425193,8,False
C:\Users\Hamada.MSI\Desktop\Hamada\lab\data\raw\images\Describable Textures Dataset\images\braided\braided_0197.jpg,0.3503649766549828,8,False
C:\Users\Hamada.MSI\Desktop\Hamada\lab\data\raw\images\Describable Textures Dataset\images\meshed\meshed_0126.jpg,0.35047795836316376,8,False
C:\Users\Hamada.MSI\Desktop\Hamada\lab\data\raw\images\Describable Textures Dataset\images\interlaced\interlaced_0067.jpg,0.3505735145424231,8,False
C:\Users\Hamada.MSI\Desktop\Hamada\lab\data\raw\images\Describable Textures Dataset\images\veined\veined_0081.jpg,0.35059416758965595,8,False
C:\Users\Hamada.MSI\Desktop\Hamada\lab\data\raw\images\Describable Textures Dataset\images\grooved\grooved_0106.jpg,0.3506217234397342,8,False
C:\Users\Hamada.MSI\Desktop\Hamada\lab\data\raw\images\Describable Textures Dataset\images\grooved\grooved_0158.jpg,0.3509537423256208,8,False
C:\Users\Hamada.MSI\Desktop\Hamada\lab\data\raw\images\Describable Textures Dataset\images\banded\banded_0042.jpg,0.3509607737221397,8,False
C:\Users\Hamada.MSI\Desktop\Hamada\lab\data\raw\images\Describable Textures Dataset\images\veined\veined_0182.jpg,0.3513630331687031,8,False
C:\Users\Hamada.MSI\Desktop\Hamada\lab\data\raw\images\Describable Textures Dataset\images\striped\striped_0058.jpg,0.3514372027852222,8,False
C:\Users\Hamada.MSI\Desktop\Hamada\lab\data\raw\images\Describable Textures Dataset\images\sprinkled\sprinkled_0074.jpg,0.3515264986997038,8,False
C:\Users\Hamada.MSI\Desktop\Hamada\lab\data\raw\images\Describable Textures Dataset\images\swirly\swirly_0137.jpg,0.3515747582606245,8,False
C:\Users\Hamada.MSI\Desktop\Hamada\lab\data\raw\images\Describable Textures Dataset\images\sprinkled\sprinkled_0077.jpg,0.35162410217568574,8,False
C:\Users\Hamada.MSI\Desktop\Hamada\lab\data\raw\images\Describable Textures Dataset\images\porous\porous_0055.jpg,0.3517420407352209,8,False
C:\Users\Hamada.MSI\Desktop\Hamada\lab\data\raw\images\Describable Textures Dataset\images\dotted\dotted_0074.jpg,0.3522261725131496,8,False
C:\Users\Hamada.MSI\Desktop\Hamada\lab\data\raw\images\Describable Textures Dataset\images\grooved\grooved_0090.jpg,0.352340457014648,8,False
C:\Users\Hamada.MSI\Desktop\Hamada\lab\data\raw\images\Describable Textures Dataset\images\cracked\cracked_0107.jpg,0.3528366142984074,8,False
C:\Users\Hamada.MSI\Desktop\Hamada\lab\data\raw\images\Describable Textures Dataset\images\frilly\frilly_0006.jpg,0.35285378629104563,8,False
C:\Users\Hamada.MSI\Desktop\Hamada\lab\data\raw\images\Describable Textures Dataset\images\frilly\frilly_0111.jpg,0.3531163059515923,8,False
C:\Users\Hamada.MSI\Desktop\Hamada\lab\data\raw\images\Describable Textures Dataset\images\pleated\pleated_0053.jpg,0.3532434432747954,8,False
C:\Users\Hamada.MSI\Desktop\Hamada\lab\data\raw\images\Describable Textures Dataset\images\fibrous\fibrous_0116.jpg,0.353290197735,8,False
C:\Users\Hamada.MSI\Desktop\Hamada\lab\data\raw\images\Describable Textures Dataset\images\lined\lined_0108.jpg,0.3532905759130182,8,False
C:\Users\Hamada.MSI\Desktop\Hamada\lab\data\raw\images\Describable Textures Dataset\images\porous\porous_0081.jpg,0.35333725980229147,8,False
C:\Users\Hamada.MSI\Desktop\Hamada\lab\data\raw\images\Describable Textures Dataset\images\frilly\frilly_0048.jpg,0.3533817476133,8,False
C:\Users\Hamada.MSI\Desktop\Hamada\lab\data\raw\images\Describable Textures Dataset\images\lacelike\lacelike_0037.jpg,0.3533821319404082,8,False
C:\Users\Hamada.MSI\Desktop\Hamada\lab\data\raw\images\Describable Textures Dataset\images\fibrous\fibrous_0176.jpg,0.35357599494949593,8,False
C:\Users\Hamada.MSI\Desktop\Hamada\lab\data\raw\images\Describable Textures Dataset\images\paisley\paisley_0048.jpg,0.3536032965475135,8,False
C:\Users\Hamada.MSI\Desktop\Hamada\lab\data\raw\images\Describable Textures Dataset\images\marbled\marbled_0094.jpg,0.35361034418130816,8,False
C:\Users\Hamada.MSI\Desktop\Hamada\lab\data\raw\images\Describable Textures Dataset\images\porous\porous_0130.jpg,0.3536391321795088,8,False
C:\Users\Hamada.MSI\Desktop\Hamada\lab\data\raw\images\Describable Textures Dataset\images\waffled\waffled_0200.jpg,0.3540247034832899,8,False
C:\Users\Hamada.MSI\Desktop\Hamada\lab\data\raw\images\Describable Textures Dataset\images\lined\lined_0057.jpg,0.3541023664405658,8,False
C:\Users\Hamada.MSI\Desktop\Hamada\lab\data\raw\images\Describable Textures Dataset\images\cracked\cracked_0078.jpg,0.35434248370949045,8,False
C:\Users\Hamada.MSI\Desktop\Hamada\lab\data\raw\images\Describable Textures Dataset\images\flecked\flecked_0058.jpg,0.3543818008203323,8,False
C:\Users\Hamada.MSI\Desktop\Hamada\lab\data\raw\images\Describable Textures Dataset\images\honeycombed\honeycombed_0050.jpg,0.3545048885136522,8,False
C:\Users\Hamada.MSI\Desktop\Hamada\lab\data\raw\images\Describable Textures Dataset\images\stratified\stratified_0087.jpg,0.3546748406199086,8,False
C:\Users\Hamada.MSI\Desktop\Hamada\lab\data\raw\images\Describable Textures Dataset\images\gauzy\gauzy_0120.jpg,0.35478244210650717,8,False
C:\Users\Hamada.MSI\Desktop\Hamada\lab\data\raw\images\Describable Textures Dataset\images\stratified\stratified_0086.jpg,0.3548979261040859,8,False
C:\Users\Hamada.MSI\Desktop\Hamada\lab\data\raw\images\Describable Textures Dataset\images\striped\striped_0040.jpg,0.35493970777477307,8,False
C:\Users\Hamada.MSI\Desktop\Hamada\lab\data\raw\images\Describable Textures Dataset\images\dotted\dotted_0114.jpg,0.3549729276331507,8,False
C:\Users\Hamada.MSI\Desktop\Hamada\lab\data\raw\images\Describable Textures Dataset\images\potholed\potholed_0152.jpg,0.3551167044570905,8,False
C:\Users\Hamada.MSI\Desktop\Hamada\lab\data\raw\images\Describable Textures Dataset\images\honeycombed\honeycombed_0129.jpg,0.35534060346545127,8,False
C:\Users\Hamada.MSI\Desktop\Hamada\lab\data\raw\images\Describable Textures Dataset\images\wrinkled\wrinkled_0141.jpg,0.3553412991890139,8,False
C:\Users\Hamada.MSI\Desktop\Hamada\lab\data\raw\images\Describable Textures Dataset\images\porous\porous_0142.jpg,0.355732242666322,8,False
C:\Users\Hamada.MSI\Desktop\Hamada\lab\data\raw\images\Describable Textures Dataset\images\swirly\swirly_0059.jpg,0.35579687167634344,8,False
C:\Users\Hamada.MSI\Desktop\Hamada\lab\data\raw\images\McGill Calibrated Color Image Database\Textures\Textures\pippin_RS_YachtClub007.tif,0.3558654565397487,8,False
C:\Users\Hamada.MSI\Desktop\Hamada\lab\data\raw\images\Describable Textures Dataset\images\stratified\stratified_0162.jpg,0.35589135510293374,8,False
C:\Users\Hamada.MSI\Desktop\Hamada\lab\data\raw\images\Describable Textures Dataset\images\smeared\smeared_0060.jpg,0.355901948174876,8,False
C:\Users\Hamada.MSI\Desktop\Hamada\lab\data\raw\images\Describable Textures Dataset\images\lined\lined_0152.jpg,0.3559651123027057,8,False
C:\Users\Hamada.MSI\Desktop\Hamada\lab\data\raw\images\Describable Textures Dataset\images\perforated\perforated_0085.jpg,0.35626387733756193,8,False
C:\Users\Hamada.MSI\Desktop\Hamada\lab\data\raw\images\Describable Textures Dataset\images\gauzy\gauzy_0193.jpg,0.3564346806982623,8,False
C:\Users\Hamada.MSI\Desktop\Hamada\lab\data\raw\images\Describable Textures Dataset\images\polka-dotted\polka-dotted_0104.jpg,0.35651898485980266,8,False
C:\Users\Hamada.MSI\Desktop\Hamada\lab\data\raw\images\Describable Textures Dataset\images\gauzy\gauzy_0142.jpg,0.3567269103356285,8,False
C:\Users\Hamada.MSI\Desktop\Hamada\lab\data\raw\images\Describable Textures Dataset\images\frilly\frilly_0064.jpg,0.3567718243725988,8,False
C:\Users\Hamada.MSI\Desktop\Hamada\lab\data\raw\images\Describable Textures Dataset\images\braided\braided_0069.jpg,0.35684355358151787,8,False
C:\Users\Hamada.MSI\Desktop\Hamada\lab\data\raw\images\Describable Textures Dataset\images\freckled\freckled_0009.jpg,0.35688670342473644,8,False
C:\Users\Hamada.MSI\Desktop\Hamada\lab\data\raw\images\Describable Textures Dataset\images\knitted\knitted_0109.jpg,0.35704187004472393,8,False
C:\Users\Hamada.MSI\Desktop\Hamada\lab\data\raw\images\McGill Calibrated Color Image Database\Textures\Textures\pippin_Peel109.tif,0.35710098147658614,8,False
C:\Users\Hamada.MSI\Desktop\Hamada\lab\data\raw\images\Describable Textures Dataset\images\paisley\paisley_0052.jpg,0.35725782023997915,8,False
C:\Users\Hamada.MSI\Desktop\Hamada\lab\data\raw\images\Describable Textures Dataset\images\grooved\grooved_0110.jpg,0.35726387427514295,8,False
C:\Users\Hamada.MSI\Desktop\Hamada\lab\data\raw\images\Describable Textures Dataset\images\fibrous\fibrous_0167.jpg,0.35741995120351894,8,False
C:\Users\Hamada.MSI\Desktop\Hamada\lab\data\raw\images\Describable Textures Dataset\images\sprinkled\sprinkled_0069.jpg,0.3579478593976426,8,False
C:\Users\Hamada.MSI\Desktop\Hamada\lab\data\raw\images\Describable Textures Dataset\images\banded\banded_0145.jpg,0.35799094675597737,8,False
C:\Users\Hamada.MSI\Desktop\Hamada\lab\data\raw\images\Describable Textures Dataset\images\bubbly\bubbly_0132.jpg,0.3582652731811915,8,False
C:\Users\Hamada.MSI\Desktop\Hamada\lab\data\raw\images\Describable Textures Dataset\images\crystalline\crystalline_0168.jpg,0.35827494479138794,8,False
C:\Users\Hamada.MSI\Desktop\Hamada\lab\data\raw\images\Describable Textures Dataset\images\chequered\chequered_0111.jpg,0.3583550009898033,8,False
C:\Users\Hamada.MSI\Desktop\Hamada\lab\data\raw\images\Describable Textures Dataset\images\scaly\scaly_0145.jpg,0.3585307070799648,8,False
C:\Users\Hamada.MSI\Desktop\Hamada\lab\data\raw\images\Describable Textures Dataset\images\cobwebbed\cobwebbed_0048.jpg,0.35898006775542246,8,False
C:\Users\Hamada.MSI\Desktop\Hamada\lab\data\raw\images\Describable Textures Dataset\images\blotchy\blotchy_0015.jpg,0.3592770919925545,8,False
C:\Users\Hamada.MSI\Desktop\Hamada\lab\data\raw\images\Describable Textures Dataset\images\honeycombed\honeycombed_0044.jpg,0.3594028650034889,8,False
C:\Users\Hamada.MSI\Desktop\Hamada\lab\data\raw\images\Describable Textures Dataset\images\blotchy\blotchy_0085.jpg,0.3594497767118151,8,False
C:\Users\Hamada.MSI\Desktop\Hamada\lab\data\raw\images\McGill Calibrated Color Image Database\Textures\Textures\pippin_RVHtexture017.tif,0.3594674957143996,8,False
C:\Users\Hamada.MSI\Desktop\Hamada\lab\data\raw\images\Describable Textures Dataset\images\crystalline\crystalline_0182.jpg,0.3595617450853969,8,False
C:\Users\Hamada.MSI\Desktop\Hamada\lab\data\raw\images\Describable Textures Dataset\images\chequered\chequered_0101.jpg,0.3596087945565216,8,False
C:\Users\Hamada.MSI\Desktop\Hamada\lab\data\raw\images\Describable Textures Dataset\images\wrinkled\wrinkled_0139.jpg,0.35963092049835366,8,False
C:\Users\Hamada.MSI\Desktop\Hamada\lab\data\raw\images\Describable Textures Dataset\images\honeycombed\honeycombed_0073.jpg,0.3598569006479922,8,False
C:\Users\Hamada.MSI\Desktop\Hamada\lab\data\raw\images\Describable Textures Dataset\images\fibrous\fibrous_0144.jpg,0.3600909787601887,8,False
C:\Users\Hamada.MSI\Desktop\Hamada\lab\data\raw\images\Describable Textures Dataset\images\woven\woven_0032.jpg,0.36062664919871357,8,False
C:\Users\Hamada.MSI\Desktop\Hamada\lab\data\raw\images\Describable Textures Dataset\images\lacelike\lacelike_0107.jpg,0.36063164508876966,8,False
C:\Users\Hamada.MSI\Desktop\Hamada\lab\data\raw\images\Describable Textures Dataset\images\gauzy\gauzy_0183.jpg,0.36065256027200315,8,False
C:\Users\Hamada.MSI\Desktop\Hamada\lab\data\raw\images\Describable Textures Dataset\images\chequered\chequered_0187.jpg,0.36066172417996495,8,False
C:\Users\Hamada.MSI\Desktop\Hamada\lab\data\raw\images\Describable Textures Dataset\images\wrinkled\wrinkled_0024.jpg,0.36076423263916707,8,False
C:\Users\Hamada.MSI\Desktop\Hamada\lab\data\raw\images\Describable Textures Dataset\images\stained\stained_0052.jpg,0.3608015741168426,8,False
C:\Users\Hamada.MSI\Desktop\Hamada\lab\data\raw\images\Describable Textures Dataset\images\interlaced\interlaced_0196.jpg,0.36081091160830253,8,False
C:\Users\Hamada.MSI\Desktop\Hamada\lab\data\raw\images\Describable Textures Dataset\images\braided\braided_0186.jpg,0.3610591320528542,8,False
C:\Users\Hamada.MSI\Desktop\Hamada\lab\data\raw\images\Describable Textures Dataset\images\flecked\flecked_0041.jpg,0.36129469864032104,8,False
C:\Users\Hamada.MSI\Desktop\Hamada\lab\data\raw\images\Describable Textures Dataset\images\sprinkled\sprinkled_0131.jpg,0.3612974443180901,8,False
C:\Users\Hamada.MSI\Desktop\Hamada\lab\data\raw\images\Describable Textures Dataset\images\swirly\swirly_0086.jpg,0.361680273977193,8,False
C:\Users\Hamada.MSI\Desktop\Hamada\lab\data\raw\images\Describable Textures Dataset\images\lacelike\lacelike_0033.jpg,0.36172562992949137,8,False
C:\Users\Hamada.MSI\Desktop\Hamada\lab\data\raw\images\Describable Textures Dataset\images\marbled\marbled_0174.jpg,0.36185364454636476,8,False
C:\Users\Hamada.MSI\Desktop\Hamada\lab\data\raw\images\Describable Textures Dataset\images\zigzagged\zigzagged_0042.jpg,0.3619898290748126,8,False
C:\Users\Hamada.MSI\Desktop\Hamada\lab\data\raw\images\Describable Textures Dataset\images\crosshatched\crosshatched_0135.jpg,0.36208620533103403,8,False
C:\Users\Hamada.MSI\Desktop\Hamada\lab\data\raw\images\Describable Textures Dataset\images\sprinkled\sprinkled_0059.jpg,0.3622807949673349,8,False
C:\Users\Hamada.MSI\Desktop\Hamada\lab\data\raw\images\Describable Textures Dataset\images\knitted\knitted_0149.jpg,0.3623114884521961,8,False
C:\Users\Hamada.MSI\Desktop\Hamada\lab\data\raw\images\Describable Textures Dataset\images\bumpy\bumpy_0191.jpg,0.3623275648557087,8,False
C:\Users\Hamada.MSI\Desktop\Hamada\lab\data\raw\images\Describable Textures Dataset\images\marbled\marbled_0161.jpg,0.36232758941990395,8,False
C:\Users\Hamada.MSI\Desktop\Hamada\lab\data\raw\images\Describable Textures Dataset\images\fibrous\fibrous_0159.jpg,0.3627425669759495,8,False
C:\Users\Hamada.MSI\Desktop\Hamada\lab\data\raw\images\Describable Textures Dataset\images\interlaced\interlaced_0182.jpg,0.36281890286265817,8,False
C:\Users\Hamada.MSI\Desktop\Hamada\lab\data\raw\images\Describable Textures Dataset\images\fibrous\fibrous_0141.jpg,0.3628612323850247,8,False
C:\Users\Hamada.MSI\Desktop\Hamada\lab\data\raw\images\Describable Textures Dataset\images\sprinkled\sprinkled_0036.jpg,0.3629117210034806,8,False
C:\Users\Hamada.MSI\Desktop\Hamada\lab\data\raw\images\Describable Textures Dataset\images\grooved\grooved_0059.jpg,0.3629863247011712,8,False
C:\Users\Hamada.MSI\Desktop\Hamada\lab\data\raw\images\Describable Textures Dataset\images\polka-dotted\polka-dotted_0179.jpg,0.36312608791356354,8,False
C:\Users\Hamada.MSI\Desktop\Hamada\lab\data\raw\images\Describable Textures Dataset\images\cracked\cracked_0099.jpg,0.3631949004259737,8,False
C:\Users\Hamada.MSI\Desktop\Hamada\lab\data\raw\images\Describable Textures Dataset\images\pleated\pleated_0107.jpg,0.3631982816726608,8,False
C:\Users\Hamada.MSI\Desktop\Hamada\lab\data\raw\images\Describable Textures Dataset\images\lacelike\lacelike_0116.jpg,0.36321522081142665,8,False
C:\Users\Hamada.MSI\Desktop\Hamada\lab\data\raw\images\Describable Textures Dataset\images\chequered\chequered_0174.jpg,0.36328233548641764,8,False
C:\Users\Hamada.MSI\Desktop\Hamada\lab\data\raw\images\Describable Textures Dataset\images\wrinkled\wrinkled_0010.jpg,0.36362113242187655,8,False
C:\Users\Hamada.MSI\Desktop\Hamada\lab\data\raw\images\Describable Textures Dataset\images\crystalline\crystalline_0183.jpg,0.3637372508976115,8,False
C:\Users\Hamada.MSI\Desktop\Hamada\lab\data\raw\images\Describable Textures Dataset\images\banded\banded_0146.jpg,0.3639149004841086,8,False
C:\Users\Hamada.MSI\Desktop\Hamada\lab\data\raw\images\Describable Textures Dataset\images\gauzy\gauzy_0165.jpg,0.36405793994537006,8,False
C:\Users\Hamada.MSI\Desktop\Hamada\lab\data\raw\images\Describable Textures Dataset\images\perforated\perforated_0038.jpg,0.36406020387416077,8,False
C:\Users\Hamada.MSI\Desktop\Hamada\lab\data\raw\images\Describable Textures Dataset\images\cracked\cracked_0125.jpg,0.36409635270780893,8,False
C:\Users\Hamada.MSI\Desktop\Hamada\lab\data\raw\images\Describable Textures Dataset\images\meshed\meshed_0127.jpg,0.36418931002535976,8,False
C:\Users\Hamada.MSI\Desktop\Hamada\lab\data\raw\images\Describable Textures Dataset\images\crystalline\crystalline_0113.jpg,0.36448650260889087,8,False
C:\Users\Hamada.MSI\Desktop\Hamada\lab\data\raw\images\Describable Textures Dataset\images\pleated\pleated_0048.jpg,0.364510715069031,8,False
C:\Users\Hamada.MSI\Desktop\Hamada\lab\data\raw\images\Describable Textures Dataset\images\dotted\dotted_0139.jpg,0.36451601095536473,8,False
C:\Users\Hamada.MSI\Desktop\Hamada\lab\data\raw\images\Describable Textures Dataset\images\lacelike\lacelike_0076.jpg,0.36453901952907314,8,False
C:\Users\Hamada.MSI\Desktop\Hamada\lab\data\raw\images\Describable Textures Dataset\images\bumpy\bumpy_0173.jpg,0.36460651913538433,8,False
C:\Users\Hamada.MSI\Desktop\Hamada\lab\data\raw\images\Describable Textures Dataset\images\fibrous\fibrous_0212.jpg,0.36475808914424,8,False
C:\Users\Hamada.MSI\Desktop\Hamada\lab\data\raw\images\Describable Textures Dataset\images\marbled\marbled_0136.jpg,0.3647598380159087,8,False
C:\Users\Hamada.MSI\Desktop\Hamada\lab\data\raw\images\Describable Textures Dataset\images\frilly\frilly_0071.jpg,0.364978009018949,8,False
C:\Users\Hamada.MSI\Desktop\Hamada\lab\data\raw\images\Describable Textures Dataset\images\paisley\paisley_0124.jpg,0.36526021392447416,8,False
C:\Users\Hamada.MSI\Desktop\Hamada\lab\data\raw\images\Describable Textures Dataset\images\lined\lined_0041.jpg,0.3653388568782031,8,False
C:\Users\Hamada.MSI\Desktop\Hamada\lab\data\raw\images\Describable Textures Dataset\images\crosshatched\crosshatched_0111.jpg,0.3654000579165698,8,False
C:\Users\Hamada.MSI\Desktop\Hamada\lab\data\raw\images\Describable Textures Dataset\images\banded\banded_0078.jpg,0.3655031338446086,8,False
C:\Users\Hamada.MSI\Desktop\Hamada\lab\data\raw\images\Describable Textures Dataset\images\porous\porous_0170.jpg,0.36557349293747393,8,False
C:\Users\Hamada.MSI\Desktop\Hamada\lab\data\raw\images\Describable Textures Dataset\images\fibrous\fibrous_0193.jpg,0.3656167059887797,8,False
C:\Users\Hamada.MSI\Desktop\Hamada\lab\data\raw\images\Describable Textures Dataset\images\freckled\freckled_0104.jpg,0.36588063430645323,8,False
C:\Users\Hamada.MSI\Desktop\Hamada\lab\data\raw\images\Describable Textures Dataset\images\dotted\dotted_0108.jpg,0.3659098189708565,8,False
C:\Users\Hamada.MSI\Desktop\Hamada\lab\data\raw\images\Describable Textures Dataset\images\interlaced\interlaced_0123.jpg,0.3659674221715569,8,False
C:\Users\Hamada.MSI\Desktop\Hamada\lab\data\raw\images\Describable Textures Dataset\images\chequered\chequered_0207.jpg,0.365973439972396,8,False
C:\Users\Hamada.MSI\Desktop\Hamada\lab\data\raw\images\Describable Textures Dataset\images\swirly\swirly_0063.jpg,0.366114748025622,8,False
C:\Users\Hamada.MSI\Desktop\Hamada\lab\data\raw\images\Describable Textures Dataset\images\marbled\marbled_0096.jpg,0.3661557986715851,8,False
C:\Users\Hamada.MSI\Desktop\Hamada\lab\data\raw\images\Describable Textures Dataset\images\freckled\freckled_0157.jpg,0.3661604401724077,8,False
C:\Users\Hamada.MSI\Desktop\Hamada\lab\data\raw\images\Describable Textures Dataset\images\lacelike\lacelike_0088.jpg,0.36622312081917385,8,False
C:\Users\Hamada.MSI\Desktop\Hamada\lab\data\raw\images\Describable Textures Dataset\images\bumpy\bumpy_0148.jpg,0.36629855070213185,8,False
C:\Users\Hamada.MSI\Desktop\Hamada\lab\data\raw\images\Describable Textures Dataset\images\pitted\pitted_0058.jpg,0.36639610632568986,8,False
C:\Users\Hamada.MSI\Desktop\Hamada\lab\data\raw\images\Describable Textures Dataset\images\fibrous\fibrous_0208.jpg,0.3665788061828261,8,False
C:\Users\Hamada.MSI\Desktop\Hamada\lab\data\raw\images\Describable Textures Dataset\images\meshed\meshed_0121.jpg,0.36680408117946106,8,False
C:\Users\Hamada.MSI\Desktop\Hamada\lab\data\raw\images\Describable Textures Dataset\images\studded\studded_0177.jpg,0.36709283462215697,8,False
C:\Users\Hamada.MSI\Desktop\Hamada\lab\data\raw\images\Describable Textures Dataset\images\grooved\grooved_0064.jpg,0.36735864649835337,8,False
C:\Users\Hamada.MSI\Desktop\Hamada\lab\data\raw\images\Describable Textures Dataset\images\polka-dotted\polka-dotted_0231.jpg,0.36749165114208737,8,False
C:\Users\Hamada.MSI\Desktop\Hamada\lab\data\raw\images\Describable Textures Dataset\images\interlaced\interlaced_0117.jpg,0.36751710179148706,8,False
C:\Users\Hamada.MSI\Desktop\Hamada\lab\data\raw\images\Describable Textures Dataset\images\matted\matted_0149.jpg,0.3678559131216132,8,False
C:\Users\Hamada.MSI\Desktop\Hamada\lab\data\raw\images\Describable Textures Dataset\images\matted\matted_0051.jpg,0.3679297031482486,8,False
C:\Users\Hamada.MSI\Desktop\Hamada\lab\data\raw\images\Describable Textures Dataset\images\perforated\perforated_0014.jpg,0.36809689564568915,8,False
C:\Users\Hamada.MSI\Desktop\Hamada\lab\data\raw\images\Describable Textures Dataset\images\knitted\knitted_0183.jpg,0.36817387269886853,8,False
C:\Users\Hamada.MSI\Desktop\Hamada\lab\data\raw\images\Describable Textures Dataset\images\polka-dotted\polka-dotted_0137.jpg,0.36825052410150155,8,False
C:\Users\Hamada.MSI\Desktop\Hamada\lab\data\raw\images\Describable Textures Dataset\images\dotted\dotted_0073.jpg,0.36831657874491025,8,False
C:\Users\Hamada.MSI\Desktop\Hamada\lab\data\raw\images\Describable Textures Dataset\images\fibrous\fibrous_0201.jpg,0.3683369281409807,8,False
C:\Users\Hamada.MSI\Desktop\Hamada\lab\data\raw\images\Describable Textures Dataset\images\lacelike\lacelike_0054.jpg,0.36836031167351824,8,False
C:\Users\Hamada.MSI\Desktop\Hamada\lab\data\raw\images\Describable Textures Dataset\images\smeared\smeared_0078.jpg,0.368368093932949,8,False
C:\Users\Hamada.MSI\Desktop\Hamada\lab\data\raw\images\Describable Textures Dataset\images\pitted\pitted_0075.jpg,0.36844563960939897,8,False
C:\Users\Hamada.MSI\Desktop\Hamada\lab\data\raw\images\Describable Textures Dataset\images\pleated\pleated_0122.jpg,0.36845466518118475,8,False
C:\Users\Hamada.MSI\Desktop\Hamada\lab\data\raw\images\Describable Textures Dataset\images\frilly\frilly_0120.jpg,0.36859936026173595,8,False
C:\Users\Hamada.MSI\Desktop\Hamada\lab\data\raw\images\Describable Textures Dataset\images\chequered\chequered_0069.jpg,0.36862661786960244,8,False
C:\Users\Hamada.MSI\Desktop\Hamada\lab\data\raw\images\Describable Textures Dataset\images\braided\braided_0159.jpg,0.3686559386737828,8,False
C:\Users\Hamada.MSI\Desktop\Hamada\lab\data\raw\images\Describable Textures Dataset\images\chequered\chequered_0138.jpg,0.36885245001477107,8,False
C:\Users\Hamada.MSI\Desktop\Hamada\lab\data\raw\images\Describable Textures Dataset\images\polka-dotted\polka-dotted_0191.jpg,0.3688745842713304,8,False
C:\Users\Hamada.MSI\Desktop\Hamada\lab\data\raw\images\Describable Textures Dataset\images\lined\lined_0033.jpg,0.3691464398886738,8,False
C:\Users\Hamada.MSI\Desktop\Hamada\lab\data\raw\images\Describable Textures Dataset\images\porous\porous_0089.jpg,0.36939371804657,8,False
C:\Users\Hamada.MSI\Desktop\Hamada\lab\data\raw\images\Describable Textures Dataset\images\grooved\grooved_0089.jpg,0.3694933581910283,8,False
C:\Users\Hamada.MSI\Desktop\Hamada\lab\data\raw\images\Describable Textures Dataset\images\paisley\paisley_0129.jpg,0.3695305639788235,8,False
C:\Users\Hamada.MSI\Desktop\Hamada\lab\data\raw\images\Describable Textures Dataset\images\freckled\freckled_0129.jpg,0.36958712417107065,8,False
C:\Users\Hamada.MSI\Desktop\Hamada\lab\data\raw\images\Describable Textures Dataset\images\veined\veined_0168.jpg,0.369840954545471,8,False
C:\Users\Hamada.MSI\Desktop\Hamada\lab\data\raw\images\Describable Textures Dataset\images\matted\matted_0067.jpg,0.37013541066137245,8,False
C:\Users\Hamada.MSI\Desktop\Hamada\lab\data\raw\images\Describable Textures Dataset\images\banded\banded_0139.jpg,0.37016788752416746,8,False
C:\Users\Hamada.MSI\Desktop\Hamada\lab\data\raw\images\Describable Textures Dataset\images\sprinkled\sprinkled_0023.jpg,0.37024640156720207,8,False
C:\Users\Hamada.MSI\Desktop\Hamada\lab\data\raw\images\Describable Textures Dataset\images\spiralled\spiralled_0117.jpg,0.3702949804696998,8,False
C:\Users\Hamada.MSI\Desktop\Hamada\lab\data\raw\images\Describable Textures Dataset\images\pleated\pleated_0109.jpg,0.3703952133276469,8,False
C:\Users\Hamada.MSI\Desktop\Hamada\lab\data\raw\images\Describable Textures Dataset\images\pitted\pitted_0011.jpg,0.37042570555242993,8,False
C:\Users\Hamada.MSI\Desktop\Hamada\lab\data\raw\images\Describable Textures Dataset\images\blotchy\blotchy_0061.jpg,0.370490311503309,8,False
C:\Users\Hamada.MSI\Desktop\Hamada\lab\data\raw\images\Describable Textures Dataset\images\woven\woven_0126.jpg,0.370601594330475,8,False
C:\Users\Hamada.MSI\Desktop\Hamada\lab\data\raw\images\Describable Textures Dataset\images\pleated\pleated_0147.jpg,0.370677200962269,8,False
C:\Users\Hamada.MSI\Desktop\Hamada\lab\data\raw\images\Describable Textures Dataset\images\braided\braided_0061.jpg,0.37075631648679525,8,False
C:\Users\Hamada.MSI\Desktop\Hamada\lab\data\raw\images\Describable Textures Dataset\images\crosshatched\crosshatched_0161.jpg,0.37083580154656015,8,False
C:\Users\Hamada.MSI\Desktop\Hamada\lab\data\raw\images\Describable Textures Dataset\images\flecked\flecked_0003.jpg,0.3708722144986878,8,False
C:\Users\Hamada.MSI\Desktop\Hamada\lab\data\raw\images\Describable Textures Dataset\images\zigzagged\zigzagged_0048.jpg,0.37119184905202046,8,False
C:\Users\Hamada.MSI\Desktop\Hamada\lab\data\raw\images\Describable Textures Dataset\images\bubbly\bubbly_0080.jpg,0.37132615334258556,8,False
C:\Users\Hamada.MSI\Desktop\Hamada\lab\data\raw\images\Describable Textures Dataset\images\honeycombed\honeycombed_0084.jpg,0.37155194549703413,8,False
C:\Users\Hamada.MSI\Desktop\Hamada\lab\data\raw\images\Describable Textures Dataset\images\marbled\marbled_0097.jpg,0.371792167329935,8,False
C:\Users\Hamada.MSI\Desktop\Hamada\lab\data\raw\images\Describable Textures Dataset\images\zigzagged\zigzagged_0025.jpg,0.3719567867412224,8,False
C:\Users\Hamada.MSI\Desktop\Hamada\lab\data\raw\images\Describable Textures Dataset\images\swirly\swirly_0089.jpg,0.37196742530333204,8,False
C:\Users\Hamada.MSI\Desktop\Hamada\lab\data\raw\images\Describable Textures Dataset\images\waffled\waffled_0178.jpg,0.37198589205161076,8,False
C:\Users\Hamada.MSI\Desktop\Hamada\lab\data\raw\images\Describable Textures Dataset\images\polka-dotted\polka-dotted_0228.jpg,0.37227885335259336,8,False
C:\Users\Hamada.MSI\Desktop\Hamada\lab\data\raw\images\Describable Textures Dataset\images\stratified\stratified_0111.jpg,0.37260034080917975,8,False
C:\Users\Hamada.MSI\Desktop\Hamada\lab\data\raw\images\Describable Textures Dataset\images\matted\matted_0084.jpg,0.3727520879096582,8,False
C:\Users\Hamada.MSI\Desktop\Hamada\lab\data\raw\images\Describable Textures Dataset\images\striped\striped_0098.jpg,0.37280864555680054,8,False
C:\Users\Hamada.MSI\Desktop\Hamada\lab\data\raw\images\Describable Textures Dataset\images\pitted\pitted_0115.jpg,0.3728671751471021,8,False
C:\Users\Hamada.MSI\Desktop\Hamada\lab\data\raw\images\Describable Textures Dataset\images\lacelike\lacelike_0104.jpg,0.37317358599650163,8,False
C:\Users\Hamada.MSI\Desktop\Hamada\lab\data\raw\images\Describable Textures Dataset\images\zigzagged\zigzagged_0096.jpg,0.37325807205531786,8,False
C:\Users\Hamada.MSI\Desktop\Hamada\lab\data\raw\images\Describable Textures Dataset\images\swirly\swirly_0160.jpg,0.37400291151623444,8,False
C:\Users\Hamada.MSI\Desktop\Hamada\lab\data\raw\images\Describable Textures Dataset\images\sprinkled\sprinkled_0039.jpg,0.3740161946751965,8,False
C:\Users\Hamada.MSI\Desktop\Hamada\lab\data\raw\images\Describable Textures Dataset\images\zigzagged\zigzagged_0110.jpg,0.3741287780313776,8,False
C:\Users\Hamada.MSI\Desktop\Hamada\lab\data\raw\images\Describable Textures Dataset\images\sprinkled\sprinkled_0067.jpg,0.3741436981358174,8,False
C:\Users\Hamada.MSI\Desktop\Hamada\lab\data\raw\images\Describable Textures Dataset\images\crosshatched\crosshatched_0025.jpg,0.3741837093853287,8,False
C:\Users\Hamada.MSI\Desktop\Hamada\lab\data\raw\images\Describable Textures Dataset\images\frilly\frilly_0021.jpg,0.3741975626563857,8,False
C:\Users\Hamada.MSI\Desktop\Hamada\lab\data\raw\images\Describable Textures Dataset\images\porous\porous_0132.jpg,0.37435293221445276,8,False
C:\Users\Hamada.MSI\Desktop\Hamada\lab\data\raw\images\Describable Textures Dataset\images\pitted\pitted_0006.jpg,0.3743808800772308,8,False
C:\Users\Hamada.MSI\Desktop\Hamada\lab\data\raw\images\Describable Textures Dataset\images\potholed\potholed_0096.jpg,0.3744708923078728,8,False
C:\Users\Hamada.MSI\Desktop\Hamada\lab\data\raw\images\Describable Textures Dataset\images\polka-dotted\polka-dotted_0163.jpg,0.3745386819861242,8,False
C:\Users\Hamada.MSI\Desktop\Hamada\lab\data\raw\images\Describable Textures Dataset\images\braided\braided_0137.jpg,0.37477469180585615,8,False
C:\Users\Hamada.MSI\Desktop\Hamada\lab\data\raw\images\Describable Textures Dataset\images\gauzy\gauzy_0168.jpg,0.37488949489402645,8,False
C:\Users\Hamada.MSI\Desktop\Hamada\lab\data\raw\images\Describable Textures Dataset\images\studded\studded_0174.jpg,0.37497412181203177,8,False
C:\Users\Hamada.MSI\Desktop\Hamada\lab\data\raw\images\Describable Textures Dataset\images\perforated\perforated_0133.jpg,0.3749861664752005,8,False
C:\Users\Hamada.MSI\Desktop\Hamada\lab\data\raw\images\Describable Textures Dataset\images\sprinkled\sprinkled_0130.jpg,0.3751686354873263,8,False
C:\Users\Hamada.MSI\Desktop\Hamada\lab\data\raw\images\Describable Textures Dataset\images\zigzagged\zigzagged_0095.jpg,0.37526811017346906,8,False
C:\Users\Hamada.MSI\Desktop\Hamada\lab\data\raw\images\Describable Textures Dataset\images\porous\porous_0140.jpg,0.375466680753573,8,False
C:\Users\Hamada.MSI\Desktop\Hamada\lab\data\raw\images\Describable Textures Dataset\images\bubbly\bubbly_0114.jpg,0.3754895285786296,8,False
C:\Users\Hamada.MSI\Desktop\Hamada\lab\data\raw\images\Describable Textures Dataset\images\gauzy\gauzy_0122.jpg,0.3755412652684882,8,False
C:\Users\Hamada.MSI\Desktop\Hamada\lab\data\raw\images\Describable Textures Dataset\images\striped\striped_0039.jpg,0.37556413226667484,8,False
C:\Users\Hamada.MSI\Desktop\Hamada\lab\data\raw\images\Describable Textures Dataset\images\veined\veined_0152.jpg,0.37603727119945957,8,False
C:\Users\Hamada.MSI\Desktop\Hamada\lab\data\raw\images\Describable Textures Dataset\images\crystalline\crystalline_0192.jpg,0.37604562073828074,8,False
C:\Users\Hamada.MSI\Desktop\Hamada\lab\data\raw\images\Describable Textures Dataset\images\swirly\swirly_0161.jpg,0.37609514731193494,8,False
C:\Users\Hamada.MSI\Desktop\Hamada\lab\data\raw\images\Describable Textures Dataset\images\striped\striped_0016.jpg,0.37635828147037637,8,False
C:\Users\Hamada.MSI\Desktop\Hamada\lab\data\raw\images\Describable Textures Dataset\images\woven\woven_0068.jpg,0.3764411768965965,8,False
C:\Users\Hamada.MSI\Desktop\Hamada\lab\data\raw\images\Describable Textures Dataset\images\lacelike\lacelike_0049.jpg,0.37673875569129234,8,False
C:\Users\Hamada.MSI\Desktop\Hamada\lab\data\raw\images\Describable Textures Dataset\images\crosshatched\crosshatched_0117.jpg,0.3767531973135688,8,False
C:\Users\Hamada.MSI\Desktop\Hamada\lab\data\raw\images\Describable Textures Dataset\images\zigzagged\zigzagged_0024.jpg,0.37683356821995256,8,False
C:\Users\Hamada.MSI\Desktop\Hamada\lab\data\raw\images\Describable Textures Dataset\images\meshed\meshed_0103.jpg,0.3768347217903502,8,False
C:\Users\Hamada.MSI\Desktop\Hamada\lab\data\raw\images\Describable Textures Dataset\images\lined\lined_0164.jpg,0.3768368154485056,8,False
C:\Users\Hamada.MSI\Desktop\Hamada\lab\data\raw\images\Describable Textures Dataset\images\fibrous\fibrous_0200.jpg,0.37694707242543113,8,False
C:\Users\Hamada.MSI\Desktop\Hamada\lab\data\raw\images\Describable Textures Dataset\images\crosshatched\crosshatched_0134.jpg,0.37703143360341324,8,False
C:\Users\Hamada.MSI\Desktop\Hamada\lab\data\raw\images\Describable Textures Dataset\images\polka-dotted\polka-dotted_0118.jpg,0.3772733195482099,8,False
C:\Users\Hamada.MSI\Desktop\Hamada\lab\data\raw\images\Describable Textures Dataset\images\veined\veined_0180.jpg,0.37737067025585497,8,False
C:\Users\Hamada.MSI\Desktop\Hamada\lab\data\raw\images\Describable Textures Dataset\images\crosshatched\crosshatched_0072.jpg,0.3774097290613646,8,False
C:\Users\Hamada.MSI\Desktop\Hamada\lab\data\raw\images\Describable Textures Dataset\images\paisley\paisley_0106.jpg,0.37752251169281587,8,False
C:\Users\Hamada.MSI\Desktop\Hamada\lab\data\raw\images\Describable Textures Dataset\images\honeycombed\honeycombed_0119.jpg,0.3775511664347322,8,False
C:\Users\Hamada.MSI\Desktop\Hamada\lab\data\raw\images\Describable Textures Dataset\images\honeycombed\honeycombed_0154.jpg,0.3777086702540198,8,False
C:\Users\Hamada.MSI\Desktop\Hamada\lab\data\raw\images\Describable Textures Dataset\images\striped\striped_0005.jpg,0.3778036469992749,8,False
C:\Users\Hamada.MSI\Desktop\Hamada\lab\data\raw\images\Describable Textures Dataset\images\frilly\frilly_0072.jpg,0.3782504896030609,8,False
C:\Users\Hamada.MSI\Desktop\Hamada\lab\data\raw\images\Describable Textures Dataset\images\veined\veined_0099.jpg,0.3783676769083787,8,False
C:\Users\Hamada.MSI\Desktop\Hamada\lab\data\raw\images\Describable Textures Dataset\images\scaly\scaly_0206.jpg,0.37840239744414367,8,False
C:\Users\Hamada.MSI\Desktop\Hamada\lab\data\raw\images\Describable Textures Dataset\images\lacelike\lacelike_0065.jpg,0.3785196023948114,8,False
C:\Users\Hamada.MSI\Desktop\Hamada\lab\data\raw\images\Describable Textures Dataset\images\bumpy\bumpy_0109.jpg,0.37881417932510525,8,False
C:\Users\Hamada.MSI\Desktop\Hamada\lab\data\raw\images\Describable Textures Dataset\images\spiralled\spiralled_0083.jpg,0.37887319215024734,8,False
C:\Users\Hamada.MSI\Desktop\Hamada\lab\data\raw\images\Describable Textures Dataset\images\grid\grid_0034.jpg,0.37891067412918156,8,False
C:\Users\Hamada.MSI\Desktop\Hamada\lab\data\raw\images\Describable Textures Dataset\images\zigzagged\zigzagged_0038.jpg,0.37908835690967657,8,False
C:\Users\Hamada.MSI\Desktop\Hamada\lab\data\raw\images\Describable Textures Dataset\images\dotted\dotted_0072.jpg,0.37913223472453794,8,False
C:\Users\Hamada.MSI\Desktop\Hamada\lab\data\raw\images\Describable Textures Dataset\images\scaly\scaly_0183.jpg,0.37914396549839424,8,False
C:\Users\Hamada.MSI\Desktop\Hamada\lab\data\raw\images\Describable Textures Dataset\images\banded\banded_0090.jpg,0.3791996646107828,8,False
C:\Users\Hamada.MSI\Desktop\Hamada\lab\data\raw\images\Describable Textures Dataset\images\cobwebbed\cobwebbed_0139.jpg,0.37925293635123336,8,False
C:\Users\Hamada.MSI\Desktop\Hamada\lab\data\raw\images\Describable Textures Dataset\images\grooved\grooved_0078.jpg,0.37926310316176004,8,False
C:\Users\Hamada.MSI\Desktop\Hamada\lab\data\raw\images\Describable Textures Dataset\images\woven\woven_0066.jpg,0.37949473931768307,8,False
C:\Users\Hamada.MSI\Desktop\Hamada\lab\data\raw\images\Describable Textures Dataset\images\bumpy\bumpy_0080.jpg,0.3795822205550958,8,False
C:\Users\Hamada.MSI\Desktop\Hamada\lab\data\raw\images\Describable Textures Dataset\images\lacelike\lacelike_0038.jpg,0.37963856952644304,8,False
C:\Users\Hamada.MSI\Desktop\Hamada\lab\data\raw\images\Describable Textures Dataset\images\braided\braided_0182.jpg,0.37992215108737104,8,False
C:\Users\Hamada.MSI\Desktop\Hamada\lab\data\raw\images\Describable Textures Dataset\images\freckled\freckled_0092.jpg,0.3799223089538679,8,False
C:\Users\Hamada.MSI\Desktop\Hamada\lab\data\raw\images\Describable Textures Dataset\images\knitted\knitted_0083.jpg,0.38007416164539787,8,False
C:\Users\Hamada.MSI\Desktop\Hamada\lab\data\raw\images\Describable Textures Dataset\images\swirly\swirly_0154.jpg,0.3800953998415405,8,False
C:\Users\Hamada.MSI\Desktop\Hamada\lab\data\raw\images\Describable Textures Dataset\images\striped\striped_0064.jpg,0.38009769084761086,8,False
C:\Users\Hamada.MSI\Desktop\Hamada\lab\data\raw\images\McGill Calibrated Color Image Database\Textures\Textures\pippin_RS_YachtClub030.tif,0.380399155222523,8,False
C:\Users\Hamada.MSI\Desktop\Hamada\lab\data\raw\images\Describable Textures Dataset\images\pleated\pleated_0070.jpg,0.38069978652284936,8,False
C:\Users\Hamada.MSI\Desktop\Hamada\lab\data\raw\images\Describable Textures Dataset\images\lacelike\lacelike_0061.jpg,0.3808283774935739,8,False
C:\Users\Hamada.MSI\Desktop\Hamada\lab\data\raw\images\Describable Textures Dataset\images\scaly\scaly_0200.jpg,0.3808993597773807,8,False
C:\Users\Hamada.MSI\Desktop\Hamada\lab\data\raw\images\Describable Textures Dataset\images\spiralled\spiralled_0033.jpg,0.38122946712010547,8,False
C:\Users\Hamada.MSI\Desktop\Hamada\lab\data\raw\images\Describable Textures Dataset\images\cobwebbed\cobwebbed_0080.jpg,0.38129293791275665,8,False
C:\Users\Hamada.MSI\Desktop\Hamada\lab\data\raw\images\Describable Textures Dataset\images\pleated\pleated_0169.jpg,0.3812984671849663,8,False
C:\Users\Hamada.MSI\Desktop\Hamada\lab\data\raw\images\Describable Textures Dataset\images\frilly\frilly_0080.jpg,0.38132616042040823,8,False
C:\Users\Hamada.MSI\Desktop\Hamada\lab\data\raw\images\Describable Textures Dataset\images\lacelike\lacelike_0028.jpg,0.381418854841858,8,False
C:\Users\Hamada.MSI\Desktop\Hamada\lab\data\raw\images\Describable Textures Dataset\images\gauzy\gauzy_0145.jpg,0.38142966016780677,8,False
C:\Users\Hamada.MSI\Desktop\Hamada\lab\data\raw\images\Describable Textures Dataset\images\crosshatched\crosshatched_0166.jpg,0.38160722424511934,8,False
C:\Users\Hamada.MSI\Desktop\Hamada\lab\data\raw\images\Describable Textures Dataset\images\grooved\grooved_0052.jpg,0.3818506594676928,8,False
C:\Users\Hamada.MSI\Desktop\Hamada\lab\data\raw\images\McGill Calibrated Color Image Database\Textures\Textures\pippin_Peel018.tif,0.38214207547706247,8,False
C:\Users\Hamada.MSI\Desktop\Hamada\lab\data\raw\images\Describable Textures Dataset\images\chequered\chequered_0162.jpg,0.3821993411887109,8,False
C:\Users\Hamada.MSI\Desktop\Hamada\lab\data\raw\images\Describable Textures Dataset\images\paisley\paisley_0010.jpg,0.3823803510924998,8,False
C:\Users\Hamada.MSI\Desktop\Hamada\lab\data\raw\images\Describable Textures Dataset\images\meshed\meshed_0023.jpg,0.3825288668304883,8,False
C:\Users\Hamada.MSI\Desktop\Hamada\lab\data\raw\images\Describable Textures Dataset\images\cobwebbed\cobwebbed_0064.jpg,0.3825319102757745,8,False
C:\Users\Hamada.MSI\Desktop\Hamada\lab\data\raw\images\McGill Calibrated Color Image Database\Textures\Textures\pippin_RVHtexture011.tif,0.38264906918592534,8,False
C:\Users\Hamada.MSI\Desktop\Hamada\lab\data\raw\images\Describable Textures Dataset\images\woven\woven_0107.jpg,0.38268134465715886,8,False
C:\Users\Hamada.MSI\Desktop\Hamada\lab\data\raw\images\Describable Textures Dataset\images\striped\striped_0003.jpg,0.3828273770548661,8,False
C:\Users\Hamada.MSI\Desktop\Hamada\lab\data\raw\images\Describable Textures Dataset\images\frilly\frilly_0063.jpg,0.3833772718670337,8,False
C:\Users\Hamada.MSI\Desktop\Hamada\lab\data\raw\images\Describable Textures Dataset\images\interlaced\interlaced_0113.jpg,0.38371276148752825,8,False
C:\Users\Hamada.MSI\Desktop\Hamada\lab\data\raw\images\Describable Textures Dataset\images\striped\striped_0116.jpg,0.38431770432432255,8,False
C:\Users\Hamada.MSI\Desktop\Hamada\lab\data\raw\images\Describable Textures Dataset\images\porous\porous_0084.jpg,0.3843507541154427,8,False
C:\Users\Hamada.MSI\Desktop\Hamada\lab\data\raw\images\McGill Calibrated Color Image Database\Textures\Textures\pippin_Peel037.tif,0.3845234533850886,8,False
C:\Users\Hamada.MSI\Desktop\Hamada\lab\data\raw\images\Describable Textures Dataset\images\crosshatched\crosshatched_0092.jpg,0.3845659011216197,8,False
C:\Users\Hamada.MSI\Desktop\Hamada\lab\data\raw\images\Describable Textures Dataset\images\smeared\smeared_0039.jpg,0.3845848094907119,8,False
C:\Users\Hamada.MSI\Desktop\Hamada\lab\data\raw\images\Describable Textures Dataset\images\stained\stained_0118.jpg,0.38468703570844,8,False
C:\Users\Hamada.MSI\Desktop\Hamada\lab\data\raw\images\Describable Textures Dataset\images\waffled\waffled_0053.jpg,0.3847279775102147,8,False
C:\Users\Hamada.MSI\Desktop\Hamada\lab\data\raw\images\Describable Textures Dataset\images\knitted\knitted_0131.jpg,0.3848849204202404,8,False
C:\Users\Hamada.MSI\Desktop\Hamada\lab\data\raw\images\Describable Textures Dataset\images\spiralled\spiralled_0091.jpg,0.3849927083392904,8,False
C:\Users\Hamada.MSI\Desktop\Hamada\lab\data\raw\images\Describable Textures Dataset\images\cracked\cracked_0133.jpg,0.385049903527981,8,False
C:\Users\Hamada.MSI\Desktop\Hamada\lab\data\raw\images\Describable Textures Dataset\images\swirly\swirly_0120.jpg,0.38533744690394983,8,False
C:\Users\Hamada.MSI\Desktop\Hamada\lab\data\raw\images\Describable Textures Dataset\images\zigzagged\zigzagged_0093.jpg,0.38550703957685656,8,False
C:\Users\Hamada.MSI\Desktop\Hamada\lab\data\raw\images\Describable Textures Dataset\images\gauzy\gauzy_0096.jpg,0.38553036317595407,8,False
C:\Users\Hamada.MSI\Desktop\Hamada\lab\data\raw\images\Describable Textures Dataset\images\marbled\marbled_0156.jpg,0.3855697733346556,8,False
C:\Users\Hamada.MSI\Desktop\Hamada\lab\data\raw\images\Describable Textures Dataset\images\meshed\meshed_0090.jpg,0.38568469827024504,8,False
C:\Users\Hamada.MSI\Desktop\Hamada\lab\data\raw\images\Describable Textures Dataset\images\wrinkled\wrinkled_0048.jpg,0.38571122637535743,8,False
C:\Users\Hamada.MSI\Desktop\Hamada\lab\data\raw\images\Describable Textures Dataset\images\banded\banded_0119.jpg,0.38578168423642517,8,False
C:\Users\Hamada.MSI\Desktop\Hamada\lab\data\raw\images\Describable Textures Dataset\images\stratified\stratified_0131.jpg,0.3860198041238083,8,False
C:\Users\Hamada.MSI\Desktop\Hamada\lab\data\raw\images\Describable Textures Dataset\images\frilly\frilly_0013.jpg,0.38640315582308826,8,False
C:\Users\Hamada.MSI\Desktop\Hamada\lab\data\raw\images\Describable Textures Dataset\images\sprinkled\sprinkled_0046.jpg,0.3868441422440095,8,False
C:\Users\Hamada.MSI\Desktop\Hamada\lab\data\raw\images\Describable Textures Dataset\images\spiralled\spiralled_0010.jpg,0.38689979102647254,8,False
C:\Users\Hamada.MSI\Desktop\Hamada\lab\data\raw\images\Describable Textures Dataset\images\spiralled\spiralled_0098.jpg,0.38690848659207844,8,False
C:\Users\Hamada.MSI\Desktop\Hamada\lab\data\raw\images\Describable Textures Dataset\images\stained\stained_0051.jpg,0.38709133651354233,8,False
C:\Users\Hamada.MSI\Desktop\Hamada\lab\data\raw\images\Describable Textures Dataset\images\marbled\marbled_0166.jpg,0.38712389748129433,8,False
C:\Users\Hamada.MSI\Desktop\Hamada\lab\data\raw\images\Describable Textures Dataset\images\braided\braided_0050.jpg,0.387185233622076,8,False
C:\Users\Hamada.MSI\Desktop\Hamada\lab\data\raw\images\Describable Textures Dataset\images\sprinkled\sprinkled_0053.jpg,0.38729323228871376,8,False
C:\Users\Hamada.MSI\Desktop\Hamada\lab\data\raw\images\Describable Textures Dataset\images\flecked\flecked_0056.jpg,0.38732369159948526,8,False
C:\Users\Hamada.MSI\Desktop\Hamada\lab\data\raw\images\Describable Textures Dataset\images\grooved\grooved_0166.jpg,0.3873843429383876,8,False
C:\Users\Hamada.MSI\Desktop\Hamada\lab\data\raw\images\Describable Textures Dataset\images\zigzagged\zigzagged_0103.jpg,0.38751404981141924,8,False
C:\Users\Hamada.MSI\Desktop\Hamada\lab\data\raw\images\Describable Textures Dataset\images\perforated\perforated_0118.jpg,0.3877393351365782,8,False
C:\Users\Hamada.MSI\Desktop\Hamada\lab\data\raw\images\Describable Textures Dataset\images\paisley\paisley_0078.jpg,0.38776470323292617,8,False
C:\Users\Hamada.MSI\Desktop\Hamada\lab\data\raw\images\Describable Textures Dataset\images\grooved\grooved_0142.jpg,0.3878153704059039,8,False
C:\Users\Hamada.MSI\Desktop\Hamada\lab\data\raw\images\Describable Textures Dataset\images\crystalline\crystalline_0057.jpg,0.3878642187658688,8,False
C:\Users\Hamada.MSI\Desktop\Hamada\lab\data\raw\images\Describable Textures Dataset\images\crystalline\crystalline_0122.jpg,0.38795726600308394,8,False
C:\Users\Hamada.MSI\Desktop\Hamada\lab\data\raw\images\Describable Textures Dataset\images\stained\stained_0084.jpg,0.3881022237844315,8,False
C:\Users\Hamada.MSI\Desktop\Hamada\lab\data\raw\images\Describable Textures Dataset\images\flecked\flecked_0082.jpg,0.3882190164077308,8,False
C:\Users\Hamada.MSI\Desktop\Hamada\lab\data\raw\images\Describable Textures Dataset\images\marbled\marbled_0153.jpg,0.3884197065387518,8,False
C:\Users\Hamada.MSI\Desktop\Hamada\lab\data\raw\images\Describable Textures Dataset\images\dotted\dotted_0078.jpg,0.3885039007665222,8,False
C:\Users\Hamada.MSI\Desktop\Hamada\lab\data\raw\images\Describable Textures Dataset\images\grid\grid_0027.jpg,0.388521239676453,8,False
C:\Users\Hamada.MSI\Desktop\Hamada\lab\data\raw\images\Describable Textures Dataset\images\freckled\freckled_0122.jpg,0.3886255845503453,9,False
C:\Users\Hamada.MSI\Desktop\Hamada\lab\data\raw\images\Describable Textures Dataset\images\sprinkled\sprinkled_0049.jpg,0.38889919016878105,9,False
C:\Users\Hamada.MSI\Desktop\Hamada\lab\data\raw\images\Describable Textures Dataset\images\zigzagged\zigzagged_0123.jpg,0.3890607941584143,9,False
C:\Users\Hamada.MSI\Desktop\Hamada\lab\data\raw\images\Describable Textures Dataset\images\zigzagged\zigzagged_0109.jpg,0.3891408016130474,9,False
C:\Users\Hamada.MSI\Desktop\Hamada\lab\data\raw\images\Describable Textures Dataset\images\swirly\swirly_0122.jpg,0.38914372174271983,9,False
C:\Users\Hamada.MSI\Desktop\Hamada\lab\data\raw\images\McGill Calibrated Color Image Database\Textures\Textures\pippin0178.tif,0.38926698784543834,9,False
C:\Users\Hamada.MSI\Desktop\Hamada\lab\data\raw\images\Describable Textures Dataset\images\frilly\frilly_0019.jpg,0.38943990019250224,9,False
C:\Users\Hamada.MSI\Desktop\Hamada\lab\data\raw\images\Describable Textures Dataset\images\scaly\scaly_0185.jpg,0.3894433941058173,9,False
C:\Users\Hamada.MSI\Desktop\Hamada\lab\data\raw\images\Describable Textures Dataset\images\crosshatched\crosshatched_0056.jpg,0.39017217875122706,9,False
C:\Users\Hamada.MSI\Desktop\Hamada\lab\data\raw\images\Describable Textures Dataset\images\frilly\frilly_0044.jpg,0.3901971312503611,9,False
C:\Users\Hamada.MSI\Desktop\Hamada\lab\data\raw\images\McGill Calibrated Color Image Database\Textures\Textures\pippin_jtalon0015.tif,0.3902098629696487,9,False
C:\Users\Hamada.MSI\Desktop\Hamada\lab\data\raw\images\Describable Textures Dataset\images\frilly\frilly_0043.jpg,0.39029031536630615,9,False
C:\Users\Hamada.MSI\Desktop\Hamada\lab\data\raw\images\Describable Textures Dataset\images\freckled\freckled_0175.jpg,0.3904204711333394,9,False
C:\Users\Hamada.MSI\Desktop\Hamada\lab\data\raw\images\McGill Calibrated Color Image Database\Textures\Textures\pippin_RS_YachtClub016.tif,0.39059025307852613,9,False
C:\Users\Hamada.MSI\Desktop\Hamada\lab\data\raw\images\Describable Textures Dataset\images\swirly\swirly_0096.jpg,0.3906663850438276,9,False
C:\Users\Hamada.MSI\Desktop\Hamada\lab\data\raw\images\Describable Textures Dataset\images\perforated\perforated_0105.jpg,0.3906876121498497,9,False
C:\Users\Hamada.MSI\Desktop\Hamada\lab\data\raw\images\Describable Textures Dataset\images\banded\banded_0049.jpg,0.390787502078431,9,False
C:\Users\Hamada.MSI\Desktop\Hamada\lab\data\raw\images\Describable Textures Dataset\images\lacelike\lacelike_0072.jpg,0.39086785491123266,9,False
C:\Users\Hamada.MSI\Desktop\Hamada\lab\data\raw\images\Describable Textures Dataset\images\wrinkled\wrinkled_0097.jpg,0.3910359885690417,9,False
C:\Users\Hamada.MSI\Desktop\Hamada\lab\data\raw\images\Describable Textures Dataset\images\grid\grid_0013.jpg,0.39107442143844795,9,False
C:\Users\Hamada.MSI\Desktop\Hamada\lab\data\raw\images\Describable Textures Dataset\images\waffled\waffled_0157.jpg,0.3910758943456079,9,False
C:\Users\Hamada.MSI\Desktop\Hamada\lab\data\raw\images\Describable Textures Dataset\images\pleated\pleated_0085.jpg,0.3911233299014365,9,False
C:\Users\Hamada.MSI\Desktop\Hamada\lab\data\raw\images\Describable Textures Dataset\images\grooved\grooved_0092.jpg,0.39115885324338734,9,False
C:\Users\Hamada.MSI\Desktop\Hamada\lab\data\raw\images\Describable Textures Dataset\images\crosshatched\crosshatched_0122.jpg,0.39143150317301917,9,False
C:\Users\Hamada.MSI\Desktop\Hamada\lab\data\raw\images\Describable Textures Dataset\images\freckled\freckled_0072.jpg,0.3915226163891014,9,False
C:\Users\Hamada.MSI\Desktop\Hamada\lab\data\raw\images\Describable Textures Dataset\images\dotted\dotted_0169.jpg,0.39158630907890424,9,False
C:\Users\Hamada.MSI\Desktop\Hamada\lab\data\raw\images\Describable Textures Dataset\images\zigzagged\zigzagged_0008.jpg,0.39165872939271423,9,False
C:\Users\Hamada.MSI\Desktop\Hamada\lab\data\raw\images\Describable Textures Dataset\images\swirly\swirly_0106.jpg,0.39172913034388396,9,False
C:\Users\Hamada.MSI\Desktop\Hamada\lab\data\raw\images\Describable Textures Dataset\images\polka-dotted\polka-dotted_0205.jpg,0.3919607795330705,9,False
C:\Users\Hamada.MSI\Desktop\Hamada\lab\data\raw\images\Describable Textures Dataset\images\bumpy\bumpy_0172.jpg,0.3920368394034675,9,False
C:\Users\Hamada.MSI\Desktop\Hamada\lab\data\raw\images\Describable Textures Dataset\images\honeycombed\honeycombed_0053.jpg,0.39234545098346335,9,False
C:\Users\Hamada.MSI\Desktop\Hamada\lab\data\raw\images\Describable Textures Dataset\images\veined\veined_0187.jpg,0.3925671099438778,9,False
C:\Users\Hamada.MSI\Desktop\Hamada\lab\data\raw\images\Describable Textures Dataset\images\paisley\paisley_0020.jpg,0.392648992471318,9,False
C:\Users\Hamada.MSI\Desktop\Hamada\lab\data\raw\images\Describable Textures Dataset\images\crystalline\crystalline_0127.jpg,0.39265779035424386,9,False
C:\Users\Hamada.MSI\Desktop\Hamada\lab\data\raw\images\Describable Textures Dataset\images\lined\lined_0156.jpg,0.3929060428917565,9,False
C:\Users\Hamada.MSI\Desktop\Hamada\lab\data\raw\images\Describable Textures Dataset\images\braided\braided_0080.jpg,0.3934907502088475,9,False
C:\Users\Hamada.MSI\Desktop\Hamada\lab\data\raw\images\Describable Textures Dataset\images\striped\striped_0103.jpg,0.3936485198480077,9,False
C:\Users\Hamada.MSI\Desktop\Hamada\lab\data\raw\images\Describable Textures Dataset\images\swirly\swirly_0058.jpg,0.3937165755522303,9,False
C:\Users\Hamada.MSI\Desktop\Hamada\lab\data\raw\images\McGill Calibrated Color Image Database\Textures\Textures\pippin_RVHtexture015.tif,0.3939098134828115,9,False
C:\Users\Hamada.MSI\Desktop\Hamada\lab\data\raw\images\Describable Textures Dataset\images\sprinkled\sprinkled_0016.jpg,0.3939781096432164,9,False
C:\Users\Hamada.MSI\Desktop\Hamada\lab\data\raw\images\Describable Textures Dataset\images\crosshatched\crosshatched_0046.jpg,0.39417080214288513,9,False
C:\Users\Hamada.MSI\Desktop\Hamada\lab\data\raw\images\Describable Textures Dataset\images\veined\veined_0164.jpg,0.39426820842776694,9,False
C:\Users\Hamada.MSI\Desktop\Hamada\lab\data\raw\images\Describable Textures Dataset\images\pleated\pleated_0157.jpg,0.39432609000102514,9,False
C:\Users\Hamada.MSI\Desktop\Hamada\lab\data\raw\images\Describable Textures Dataset\images\cracked\cracked_0094.jpg,0.39434838063478717,9,False
C:\Users\Hamada.MSI\Desktop\Hamada\lab\data\raw\images\Describable Textures Dataset\images\stratified\stratified_0091.jpg,0.3943814660961909,9,False
C:\Users\Hamada.MSI\Desktop\Hamada\lab\data\raw\images\Describable Textures Dataset\images\chequered\chequered_0164.jpg,0.39463701256988226,9,False
C:\Users\Hamada.MSI\Desktop\Hamada\lab\data\raw\images\Describable Textures Dataset\images\banded\banded_0099.jpg,0.39483381234806475,9,False
C:\Users\Hamada.MSI\Desktop\Hamada\lab\data\raw\images\Describable Textures Dataset\images\studded\studded_0173.jpg,0.39492111873944263,9,False
C:\Users\Hamada.MSI\Desktop\Hamada\lab\data\raw\images\Describable Textures Dataset\images\grooved\grooved_0102.jpg,0.3949295791961439,9,False
C:\Users\Hamada.MSI\Desktop\Hamada\lab\data\raw\images\Describable Textures Dataset\images\gauzy\gauzy_0098.jpg,0.3951470866035465,9,False
C:\Users\Hamada.MSI\Desktop\Hamada\lab\data\raw\images\Describable Textures Dataset\images\stained\stained_0069.jpg,0.3952743551165878,9,False
C:\Users\Hamada.MSI\Desktop\Hamada\lab\data\raw\images\Describable Textures Dataset\images\freckled\freckled_0152.jpg,0.39577306587125916,9,False
C:\Users\Hamada.MSI\Desktop\Hamada\lab\data\raw\images\Describable Textures Dataset\images\stained\stained_0107.jpg,0.3958824469973831,9,False
C:\Users\Hamada.MSI\Desktop\Hamada\lab\data\raw\images\Describable Textures Dataset\images\swirly\swirly_0098.jpg,0.39610398459974067,9,False
C:\Users\Hamada.MSI\Desktop\Hamada\lab\data\raw\images\Describable Textures Dataset\images\scaly\scaly_0190.jpg,0.39612742445640303,9,False
C:\Users\Hamada.MSI\Desktop\Hamada\lab\data\raw\images\Describable Textures Dataset\images\smeared\smeared_0116.jpg,0.39622154481846417,9,False
C:\Users\Hamada.MSI\Desktop\Hamada\lab\data\raw\images\Describable Textures Dataset\images\blotchy\blotchy_0121.jpg,0.3963489880629642,9,False
C:\Users\Hamada.MSI\Desktop\Hamada\lab\data\raw\images\Describable Textures Dataset\images\woven\woven_0120.jpg,0.3963723314339763,9,False
C:\Users\Hamada.MSI\Desktop\Hamada\lab\data\raw\images\Describable Textures Dataset\images\paisley\paisley_0028.jpg,0.3963806894609567,9,False
C:\Users\Hamada.MSI\Desktop\Hamada\lab\data\raw\images\Describable Textures Dataset\images\lined\lined_0147.jpg,0.39648302684536463,9,False
C:\Users\Hamada.MSI\Desktop\Hamada\lab\data\raw\images\Describable Textures Dataset\images\frilly\frilly_0099.jpg,0.3965887272518874,9,False
C:\Users\Hamada.MSI\Desktop\Hamada\lab\data\raw\images\Describable Textures Dataset\images\lined\lined_0171.jpg,0.3968896088635456,9,False
C:\Users\Hamada.MSI\Desktop\Hamada\lab\data\raw\images\Describable Textures Dataset\images\pitted\pitted_0012.jpg,0.39728377276298915,9,False
C:\Users\Hamada.MSI\Desktop\Hamada\lab\data\raw\images\Describable Textures Dataset\images\woven\woven_0122.jpg,0.3973864594761132,9,False
C:\Users\Hamada.MSI\Desktop\Hamada\lab\data\raw\images\Describable Textures Dataset\images\blotchy\blotchy_0062.jpg,0.3974052235607619,9,False
C:\Users\Hamada.MSI\Desktop\Hamada\lab\data\raw\images\Describable Textures Dataset\images\freckled\freckled_0088.jpg,0.39740949687076155,9,False
C:\Users\Hamada.MSI\Desktop\Hamada\lab\data\raw\images\Describable Textures Dataset\images\crosshatched\crosshatched_0143.jpg,0.3975225895589889,9,False
C:\Users\Hamada.MSI\Desktop\Hamada\lab\data\raw\images\Describable Textures Dataset\images\interlaced\interlaced_0184.jpg,0.3977160551839759,9,False
C:\Users\Hamada.MSI\Desktop\Hamada\lab\data\raw\images\Describable Textures Dataset\images\grid\grid_0113.jpg,0.39772004654161397,9,False
C:\Users\Hamada.MSI\Desktop\Hamada\lab\data\raw\images\Describable Textures Dataset\images\waffled\waffled_0117.jpg,0.3977688253789793,9,False
C:\Users\Hamada.MSI\Desktop\Hamada\lab\data\raw\images\Describable Textures Dataset\images\flecked\flecked_0095.jpg,0.3981852677939438,9,False
C:\Users\Hamada.MSI\Desktop\Hamada\lab\data\raw\images\Describable Textures Dataset\images\bumpy\bumpy_0187.jpg,0.39853830097610077,9,False
C:\Users\Hamada.MSI\Desktop\Hamada\lab\data\raw\images\Describable Textures Dataset\images\lacelike\lacelike_0086.jpg,0.3985475602208649,9,False
C:\Users\Hamada.MSI\Desktop\Hamada\lab\data\raw\images\Describable Textures Dataset\images\frilly\frilly_0121.jpg,0.39861196787639763,9,False
C:\Users\Hamada.MSI\Desktop\Hamada\lab\data\raw\images\Describable Textures Dataset\images\wrinkled\wrinkled_0077.jpg,0.39861516525799207,9,False
C:\Users\Hamada.MSI\Desktop\Hamada\lab\data\raw\images\Describable Textures Dataset\images\banded\banded_0125.jpg,0.39891488010978887,9,False
C:\Users\Hamada.MSI\Desktop\Hamada\lab\data\raw\images\Describable Textures Dataset\images\chequered\chequered_0150.jpg,0.39895561292542553,9,False
C:\Users\Hamada.MSI\Desktop\Hamada\lab\data\raw\images\Describable Textures Dataset\images\bumpy\bumpy_0186.jpg,0.39920161940925425,9,False
C:\Users\Hamada.MSI\Desktop\Hamada\lab\data\raw\images\Describable Textures Dataset\images\freckled\freckled_0082.jpg,0.39930855140316746,9,False
C:\Users\Hamada.MSI\Desktop\Hamada\lab\data\raw\images\Describable Textures Dataset\images\crosshatched\crosshatched_0093.jpg,0.39936117375413815,9,False
C:\Users\Hamada.MSI\Desktop\Hamada\lab\data\raw\images\Describable Textures Dataset\images\scaly\scaly_0143.jpg,0.39960042382408884,9,False
C:\Users\Hamada.MSI\Desktop\Hamada\lab\data\raw\images\Describable Textures Dataset\images\spiralled\spiralled_0076.jpg,0.3996877232024378,9,False
C:\Users\Hamada.MSI\Desktop\Hamada\lab\data\raw\images\Describable Textures Dataset\images\paisley\paisley_0030.jpg,0.39984051487705813,9,False
C:\Users\Hamada.MSI\Desktop\Hamada\lab\data\raw\images\Describable Textures Dataset\images\bubbly\bubbly_0139.jpg,0.4000936600611996,9,False
C:\Users\Hamada.MSI\Desktop\Hamada\lab\data\raw\images\Describable Textures Dataset\images\meshed\meshed_0184.jpg,0.4002999845229759,9,False
C:\Users\Hamada.MSI\Desktop\Hamada\lab\data\raw\images\Describable Textures Dataset\images\stained\stained_0103.jpg,0.40038484514565476,9,False
C:\Users\Hamada.MSI\Desktop\Hamada\lab\data\raw\images\Describable Textures Dataset\images\lined\lined_0111.jpg,0.4004227785505291,9,False
C:\Users\Hamada.MSI\Desktop\Hamada\lab\data\raw\images\Describable Textures Dataset\images\spiralled\spiralled_0034.jpg,0.4005148822359085,9,False
C:\Users\Hamada.MSI\Desktop\Hamada\lab\data\raw\images\Describable Textures Dataset\images\sprinkled\sprinkled_0060.jpg,0.40062450318490306,9,False
C:\Users\Hamada.MSI\Desktop\Hamada\lab\data\raw\images\Describable Textures Dataset\images\flecked\flecked_0064.jpg,0.4007493256349133,9,False
C:\Users\Hamada.MSI\Desktop\Hamada\lab\data\raw\images\Describable Textures Dataset\images\paisley\paisley_0079.jpg,0.40083200680935893,9,False
C:\Users\Hamada.MSI\Desktop\Hamada\lab\data\raw\images\Describable Textures Dataset\images\grid\grid_0068.jpg,0.401100211392177,9,False
C:\Users\Hamada.MSI\Desktop\Hamada\lab\data\raw\images\Describable Textures Dataset\images\matted\matted_0113.jpg,0.4012607835245584,9,False
C:\Users\Hamada.MSI\Desktop\Hamada\lab\data\raw\images\Describable Textures Dataset\images\polka-dotted\polka-dotted_0217.jpg,0.4014452812735034,9,False
C:\Users\Hamada.MSI\Desktop\Hamada\lab\data\raw\images\McGill Calibrated Color Image Database\Textures\Textures\pippin_UniStrt022.tif,0.4018388202806242,9,False
C:\Users\Hamada.MSI\Desktop\Hamada\lab\data\raw\images\Describable Textures Dataset\images\paisley\paisley_0101.jpg,0.40184781644560663,9,False
C:\Users\Hamada.MSI\Desktop\Hamada\lab\data\raw\images\Describable Textures Dataset\images\bubbly\bubbly_0079.jpg,0.4019115074284739,9,False
C:\Users\Hamada.MSI\Desktop\Hamada\lab\data\raw\images\Describable Textures Dataset\images\interlaced\interlaced_0118.jpg,0.4019617918125184,9,False
C:\Users\Hamada.MSI\Desktop\Hamada\lab\data\raw\images\Describable Textures Dataset\images\woven\woven_0103.jpg,0.40214446619350946,9,False
C:\Users\Hamada.MSI\Desktop\Hamada\lab\data\raw\images\Describable Textures Dataset\images\interlaced\interlaced_0164.jpg,0.40215600136526075,9,False
C:\Users\Hamada.MSI\Desktop\Hamada\lab\data\raw\images\Describable Textures Dataset\images\sprinkled\sprinkled_0061.jpg,0.4022491987211533,9,False
C:\Users\Hamada.MSI\Desktop\Hamada\lab\data\raw\images\Describable Textures Dataset\images\smeared\smeared_0035.jpg,0.40267126403038195,9,False
C:\Users\Hamada.MSI\Desktop\Hamada\lab\data\raw\images\Describable Textures Dataset\images\stained\stained_0097.jpg,0.40284174651403715,9,False
C:\Users\Hamada.MSI\Desktop\Hamada\lab\data\raw\images\Describable Textures Dataset\images\studded\studded_0110.jpg,0.4032601037962954,9,False
C:\Users\Hamada.MSI\Desktop\Hamada\lab\data\raw\images\Describable Textures Dataset\images\honeycombed\honeycombed_0141.jpg,0.40330327964476187,9,False
C:\Users\Hamada.MSI\Desktop\Hamada\lab\data\raw\images\Describable Textures Dataset\images\banded\banded_0036.jpg,0.4035119326100776,9,False
C:\Users\Hamada.MSI\Desktop\Hamada\lab\data\raw\images\Describable Textures Dataset\images\wrinkled\wrinkled_0143.jpg,0.40362812815913246,9,False
C:\Users\Hamada.MSI\Desktop\Hamada\lab\data\raw\images\Describable Textures Dataset\images\marbled\marbled_0125.jpg,0.4036939329495182,9,False
C:\Users\Hamada.MSI\Desktop\Hamada\lab\data\raw\images\Describable Textures Dataset\images\wrinkled\wrinkled_0108.jpg,0.4038965920377323,9,False
C:\Users\Hamada.MSI\Desktop\Hamada\lab\data\raw\images\Describable Textures Dataset\images\lacelike\lacelike_0058.jpg,0.40408457733651476,9,False
C:\Users\Hamada.MSI\Desktop\Hamada\lab\data\raw\images\Describable Textures Dataset\images\flecked\flecked_0055.jpg,0.4044598661092001,9,False
C:\Users\Hamada.MSI\Desktop\Hamada\lab\data\raw\images\Describable Textures Dataset\images\freckled\freckled_0134.jpg,0.4045186764285347,9,False
C:\Users\Hamada.MSI\Desktop\Hamada\lab\data\raw\images\Describable Textures Dataset\images\paisley\paisley_0085.jpg,0.4046538222700473,9,False
C:\Users\Hamada.MSI\Desktop\Hamada\lab\data\raw\images\Describable Textures Dataset\images\pitted\pitted_0091.jpg,0.4047041026439665,9,False
C:\Users\Hamada.MSI\Desktop\Hamada\lab\data\raw\images\Describable Textures Dataset\images\banded\banded_0073.jpg,0.4051670800707467,9,False
C:\Users\Hamada.MSI\Desktop\Hamada\lab\data\raw\images\Describable Textures Dataset\images\knitted\knitted_0118.jpg,0.405212410531961,9,False
C:\Users\Hamada.MSI\Desktop\Hamada\lab\data\raw\images\Describable Textures Dataset\images\waffled\waffled_0108.jpg,0.4053398440636712,9,False
C:\Users\Hamada.MSI\Desktop\Hamada\lab\data\raw\images\Describable Textures Dataset\images\bubbly\bubbly_0125.jpg,0.4053438422423815,9,False
C:\Users\Hamada.MSI\Desktop\Hamada\lab\data\raw\images\Describable Textures Dataset\images\woven\woven_0003.jpg,0.40534479444836397,9,False
C:\Users\Hamada.MSI\Desktop\Hamada\lab\data\raw\images\Describable Textures Dataset\images\freckled\freckled_0123.jpg,0.4053589046131422,9,False
C:\Users\Hamada.MSI\Desktop\Hamada\lab\data\raw\images\Describable Textures Dataset\images\crosshatched\crosshatched_0127.jpg,0.4055696266163648,9,False
C:\Users\Hamada.MSI\Desktop\Hamada\lab\data\raw\images\Describable Textures Dataset\images\zigzagged\zigzagged_0079.jpg,0.40601026449329747,9,False
C:\Users\Hamada.MSI\Desktop\Hamada\lab\data\raw\images\Describable Textures Dataset\images\stained\stained_0138.jpg,0.4060440745428089,9,False
C:\Users\Hamada.MSI\Desktop\Hamada\lab\data\raw\images\Describable Textures Dataset\images\paisley\paisley_0051.jpg,0.4061065526272019,9,False
C:\Users\Hamada.MSI\Desktop\Hamada\lab\data\raw\images\Describable Textures Dataset\images\grooved\grooved_0123.jpg,0.40621743495399243,9,False
C:\Users\Hamada.MSI\Desktop\Hamada\lab\data\raw\images\Describable Textures Dataset\images\grooved\grooved_0088.jpg,0.4062203944216197,9,False
C:\Users\Hamada.MSI\Desktop\Hamada\lab\data\raw\images\Describable Textures Dataset\images\bumpy\bumpy_0140.jpg,0.4063206518696409,9,False
C:\Users\Hamada.MSI\Desktop\Hamada\lab\data\raw\images\Describable Textures Dataset\images\knitted\knitted_0137.jpg,0.4063729990748564,9,False
C:\Users\Hamada.MSI\Desktop\Hamada\lab\data\raw\images\Describable Textures Dataset\images\spiralled\spiralled_0135.jpg,0.40647392090486856,9,False
C:\Users\Hamada.MSI\Desktop\Hamada\lab\data\raw\images\Describable Textures Dataset\images\perforated\perforated_0042.jpg,0.4065928862522541,9,False
C:\Users\Hamada.MSI\Desktop\Hamada\lab\data\raw\images\Describable Textures Dataset\images\chequered\chequered_0212.jpg,0.40666306406874136,9,False
C:\Users\Hamada.MSI\Desktop\Hamada\lab\data\raw\images\Describable Textures Dataset\images\interlaced\interlaced_0142.jpg,0.40682359907833754,9,False
C:\Users\Hamada.MSI\Desktop\Hamada\lab\data\raw\images\Describable Textures Dataset\images\zigzagged\zigzagged_0133.jpg,0.40690968729955757,9,False
C:\Users\Hamada.MSI\Desktop\Hamada\lab\data\raw\images\Describable Textures Dataset\images\pleated\pleated_0049.jpg,0.406995106445839,9,False
C:\Users\Hamada.MSI\Desktop\Hamada\lab\data\raw\images\Describable Textures Dataset\images\lacelike\lacelike_0102.jpg,0.4072233771704648,9,False
C:\Users\Hamada.MSI\Desktop\Hamada\lab\data\raw\images\Describable Textures Dataset\images\stained\stained_0059.jpg,0.4075179359843219,9,False
C:\Users\Hamada.MSI\Desktop\Hamada\lab\data\raw\images\Describable Textures Dataset\images\pleated\pleated_0105.jpg,0.40752709902468826,9,False
C:\Users\Hamada.MSI\Desktop\Hamada\lab\data\raw\images\Describable Textures Dataset\images\gauzy\gauzy_0115.jpg,0.4076971427758177,9,False
C:\Users\Hamada.MSI\Desktop\Hamada\lab\data\raw\images\Describable Textures Dataset\images\chequered\chequered_0206.jpg,0.40784354658947025,9,False
C:\Users\Hamada.MSI\Desktop\Hamada\lab\data\raw\images\Describable Textures Dataset\images\studded\studded_0113.jpg,0.4086309161716648,9,False
C:\Users\Hamada.MSI\Desktop\Hamada\lab\data\raw\images\Describable Textures Dataset\images\braided\braided_0122.jpg,0.40879891242169025,9,False
C:\Users\Hamada.MSI\Desktop\Hamada\lab\data\raw\images\Describable Textures Dataset\images\wrinkled\wrinkled_0073.jpg,0.40887779095505034,9,False
C:\Users\Hamada.MSI\Desktop\Hamada\lab\data\raw\images\Describable Textures Dataset\images\freckled\freckled_0160.jpg,0.4089558345967402,9,False
C:\Users\Hamada.MSI\Desktop\Hamada\lab\data\raw\images\Describable Textures Dataset\images\lined\lined_0155.jpg,0.4091141694450816,9,False
C:\Users\Hamada.MSI\Desktop\Hamada\lab\data\raw\images\Describable Textures Dataset\images\cobwebbed\cobwebbed_0157.jpg,0.409154234705969,9,False
C:\Users\Hamada.MSI\Desktop\Hamada\lab\data\raw\images\Describable Textures Dataset\images\perforated\perforated_0047.jpg,0.4094831448335308,9,False
C:\Users\Hamada.MSI\Desktop\Hamada\lab\data\raw\images\Describable Textures Dataset\images\smeared\smeared_0122.jpg,0.4096129836902843,9,False
C:\Users\Hamada.MSI\Desktop\Hamada\lab\data\raw\images\Describable Textures Dataset\images\sprinkled\sprinkled_0111.jpg,0.4096714655746375,9,False
C:\Users\Hamada.MSI\Desktop\Hamada\lab\data\raw\images\Describable Textures Dataset\images\honeycombed\honeycombed_0172.jpg,0.4098576633700956,9,False
C:\Users\Hamada.MSI\Desktop\Hamada\lab\data\raw\images\Describable Textures Dataset\images\freckled\freckled_0165.jpg,0.41013313295432263,9,False
C:\Users\Hamada.MSI\Desktop\Hamada\lab\data\raw\images\Describable Textures Dataset\images\bumpy\bumpy_0154.jpg,0.41021037769905916,9,False
C:\Users\Hamada.MSI\Desktop\Hamada\lab\data\raw\images\Describable Textures Dataset\images\smeared\smeared_0017.jpg,0.4103529120905474,9,False
C:\Users\Hamada.MSI\Desktop\Hamada\lab\data\raw\images\Describable Textures Dataset\images\stained\stained_0111.jpg,0.41038450153874984,9,False
C:\Users\Hamada.MSI\Desktop\Hamada\lab\data\raw\images\Describable Textures Dataset\images\wrinkled\wrinkled_0101.jpg,0.41057413696614165,9,False
C:\Users\Hamada.MSI\Desktop\Hamada\lab\data\raw\images\Describable Textures Dataset\images\sprinkled\sprinkled_0095.jpg,0.410593006117287,9,False
C:\Users\Hamada.MSI\Desktop\Hamada\lab\data\raw\images\Describable Textures Dataset\images\studded\studded_0167.jpg,0.4106724271800006,9,False
C:\Users\Hamada.MSI\Desktop\Hamada\lab\data\raw\images\Describable Textures Dataset\images\grid\grid_0007.jpg,0.4106805395197265,9,False
C:\Users\Hamada.MSI\Desktop\Hamada\lab\data\raw\images\Describable Textures Dataset\images\cracked\cracked_0046.jpg,0.41070383003459965,9,False
C:\Users\Hamada.MSI\Desktop\Hamada\lab\data\raw\images\Describable Textures Dataset\images\zigzagged\zigzagged_0125.jpg,0.41072686711243184,9,False
C:\Users\Hamada.MSI\Desktop\Hamada\lab\data\raw\images\Describable Textures Dataset\images\banded\banded_0089.jpg,0.4107403825254677,9,False
C:\Users\Hamada.MSI\Desktop\Hamada\lab\data\raw\images\Describable Textures Dataset\images\wrinkled\wrinkled_0015.jpg,0.4108559497374037,9,False
C:\Users\Hamada.MSI\Desktop\Hamada\lab\data\raw\images\Describable Textures Dataset\images\smeared\smeared_0115.jpg,0.4109214794575799,9,False
C:\Users\Hamada.MSI\Desktop\Hamada\lab\data\raw\images\Describable Textures Dataset\images\veined\veined_0141.jpg,0.4110830083817304,9,False
C:\Users\Hamada.MSI\Desktop\Hamada\lab\data\raw\images\Describable Textures Dataset\images\cracked\cracked_0090.jpg,0.41147363797283565,9,False
C:\Users\Hamada.MSI\Desktop\Hamada\lab\data\raw\images\Describable Textures Dataset\images\knitted\knitted_0201.jpg,0.41192693990157125,9,False
C:\Users\Hamada.MSI\Desktop\Hamada\lab\data\raw\images\Describable Textures Dataset\images\crosshatched\crosshatched_0110.jpg,0.41203485247726734,9,False
C:\Users\Hamada.MSI\Desktop\Hamada\lab\data\raw\images\Describable Textures Dataset\images\fibrous\fibrous_0154.jpg,0.4122998024763443,9,False
C:\Users\Hamada.MSI\Desktop\Hamada\lab\data\raw\images\Describable Textures Dataset\images\perforated\perforated_0131.jpg,0.4125497043740711,9,False
C:\Users\Hamada.MSI\Desktop\Hamada\lab\data\raw\images\Describable Textures Dataset\images\freckled\freckled_0107.jpg,0.4127177432821756,9,False
C:\Users\Hamada.MSI\Desktop\Hamada\lab\data\raw\images\Describable Textures Dataset\images\sprinkled\sprinkled_0103.jpg,0.4127572464262712,9,False
C:\Users\Hamada.MSI\Desktop\Hamada\lab\data\raw\images\Describable Textures Dataset\images\zigzagged\zigzagged_0052.jpg,0.41277477023020814,9,False
C:\Users\Hamada.MSI\Desktop\Hamada\lab\data\raw\images\Describable Textures Dataset\images\zigzagged\zigzagged_0016.jpg,0.41289776733980144,9,False
C:\Users\Hamada.MSI\Desktop\Hamada\lab\data\raw\images\Describable Textures Dataset\images\chequered\chequered_0046.jpg,0.4129589195367528,9,False
C:\Users\Hamada.MSI\Desktop\Hamada\lab\data\raw\images\Describable Textures Dataset\images\chequered\chequered_0054.jpg,0.41296184829032523,9,False
C:\Users\Hamada.MSI\Desktop\Hamada\lab\data\raw\images\Describable Textures Dataset\images\zigzagged\zigzagged_0087.jpg,0.4129751334244305,9,False
C:\Users\Hamada.MSI\Desktop\Hamada\lab\data\raw\images\Describable Textures Dataset\images\potholed\potholed_0080.jpg,0.4131196272663141,9,False
C:\Users\Hamada.MSI\Desktop\Hamada\lab\data\raw\images\Describable Textures Dataset\images\lacelike\lacelike_0029.jpg,0.4131273011801891,9,False
C:\Users\Hamada.MSI\Desktop\Hamada\lab\data\raw\images\Describable Textures Dataset\images\swirly\swirly_0125.jpg,0.41326288809067885,9,False
C:\Users\Hamada.MSI\Desktop\Hamada\lab\data\raw\images\Describable Textures Dataset\images\marbled\marbled_0099.jpg,0.41337051011912773,9,False
C:\Users\Hamada.MSI\Desktop\Hamada\lab\data\raw\images\Describable Textures Dataset\images\marbled\marbled_0157.jpg,0.4134065643251052,9,False
C:\Users\Hamada.MSI\Desktop\Hamada\lab\data\raw\images\Describable Textures Dataset\images\bubbly\bubbly_0144.jpg,0.41471971658507367,9,False
C:\Users\Hamada.MSI\Desktop\Hamada\lab\data\raw\images\Describable Textures Dataset\images\crosshatched\crosshatched_0153.jpg,0.4147683992376662,9,False
C:\Users\Hamada.MSI\Desktop\Hamada\lab\data\raw\images\Describable Textures Dataset\images\freckled\freckled_0145.jpg,0.4147717385504624,9,False
C:\Users\Hamada.MSI\Desktop\Hamada\lab\data\raw\images\Describable Textures Dataset\images\veined\veined_0066.jpg,0.4148377961024721,9,False
C:\Users\Hamada.MSI\Desktop\Hamada\lab\data\raw\images\Describable Textures Dataset\images\frilly\frilly_0089.jpg,0.4148745591260468,9,False
C:\Users\Hamada.MSI\Desktop\Hamada\lab\data\raw\images\Describable Textures Dataset\images\zigzagged\zigzagged_0015.jpg,0.41500775927626504,9,False
C:\Users\Hamada.MSI\Desktop\Hamada\lab\data\raw\images\Describable Textures Dataset\images\flecked\flecked_0169.jpg,0.41539837722050316,9,False
C:\Users\Hamada.MSI\Desktop\Hamada\lab\data\raw\images\Describable Textures Dataset\images\lined\lined_0157.jpg,0.41548468078005496,9,False
C:\Users\Hamada.MSI\Desktop\Hamada\lab\data\raw\images\Describable Textures Dataset\images\crystalline\crystalline_0149.jpg,0.41565228096443646,9,False
C:\Users\Hamada.MSI\Desktop\Hamada\lab\data\raw\images\Describable Textures Dataset\images\potholed\potholed_0143.jpg,0.4156978713907323,9,False
C:\Users\Hamada.MSI\Desktop\Hamada\lab\data\raw\images\Describable Textures Dataset\images\crosshatched\crosshatched_0142.jpg,0.41575524613569437,9,False
C:\Users\Hamada.MSI\Desktop\Hamada\lab\data\raw\images\Describable Textures Dataset\images\flecked\flecked_0084.jpg,0.4158347377165837,9,False
C:\Users\Hamada.MSI\Desktop\Hamada\lab\data\raw\images\Describable Textures Dataset\images\potholed\potholed_0148.jpg,0.41621556472545035,9,False
C:\Users\Hamada.MSI\Desktop\Hamada\lab\data\raw\images\Describable Textures Dataset\images\potholed\potholed_0094.jpg,0.41622096430783956,9,False
C:\Users\Hamada.MSI\Desktop\Hamada\lab\data\raw\images\Describable Textures Dataset\images\grooved\grooved_0112.jpg,0.41626781282653835,9,False
C:\Users\Hamada.MSI\Desktop\Hamada\lab\data\raw\images\Describable Textures Dataset\images\smeared\smeared_0120.jpg,0.4163129961449325,9,False
C:\Users\Hamada.MSI\Desktop\Hamada\lab\data\raw\images\Describable Textures Dataset\images\waffled\waffled_0192.jpg,0.41639894169051767,9,False
C:\Users\Hamada.MSI\Desktop\Hamada\lab\data\raw\images\Describable Textures Dataset\images\striped\striped_0108.jpg,0.41723832111687054,9,False
C:\Users\Hamada.MSI\Desktop\Hamada\lab\data\raw\images\Describable Textures Dataset\images\zigzagged\zigzagged_0046.jpg,0.4174074721210395,9,False
C:\Users\Hamada.MSI\Desktop\Hamada\lab\data\raw\images\Describable Textures Dataset\images\lined\lined_0125.jpg,0.41749454926087476,9,False
C:\Users\Hamada.MSI\Desktop\Hamada\lab\data\raw\images\Describable Textures Dataset\images\crosshatched\crosshatched_0145.jpg,0.4175727004691765,9,False
C:\Users\Hamada.MSI\Desktop\Hamada\lab\data\raw\images\Describable Textures Dataset\images\flecked\flecked_0094.jpg,0.4175808597950062,9,False
C:\Users\Hamada.MSI\Desktop\Hamada\lab\data\raw\images\Describable Textures Dataset\images\scaly\scaly_0212.jpg,0.41786539886992063,9,False
C:\Users\Hamada.MSI\Desktop\Hamada\lab\data\raw\images\Describable Textures Dataset\images\crystalline\crystalline_0147.jpg,0.41810647709176446,9,False
C:\Users\Hamada.MSI\Desktop\Hamada\lab\data\raw\images\Describable Textures Dataset\images\frilly\frilly_0031.jpg,0.41838645853959505,9,False
C:\Users\Hamada.MSI\Desktop\Hamada\lab\data\raw\images\Describable Textures Dataset\images\bubbly\bubbly_0163.jpg,0.4183943221540437,9,False
C:\Users\Hamada.MSI\Desktop\Hamada\lab\data\raw\images\Describable Textures Dataset\images\sprinkled\sprinkled_0144.jpg,0.4184669581088049,9,False
C:\Users\Hamada.MSI\Desktop\Hamada\lab\data\raw\images\Describable Textures Dataset\images\honeycombed\honeycombed_0134.jpg,0.4186502456104341,9,False
C:\Users\Hamada.MSI\Desktop\Hamada\lab\data\raw\images\Describable Textures Dataset\images\scaly\scaly_0153.jpg,0.41873497922434355,9,False
C:\Users\Hamada.MSI\Desktop\Hamada\lab\data\raw\images\Describable Textures Dataset\images\studded\studded_0186.jpg,0.418748033812926,9,False
C:\Users\Hamada.MSI\Desktop\Hamada\lab\data\raw\images\Describable Textures Dataset\images\porous\porous_0157.jpg,0.41875058214030336,9,False
C:\Users\Hamada.MSI\Desktop\Hamada\lab\data\raw\images\Describable Textures Dataset\images\crystalline\crystalline_0176.jpg,0.4189494619367237,9,False
C:\Users\Hamada.MSI\Desktop\Hamada\lab\data\raw\images\Describable Textures Dataset\images\dotted\dotted_0150.jpg,0.4194865975111867,9,False
C:\Users\Hamada.MSI\Desktop\Hamada\lab\data\raw\images\Describable Textures Dataset\images\lined\lined_0163.jpg,0.41981018427617744,9,False
C:\Users\Hamada.MSI\Desktop\Hamada\lab\data\raw\images\Describable Textures Dataset\images\cracked\cracked_0101.jpg,0.4198141451605104,9,False
C:\Users\Hamada.MSI\Desktop\Hamada\lab\data\raw\images\Describable Textures Dataset\images\scaly\scaly_0164.jpg,0.41995282682453705,9,False
C:\Users\Hamada.MSI\Desktop\Hamada\lab\data\raw\images\Describable Textures Dataset\images\frilly\frilly_0093.jpg,0.419993610956157,9,False
C:\Users\Hamada.MSI\Desktop\Hamada\lab\data\raw\images\Describable Textures Dataset\images\swirly\swirly_0172.jpg,0.4202457079414867,9,False
C:\Users\Hamada.MSI\Desktop\Hamada\lab\data\raw\images\Describable Textures Dataset\images\cobwebbed\cobwebbed_0124.jpg,0.4205603359694943,9,False
C:\Users\Hamada.MSI\Desktop\Hamada\lab\data\raw\images\Describable Textures Dataset\images\chequered\chequered_0200.jpg,0.42066416924656824,9,False
C:\Users\Hamada.MSI\Desktop\Hamada\lab\data\raw\images\Describable Textures Dataset\images\paisley\paisley_0001.jpg,0.4207237097955472,9,False
C:\Users\Hamada.MSI\Desktop\Hamada\lab\data\raw\images\Describable Textures Dataset\images\grooved\grooved_0098.jpg,0.4207958282621583,9,False
C:\Users\Hamada.MSI\Desktop\Hamada\lab\data\raw\images\Describable Textures Dataset\images\porous\porous_0121.jpg,0.42081787006243765,9,False
C:\Users\Hamada.MSI\Desktop\Hamada\lab\data\raw\images\Describable Textures Dataset\images\porous\porous_0137.jpg,0.42087109747995216,9,False
C:\Users\Hamada.MSI\Desktop\Hamada\lab\data\raw\images\Describable Textures Dataset\images\porous\porous_0162.jpg,0.4208955928883277,9,False
C:\Users\Hamada.MSI\Desktop\Hamada\lab\data\raw\images\Describable Textures Dataset\images\woven\woven_0087.jpg,0.42101702989308226,9,False
C:\Users\Hamada.MSI\Desktop\Hamada\lab\data\raw\images\Describable Textures Dataset\images\frilly\frilly_0007.jpg,0.4211920506710467,9,False
C:\Users\Hamada.MSI\Desktop\Hamada\lab\data\raw\images\Describable Textures Dataset\images\wrinkled\wrinkled_0105.jpg,0.4217765114287846,9,False
C:\Users\Hamada.MSI\Desktop\Hamada\lab\data\raw\images\Describable Textures Dataset\images\lacelike\lacelike_0050.jpg,0.4219481812578816,9,False
C:\Users\Hamada.MSI\Desktop\Hamada\lab\data\raw\images\Describable Textures Dataset\images\honeycombed\honeycombed_0156.jpg,0.42196453999764844,9,False
C:\Users\Hamada.MSI\Desktop\Hamada\lab\data\raw\images\Describable Textures Dataset\images\polka-dotted\polka-dotted_0151.jpg,0.4222215902606862,9,False
C:\Users\Hamada.MSI\Desktop\Hamada\lab\data\raw\images\Describable Textures Dataset\images\gauzy\gauzy_0185.jpg,0.4223682086980141,9,False
C:\Users\Hamada.MSI\Desktop\Hamada\lab\data\raw\images\Describable Textures Dataset\images\grooved\grooved_0143.jpg,0.4223841912793024,9,False
C:\Users\Hamada.MSI\Desktop\Hamada\lab\data\raw\images\Describable Textures Dataset\images\smeared\smeared_0097.jpg,0.4223977790492802,9,False
C:\Users\Hamada.MSI\Desktop\Hamada\lab\data\raw\images\Describable Textures Dataset\images\wrinkled\wrinkled_0031.jpg,0.4224030580677515,9,False
C:\Users\Hamada.MSI\Desktop\Hamada\lab\data\raw\images\Describable Textures Dataset\images\chequered\chequered_0165.jpg,0.42255806204191465,9,False
C:\Users\Hamada.MSI\Desktop\Hamada\lab\data\raw\images\Describable Textures Dataset\images\dotted\dotted_0117.jpg,0.42260722790691174,9,False
C:\Users\Hamada.MSI\Desktop\Hamada\lab\data\raw\images\Describable Textures Dataset\images\smeared\smeared_0132.jpg,0.42269724691952826,9,False
C:\Users\Hamada.MSI\Desktop\Hamada\lab\data\raw\images\Describable Textures Dataset\images\matted\matted_0057.jpg,0.4229683459989906,9,False
C:\Users\Hamada.MSI\Desktop\Hamada\lab\data\raw\images\Describable Textures Dataset\images\gauzy\gauzy_0172.jpg,0.4234486164973072,9,False
C:\Users\Hamada.MSI\Desktop\Hamada\lab\data\raw\images\Describable Textures Dataset\images\spiralled\spiralled_0123.jpg,0.42367759085142936,9,False
C:\Users\Hamada.MSI\Desktop\Hamada\lab\data\raw\images\Describable Textures Dataset\images\grid\grid_0130.jpg,0.42368124769702037,9,False
C:\Users\Hamada.MSI\Desktop\Hamada\lab\data\raw\images\Describable Textures Dataset\images\braided\braided_0172.jpg,0.42379354004451736,9,False
C:\Users\Hamada.MSI\Desktop\Hamada\lab\data\raw\images\Describable Textures Dataset\images\stained\stained_0092.jpg,0.42396270964033217,9,False
C:\Users\Hamada.MSI\Desktop\Hamada\lab\data\raw\images\Describable Textures Dataset\images\scaly\scaly_0125.jpg,0.4240572111299636,9,False
C:\Users\Hamada.MSI\Desktop\Hamada\lab\data\raw\images\Describable Textures Dataset\images\chequered\chequered_0196.jpg,0.4245355376616297,9,False
C:\Users\Hamada.MSI\Desktop\Hamada\lab\data\raw\images\Describable Textures Dataset\images\lined\lined_0117.jpg,0.4245981927113045,9,False
C:\Users\Hamada.MSI\Desktop\Hamada\lab\data\raw\images\Describable Textures Dataset\images\paisley\paisley_0039.jpg,0.42467868007599097,9,False
C:\Users\Hamada.MSI\Desktop\Hamada\lab\data\raw\images\Describable Textures Dataset\images\stratified\stratified_0046.jpg,0.4248306472533379,9,False
C:\Users\Hamada.MSI\Desktop\Hamada\lab\data\raw\images\Describable Textures Dataset\images\cobwebbed\cobwebbed_0120.jpg,0.4248920689040201,9,False
C:\Users\Hamada.MSI\Desktop\Hamada\lab\data\raw\images\Describable Textures Dataset\images\gauzy\gauzy_0188.jpg,0.42503655839926907,9,False
C:\Users\Hamada.MSI\Desktop\Hamada\lab\data\raw\images\Describable Textures Dataset\images\fibrous\fibrous_0145.jpg,0.4250600210403148,9,False
C:\Users\Hamada.MSI\Desktop\Hamada\lab\data\raw\images\Describable Textures Dataset\images\freckled\freckled_0117.jpg,0.4250716811062039,9,False
C:\Users\Hamada.MSI\Desktop\Hamada\lab\data\raw\images\Describable Textures Dataset\images\honeycombed\honeycombed_0111.jpg,0.4251098550404158,9,False
C:\Users\Hamada.MSI\Desktop\Hamada\lab\data\raw\images\Describable Textures Dataset\images\smeared\smeared_0150.jpg,0.425202349792359,9,False
C:\Users\Hamada.MSI\Desktop\Hamada\lab\data\raw\images\Describable Textures Dataset\images\bumpy\bumpy_0143.jpg,0.4252380464230189,9,False
C:\Users\Hamada.MSI\Desktop\Hamada\lab\data\raw\images\Describable Textures Dataset\images\grooved\grooved_0119.jpg,0.42547049258446135,9,False
C:\Users\Hamada.MSI\Desktop\Hamada\lab\data\raw\images\Describable Textures Dataset\images\paisley\paisley_0032.jpg,0.42572839262375983,9,False
C:\Users\Hamada.MSI\Desktop\Hamada\lab\data\raw\images\Describable Textures Dataset\images\swirly\swirly_0177.jpg,0.42583703323500605,9,False
C:\Users\Hamada.MSI\Desktop\Hamada\lab\data\raw\images\Describable Textures Dataset\images\bubbly\bubbly_0075.jpg,0.42597480751396516,9,False
C:\Users\Hamada.MSI\Desktop\Hamada\lab\data\raw\images\Describable Textures Dataset\images\porous\porous_0148.jpg,0.42609393279188795,9,False
C:\Users\Hamada.MSI\Desktop\Hamada\lab\data\raw\images\Describable Textures Dataset\images\potholed\potholed_0057.jpg,0.42610475513470464,9,False
C:\Users\Hamada.MSI\Desktop\Hamada\lab\data\raw\images\Describable Textures Dataset\images\frilly\frilly_0104.jpg,0.4262334417918451,9,False
C:\Users\Hamada.MSI\Desktop\Hamada\lab\data\raw\images\Describable Textures Dataset\images\crystalline\crystalline_0217.jpg,0.42639941714825436,9,False
C:\Users\Hamada.MSI\Desktop\Hamada\lab\data\raw\images\Describable Textures Dataset\images\interlaced\interlaced_0047.jpg,0.4264453387074016,9,False
C:\Users\Hamada.MSI\Desktop\Hamada\lab\data\raw\images\Describable Textures Dataset\images\lacelike\lacelike_0060.jpg,0.4265334463772707,9,False
C:\Users\Hamada.MSI\Desktop\Hamada\lab\data\raw\images\Describable Textures Dataset\images\pleated\pleated_0129.jpg,0.4266566920112585,9,False
C:\Users\Hamada.MSI\Desktop\Hamada\lab\data\raw\images\Describable Textures Dataset\images\banded\banded_0152.jpg,0.42682779594775433,9,False
C:\Users\Hamada.MSI\Desktop\Hamada\lab\data\raw\images\Describable Textures Dataset\images\bubbly\bubbly_0120.jpg,0.4268812359204005,9,False
C:\Users\Hamada.MSI\Desktop\Hamada\lab\data\raw\images\Describable Textures Dataset\images\paisley\paisley_0115.jpg,0.42711213019067984,9,False
C:\Users\Hamada.MSI\Desktop\Hamada\lab\data\raw\images\Describable Textures Dataset\images\bubbly\bubbly_0166.jpg,0.4272061046509334,9,False
C:\Users\Hamada.MSI\Desktop\Hamada\lab\data\raw\images\Describable Textures Dataset\images\polka-dotted\polka-dotted_0128.jpg,0.4273074223109397,9,False
C:\Users\Hamada.MSI\Desktop\Hamada\lab\data\raw\images\Describable Textures Dataset\images\pleated\pleated_0148.jpg,0.4274199001789867,9,False
C:\Users\Hamada.MSI\Desktop\Hamada\lab\data\raw\images\Describable Textures Dataset\images\zigzagged\zigzagged_0009.jpg,0.42766548319230707,9,False
C:\Users\Hamada.MSI\Desktop\Hamada\lab\data\raw\images\Describable Textures Dataset\images\bumpy\bumpy_0179.jpg,0.4277825974700359,9,False
C:\Users\Hamada.MSI\Desktop\Hamada\lab\data\raw\images\Describable Textures Dataset\images\chequered\chequered_0122.jpg,0.42799662072256495,9,False
C:\Users\Hamada.MSI\Desktop\Hamada\lab\data\raw\images\Describable Textures Dataset\images\zigzagged\zigzagged_0117.jpg,0.4280597045874032,9,False
C:\Users\Hamada.MSI\Desktop\Hamada\lab\data\raw\images\Describable Textures Dataset\images\wrinkled\wrinkled_0071.jpg,0.4283415362331069,9,False
C:\Users\Hamada.MSI\Desktop\Hamada\lab\data\raw\images\Describable Textures Dataset\images\pitted\pitted_0118.jpg,0.4283987641856989,9,False
C:\Users\Hamada.MSI\Desktop\Hamada\lab\data\raw\images\Describable Textures Dataset\images\gauzy\gauzy_0133.jpg,0.42842462512745083,9,False
C:\Users\Hamada.MSI\Desktop\Hamada\lab\data\raw\images\Describable Textures Dataset\images\marbled\marbled_0115.jpg,0.428560206946516,9,False
C:\Users\Hamada.MSI\Desktop\Hamada\lab\data\raw\images\Describable Textures Dataset\images\freckled\freckled_0146.jpg,0.428793498612191,9,False
C:\Users\Hamada.MSI\Desktop\Hamada\lab\data\raw\images\Describable Textures Dataset\images\smeared\smeared_0066.jpg,0.42917421397185157,9,False
C:\Users\Hamada.MSI\Desktop\Hamada\lab\data\raw\images\Describable Textures Dataset\images\banded\banded_0137.jpg,0.42922502224338044,9,False
C:\Users\Hamada.MSI\Desktop\Hamada\lab\data\raw\images\Describable Textures Dataset\images\zigzagged\zigzagged_0114.jpg,0.42939685512779385,9,False
C:\Users\Hamada.MSI\Desktop\Hamada\lab\data\raw\images\Describable Textures Dataset\images\crosshatched\crosshatched_0157.jpg,0.4294783392445851,9,False
C:\Users\Hamada.MSI\Desktop\Hamada\lab\data\raw\images\Describable Textures Dataset\images\marbled\marbled_0177.jpg,0.4294882147526001,9,False
C:\Users\Hamada.MSI\Desktop\Hamada\lab\data\raw\images\Describable Textures Dataset\images\frilly\frilly_0050.jpg,0.429491212619266,9,False
C:\Users\Hamada.MSI\Desktop\Hamada\lab\data\raw\images\Describable Textures Dataset\images\interlaced\interlaced_0099.jpg,0.4295932129502815,9,False
C:\Users\Hamada.MSI\Desktop\Hamada\lab\data\raw\images\Describable Textures Dataset\images\sprinkled\sprinkled_0044.jpg,0.42963143429585887,9,False
C:\Users\Hamada.MSI\Desktop\Hamada\lab\data\raw\images\Describable Textures Dataset\images\spiralled\spiralled_0070.jpg,0.4297405218492282,9,False
C:\Users\Hamada.MSI\Desktop\Hamada\lab\data\raw\images\Describable Textures Dataset\images\chequered\chequered_0098.jpg,0.42995413345430916,9,False
C:\Users\Hamada.MSI\Desktop\Hamada\lab\data\raw\images\Describable Textures Dataset\images\gauzy\gauzy_0095.jpg,0.429971260956472,9,False
C:\Users\Hamada.MSI\Desktop\Hamada\lab\data\raw\images\Describable Textures Dataset\images\pleated\pleated_0097.jpg,0.4302482322006346,9,False
C:\Users\Hamada.MSI\Desktop\Hamada\lab\data\raw\images\Describable Textures Dataset\images\crosshatched\crosshatched_0149.jpg,0.4303073877199715,9,False
C:\Users\Hamada.MSI\Desktop\Hamada\lab\data\raw\images\Describable Textures Dataset\images\marbled\marbled_0088.jpg,0.4303511057412521,9,False
C:\Users\Hamada.MSI\Desktop\Hamada\lab\data\raw\images\Describable Textures Dataset\images\waffled\waffled_0164.jpg,0.43044679899727584,9,False
C:\Users\Hamada.MSI\Desktop\Hamada\lab\data\raw\images\Describable Textures Dataset\images\striped\striped_0068.jpg,0.43062011736946554,9,False
C:\Users\Hamada.MSI\Desktop\Hamada\lab\data\raw\images\Describable Textures Dataset\images\braided\braided_0189.jpg,0.4308108325320724,9,False
C:\Users\Hamada.MSI\Desktop\Hamada\lab\data\raw\images\Describable Textures Dataset\images\crystalline\crystalline_0203.jpg,0.4308326112966718,9,False
C:\Users\Hamada.MSI\Desktop\Hamada\lab\data\raw\images\Describable Textures Dataset\images\sprinkled\sprinkled_0118.jpg,0.43085945513811413,9,False
C:\Users\Hamada.MSI\Desktop\Hamada\lab\data\raw\images\Describable Textures Dataset\images\gauzy\gauzy_0094.jpg,0.4310700741504137,9,False
C:\Users\Hamada.MSI\Desktop\Hamada\lab\data\raw\images\Describable Textures Dataset\images\honeycombed\honeycombed_0042.jpg,0.4310738152423786,9,False
C:\Users\Hamada.MSI\Desktop\Hamada\lab\data\raw\images\Describable Textures Dataset\images\lacelike\lacelike_0098.jpg,0.4310789846419695,9,False
C:\Users\Hamada.MSI\Desktop\Hamada\lab\data\raw\images\Describable Textures Dataset\images\dotted\dotted_0190.jpg,0.43117503728004614,9,False
C:\Users\Hamada.MSI\Desktop\Hamada\lab\data\raw\images\Describable Textures Dataset\images\porous\porous_0150.jpg,0.431407025824543,9,False
C:\Users\Hamada.MSI\Desktop\Hamada\lab\data\raw\images\Describable Textures Dataset\images\cracked\cracked_0131.jpg,0.43144952737213593,9,False
C:\Users\Hamada.MSI\Desktop\Hamada\lab\data\raw\images\Describable Textures Dataset\images\honeycombed\honeycombed_0130.jpg,0.4314932457923014,9,False
C:\Users\Hamada.MSI\Desktop\Hamada\lab\data\raw\images\Describable Textures Dataset\images\cracked\cracked_0137.jpg,0.43187523927148247,9,False
C:\Users\Hamada.MSI\Desktop\Hamada\lab\data\raw\images\Describable Textures Dataset\images\freckled\freckled_0138.jpg,0.43211071904840453,9,False
C:\Users\Hamada.MSI\Desktop\Hamada\lab\data\raw\images\Describable Textures Dataset\images\pleated\pleated_0077.jpg,0.4321501106761569,9,False
C:\Users\Hamada.MSI\Desktop\Hamada\lab\data\raw\images\Describable Textures Dataset\images\polka-dotted\polka-dotted_0134.jpg,0.4324384478506423,9,False
C:\Users\Hamada.MSI\Desktop\Hamada\lab\data\raw\images\Describable Textures Dataset\images\marbled\marbled_0090.jpg,0.4324984882448779,9,False
C:\Users\Hamada.MSI\Desktop\Hamada\lab\data\raw\images\Describable Textures Dataset\images\marbled\marbled_0187.jpg,0.4325813754887712,9,False
C:\Users\Hamada.MSI\Desktop\Hamada\lab\data\raw\images\Describable Textures Dataset\images\dotted\dotted_0101.jpg,0.43292223344707936,9,False
C:\Users\Hamada.MSI\Desktop\Hamada\lab\data\raw\images\Describable Textures Dataset\images\grooved\grooved_0146.jpg,0.43314211107077927,9,False
C:\Users\Hamada.MSI\Desktop\Hamada\lab\data\raw\images\Describable Textures Dataset\images\wrinkled\wrinkled_0086.jpg,0.4332492436581425,9,False
C:\Users\Hamada.MSI\Desktop\Hamada\lab\data\raw\images\Describable Textures Dataset\images\paisley\paisley_0113.jpg,0.43326851817893325,9,False
C:\Users\Hamada.MSI\Desktop\Hamada\lab\data\raw\images\Describable Textures Dataset\images\lacelike\lacelike_0022.jpg,0.4336046333805306,9,False
C:\Users\Hamada.MSI\Desktop\Hamada\lab\data\raw\images\Describable Textures Dataset\images\lacelike\lacelike_0083.jpg,0.43363432346166575,9,False
C:\Users\Hamada.MSI\Desktop\Hamada\lab\data\raw\images\Describable Textures Dataset\images\woven\woven_0113.jpg,0.43371909396871305,9,False
C:\Users\Hamada.MSI\Desktop\Hamada\lab\data\raw\images\Describable Textures Dataset\images\dotted\dotted_0184.jpg,0.4339917801458052,9,False
C:\Users\Hamada.MSI\Desktop\Hamada\lab\data\raw\images\Describable Textures Dataset\images\cobwebbed\cobwebbed_0069.jpg,0.4343717999770233,9,False
C:\Users\Hamada.MSI\Desktop\Hamada\lab\data\raw\images\Describable Textures Dataset\images\wrinkled\wrinkled_0063.jpg,0.4345471479150538,9,False
C:\Users\Hamada.MSI\Desktop\Hamada\lab\data\raw\images\Describable Textures Dataset\images\paisley\paisley_0006.jpg,0.4345870006876656,9,False
C:\Users\Hamada.MSI\Desktop\Hamada\lab\data\raw\images\Describable Textures Dataset\images\braided\braided_0108.jpg,0.43461351649284147,9,False
C:\Users\Hamada.MSI\Desktop\Hamada\lab\data\raw\images\Describable Textures Dataset\images\lacelike\lacelike_0073.jpg,0.4346156795236794,9,False
C:\Users\Hamada.MSI\Desktop\Hamada\lab\data\raw\images\Describable Textures Dataset\images\porous\porous_0044.jpg,0.434907884499305,9,False
C:\Users\Hamada.MSI\Desktop\Hamada\lab\data\raw\images\Describable Textures Dataset\images\sprinkled\sprinkled_0127.jpg,0.4350479865431481,9,False
C:\Users\Hamada.MSI\Desktop\Hamada\lab\data\raw\images\Describable Textures Dataset\images\polka-dotted\polka-dotted_0114.jpg,0.43522588468032797,9,False
C:\Users\Hamada.MSI\Desktop\Hamada\lab\data\raw\images\Describable Textures Dataset\images\dotted\dotted_0194.jpg,0.43570867173127314,9,False
C:\Users\Hamada.MSI\Desktop\Hamada\lab\data\raw\images\Describable Textures Dataset\images\porous\porous_0146.jpg,0.43666756797085476,9,False
C:\Users\Hamada.MSI\Desktop\Hamada\lab\data\raw\images\Describable Textures Dataset\images\chequered\chequered_0203.jpg,0.4370897819389431,9,False
C:\Users\Hamada.MSI\Desktop\Hamada\lab\data\raw\images\Describable Textures Dataset\images\interlaced\interlaced_0057.jpg,0.43727950789923126,9,False
C:\Users\Hamada.MSI\Desktop\Hamada\lab\data\raw\images\Describable Textures Dataset\images\blotchy\blotchy_0088.jpg,0.4376041675860213,9,False
C:\Users\Hamada.MSI\Desktop\Hamada\lab\data\raw\images\Describable Textures Dataset\images\interlaced\interlaced_0110.jpg,0.4378364294058545,9,False
C:\Users\Hamada.MSI\Desktop\Hamada\lab\data\raw\images\Describable Textures Dataset\images\meshed\meshed_0180.jpg,0.4379955858089177,9,False
C:\Users\Hamada.MSI\Desktop\Hamada\lab\data\raw\images\Describable Textures Dataset\images\bubbly\bubbly_0122.jpg,0.43802875805853775,9,False
C:\Users\Hamada.MSI\Desktop\Hamada\lab\data\raw\images\Describable Textures Dataset\images\knitted\knitted_0203.jpg,0.43824502130567805,9,False
C:\Users\Hamada.MSI\Desktop\Hamada\lab\data\raw\images\Describable Textures Dataset\images\pleated\pleated_0155.jpg,0.43849521281705467,9,False
C:\Users\Hamada.MSI\Desktop\Hamada\lab\data\raw\images\Describable Textures Dataset\images\freckled\freckled_0062.jpg,0.4384958768485423,9,False
C:\Users\Hamada.MSI\Desktop\Hamada\lab\data\raw\images\Describable Textures Dataset\images\wrinkled\wrinkled_0028.jpg,0.4385039678154997,9,False
C:\Users\Hamada.MSI\Desktop\Hamada\lab\data\raw\images\Describable Textures Dataset\images\fibrous\fibrous_0108.jpg,0.43864739189028673,9,False
C:\Users\Hamada.MSI\Desktop\Hamada\lab\data\raw\images\Describable Textures Dataset\images\swirly\swirly_0083.jpg,0.4387258462984519,9,False
C:\Users\Hamada.MSI\Desktop\Hamada\lab\data\raw\images\Describable Textures Dataset\images\lined\lined_0084.jpg,0.4388501161265931,9,False
C:\Users\Hamada.MSI\Desktop\Hamada\lab\data\raw\images\Describable Textures Dataset\images\pleated\pleated_0116.jpg,0.4389849198536144,9,False
C:\Users\Hamada.MSI\Desktop\Hamada\lab\data\raw\images\Describable Textures Dataset\images\crosshatched\crosshatched_0121.jpg,0.4390286326457746,9,False
C:\Users\Hamada.MSI\Desktop\Hamada\lab\data\raw\images\Describable Textures Dataset\images\knitted\knitted_0190.jpg,0.4391917096236919,9,False
C:\Users\Hamada.MSI\Desktop\Hamada\lab\data\raw\images\Describable Textures Dataset\images\swirly\swirly_0149.jpg,0.4393422612216955,9,False
C:\Users\Hamada.MSI\Desktop\Hamada\lab\data\raw\images\Describable Textures Dataset\images\crosshatched\crosshatched_0133.jpg,0.43938713245212874,9,False
C:\Users\Hamada.MSI\Desktop\Hamada\lab\data\raw\images\Describable Textures Dataset\images\dotted\dotted_0172.jpg,0.43990834446883603,9,False
C:\Users\Hamada.MSI\Desktop\Hamada\lab\data\raw\images\Describable Textures Dataset\images\lined\lined_0136.jpg,0.43992509760403825,9,False
C:\Users\Hamada.MSI\Desktop\Hamada\lab\data\raw\images\Describable Textures Dataset\images\meshed\meshed_0102.jpg,0.4406314677867499,9,False
C:\Users\Hamada.MSI\Desktop\Hamada\lab\data\raw\images\Describable Textures Dataset\images\scaly\scaly_0204.jpg,0.440918458457369,9,False
C:\Users\Hamada.MSI\Desktop\Hamada\lab\data\raw\images\Describable Textures Dataset\images\crosshatched\crosshatched_0152.jpg,0.44121597136910184,9,False
C:\Users\Hamada.MSI\Desktop\Hamada\lab\data\raw\images\Describable Textures Dataset\images\lined\lined_0131.jpg,0.44127916291064334,9,False
C:\Users\Hamada.MSI\Desktop\Hamada\lab\data\raw\images\Describable Textures Dataset\images\cracked\cracked_0089.jpg,0.44149785288119586,9,False
C:\Users\Hamada.MSI\Desktop\Hamada\lab\data\raw\images\Describable Textures Dataset\images\pleated\pleated_0124.jpg,0.44176729201600334,9,False
C:\Users\Hamada.MSI\Desktop\Hamada\lab\data\raw\images\Describable Textures Dataset\images\gauzy\gauzy_0123.jpg,0.4425639464609146,9,False
C:\Users\Hamada.MSI\Desktop\Hamada\lab\data\raw\images\Describable Textures Dataset\images\stained\stained_0086.jpg,0.44261277296291357,9,False
C:\Users\Hamada.MSI\Desktop\Hamada\lab\data\raw\images\Describable Textures Dataset\images\perforated\perforated_0125.jpg,0.4427065769236434,9,False
C:\Users\Hamada.MSI\Desktop\Hamada\lab\data\raw\images\Describable Textures Dataset\images\crystalline\crystalline_0171.jpg,0.442764188693441,9,False
C:\Users\Hamada.MSI\Desktop\Hamada\lab\data\raw\images\Describable Textures Dataset\images\bubbly\bubbly_0172.jpg,0.4429768068302826,9,False
C:\Users\Hamada.MSI\Desktop\Hamada\lab\data\raw\images\Describable Textures Dataset\images\banded\banded_0079.jpg,0.443049833208047,9,False
C:\Users\Hamada.MSI\Desktop\Hamada\lab\data\raw\images\Describable Textures Dataset\images\gauzy\gauzy_0166.jpg,0.4431056659515175,9,False
C:\Users\Hamada.MSI\Desktop\Hamada\lab\data\raw\images\Describable Textures Dataset\images\gauzy\gauzy_0158.jpg,0.44318803242487953,9,False
C:\Users\Hamada.MSI\Desktop\Hamada\lab\data\raw\images\Describable Textures Dataset\images\freckled\freckled_0170.jpg,0.4434047284109074,9,False
C:\Users\Hamada.MSI\Desktop\Hamada\lab\data\raw\images\Describable Textures Dataset\images\porous\porous_0127.jpg,0.4438465570406244,9,False
C:\Users\Hamada.MSI\Desktop\Hamada\lab\data\raw\images\Describable Textures Dataset\images\braided\braided_0166.jpg,0.44431984100693495,9,False
C:\Users\Hamada.MSI\Desktop\Hamada\lab\data\raw\images\Describable Textures Dataset\images\crosshatched\crosshatched_0165.jpg,0.44435273295961825,9,False
C:\Users\Hamada.MSI\Desktop\Hamada\lab\data\raw\images\Describable Textures Dataset\images\polka-dotted\polka-dotted_0209.jpg,0.4444343161140404,9,False
C:\Users\Hamada.MSI\Desktop\Hamada\lab\data\raw\images\Describable Textures Dataset\images\veined\veined_0150.jpg,0.44447990907388657,9,False
C:\Users\Hamada.MSI\Desktop\Hamada\lab\data\raw\images\Describable Textures Dataset\images\stained\stained_0071.jpg,0.4446347257669359,9,False
C:\Users\Hamada.MSI\Desktop\Hamada\lab\data\raw\images\Describable Textures Dataset\images\pleated\pleated_0138.jpg,0.4446682812163928,9,False
C:\Users\Hamada.MSI\Desktop\Hamada\lab\data\raw\images\Describable Textures Dataset\images\gauzy\gauzy_0152.jpg,0.4447790844546044,9,False
C:\Users\Hamada.MSI\Desktop\Hamada\lab\data\raw\images\Describable Textures Dataset\images\studded\studded_0178.jpg,0.44495879807621924,9,False
C:\Users\Hamada.MSI\Desktop\Hamada\lab\data\raw\images\Describable Textures Dataset\images\woven\woven_0065.jpg,0.44524102442702945,9,False
C:\Users\Hamada.MSI\Desktop\Hamada\lab\data\raw\images\Describable Textures Dataset\images\perforated\perforated_0076.jpg,0.44545002250794974,9,False
C:\Users\Hamada.MSI\Desktop\Hamada\lab\data\raw\images\Describable Textures Dataset\images\fibrous\fibrous_0184.jpg,0.44609522826980946,9,False
C:\Users\Hamada.MSI\Desktop\Hamada\lab\data\raw\images\Describable Textures Dataset\images\woven\woven_0067.jpg,0.4463383026259207,9,False
C:\Users\Hamada.MSI\Desktop\Hamada\lab\data\raw\images\Describable Textures Dataset\images\fibrous\fibrous_0122.jpg,0.4469702946600408,9,False
C:\Users\Hamada.MSI\Desktop\Hamada\lab\data\raw\images\Describable Textures Dataset\images\meshed\meshed_0163.jpg,0.4473671884275446,9,False
C:\Users\Hamada.MSI\Desktop\Hamada\lab\data\raw\images\Describable Textures Dataset\images\scaly\scaly_0138.jpg,0.4474257317489853,9,False
C:\Users\Hamada.MSI\Desktop\Hamada\lab\data\raw\images\Describable Textures Dataset\images\banded\banded_0030.jpg,0.44757392483130204,9,False
C:\Users\Hamada.MSI\Desktop\Hamada\lab\data\raw\images\Describable Textures Dataset\images\gauzy\gauzy_0128.jpg,0.4476059726239174,9,False
C:\Users\Hamada.MSI\Desktop\Hamada\lab\data\raw\images\Describable Textures Dataset\images\swirly\swirly_0142.jpg,0.44768302809621735,9,False
C:\Users\Hamada.MSI\Desktop\Hamada\lab\data\raw\images\Describable Textures Dataset\images\grid\grid_0072.jpg,0.44818129358365694,9,False
C:\Users\Hamada.MSI\Desktop\Hamada\lab\data\raw\images\Describable Textures Dataset\images\lined\lined_0039.jpg,0.4482409270857321,9,False
C:\Users\Hamada.MSI\Desktop\Hamada\lab\data\raw\images\Describable Textures Dataset\images\cracked\cracked_0103.jpg,0.44825350631803224,9,False
C:\Users\Hamada.MSI\Desktop\Hamada\lab\data\raw\images\Describable Textures Dataset\images\striped\striped_0123.jpg,0.44843236839480244,9,False
C:\Users\Hamada.MSI\Desktop\Hamada\lab\data\raw\images\Describable Textures Dataset\images\banded\banded_0151.jpg,0.4487304124867096,9,False
C:\Users\Hamada.MSI\Desktop\Hamada\lab\data\raw\images\Describable Textures Dataset\images\pitted\pitted_0001.jpg,0.4490686366584281,9,False
C:\Users\Hamada.MSI\Desktop\Hamada\lab\data\raw\images\Describable Textures Dataset\images\bubbly\bubbly_0173.jpg,0.4490707135769018,9,False
C:\Users\Hamada.MSI\Desktop\Hamada\lab\data\raw\images\Describable Textures Dataset\images\marbled\marbled_0143.jpg,0.44913640584285464,9,False
C:\Users\Hamada.MSI\Desktop\Hamada\lab\data\raw\images\Describable Textures Dataset\images\crystalline\crystalline_0212.jpg,0.449159800255857,9,False
C:\Users\Hamada.MSI\Desktop\Hamada\lab\data\raw\images\Describable Textures Dataset\images\honeycombed\honeycombed_0121.jpg,0.4498761077170756,9,False
C:\Users\Hamada.MSI\Desktop\Hamada\lab\data\raw\images\Describable Textures Dataset\images\zigzagged\zigzagged_0036.jpg,0.44998517366851,9,False
C:\Users\Hamada.MSI\Desktop\Hamada\lab\data\raw\images\Describable Textures Dataset\images\crosshatched\crosshatched_0042.jpg,0.45024693468426347,9,False
C:\Users\Hamada.MSI\Desktop\Hamada\lab\data\raw\images\Describable Textures Dataset\images\pleated\pleated_0087.jpg,0.4503848752095402,9,False
C:\Users\Hamada.MSI\Desktop\Hamada\lab\data\raw\images\Describable Textures Dataset\images\stained\stained_0043.jpg,0.4507914048833355,9,False
C:\Users\Hamada.MSI\Desktop\Hamada\lab\data\raw\images\Describable Textures Dataset\images\waffled\waffled_0161.jpg,0.4509883904032387,9,False
C:\Users\Hamada.MSI\Desktop\Hamada\lab\data\raw\images\Describable Textures Dataset\images\woven\woven_0092.jpg,0.4512074019210292,9,False
C:\Users\Hamada.MSI\Desktop\Hamada\lab\data\raw\images\Describable Textures Dataset\images\spiralled\spiralled_0082.jpg,0.4515477683948058,9,False
C:\Users\Hamada.MSI\Desktop\Hamada\lab\data\raw\images\Describable Textures Dataset\images\dotted\dotted_0135.jpg,0.45195740866558487,9,False
C:\Users\Hamada.MSI\Desktop\Hamada\lab\data\raw\images\Describable Textures Dataset\images\woven\woven_0007.jpg,0.45204866225739077,9,False
C:\Users\Hamada.MSI\Desktop\Hamada\lab\data\raw\images\Describable Textures Dataset\images\lacelike\lacelike_0095.jpg,0.4522011245937618,9,False
C:\Users\Hamada.MSI\Desktop\Hamada\lab\data\raw\images\Describable Textures Dataset\images\scaly\scaly_0146.jpg,0.4523709788968743,9,False
C:\Users\Hamada.MSI\Desktop\Hamada\lab\data\raw\images\Describable Textures Dataset\images\potholed\potholed_0159.jpg,0.4524628150619649,9,False
C:\Users\Hamada.MSI\Desktop\Hamada\lab\data\raw\images\Describable Textures Dataset\images\blotchy\blotchy_0125.jpg,0.45306496679648367,9,False
C:\Users\Hamada.MSI\Desktop\Hamada\lab\data\raw\images\Describable Textures Dataset\images\smeared\smeared_0144.jpg,0.4533147435715771,9,False
C:\Users\Hamada.MSI\Desktop\Hamada\lab\data\raw\images\Describable Textures Dataset\images\gauzy\gauzy_0118.jpg,0.4538909521654268,9,False
C:\Users\Hamada.MSI\Desktop\Hamada\lab\data\raw\images\Describable Textures Dataset\images\zigzagged\zigzagged_0130.jpg,0.4539272939853612,9,False
C:\Users\Hamada.MSI\Desktop\Hamada\lab\data\raw\images\Describable Textures Dataset\images\flecked\flecked_0051.jpg,0.45396306196337083,9,False
C:\Users\Hamada.MSI\Desktop\Hamada\lab\data\raw\images\Describable Textures Dataset\images\perforated\perforated_0069.jpg,0.454226479175782,9,False
C:\Users\Hamada.MSI\Desktop\Hamada\lab\data\raw\images\Describable Textures Dataset\images\grooved\grooved_0151.jpg,0.4542835678271379,9,False
C:\Users\Hamada.MSI\Desktop\Hamada\lab\data\raw\images\Describable Textures Dataset\images\banded\banded_0150.jpg,0.45434225596152433,9,False
C:\Users\Hamada.MSI\Desktop\Hamada\lab\data\raw\images\Describable Textures Dataset\images\lacelike\lacelike_0004.jpg,0.45442881528970924,9,False
C:\Users\Hamada.MSI\Desktop\Hamada\lab\data\raw\images\Describable Textures Dataset\images\banded\banded_0131.jpg,0.4545004064792109,9,False
C:\Users\Hamada.MSI\Desktop\Hamada\lab\data\raw\images\Describable Textures Dataset\images\banded\banded_0021.jpg,0.45463284304800977,9,False
C:\Users\Hamada.MSI\Desktop\Hamada\lab\data\raw\images\Describable Textures Dataset\images\scaly\scaly_0141.jpg,0.4546855320517326,9,False
C:\Users\Hamada.MSI\Desktop\Hamada\lab\data\raw\images\Describable Textures Dataset\images\paisley\paisley_0131.jpg,0.45550300367649776,9,False
C:\Users\Hamada.MSI\Desktop\Hamada\lab\data\raw\images\Describable Textures Dataset\images\chequered\chequered_0113.jpg,0.4555459456614883,9,False
C:\Users\Hamada.MSI\Desktop\Hamada\lab\data\raw\images\Describable Textures Dataset\images\pleated\pleated_0139.jpg,0.4559318116095767,9,False
C:\Users\Hamada.MSI\Desktop\Hamada\lab\data\raw\images\Describable Textures Dataset\images\blotchy\blotchy_0096.jpg,0.45602039924890503,9,False
C:\Users\Hamada.MSI\Desktop\Hamada\lab\data\raw\images\Describable Textures Dataset\images\stained\stained_0102.jpg,0.4560818190921457,9,False
C:\Users\Hamada.MSI\Desktop\Hamada\lab\data\raw\images\Describable Textures Dataset\images\swirly\swirly_0102.jpg,0.4561103071790685,9,False
C:\Users\Hamada.MSI\Desktop\Hamada\lab\data\raw\images\Describable Textures Dataset\images\veined\veined_0171.jpg,0.45614024604686637,9,False
C:\Users\Hamada.MSI\Desktop\Hamada\lab\data\raw\images\Describable Textures Dataset\images\crystalline\crystalline_0220.jpg,0.4562092426036851,9,False
C:\Users\Hamada.MSI\Desktop\Hamada\lab\data\raw\images\Describable Textures Dataset\images\frilly\frilly_0102.jpg,0.45764473320084476,9,False
C:\Users\Hamada.MSI\Desktop\Hamada\lab\data\raw\images\Describable Textures Dataset\images\stratified\stratified_0056.jpg,0.45785961095294403,9,False
C:\Users\Hamada.MSI\Desktop\Hamada\lab\data\raw\images\Describable Textures Dataset\images\gauzy\gauzy_0189.jpg,0.45810231295575504,9,False
C:\Users\Hamada.MSI\Desktop\Hamada\lab\data\raw\images\Describable Textures Dataset\images\crystalline\crystalline_0218.jpg,0.4581997727489977,9,False
C:\Users\Hamada.MSI\Desktop\Hamada\lab\data\raw\images\Describable Textures Dataset\images\scaly\scaly_0135.jpg,0.45827459157734013,9,False
C:\Users\Hamada.MSI\Desktop\Hamada\lab\data\raw\images\Describable Textures Dataset\images\grooved\grooved_0122.jpg,0.45886197449417465,9,False
C:\Users\Hamada.MSI\Desktop\Hamada\lab\data\raw\images\Describable Textures Dataset\images\freckled\freckled_0132.jpg,0.4597329411082534,9,False
C:\Users\Hamada.MSI\Desktop\Hamada\lab\data\raw\images\Describable Textures Dataset\images\fibrous\fibrous_0143.jpg,0.4599712086441157,9,False
C:\Users\Hamada.MSI\Desktop\Hamada\lab\data\raw\images\Describable Textures Dataset\images\grooved\grooved_0137.jpg,0.4600126351133201,9,False
C:\Users\Hamada.MSI\Desktop\Hamada\lab\data\raw\images\Describable Textures Dataset\images\fibrous\fibrous_0196.jpg,0.460409451060427,9,False
C:\Users\Hamada.MSI\Desktop\Hamada\lab\data\raw\images\Describable Textures Dataset\images\striped\striped_0092.jpg,0.4608259792772062,9,False
C:\Users\Hamada.MSI\Desktop\Hamada\lab\data\raw\images\Describable Textures Dataset\images\braided\braided_0009.jpg,0.46108133148882846,9,False
C:\Users\Hamada.MSI\Desktop\Hamada\lab\data\raw\images\Describable Textures Dataset\images\frilly\frilly_0115.jpg,0.46116822462088786,9,False
C:\Users\Hamada.MSI\Desktop\Hamada\lab\data\raw\images\Describable Textures Dataset\images\chequered\chequered_0109.jpg,0.4613299794891974,9,False
C:\Users\Hamada.MSI\Desktop\Hamada\lab\data\raw\images\Describable Textures Dataset\images\meshed\meshed_0185.jpg,0.46151267238335614,9,False
C:\Users\Hamada.MSI\Desktop\Hamada\lab\data\raw\images\Describable Textures Dataset\images\wrinkled\wrinkled_0029.jpg,0.46169493761527386,9,False
C:\Users\Hamada.MSI\Desktop\Hamada\lab\data\raw\images\Describable Textures Dataset\images\marbled\marbled_0180.jpg,0.46180430760316954,9,False
C:\Users\Hamada.MSI\Desktop\Hamada\lab\data\raw\images\Describable Textures Dataset\images\lined\lined_0169.jpg,0.46206240212071653,9,False
C:\Users\Hamada.MSI\Desktop\Hamada\lab\data\raw\images\Describable Textures Dataset\images\smeared\smeared_0106.jpg,0.46243621201998636,9,False
C:\Users\Hamada.MSI\Desktop\Hamada\lab\data\raw\images\Describable Textures Dataset\images\banded\banded_0115.jpg,0.46265509485257256,9,False
C:\Users\Hamada.MSI\Desktop\Hamada\lab\data\raw\images\Describable Textures Dataset\images\sprinkled\sprinkled_0045.jpg,0.46400530877900725,9,False
C:\Users\Hamada.MSI\Desktop\Hamada\lab\data\raw\images\Describable Textures Dataset\images\gauzy\gauzy_0084.jpg,0.46418138877046383,9,False
C:\Users\Hamada.MSI\Desktop\Hamada\lab\data\raw\images\Describable Textures Dataset\images\fibrous\fibrous_0096.jpg,0.46423964351063457,9,False
C:\Users\Hamada.MSI\Desktop\Hamada\lab\data\raw\images\Describable Textures Dataset\images\perforated\perforated_0149.jpg,0.46424521621497167,9,False
C:\Users\Hamada.MSI\Desktop\Hamada\lab\data\raw\images\Describable Textures Dataset\images\honeycombed\honeycombed_0048.jpg,0.4646813397657205,9,False
C:\Users\Hamada.MSI\Desktop\Hamada\lab\data\raw\images\Describable Textures Dataset\images\gauzy\gauzy_0105.jpg,0.46488628897523326,9,False
C:\Users\Hamada.MSI\Desktop\Hamada\lab\data\raw\images\Describable Textures Dataset\images\blotchy\blotchy_0082.jpg,0.46505566264708725,9,False
C:\Users\Hamada.MSI\Desktop\Hamada\lab\data\raw\images\Describable Textures Dataset\images\chequered\chequered_0175.jpg,0.46527530050041693,9,False
C:\Users\Hamada.MSI\Desktop\Hamada\lab\data\raw\images\Describable Textures Dataset\images\waffled\waffled_0060.jpg,0.4653534124727687,9,False
C:\Users\Hamada.MSI\Desktop\Hamada\lab\data\raw\images\Describable Textures Dataset\images\meshed\meshed_0105.jpg,0.46565931319017745,9,False
C:\Users\Hamada.MSI\Desktop\Hamada\lab\data\raw\images\Describable Textures Dataset\images\crosshatched\crosshatched_0105.jpg,0.4658704699274248,9,False
C:\Users\Hamada.MSI\Desktop\Hamada\lab\data\raw\images\Describable Textures Dataset\images\striped\striped_0102.jpg,0.4663121912623129,9,False
C:\Users\Hamada.MSI\Desktop\Hamada\lab\data\raw\images\Describable Textures Dataset\images\honeycombed\honeycombed_0098.jpg,0.466408797550274,9,False
C:\Users\Hamada.MSI\Desktop\Hamada\lab\data\raw\images\Describable Textures Dataset\images\paisley\paisley_0025.jpg,0.46686760124616333,9,False
C:\Users\Hamada.MSI\Desktop\Hamada\lab\data\raw\images\Describable Textures Dataset\images\wrinkled\wrinkled_0088.jpg,0.46714189759386404,9,False
C:\Users\Hamada.MSI\Desktop\Hamada\lab\data\raw\images\Describable Textures Dataset\images\cracked\cracked_0108.jpg,0.46726123274907944,9,False
C:\Users\Hamada.MSI\Desktop\Hamada\lab\data\raw\images\Describable Textures Dataset\images\chequered\chequered_0192.jpg,0.4672934069424749,9,False
C:\Users\Hamada.MSI\Desktop\Hamada\lab\data\raw\images\Describable Textures Dataset\images\stained\stained_0121.jpg,0.46742037108684603,9,False
C:\Users\Hamada.MSI\Desktop\Hamada\lab\data\raw\images\Describable Textures Dataset\images\braided\braided_0013.jpg,0.467846371742699,9,False
C:\Users\Hamada.MSI\Desktop\Hamada\lab\data\raw\images\Describable Textures Dataset\images\blotchy\blotchy_0134.jpg,0.4679260503481219,9,False
C:\Users\Hamada.MSI\Desktop\Hamada\lab\data\raw\images\Describable Textures Dataset\images\chequered\chequered_0140.jpg,0.4679622934529181,9,False
C:\Users\Hamada.MSI\Desktop\Hamada\lab\data\raw\images\Describable Textures Dataset\images\grooved\grooved_0084.jpg,0.4679978628806194,9,False
C:\Users\Hamada.MSI\Desktop\Hamada\lab\data\raw\images\Describable Textures Dataset\images\gauzy\gauzy_0083.jpg,0.4688398487814608,9,False
C:\Users\Hamada.MSI\Desktop\Hamada\lab\data\raw\images\Describable Textures Dataset\images\paisley\paisley_0058.jpg,0.4690645410699193,9,False
C:\Users\Hamada.MSI\Desktop\Hamada\lab\data\raw\images\Describable Textures Dataset\images\scaly\scaly_0121.jpg,0.46915408847429607,9,False
C:\Users\Hamada.MSI\Desktop\Hamada\lab\data\raw\images\Describable Textures Dataset\images\paisley\paisley_0015.jpg,0.4691569199849885,9,False
C:\Users\Hamada.MSI\Desktop\Hamada\lab\data\raw\images\Describable Textures Dataset\images\spiralled\spiralled_0134.jpg,0.4692575841397746,9,False
C:\Users\Hamada.MSI\Desktop\Hamada\lab\data\raw\images\Describable Textures Dataset\images\sprinkled\sprinkled_0136.jpg,0.46994046006910173,9,False
C:\Users\Hamada.MSI\Desktop\Hamada\lab\data\raw\images\Describable Textures Dataset\images\lined\lined_0061.jpg,0.47003467574799107,9,False
C:\Users\Hamada.MSI\Desktop\Hamada\lab\data\raw\images\Describable Textures Dataset\images\interlaced\interlaced_0151.jpg,0.4700435924548773,9,False
C:\Users\Hamada.MSI\Desktop\Hamada\lab\data\raw\images\Describable Textures Dataset\images\dotted\dotted_0103.jpg,0.4703325920793013,9,False
C:\Users\Hamada.MSI\Desktop\Hamada\lab\data\raw\images\Describable Textures Dataset\images\banded\banded_0105.jpg,0.47093478967611163,9,False
C:\Users\Hamada.MSI\Desktop\Hamada\lab\data\raw\images\Describable Textures Dataset\images\wrinkled\wrinkled_0087.jpg,0.47141737363996083,9,False
C:\Users\Hamada.MSI\Desktop\Hamada\lab\data\raw\images\Describable Textures Dataset\images\swirly\swirly_0140.jpg,0.47144618025281965,9,False
C:\Users\Hamada.MSI\Desktop\Hamada\lab\data\raw\images\Describable Textures Dataset\images\pleated\pleated_0094.jpg,0.4716804414722498,9,False
C:\Users\Hamada.MSI\Desktop\Hamada\lab\data\raw\images\Describable Textures Dataset\images\bubbly\bubbly_0116.jpg,0.4720318829973158,9,False
C:\Users\Hamada.MSI\Desktop\Hamada\lab\data\raw\images\Describable Textures Dataset\images\bubbly\bubbly_0140.jpg,0.47204974032458763,9,False
C:\Users\Hamada.MSI\Desktop\Hamada\lab\data\raw\images\Describable Textures Dataset\images\honeycombed\honeycombed_0162.jpg,0.4728844757402847,9,False
C:\Users\Hamada.MSI\Desktop\Hamada\lab\data\raw\images\Describable Textures Dataset\images\dotted\dotted_0091.jpg,0.47311727453162555,9,False
C:\Users\Hamada.MSI\Desktop\Hamada\lab\data\raw\images\Describable Textures Dataset\images\chequered\chequered_0142.jpg,0.47312257898553256,9,False
C:\Users\Hamada.MSI\Desktop\Hamada\lab\data\raw\images\Describable Textures Dataset\images\sprinkled\sprinkled_0106.jpg,0.4733200204773779,9,False
C:\Users\Hamada.MSI\Desktop\Hamada\lab\data\raw\images\Describable Textures Dataset\images\waffled\waffled_0159.jpg,0.4733458044066076,9,False
C:\Users\Hamada.MSI\Desktop\Hamada\lab\data\raw\images\Describable Textures Dataset\images\honeycombed\honeycombed_0117.jpg,0.47358545167889377,9,False
C:\Users\Hamada.MSI\Desktop\Hamada\lab\data\raw\images\Describable Textures Dataset\images\stained\stained_0100.jpg,0.47365587564087497,9,False
C:\Users\Hamada.MSI\Desktop\Hamada\lab\data\raw\images\Describable Textures Dataset\images\scaly\scaly_0144.jpg,0.4746633010996175,9,False
C:\Users\Hamada.MSI\Desktop\Hamada\lab\data\raw\images\Describable Textures Dataset\images\marbled\marbled_0171.jpg,0.4746799329307799,9,False
C:\Users\Hamada.MSI\Desktop\Hamada\lab\data\raw\images\Describable Textures Dataset\images\cracked\cracked_0152.jpg,0.4748332789465371,9,False
C:\Users\Hamada.MSI\Desktop\Hamada\lab\data\raw\images\Describable Textures Dataset\images\lacelike\lacelike_0063.jpg,0.4749695325335926,9,False
C:\Users\Hamada.MSI\Desktop\Hamada\lab\data\raw\images\Describable Textures Dataset\images\lacelike\lacelike_0025.jpg,0.4754049426300101,9,False
C:\Users\Hamada.MSI\Desktop\Hamada\lab\data\raw\images\Describable Textures Dataset\images\bubbly\bubbly_0076.jpg,0.47549098145270674,9,False
C:\Users\Hamada.MSI\Desktop\Hamada\lab\data\raw\images\Describable Textures Dataset\images\lined\lined_0110.jpg,0.4758255588060741,9,False
C:\Users\Hamada.MSI\Desktop\Hamada\lab\data\raw\images\Describable Textures Dataset\images\paisley\paisley_0067.jpg,0.4758568668617267,9,False
C:\Users\Hamada.MSI\Desktop\Hamada\lab\data\raw\images\Describable Textures Dataset\images\waffled\waffled_0160.jpg,0.4759385361307771,9,False
C:\Users\Hamada.MSI\Desktop\Hamada\lab\data\raw\images\Describable Textures Dataset\images\polka-dotted\polka-dotted_0215.jpg,0.47632267606454903,9,False
C:\Users\Hamada.MSI\Desktop\Hamada\lab\data\raw\images\Describable Textures Dataset\images\fibrous\fibrous_0035.jpg,0.4767261766559094,9,False
C:\Users\Hamada.MSI\Desktop\Hamada\lab\data\raw\images\Describable Textures Dataset\images\bumpy\bumpy_0137.jpg,0.47675835041584835,9,False
C:\Users\Hamada.MSI\Desktop\Hamada\lab\data\raw\images\Describable Textures Dataset\images\lacelike\lacelike_0075.jpg,0.47687049669854337,9,False
C:\Users\Hamada.MSI\Desktop\Hamada\lab\data\raw\images\Describable Textures Dataset\images\stained\stained_0139.jpg,0.47693364261288573,9,False
C:\Users\Hamada.MSI\Desktop\Hamada\lab\data\raw\images\Describable Textures Dataset\images\sprinkled\sprinkled_0064.jpg,0.4775399471358043,9,False
C:\Users\Hamada.MSI\Desktop\Hamada\lab\data\raw\images\Describable Textures Dataset\images\freckled\freckled_0059.jpg,0.47754407986255876,9,False
C:\Users\Hamada.MSI\Desktop\Hamada\lab\data\raw\images\Describable Textures Dataset\images\striped\striped_0071.jpg,0.47779904619708524,9,False
C:\Users\Hamada.MSI\Desktop\Hamada\lab\data\raw\images\Describable Textures Dataset\images\fibrous\fibrous_0123.jpg,0.4779190257510248,9,False
C:\Users\Hamada.MSI\Desktop\Hamada\lab\data\raw\images\Describable Textures Dataset\images\bubbly\bubbly_0158.jpg,0.47804289684591716,9,False
C:\Users\Hamada.MSI\Desktop\Hamada\lab\data\raw\images\Describable Textures Dataset\images\banded\banded_0002.jpg,0.47897043106053216,9,False
C:\Users\Hamada.MSI\Desktop\Hamada\lab\data\raw\images\Describable Textures Dataset\images\grid\grid_0065.jpg,0.4791881909967347,9,False
C:\Users\Hamada.MSI\Desktop\Hamada\lab\data\raw\images\Describable Textures Dataset\images\gauzy\gauzy_0155.jpg,0.47961884718812325,9,False
C:\Users\Hamada.MSI\Desktop\Hamada\lab\data\raw\images\Describable Textures Dataset\images\fibrous\fibrous_0197.jpg,0.4796925790049952,9,False
C:\Users\Hamada.MSI\Desktop\Hamada\lab\data\raw\images\Describable Textures Dataset\images\pleated\pleated_0083.jpg,0.48008626495483975,9,False
C:\Users\Hamada.MSI\Desktop\Hamada\lab\data\raw\images\Describable Textures Dataset\images\interlaced\interlaced_0170.jpg,0.4801719847830658,9,False
C:\Users\Hamada.MSI\Desktop\Hamada\lab\data\raw\images\Describable Textures Dataset\images\matted\matted_0109.jpg,0.48050132022723296,9,False
C:\Users\Hamada.MSI\Desktop\Hamada\lab\data\raw\images\Describable Textures Dataset\images\crystalline\crystalline_0162.jpg,0.4812390282618715,9,False
C:\Users\Hamada.MSI\Desktop\Hamada\lab\data\raw\images\Describable Textures Dataset\images\zigzagged\zigzagged_0132.jpg,0.4812748713287078,9,False
C:\Users\Hamada.MSI\Desktop\Hamada\lab\data\raw\images\Describable Textures Dataset\images\veined\veined_0103.jpg,0.48142847665683974,9,False
C:\Users\Hamada.MSI\Desktop\Hamada\lab\data\raw\images\Describable Textures Dataset\images\perforated\perforated_0116.jpg,0.4816345619110755,9,False
C:\Users\Hamada.MSI\Desktop\Hamada\lab\data\raw\images\Describable Textures Dataset\images\lined\lined_0150.jpg,0.48170394953063667,9,False
C:\Users\Hamada.MSI\Desktop\Hamada\lab\data\raw\images\Describable Textures Dataset\images\honeycombed\honeycombed_0163.jpg,0.4824073461015213,9,False
C:\Users\Hamada.MSI\Desktop\Hamada\lab\data\raw\images\Describable Textures Dataset\images\wrinkled\wrinkled_0068.jpg,0.48258312904093775,9,False
C:\Users\Hamada.MSI\Desktop\Hamada\lab\data\raw\images\Describable Textures Dataset\images\porous\porous_0158.jpg,0.48278181784398994,9,False
C:\Users\Hamada.MSI\Desktop\Hamada\lab\data\raw\images\Describable Textures Dataset\images\chequered\chequered_0055.jpg,0.48296580415291307,9,False
C:\Users\Hamada.MSI\Desktop\Hamada\lab\data\raw\images\Describable Textures Dataset\images\zigzagged\zigzagged_0129.jpg,0.48344552698305004,9,False
C:\Users\Hamada.MSI\Desktop\Hamada\lab\data\raw\images\Describable Textures Dataset\images\waffled\waffled_0124.jpg,0.4836744819955962,9,False
C:\Users\Hamada.MSI\Desktop\Hamada\lab\data\raw\images\Describable Textures Dataset\images\grooved\grooved_0066.jpg,0.48374261353754855,9,False
C:\Users\Hamada.MSI\Desktop\Hamada\lab\data\raw\images\Describable Textures Dataset\images\crystalline\crystalline_0158.jpg,0.4837998456187382,9,False
C:\Users\Hamada.MSI\Desktop\Hamada\lab\data\raw\images\Describable Textures Dataset\images\fibrous\fibrous_0111.jpg,0.4840053457253177,9,False
C:\Users\Hamada.MSI\Desktop\Hamada\lab\data\raw\images\Describable Textures Dataset\images\zigzagged\zigzagged_0107.jpg,0.48430303983164463,9,False
C:\Users\Hamada.MSI\Desktop\Hamada\lab\data\raw\images\Describable Textures Dataset\images\smeared\smeared_0125.jpg,0.4845759752634413,9,False
C:\Users\Hamada.MSI\Desktop\Hamada\lab\data\raw\images\Describable Textures Dataset\images\lacelike\lacelike_0008.jpg,0.4846022732132508,9,False
C:\Users\Hamada.MSI\Desktop\Hamada\lab\data\raw\images\Describable Textures Dataset\images\blotchy\blotchy_0079.jpg,0.4853107671497208,9,False
C:\Users\Hamada.MSI\Desktop\Hamada\lab\data\raw\images\Describable Textures Dataset\images\freckled\freckled_0177.jpg,0.4856140763859092,9,False
C:\Users\Hamada.MSI\Desktop\Hamada\lab\data\raw\images\Describable Textures Dataset\images\honeycombed\honeycombed_0118.jpg,0.48616886446423474,9,False
C:\Users\Hamada.MSI\Desktop\Hamada\lab\data\raw\images\Describable Textures Dataset\images\bubbly\bubbly_0123.jpg,0.4862118740881705,9,False
C:\Users\Hamada.MSI\Desktop\Hamada\lab\data\raw\images\Describable Textures Dataset\images\potholed\potholed_0066.jpg,0.4868447179980583,9,False
C:\Users\Hamada.MSI\Desktop\Hamada\lab\data\raw\images\Describable Textures Dataset\images\grooved\grooved_0061.jpg,0.4870130042420114,9,False
C:\Users\Hamada.MSI\Desktop\Hamada\lab\data\raw\images\Describable Textures Dataset\images\frilly\frilly_0073.jpg,0.4872106253925919,9,False
C:\Users\Hamada.MSI\Desktop\Hamada\lab\data\raw\images\Describable Textures Dataset\images\cobwebbed\cobwebbed_0158.jpg,0.4872182774142793,9,False
C:\Users\Hamada.MSI\Desktop\Hamada\lab\data\raw\images\Describable Textures Dataset\images\grid\grid_0108.jpg,0.4873020684652144,9,False
C:\Users\Hamada.MSI\Desktop\Hamada\lab\data\raw\images\Describable Textures Dataset\images\wrinkled\wrinkled_0055.jpg,0.48754496424702043,9,False
C:\Users\Hamada.MSI\Desktop\Hamada\lab\data\raw\images\Describable Textures Dataset\images\stained\stained_0120.jpg,0.48784446171726575,9,False
C:\Users\Hamada.MSI\Desktop\Hamada\lab\data\raw\images\Describable Textures Dataset\images\gauzy\gauzy_0171.jpg,0.48816906971936674,9,False
C:\Users\Hamada.MSI\Desktop\Hamada\lab\data\raw\images\Describable Textures Dataset\images\grid\grid_0029.jpg,0.48823119844778873,9,False
C:\Users\Hamada.MSI\Desktop\Hamada\lab\data\raw\images\Describable Textures Dataset\images\grid\grid_0067.jpg,0.4883158295066832,9,False
C:\Users\Hamada.MSI\Desktop\Hamada\lab\data\raw\images\Describable Textures Dataset\images\swirly\swirly_0165.jpg,0.4885832354079676,9,False
C:\Users\Hamada.MSI\Desktop\Hamada\lab\data\raw\images\Describable Textures Dataset\images\spiralled\spiralled_0120.jpg,0.48879980145775914,9,False
C:\Users\Hamada.MSI\Desktop\Hamada\lab\data\raw\images\Describable Textures Dataset\images\pitted\pitted_0119.jpg,0.48897586267558646,9,False
C:\Users\Hamada.MSI\Desktop\Hamada\lab\data\raw\images\Describable Textures Dataset\images\bubbly\bubbly_0150.jpg,0.4890309786258837,9,False
C:\Users\Hamada.MSI\Desktop\Hamada\lab\data\raw\images\Describable Textures Dataset\images\bubbly\bubbly_0090.jpg,0.4891518556119448,9,False
C:\Users\Hamada.MSI\Desktop\Hamada\lab\data\raw\images\Describable Textures Dataset\images\crystalline\crystalline_0141.jpg,0.48960577097274316,9,False
C:\Users\Hamada.MSI\Desktop\Hamada\lab\data\raw\images\Describable Textures Dataset\images\crosshatched\crosshatched_0154.jpg,0.489808329176022,9,False
C:\Users\Hamada.MSI\Desktop\Hamada\lab\data\raw\images\Describable Textures Dataset\images\perforated\perforated_0140.jpg,0.490304179190951,9,False
C:\Users\Hamada.MSI\Desktop\Hamada\lab\data\raw\images\Describable Textures Dataset\images\zigzagged\zigzagged_0068.jpg,0.4911228042321326,9,False
C:\Users\Hamada.MSI\Desktop\Hamada\lab\data\raw\images\Describable Textures Dataset\images\lacelike\lacelike_0093.jpg,0.4912610142100547,9,False
C:\Users\Hamada.MSI\Desktop\Hamada\lab\data\raw\images\Describable Textures Dataset\images\interlaced\interlaced_0069.jpg,0.49128520693182315,9,False
C:\Users\Hamada.MSI\Desktop\Hamada\lab\data\raw\images\Describable Textures Dataset\images\sprinkled\sprinkled_0013.jpg,0.49154794529244134,9,False
C:\Users\Hamada.MSI\Desktop\Hamada\lab\data\raw\images\Describable Textures Dataset\images\freckled\freckled_0067.jpg,0.49217720581846003,9,False
C:\Users\Hamada.MSI\Desktop\Hamada\lab\data\raw\images\Describable Textures Dataset\images\bubbly\bubbly_0133.jpg,0.4930357609856194,9,False
C:\Users\Hamada.MSI\Desktop\Hamada\lab\data\raw\images\Describable Textures Dataset\images\smeared\smeared_0140.jpg,0.49320594261250944,9,False
C:\Users\Hamada.MSI\Desktop\Hamada\lab\data\raw\images\Describable Textures Dataset\images\chequered\chequered_0092.jpg,0.49366201769367213,9,False
C:\Users\Hamada.MSI\Desktop\Hamada\lab\data\raw\images\Describable Textures Dataset\images\gauzy\gauzy_0196.jpg,0.4938190667037543,9,False
C:\Users\Hamada.MSI\Desktop\Hamada\lab\data\raw\images\Describable Textures Dataset\images\pleated\pleated_0115.jpg,0.4938539953001425,9,False
C:\Users\Hamada.MSI\Desktop\Hamada\lab\data\raw\images\Describable Textures Dataset\images\gauzy\gauzy_0161.jpg,0.4939247204120066,9,False
C:\Users\Hamada.MSI\Desktop\Hamada\lab\data\raw\images\Describable Textures Dataset\images\stained\stained_0085.jpg,0.4943932850703303,9,False
C:\Users\Hamada.MSI\Desktop\Hamada\lab\data\raw\images\Describable Textures Dataset\images\grooved\grooved_0053.jpg,0.49449422045038016,9,False
C:\Users\Hamada.MSI\Desktop\Hamada\lab\data\raw\images\Describable Textures Dataset\images\wrinkled\wrinkled_0021.jpg,0.4947864831005067,9,False
C:\Users\Hamada.MSI\Desktop\Hamada\lab\data\raw\images\Describable Textures Dataset\images\lined\lined_0166.jpg,0.4947967715077029,9,False
C:\Users\Hamada.MSI\Desktop\Hamada\lab\data\raw\images\Describable Textures Dataset\images\wrinkled\wrinkled_0064.jpg,0.4950849652211341,9,False
C:\Users\Hamada.MSI\Desktop\Hamada\lab\data\raw\images\Describable Textures Dataset\images\zigzagged\zigzagged_0066.jpg,0.4953792314022778,9,False
C:\Users\Hamada.MSI\Desktop\Hamada\lab\data\raw\images\Describable Textures Dataset\images\lined\lined_0037.jpg,0.4954892138780336,9,False
C:\Users\Hamada.MSI\Desktop\Hamada\lab\data\raw\images\Describable Textures Dataset\images\frilly\frilly_0079.jpg,0.4955558857871229,9,False
C:\Users\Hamada.MSI\Desktop\Hamada\lab\data\raw\images\Describable Textures Dataset\images\pleated\pleated_0119.jpg,0.49566536268480094,10,False
C:\Users\Hamada.MSI\Desktop\Hamada\lab\data\raw\images\Describable Textures Dataset\images\braided\braided_0174.jpg,0.49612759539089646,10,False
C:\Users\Hamada.MSI\Desktop\Hamada\lab\data\raw\images\Describable Textures Dataset\images\zigzagged\zigzagged_0063.jpg,0.4961542032385641,10,False
C:\Users\Hamada.MSI\Desktop\Hamada\lab\data\raw\images\Describable Textures Dataset\images\freckled\freckled_0079.jpg,0.4965797665822231,10,False
C:\Users\Hamada.MSI\Desktop\Hamada\lab\data\raw\images\Describable Textures Dataset\images\pleated\pleated_0128.jpg,0.49660997297745096,10,False
C:\Users\Hamada.MSI\Desktop\Hamada\lab\data\raw\images\Describable Textures Dataset\images\crosshatched\crosshatched_0171.jpg,0.4967857978441718,10,False
C:\Users\Hamada.MSI\Desktop\Hamada\lab\data\raw\images\Describable Textures Dataset\images\smeared\smeared_0020.jpg,0.4968033729938943,10,False
C:\Users\Hamada.MSI\Desktop\Hamada\lab\data\raw\images\Describable Textures Dataset\images\meshed\meshed_0087.jpg,0.4969063818900944,10,False
C:\Users\Hamada.MSI\Desktop\Hamada\lab\data\raw\images\Describable Textures Dataset\images\waffled\waffled_0163.jpg,0.4970691261491407,10,False
C:\Users\Hamada.MSI\Desktop\Hamada\lab\data\raw\images\Describable Textures Dataset\images\marbled\marbled_0112.jpg,0.49739656308971447,10,False
C:\Users\Hamada.MSI\Desktop\Hamada\lab\data\raw\images\Describable Textures Dataset\images\gauzy\gauzy_0136.jpg,0.49742400265662495,10,False
C:\Users\Hamada.MSI\Desktop\Hamada\lab\data\raw\images\Describable Textures Dataset\images\crosshatched\crosshatched_0052.jpg,0.4975016278930555,10,False
C:\Users\Hamada.MSI\Desktop\Hamada\lab\data\raw\images\Describable Textures Dataset\images\interlaced\interlaced_0165.jpg,0.4983505663150234,10,False
C:\Users\Hamada.MSI\Desktop\Hamada\lab\data\raw\images\Describable Textures Dataset\images\bubbly\bubbly_0142.jpg,0.4985015459566688,10,False
C:\Users\Hamada.MSI\Desktop\Hamada\lab\data\raw\images\Describable Textures Dataset\images\pleated\pleated_0069.jpg,0.4986827993677773,10,False
C:\Users\Hamada.MSI\Desktop\Hamada\lab\data\raw\images\Describable Textures Dataset\images\perforated\perforated_0155.jpg,0.49889576104200123,10,False
C:\Users\Hamada.MSI\Desktop\Hamada\lab\data\raw\images\Describable Textures Dataset\images\gauzy\gauzy_0175.jpg,0.4991002055575585,10,False
C:\Users\Hamada.MSI\Desktop\Hamada\lab\data\raw\images\Describable Textures Dataset\images\meshed\meshed_0124.jpg,0.49910176153891705,10,False
C:\Users\Hamada.MSI\Desktop\Hamada\lab\data\raw\images\Describable Textures Dataset\images\zigzagged\zigzagged_0090.jpg,0.4992375580769913,10,False
C:\Users\Hamada.MSI\Desktop\Hamada\lab\data\raw\images\Describable Textures Dataset\images\flecked\flecked_0117.jpg,0.4993806737495128,10,False
C:\Users\Hamada.MSI\Desktop\Hamada\lab\data\raw\images\Describable Textures Dataset\images\swirly\swirly_0169.jpg,0.49955821425177616,10,False
C:\Users\Hamada.MSI\Desktop\Hamada\lab\data\raw\images\Describable Textures Dataset\images\spiralled\spiralled_0084.jpg,0.5000622969207703,10,False
C:\Users\Hamada.MSI\Desktop\Hamada\lab\data\raw\images\Describable Textures Dataset\images\perforated\perforated_0024.jpg,0.5003566342738127,10,False
C:\Users\Hamada.MSI\Desktop\Hamada\lab\data\raw\images\Describable Textures Dataset\images\striped\striped_0030.jpg,0.5004399125648038,10,False
C:\Users\Hamada.MSI\Desktop\Hamada\lab\data\raw\images\Describable Textures Dataset\images\gauzy\gauzy_0147.jpg,0.500564593646915,10,False
C:\Users\Hamada.MSI\Desktop\Hamada\lab\data\raw\images\Describable Textures Dataset\images\crosshatched\crosshatched_0071.jpg,0.5010470893844019,10,False
C:\Users\Hamada.MSI\Desktop\Hamada\lab\data\raw\images\Describable Textures Dataset\images\frilly\frilly_0112.jpg,0.5017017804127487,10,False
C:\Users\Hamada.MSI\Desktop\Hamada\lab\data\raw\images\Describable Textures Dataset\images\interlaced\interlaced_0076.jpg,0.5017966513680145,10,False
C:\Users\Hamada.MSI\Desktop\Hamada\lab\data\raw\images\Describable Textures Dataset\images\grid\grid_0103.jpg,0.502211000080054,10,False
C:\Users\Hamada.MSI\Desktop\Hamada\lab\data\raw\images\Describable Textures Dataset\images\banded\banded_0009.jpg,0.5022340818544787,10,False
C:\Users\Hamada.MSI\Desktop\Hamada\lab\data\raw\images\Describable Textures Dataset\images\gauzy\gauzy_0179.jpg,0.5030585357404392,10,False
C:\Users\Hamada.MSI\Desktop\Hamada\lab\data\raw\images\Describable Textures Dataset\images\zigzagged\zigzagged_0091.jpg,0.5033729240775378,10,False
C:\Users\Hamada.MSI\Desktop\Hamada\lab\data\raw\images\Describable Textures Dataset\images\smeared\smeared_0026.jpg,0.5037720657391327,10,False
C:\Users\Hamada.MSI\Desktop\Hamada\lab\data\raw\images\Describable Textures Dataset\images\gauzy\gauzy_0088.jpg,0.5040076575886064,10,False
C:\Users\Hamada.MSI\Desktop\Hamada\lab\data\raw\images\Describable Textures Dataset\images\crystalline\crystalline_0135.jpg,0.5040999009836153,10,False
C:\Users\Hamada.MSI\Desktop\Hamada\lab\data\raw\images\Describable Textures Dataset\images\paisley\paisley_0104.jpg,0.5042741043156286,10,False
C:\Users\Hamada.MSI\Desktop\Hamada\lab\data\raw\images\Describable Textures Dataset\images\zigzagged\zigzagged_0067.jpg,0.5047206081092604,10,False
C:\Users\Hamada.MSI\Desktop\Hamada\lab\data\raw\images\Describable Textures Dataset\images\paisley\paisley_0064.jpg,0.5051539322614107,10,False
C:\Users\Hamada.MSI\Desktop\Hamada\lab\data\raw\images\Describable Textures Dataset\images\marbled\marbled_0095.jpg,0.5054195214960227,10,False
C:\Users\Hamada.MSI\Desktop\Hamada\lab\data\raw\images\Describable Textures Dataset\images\grooved\grooved_0109.jpg,0.5056731773931212,10,False
C:\Users\Hamada.MSI\Desktop\Hamada\lab\data\raw\images\Describable Textures Dataset\images\zigzagged\zigzagged_0082.jpg,0.505907653053011,10,False
C:\Users\Hamada.MSI\Desktop\Hamada\lab\data\raw\images\Describable Textures Dataset\images\stained\stained_0057.jpg,0.50631104328009,10,False
C:\Users\Hamada.MSI\Desktop\Hamada\lab\data\raw\images\Describable Textures Dataset\images\marbled\marbled_0119.jpg,0.5068864685356331,10,False
C:\Users\Hamada.MSI\Desktop\Hamada\lab\data\raw\images\Describable Textures Dataset\images\gauzy\gauzy_0102.jpg,0.5069233150117292,10,False
C:\Users\Hamada.MSI\Desktop\Hamada\lab\data\raw\images\Describable Textures Dataset\images\crosshatched\crosshatched_0168.jpg,0.5071313134541406,10,False
C:\Users\Hamada.MSI\Desktop\Hamada\lab\data\raw\images\Describable Textures Dataset\images\smeared\smeared_0147.jpg,0.5072019864593866,10,False
C:\Users\Hamada.MSI\Desktop\Hamada\lab\data\raw\images\Describable Textures Dataset\images\pleated\pleated_0064.jpg,0.5072971671308492,10,False
C:\Users\Hamada.MSI\Desktop\Hamada\lab\data\raw\images\Describable Textures Dataset\images\pleated\pleated_0166.jpg,0.5075537709736039,10,False
C:\Users\Hamada.MSI\Desktop\Hamada\lab\data\raw\images\Describable Textures Dataset\images\dotted\dotted_0205.jpg,0.5076011969419667,10,False
C:\Users\Hamada.MSI\Desktop\Hamada\lab\data\raw\images\Describable Textures Dataset\images\blotchy\blotchy_0089.jpg,0.508107313243913,10,False
C:\Users\Hamada.MSI\Desktop\Hamada\lab\data\raw\images\Describable Textures Dataset\images\zigzagged\zigzagged_0102.jpg,0.5085044200528314,10,False
C:\Users\Hamada.MSI\Desktop\Hamada\lab\data\raw\images\Describable Textures Dataset\images\blotchy\blotchy_0042.jpg,0.5095299039639062,10,False
C:\Users\Hamada.MSI\Desktop\Hamada\lab\data\raw\images\Describable Textures Dataset\images\crosshatched\crosshatched_0108.jpg,0.5098451515569808,10,False
C:\Users\Hamada.MSI\Desktop\Hamada\lab\data\raw\images\Describable Textures Dataset\images\interlaced\interlaced_0052.jpg,0.5099324771497228,10,False
C:\Users\Hamada.MSI\Desktop\Hamada\lab\data\raw\images\Describable Textures Dataset\images\lined\lined_0127.jpg,0.5099982705608966,10,False
C:\Users\Hamada.MSI\Desktop\Hamada\lab\data\raw\images\Describable Textures Dataset\images\honeycombed\honeycombed_0128.jpg,0.5107604147355127,10,False
C:\Users\Hamada.MSI\Desktop\Hamada\lab\data\raw\images\Describable Textures Dataset\images\fibrous\fibrous_0199.jpg,0.5107748385389118,10,False
C:\Users\Hamada.MSI\Desktop\Hamada\lab\data\raw\images\Describable Textures Dataset\images\lacelike\lacelike_0045.jpg,0.5108246463711207,10,False
C:\Users\Hamada.MSI\Desktop\Hamada\lab\data\raw\images\Describable Textures Dataset\images\zigzagged\zigzagged_0023.jpg,0.511350142670486,10,False
C:\Users\Hamada.MSI\Desktop\Hamada\lab\data\raw\images\Describable Textures Dataset\images\bubbly\bubbly_0110.jpg,0.5114453133904001,10,False
C:\Users\Hamada.MSI\Desktop\Hamada\lab\data\raw\images\Describable Textures Dataset\images\lacelike\lacelike_0042.jpg,0.5121065140297306,10,False
C:\Users\Hamada.MSI\Desktop\Hamada\lab\data\raw\images\Describable Textures Dataset\images\pleated\pleated_0150.jpg,0.5121880871591411,10,False
C:\Users\Hamada.MSI\Desktop\Hamada\lab\data\raw\images\Describable Textures Dataset\images\dotted\dotted_0047.jpg,0.51218835293928,10,False
C:\Users\Hamada.MSI\Desktop\Hamada\lab\data\raw\images\Describable Textures Dataset\images\zigzagged\zigzagged_0064.jpg,0.5122459641903621,10,False
C:\Users\Hamada.MSI\Desktop\Hamada\lab\data\raw\images\Describable Textures Dataset\images\lined\lined_0062.jpg,0.512264117500915,10,False
C:\Users\Hamada.MSI\Desktop\Hamada\lab\data\raw\images\Describable Textures Dataset\images\banded\banded_0059.jpg,0.5124693557244904,10,False
C:\Users\Hamada.MSI\Desktop\Hamada\lab\data\raw\images\Describable Textures Dataset\images\wrinkled\wrinkled_0090.jpg,0.5129302163512828,10,False
C:\Users\Hamada.MSI\Desktop\Hamada\lab\data\raw\images\Describable Textures Dataset\images\gauzy\gauzy_0182.jpg,0.5129739608013437,10,False
C:\Users\Hamada.MSI\Desktop\Hamada\lab\data\raw\images\Describable Textures Dataset\images\paisley\paisley_0087.jpg,0.5131037634693818,10,False
C:\Users\Hamada.MSI\Desktop\Hamada\lab\data\raw\images\Describable Textures Dataset\images\stained\stained_0080.jpg,0.5133253061151495,10,False
C:\Users\Hamada.MSI\Desktop\Hamada\lab\data\raw\images\Describable Textures Dataset\images\sprinkled\sprinkled_0033.jpg,0.5133745961135111,10,False
C:\Users\Hamada.MSI\Desktop\Hamada\lab\data\raw\images\Describable Textures Dataset\images\marbled\marbled_0114.jpg,0.5134069080550412,10,False
C:\Users\Hamada.MSI\Desktop\Hamada\lab\data\raw\images\Describable Textures Dataset\images\zigzagged\zigzagged_0021.jpg,0.5136461994838076,10,False
C:\Users\Hamada.MSI\Desktop\Hamada\lab\data\raw\images\Describable Textures Dataset\images\sprinkled\sprinkled_0051.jpg,0.5138174396361151,10,False
C:\Users\Hamada.MSI\Desktop\Hamada\lab\data\raw\images\Describable Textures Dataset\images\porous\porous_0105.jpg,0.5139530914659411,10,False
C:\Users\Hamada.MSI\Desktop\Hamada\lab\data\raw\images\Describable Textures Dataset\images\banded\banded_0064.jpg,0.5140361437442115,10,False
C:\Users\Hamada.MSI\Desktop\Hamada\lab\data\raw\images\Describable Textures Dataset\images\lacelike\lacelike_0110.jpg,0.5143341566561364,10,False
C:\Users\Hamada.MSI\Desktop\Hamada\lab\data\raw\images\Describable Textures Dataset\images\gauzy\gauzy_0008.jpg,0.514598482685772,10,False
C:\Users\Hamada.MSI\Desktop\Hamada\lab\data\raw\images\Describable Textures Dataset\images\chequered\chequered_0088.jpg,0.5147782372288316,10,False
C:\Users\Hamada.MSI\Desktop\Hamada\lab\data\raw\images\Describable Textures Dataset\images\gauzy\gauzy_0198.jpg,0.5149023037803587,10,False
C:\Users\Hamada.MSI\Desktop\Hamada\lab\data\raw\images\Describable Textures Dataset\images\fibrous\fibrous_0160.jpg,0.5153324082177857,10,False
C:\Users\Hamada.MSI\Desktop\Hamada\lab\data\raw\images\Describable Textures Dataset\images\pleated\pleated_0111.jpg,0.5153570907488381,10,False
C:\Users\Hamada.MSI\Desktop\Hamada\lab\data\raw\images\Describable Textures Dataset\images\grooved\grooved_0136.jpg,0.5158884982308553,10,False
C:\Users\Hamada.MSI\Desktop\Hamada\lab\data\raw\images\Describable Textures Dataset\images\bumpy\bumpy_0155.jpg,0.5160122027596575,10,False
C:\Users\Hamada.MSI\Desktop\Hamada\lab\data\raw\images\Describable Textures Dataset\images\sprinkled\sprinkled_0066.jpg,0.516207998083334,10,False
C:\Users\Hamada.MSI\Desktop\Hamada\lab\data\raw\images\Describable Textures Dataset\images\grooved\grooved_0160.jpg,0.5163778733671559,10,False
C:\Users\Hamada.MSI\Desktop\Hamada\lab\data\raw\images\Describable Textures Dataset\images\grid\grid_0003.jpg,0.5170093188297478,10,False
C:\Users\Hamada.MSI\Desktop\Hamada\lab\data\raw\images\Describable Textures Dataset\images\paisley\paisley_0007.jpg,0.5184788724336711,10,False
C:\Users\Hamada.MSI\Desktop\Hamada\lab\data\raw\images\Describable Textures Dataset\images\chequered\chequered_0208.jpg,0.5188617768584818,10,False
C:\Users\Hamada.MSI\Desktop\Hamada\lab\data\raw\images\Describable Textures Dataset\images\dotted\dotted_0119.jpg,0.5192238405320555,10,False
C:\Users\Hamada.MSI\Desktop\Hamada\lab\data\raw\images\Describable Textures Dataset\images\bubbly\bubbly_0159.jpg,0.5192719809684709,10,False
C:\Users\Hamada.MSI\Desktop\Hamada\lab\data\raw\images\Describable Textures Dataset\images\knitted\knitted_0117.jpg,0.5199562928861848,10,False
C:\Users\Hamada.MSI\Desktop\Hamada\lab\data\raw\images\Describable Textures Dataset\images\grid\grid_0112.jpg,0.5200578289375842,10,False
C:\Users\Hamada.MSI\Desktop\Hamada\lab\data\raw\images\Describable Textures Dataset\images\banded\banded_0111.jpg,0.5201483253480323,10,False
C:\Users\Hamada.MSI\Desktop\Hamada\lab\data\raw\images\Describable Textures Dataset\images\honeycombed\honeycombed_0100.jpg,0.5211798810166594,10,False
C:\Users\Hamada.MSI\Desktop\Hamada\lab\data\raw\images\Describable Textures Dataset\images\swirly\swirly_0173.jpg,0.5214022032191742,10,False
C:\Users\Hamada.MSI\Desktop\Hamada\lab\data\raw\images\Describable Textures Dataset\images\lined\lined_0128.jpg,0.5214193038813469,10,False
C:\Users\Hamada.MSI\Desktop\Hamada\lab\data\raw\images\Describable Textures Dataset\images\lacelike\lacelike_0089.jpg,0.5214427568507763,10,False
C:\Users\Hamada.MSI\Desktop\Hamada\lab\data\raw\images\Describable Textures Dataset\images\knitted\knitted_0158.jpg,0.5217850155843726,10,False
C:\Users\Hamada.MSI\Desktop\Hamada\lab\data\raw\images\Describable Textures Dataset\images\crosshatched\crosshatched_0112.jpg,0.5222432686483947,10,False
C:\Users\Hamada.MSI\Desktop\Hamada\lab\data\raw\images\Describable Textures Dataset\images\polka-dotted\polka-dotted_0206.jpg,0.5222533437095536,10,False
C:\Users\Hamada.MSI\Desktop\Hamada\lab\data\raw\images\Describable Textures Dataset\images\stained\stained_0126.jpg,0.5225025894847544,10,False
C:\Users\Hamada.MSI\Desktop\Hamada\lab\data\raw\images\Describable Textures Dataset\images\cracked\cracked_0064.jpg,0.5225928488309831,10,False
C:\Users\Hamada.MSI\Desktop\Hamada\lab\data\raw\images\Describable Textures Dataset\images\waffled\waffled_0090.jpg,0.522608851954268,10,False
C:\Users\Hamada.MSI\Desktop\Hamada\lab\data\raw\images\Describable Textures Dataset\images\zigzagged\zigzagged_0106.jpg,0.5232940199345494,10,False
C:\Users\Hamada.MSI\Desktop\Hamada\lab\data\raw\images\Describable Textures Dataset\images\fibrous\fibrous_0135.jpg,0.5237426935956959,10,False
C:\Users\Hamada.MSI\Desktop\Hamada\lab\data\raw\images\Describable Textures Dataset\images\swirly\swirly_0121.jpg,0.5242302549163625,10,False
C:\Users\Hamada.MSI\Desktop\Hamada\lab\data\raw\images\Describable Textures Dataset\images\marbled\marbled_0072.jpg,0.5244092683701884,10,False
C:\Users\Hamada.MSI\Desktop\Hamada\lab\data\raw\images\Describable Textures Dataset\images\pleated\pleated_0061.jpg,0.524432645171234,10,False
C:\Users\Hamada.MSI\Desktop\Hamada\lab\data\raw\images\Describable Textures Dataset\images\wrinkled\wrinkled_0107.jpg,0.5244673479993163,10,False
C:\Users\Hamada.MSI\Desktop\Hamada\lab\data\raw\images\Describable Textures Dataset\images\bubbly\bubbly_0143.jpg,0.5253152543399773,10,False
C:\Users\Hamada.MSI\Desktop\Hamada\lab\data\raw\images\Describable Textures Dataset\images\sprinkled\sprinkled_0093.jpg,0.5253430359835395,10,False
C:\Users\Hamada.MSI\Desktop\Hamada\lab\data\raw\images\Describable Textures Dataset\images\gauzy\gauzy_0174.jpg,0.5258532974860252,10,False
C:\Users\Hamada.MSI\Desktop\Hamada\lab\data\raw\images\Describable Textures Dataset\images\lacelike\lacelike_0043.jpg,0.5258945276374155,10,False
C:\Users\Hamada.MSI\Desktop\Hamada\lab\data\raw\images\Describable Textures Dataset\images\crystalline\crystalline_0165.jpg,0.5265499904564127,10,False
C:\Users\Hamada.MSI\Desktop\Hamada\lab\data\raw\images\Describable Textures Dataset\images\lacelike\lacelike_0068.jpg,0.5270726859896488,10,False
C:\Users\Hamada.MSI\Desktop\Hamada\lab\data\raw\images\Describable Textures Dataset\images\sprinkled\sprinkled_0070.jpg,0.5271099734847641,10,False
C:\Users\Hamada.MSI\Desktop\Hamada\lab\data\raw\images\Describable Textures Dataset\images\spiralled\spiralled_0004.jpg,0.5271775165609696,10,False
C:\Users\Hamada.MSI\Desktop\Hamada\lab\data\raw\images\Describable Textures Dataset\images\stained\stained_0095.jpg,0.527309054688503,10,False
C:\Users\Hamada.MSI\Desktop\Hamada\lab\data\raw\images\Describable Textures Dataset\images\polka-dotted\polka-dotted_0127.jpg,0.5273326507873473,10,False
C:\Users\Hamada.MSI\Desktop\Hamada\lab\data\raw\images\Describable Textures Dataset\images\stained\stained_0022.jpg,0.5293582314807106,10,False
C:\Users\Hamada.MSI\Desktop\Hamada\lab\data\raw\images\Describable Textures Dataset\images\fibrous\fibrous_0171.jpg,0.5294145299927066,10,False
C:\Users\Hamada.MSI\Desktop\Hamada\lab\data\raw\images\Describable Textures Dataset\images\grid\grid_0073.jpg,0.530277329055466,10,False
C:\Users\Hamada.MSI\Desktop\Hamada\lab\data\raw\images\Describable Textures Dataset\images\stained\stained_0105.jpg,0.5304523619507086,10,False
C:\Users\Hamada.MSI\Desktop\Hamada\lab\data\raw\images\Describable Textures Dataset\images\paisley\paisley_0005.jpg,0.531044186617326,10,False
C:\Users\Hamada.MSI\Desktop\Hamada\lab\data\raw\images\Describable Textures Dataset\images\spiralled\spiralled_0130.jpg,0.5313713328424813,10,False
C:\Users\Hamada.MSI\Desktop\Hamada\lab\data\raw\images\Describable Textures Dataset\images\gauzy\gauzy_0203.jpg,0.5327819912450855,10,False
C:\Users\Hamada.MSI\Desktop\Hamada\lab\data\raw\images\Describable Textures Dataset\images\striped\striped_0093.jpg,0.5328209878779294,10,False
C:\Users\Hamada.MSI\Desktop\Hamada\lab\data\raw\images\Describable Textures Dataset\images\grid\grid_0059.jpg,0.5329493976973402,10,False
C:\Users\Hamada.MSI\Desktop\Hamada\lab\data\raw\images\Describable Textures Dataset\images\knitted\knitted_0111.jpg,0.5332343123028481,10,False
C:\Users\Hamada.MSI\Desktop\Hamada\lab\data\raw\images\Describable Textures Dataset\images\banded\banded_0062.jpg,0.533355897518267,10,False
C:\Users\Hamada.MSI\Desktop\Hamada\lab\data\raw\images\Describable Textures Dataset\images\sprinkled\sprinkled_0047.jpg,0.5337342740429953,10,False
C:\Users\Hamada.MSI\Desktop\Hamada\lab\data\raw\images\Describable Textures Dataset\images\zigzagged\zigzagged_0113.jpg,0.5338050443673914,10,False
C:\Users\Hamada.MSI\Desktop\Hamada\lab\data\raw\images\Describable Textures Dataset\images\lined\lined_0146.jpg,0.5338606617549502,10,False
C:\Users\Hamada.MSI\Desktop\Hamada\lab\data\raw\images\Describable Textures Dataset\images\chequered\chequered_0100.jpg,0.5344308515677727,10,False
C:\Users\Hamada.MSI\Desktop\Hamada\lab\data\raw\images\Describable Textures Dataset\images\lined\lined_0168.jpg,0.5345847583968316,10,False
C:\Users\Hamada.MSI\Desktop\Hamada\lab\data\raw\images\Describable Textures Dataset\images\swirly\swirly_0088.jpg,0.5348424655715036,10,False
C:\Users\Hamada.MSI\Desktop\Hamada\lab\data\raw\images\Describable Textures Dataset\images\lacelike\lacelike_0077.jpg,0.534969934250148,10,False
C:\Users\Hamada.MSI\Desktop\Hamada\lab\data\raw\images\Describable Textures Dataset\images\zigzagged\zigzagged_0034.jpg,0.5354367998239354,10,False
C:\Users\Hamada.MSI\Desktop\Hamada\lab\data\raw\images\Describable Textures Dataset\images\sprinkled\sprinkled_0034.jpg,0.5356267989455898,10,False
C:\Users\Hamada.MSI\Desktop\Hamada\lab\data\raw\images\Describable Textures Dataset\images\wrinkled\wrinkled_0115.jpg,0.5358504652631291,10,False
C:\Users\Hamada.MSI\Desktop\Hamada\lab\data\raw\images\Describable Textures Dataset\images\gauzy\gauzy_0197.jpg,0.5359826618805977,10,False
C:\Users\Hamada.MSI\Desktop\Hamada\lab\data\raw\images\Describable Textures Dataset\images\paisley\paisley_0046.jpg,0.5366005166284279,10,False
C:\Users\Hamada.MSI\Desktop\Hamada\lab\data\raw\images\Describable Textures Dataset\images\honeycombed\honeycombed_0061.jpg,0.5371433790553967,10,False
C:\Users\Hamada.MSI\Desktop\Hamada\lab\data\raw\images\Describable Textures Dataset\images\dotted\dotted_0041.jpg,0.538241736848081,10,False
C:\Users\Hamada.MSI\Desktop\Hamada\lab\data\raw\images\Describable Textures Dataset\images\banded\banded_0057.jpg,0.5384916012830134,10,False
C:\Users\Hamada.MSI\Desktop\Hamada\lab\data\raw\images\Describable Textures Dataset\images\smeared\smeared_0113.jpg,0.5387476296779412,10,False
C:\Users\Hamada.MSI\Desktop\Hamada\lab\data\raw\images\Describable Textures Dataset\images\polka-dotted\polka-dotted_0230.jpg,0.5402207505538046,10,False
C:\Users\Hamada.MSI\Desktop\Hamada\lab\data\raw\images\Describable Textures Dataset\images\fibrous\fibrous_0103.jpg,0.5402675093793647,10,False
C:\Users\Hamada.MSI\Desktop\Hamada\lab\data\raw\images\Describable Textures Dataset\images\paisley\paisley_0004.jpg,0.5408717533635795,10,False
C:\Users\Hamada.MSI\Desktop\Hamada\lab\data\raw\images\Describable Textures Dataset\images\lined\lined_0123.jpg,0.541510832970359,10,False
C:\Users\Hamada.MSI\Desktop\Hamada\lab\data\raw\images\Describable Textures Dataset\images\banded\banded_0086.jpg,0.5416157560943892,10,False
C:\Users\Hamada.MSI\Desktop\Hamada\lab\data\raw\images\Describable Textures Dataset\images\pleated\pleated_0114.jpg,0.5416672767131884,10,False
C:\Users\Hamada.MSI\Desktop\Hamada\lab\data\raw\images\Describable Textures Dataset\images\lined\lined_0174.jpg,0.5417231890018531,10,False
C:\Users\Hamada.MSI\Desktop\Hamada\lab\data\raw\images\Describable Textures Dataset\images\lacelike\lacelike_0021.jpg,0.5423367030109687,10,False
C:\Users\Hamada.MSI\Desktop\Hamada\lab\data\raw\images\Describable Textures Dataset\images\lacelike\lacelike_0006.jpg,0.5428126241676594,10,False
C:\Users\Hamada.MSI\Desktop\Hamada\lab\data\raw\images\Describable Textures Dataset\images\bubbly\bubbly_0104.jpg,0.5429176389212457,10,False
C:\Users\Hamada.MSI\Desktop\Hamada\lab\data\raw\images\Describable Textures Dataset\images\pleated\pleated_0084.jpg,0.543221524434749,10,False
C:\Users\Hamada.MSI\Desktop\Hamada\lab\data\raw\images\Describable Textures Dataset\images\woven\woven_0012.jpg,0.5432429566465372,10,False
C:\Users\Hamada.MSI\Desktop\Hamada\lab\data\raw\images\Describable Textures Dataset\images\pleated\pleated_0086.jpg,0.5433597689344882,10,False
C:\Users\Hamada.MSI\Desktop\Hamada\lab\data\raw\images\Describable Textures Dataset\images\dotted\dotted_0118.jpg,0.5437975785489887,10,False
C:\Users\Hamada.MSI\Desktop\Hamada\lab\data\raw\images\Describable Textures Dataset\images\stained\stained_0067.jpg,0.5439325729583844,10,False
C:\Users\Hamada.MSI\Desktop\Hamada\lab\data\raw\images\Describable Textures Dataset\images\bubbly\bubbly_0160.jpg,0.5440475131766326,10,False
C:\Users\Hamada.MSI\Desktop\Hamada\lab\data\raw\images\Describable Textures Dataset\images\braided\braided_0124.jpg,0.5441866804233811,10,False
C:\Users\Hamada.MSI\Desktop\Hamada\lab\data\raw\images\Describable Textures Dataset\images\lined\lined_0068.jpg,0.5443097273165337,10,False
C:\Users\Hamada.MSI\Desktop\Hamada\lab\data\raw\images\Describable Textures Dataset\images\blotchy\blotchy_0053.jpg,0.5447826931322963,10,False
C:\Users\Hamada.MSI\Desktop\Hamada\lab\data\raw\images\Describable Textures Dataset\images\woven\woven_0009.jpg,0.5452312363739285,10,False
C:\Users\Hamada.MSI\Desktop\Hamada\lab\data\raw\images\Describable Textures Dataset\images\paisley\paisley_0082.jpg,0.5461933506166698,10,False
C:\Users\Hamada.MSI\Desktop\Hamada\lab\data\raw\images\Describable Textures Dataset\images\honeycombed\honeycombed_0137.jpg,0.5462145933364961,10,False
C:\Users\Hamada.MSI\Desktop\Hamada\lab\data\raw\images\Describable Textures Dataset\images\freckled\freckled_0128.jpg,0.5462497539132983,10,False
C:\Users\Hamada.MSI\Desktop\Hamada\lab\data\raw\images\Describable Textures Dataset\images\marbled\marbled_0140.jpg,0.5463019346404574,10,False
C:\Users\Hamada.MSI\Desktop\Hamada\lab\data\raw\images\Describable Textures Dataset\images\freckled\freckled_0154.jpg,0.5472575189918145,10,False
C:\Users\Hamada.MSI\Desktop\Hamada\lab\data\raw\images\Describable Textures Dataset\images\cracked\cracked_0058.jpg,0.5482542167488881,10,False
C:\Users\Hamada.MSI\Desktop\Hamada\lab\data\raw\images\Describable Textures Dataset\images\banded\banded_0098.jpg,0.5496328622754342,10,False
C:\Users\Hamada.MSI\Desktop\Hamada\lab\data\raw\images\Describable Textures Dataset\images\zigzagged\zigzagged_0085.jpg,0.5499572103884354,10,False
C:\Users\Hamada.MSI\Desktop\Hamada\lab\data\raw\images\Describable Textures Dataset\images\stained\stained_0079.jpg,0.5504925068438359,10,False
C:\Users\Hamada.MSI\Desktop\Hamada\lab\data\raw\images\Describable Textures Dataset\images\gauzy\gauzy_0200.jpg,0.5511235263823976,10,False
C:\Users\Hamada.MSI\Desktop\Hamada\lab\data\raw\images\Describable Textures Dataset\images\paisley\paisley_0008.jpg,0.551227649549659,10,False
C:\Users\Hamada.MSI\Desktop\Hamada\lab\data\raw\images\Describable Textures Dataset\images\swirly\swirly_0075.jpg,0.551533671417246,10,False
C:\Users\Hamada.MSI\Desktop\Hamada\lab\data\raw\images\Describable Textures Dataset\images\crystalline\crystalline_0125.jpg,0.551868702220097,10,False
C:\Users\Hamada.MSI\Desktop\Hamada\lab\data\raw\images\Describable Textures Dataset\images\gauzy\gauzy_0089.jpg,0.5526380777919389,10,False
C:\Users\Hamada.MSI\Desktop\Hamada\lab\data\raw\images\Describable Textures Dataset\images\honeycombed\honeycombed_0148.jpg,0.5529594950371115,10,False
C:\Users\Hamada.MSI\Desktop\Hamada\lab\data\raw\images\Describable Textures Dataset\images\freckled\freckled_0125.jpg,0.5530674315821067,10,False
C:\Users\Hamada.MSI\Desktop\Hamada\lab\data\raw\images\Describable Textures Dataset\images\braided\braided_0152.jpg,0.5532074412666582,10,False
C:\Users\Hamada.MSI\Desktop\Hamada\lab\data\raw\images\Describable Textures Dataset\images\dotted\dotted_0053.jpg,0.5537788501717071,10,False
C:\Users\Hamada.MSI\Desktop\Hamada\lab\data\raw\images\Describable Textures Dataset\images\cracked\cracked_0049.jpg,0.5538282258909405,10,False
C:\Users\Hamada.MSI\Desktop\Hamada\lab\data\raw\images\Describable Textures Dataset\images\dotted\dotted_0062.jpg,0.5540486150727207,10,False
C:\Users\Hamada.MSI\Desktop\Hamada\lab\data\raw\images\Describable Textures Dataset\images\banded\banded_0101.jpg,0.554324983739994,10,False
C:\Users\Hamada.MSI\Desktop\Hamada\lab\data\raw\images\Describable Textures Dataset\images\pleated\pleated_0160.jpg,0.5548687245964056,10,False
C:\Users\Hamada.MSI\Desktop\Hamada\lab\data\raw\images\Describable Textures Dataset\images\waffled\waffled_0204.jpg,0.555212411088568,10,False
C:\Users\Hamada.MSI\Desktop\Hamada\lab\data\raw\images\Describable Textures Dataset\images\lined\lined_0140.jpg,0.555836186636604,10,False
C:\Users\Hamada.MSI\Desktop\Hamada\lab\data\raw\images\Describable Textures Dataset\images\bubbly\bubbly_0061.jpg,0.5561269486050088,10,False
C:\Users\Hamada.MSI\Desktop\Hamada\lab\data\raw\images\Describable Textures Dataset\images\bubbly\bubbly_0161.jpg,0.5564756367461473,10,False
C:\Users\Hamada.MSI\Desktop\Hamada\lab\data\raw\images\Describable Textures Dataset\images\zigzagged\zigzagged_0054.jpg,0.5565746387038975,10,False
C:\Users\Hamada.MSI\Desktop\Hamada\lab\data\raw\images\Describable Textures Dataset\images\fibrous\fibrous_0137.jpg,0.5567228622426951,10,False
C:\Users\Hamada.MSI\Desktop\Hamada\lab\data\raw\images\Describable Textures Dataset\images\wrinkled\wrinkled_0085.jpg,0.5580209437844686,10,False
C:\Users\Hamada.MSI\Desktop\Hamada\lab\data\raw\images\Describable Textures Dataset\images\crystalline\crystalline_0143.jpg,0.5585491023374436,10,False
C:\Users\Hamada.MSI\Desktop\Hamada\lab\data\raw\images\Describable Textures Dataset\images\crosshatched\crosshatched_0150.jpg,0.5589427673973562,10,False
C:\Users\Hamada.MSI\Desktop\Hamada\lab\data\raw\images\Describable Textures Dataset\images\chequered\chequered_0185.jpg,0.5592831698145678,10,False
C:\Users\Hamada.MSI\Desktop\Hamada\lab\data\raw\images\Describable Textures Dataset\images\stained\stained_0068.jpg,0.5594638517302664,10,False
C:\Users\Hamada.MSI\Desktop\Hamada\lab\data\raw\images\Describable Textures Dataset\images\polka-dotted\polka-dotted_0091.jpg,0.5600800571315736,10,False
C:\Users\Hamada.MSI\Desktop\Hamada\lab\data\raw\images\Describable Textures Dataset\images\dotted\dotted_0060.jpg,0.5600828505146362,10,False
C:\Users\Hamada.MSI\Desktop\Hamada\lab\data\raw\images\Describable Textures Dataset\images\dotted\dotted_0131.jpg,0.5604198639906788,10,False
C:\Users\Hamada.MSI\Desktop\Hamada\lab\data\raw\images\Describable Textures Dataset\images\polka-dotted\polka-dotted_0211.jpg,0.5614342220880734,10,False
C:\Users\Hamada.MSI\Desktop\Hamada\lab\data\raw\images\Describable Textures Dataset\images\smeared\smeared_0095.jpg,0.5615962814032173,10,False
C:\Users\Hamada.MSI\Desktop\Hamada\lab\data\raw\images\Describable Textures Dataset\images\sprinkled\sprinkled_0035.jpg,0.5617888315505238,10,False
C:\Users\Hamada.MSI\Desktop\Hamada\lab\data\raw\images\Describable Textures Dataset\images\zigzagged\zigzagged_0058.jpg,0.56211042625535,10,False
C:\Users\Hamada.MSI\Desktop\Hamada\lab\data\raw\images\Describable Textures Dataset\images\bubbly\bubbly_0044.jpg,0.5624787770915832,10,False
C:\Users\Hamada.MSI\Desktop\Hamada\lab\data\raw\images\Describable Textures Dataset\images\banded\banded_0154.jpg,0.564182779549852,10,False
C:\Users\Hamada.MSI\Desktop\Hamada\lab\data\raw\images\Describable Textures Dataset\images\lacelike\lacelike_0055.jpg,0.5647879326368881,10,False
C:\Users\Hamada.MSI\Desktop\Hamada\lab\data\raw\images\Describable Textures Dataset\images\stained\stained_0050.jpg,0.565371999967497,10,False
C:\Users\Hamada.MSI\Desktop\Hamada\lab\data\raw\images\Describable Textures Dataset\images\zigzagged\zigzagged_0120.jpg,0.5658531879278047,10,False
C:\Users\Hamada.MSI\Desktop\Hamada\lab\data\raw\images\Describable Textures Dataset\images\stained\stained_0066.jpg,0.565923833924974,10,False
C:\Users\Hamada.MSI\Desktop\Hamada\lab\data\raw\images\Describable Textures Dataset\images\banded\banded_0006.jpg,0.5662064637668112,10,False
C:\Users\Hamada.MSI\Desktop\Hamada\lab\data\raw\images\Describable Textures Dataset\images\fibrous\fibrous_0166.jpg,0.5677839067336979,10,False
C:\Users\Hamada.MSI\Desktop\Hamada\lab\data\raw\images\Describable Textures Dataset\images\dotted\dotted_0110.jpg,0.5677976605345774,10,False
C:\Users\Hamada.MSI\Desktop\Hamada\lab\data\raw\images\Describable Textures Dataset\images\gauzy\gauzy_0173.jpg,0.5678988275529728,10,False
C:\Users\Hamada.MSI\Desktop\Hamada\lab\data\raw\images\Describable Textures Dataset\images\braided\braided_0180.jpg,0.5681396396227433,10,False
C:\Users\Hamada.MSI\Desktop\Hamada\lab\data\raw\images\Describable Textures Dataset\images\swirly\swirly_0062.jpg,0.5690810928218764,10,False
C:\Users\Hamada.MSI\Desktop\Hamada\lab\data\raw\images\Describable Textures Dataset\images\bumpy\bumpy_0160.jpg,0.5691509381789265,10,False
C:\Users\Hamada.MSI\Desktop\Hamada\lab\data\raw\images\Describable Textures Dataset\images\pleated\pleated_0065.jpg,0.5698571875647139,10,False
C:\Users\Hamada.MSI\Desktop\Hamada\lab\data\raw\images\Describable Textures Dataset\images\dotted\dotted_0165.jpg,0.5710927599270134,10,False
C:\Users\Hamada.MSI\Desktop\Hamada\lab\data\raw\images\Describable Textures Dataset\images\dotted\dotted_0198.jpg,0.5710927599270134,10,False
C:\Users\Hamada.MSI\Desktop\Hamada\lab\data\raw\images\Describable Textures Dataset\images\pitted\pitted_0035.jpg,0.5711004829282967,10,False
C:\Users\Hamada.MSI\Desktop\Hamada\lab\data\raw\images\Describable Textures Dataset\images\grooved\grooved_0101.jpg,0.5719001935040351,10,False
C:\Users\Hamada.MSI\Desktop\Hamada\lab\data\raw\images\Describable Textures Dataset\images\paisley\paisley_0068.jpg,0.5722485142675244,10,False
C:\Users\Hamada.MSI\Desktop\Hamada\lab\data\raw\images\Describable Textures Dataset\images\marbled\marbled_0151.jpg,0.5731916814040257,10,False
C:\Users\Hamada.MSI\Desktop\Hamada\lab\data\raw\images\Describable Textures Dataset\images\lined\lined_0074.jpg,0.5732586213918457,10,False
C:\Users\Hamada.MSI\Desktop\Hamada\lab\data\raw\images\Describable Textures Dataset\images\lacelike\lacelike_0031.jpg,0.5734682156994586,10,False
C:\Users\Hamada.MSI\Desktop\Hamada\lab\data\raw\images\Describable Textures Dataset\images\frilly\frilly_0074.jpg,0.5740997057697583,10,False
C:\Users\Hamada.MSI\Desktop\Hamada\lab\data\raw\images\Describable Textures Dataset\images\frilly\frilly_0077.jpg,0.5745206245107677,10,False
C:\Users\Hamada.MSI\Desktop\Hamada\lab\data\raw\images\Describable Textures Dataset\images\frilly\frilly_0055.jpg,0.5746079223702795,10,False
C:\Users\Hamada.MSI\Desktop\Hamada\lab\data\raw\images\Describable Textures Dataset\images\zigzagged\zigzagged_0088.jpg,0.5747450656260604,10,False
C:\Users\Hamada.MSI\Desktop\Hamada\lab\data\raw\images\Describable Textures Dataset\images\porous\porous_0145.jpg,0.5747523034581111,10,False
C:\Users\Hamada.MSI\Desktop\Hamada\lab\data\raw\images\Describable Textures Dataset\images\gauzy\gauzy_0154.jpg,0.5760895599786411,10,False
C:\Users\Hamada.MSI\Desktop\Hamada\lab\data\raw\images\Describable Textures Dataset\images\dotted\dotted_0038.jpg,0.5765008841006313,10,False
C:\Users\Hamada.MSI\Desktop\Hamada\lab\data\raw\images\Describable Textures Dataset\images\honeycombed\honeycombed_0063.jpg,0.5768185348903663,10,False
C:\Users\Hamada.MSI\Desktop\Hamada\lab\data\raw\images\Describable Textures Dataset\images\polka-dotted\polka-dotted_0232.jpg,0.5771106832137797,10,False
C:\Users\Hamada.MSI\Desktop\Hamada\lab\data\raw\images\Describable Textures Dataset\images\bubbly\bubbly_0146.jpg,0.5773047810615196,10,False
C:\Users\Hamada.MSI\Desktop\Hamada\lab\data\raw\images\Describable Textures Dataset\images\meshed\meshed_0048.jpg,0.5773641577595562,10,False
C:\Users\Hamada.MSI\Desktop\Hamada\lab\data\raw\images\Describable Textures Dataset\images\dotted\dotted_0090.jpg,0.577480874596573,10,False
C:\Users\Hamada.MSI\Desktop\Hamada\lab\data\raw\images\Describable Textures Dataset\images\lacelike\lacelike_0024.jpg,0.5774881214998481,10,False
C:\Users\Hamada.MSI\Desktop\Hamada\lab\data\raw\images\Describable Textures Dataset\images\chequered\chequered_0050.jpg,0.5774917634992124,10,False
C:\Users\Hamada.MSI\Desktop\Hamada\lab\data\raw\images\Describable Textures Dataset\images\dotted\dotted_0142.jpg,0.5775733821682854,10,False
C:\Users\Hamada.MSI\Desktop\Hamada\lab\data\raw\images\Describable Textures Dataset\images\banded\banded_0140.jpg,0.5781969994986882,10,False
C:\Users\Hamada.MSI\Desktop\Hamada\lab\data\raw\images\Describable Textures Dataset\images\sprinkled\sprinkled_0109.jpg,0.5783148318127381,10,False
C:\Users\Hamada.MSI\Desktop\Hamada\lab\data\raw\images\Describable Textures Dataset\images\stained\stained_0119.jpg,0.5788678403886238,10,False
C:\Users\Hamada.MSI\Desktop\Hamada\lab\data\raw\images\Describable Textures Dataset\images\chequered\chequered_0095.jpg,0.5793574098461758,10,False
C:\Users\Hamada.MSI\Desktop\Hamada\lab\data\raw\images\Describable Textures Dataset\images\crystalline\crystalline_0111.jpg,0.5795502665550055,10,False
C:\Users\Hamada.MSI\Desktop\Hamada\lab\data\raw\images\Describable Textures Dataset\images\stained\stained_0023.jpg,0.5808540250797083,10,False
C:\Users\Hamada.MSI\Desktop\Hamada\lab\data\raw\images\Describable Textures Dataset\images\dotted\dotted_0161.jpg,0.5819451414589264,10,False
C:\Users\Hamada.MSI\Desktop\Hamada\lab\data\raw\images\Describable Textures Dataset\images\lacelike\lacelike_0057.jpg,0.5821796580805273,10,False
C:\Users\Hamada.MSI\Desktop\Hamada\lab\data\raw\images\Describable Textures Dataset\images\stained\stained_0055.jpg,0.5824425689496846,10,False
C:\Users\Hamada.MSI\Desktop\Hamada\lab\data\raw\images\Describable Textures Dataset\images\flecked\flecked_0053.jpg,0.5830871927313743,10,False
C:\Users\Hamada.MSI\Desktop\Hamada\lab\data\raw\images\Describable Textures Dataset\images\meshed\meshed_0120.jpg,0.5834271392407124,10,False
C:\Users\Hamada.MSI\Desktop\Hamada\lab\data\raw\images\Describable Textures Dataset\images\wrinkled\wrinkled_0109.jpg,0.5841712781344528,10,False
C:\Users\Hamada.MSI\Desktop\Hamada\lab\data\raw\images\Describable Textures Dataset\images\zigzagged\zigzagged_0083.jpg,0.5845587043897339,10,False
C:\Users\Hamada.MSI\Desktop\Hamada\lab\data\raw\images\Describable Textures Dataset\images\marbled\marbled_0089.jpg,0.5852185389682133,10,False
C:\Users\Hamada.MSI\Desktop\Hamada\lab\data\raw\images\Describable Textures Dataset\images\crystalline\crystalline_0219.jpg,0.585386323445367,10,False
C:\Users\Hamada.MSI\Desktop\Hamada\lab\data\raw\images\Describable Textures Dataset\images\swirly\swirly_0132.jpg,0.585462397497619,10,False
C:\Users\Hamada.MSI\Desktop\Hamada\lab\data\raw\images\Describable Textures Dataset\images\polka-dotted\polka-dotted_0200.jpg,0.5856988847740582,10,False
C:\Users\Hamada.MSI\Desktop\Hamada\lab\data\raw\images\Describable Textures Dataset\images\bubbly\bubbly_0130.jpg,0.5860789946808651,10,False
C:\Users\Hamada.MSI\Desktop\Hamada\lab\data\raw\images\Describable Textures Dataset\images\lacelike\lacelike_0053.jpg,0.587010010607083,10,False
C:\Users\Hamada.MSI\Desktop\Hamada\lab\data\raw\images\Describable Textures Dataset\images\flecked\flecked_0115.jpg,0.5872970823878143,10,False
C:\Users\Hamada.MSI\Desktop\Hamada\lab\data\raw\images\Describable Textures Dataset\images\perforated\perforated_0080.jpg,0.5877730095486852,10,False
C:\Users\Hamada.MSI\Desktop\Hamada\lab\data\raw\images\Describable Textures Dataset\images\gauzy\gauzy_0180.jpg,0.5878370343113213,10,False
C:\Users\Hamada.MSI\Desktop\Hamada\lab\data\raw\images\Describable Textures Dataset\images\banded\banded_0068.jpg,0.5884009413830326,10,False
C:\Users\Hamada.MSI\Desktop\Hamada\lab\data\raw\images\Describable Textures Dataset\images\pleated\pleated_0142.jpg,0.5884784318435854,10,False
C:\Users\Hamada.MSI\Desktop\Hamada\lab\data\raw\images\Describable Textures Dataset\images\banded\banded_0016.jpg,0.5891775140771229,10,False
C:\Users\Hamada.MSI\Desktop\Hamada\lab\data\raw\images\Describable Textures Dataset\images\dotted\dotted_0187.jpg,0.589887402921537,10,False
C:\Users\Hamada.MSI\Desktop\Hamada\lab\data\raw\images\Describable Textures Dataset\images\crosshatched\crosshatched_0083.jpg,0.590206894390082,10,False
C:\Users\Hamada.MSI\Desktop\Hamada\lab\data\raw\images\Describable Textures Dataset\images\zigzagged\zigzagged_0069.jpg,0.590293479058263,10,False
C:\Users\Hamada.MSI\Desktop\Hamada\lab\data\raw\images\Describable Textures Dataset\images\blotchy\blotchy_0032.jpg,0.5907960948148484,10,False
C:\Users\Hamada.MSI\Desktop\Hamada\lab\data\raw\images\Describable Textures Dataset\images\stained\stained_0098.jpg,0.5914913220540807,10,False
C:\Users\Hamada.MSI\Desktop\Hamada\lab\data\raw\images\Describable Textures Dataset\images\blotchy\blotchy_0100.jpg,0.5926833073693343,10,False
C:\Users\Hamada.MSI\Desktop\Hamada\lab\data\raw\images\Describable Textures Dataset\images\bubbly\bubbly_0089.jpg,0.5942110838651311,10,False
C:\Users\Hamada.MSI\Desktop\Hamada\lab\data\raw\images\Describable Textures Dataset\images\frilly\frilly_0005.jpg,0.5946600359634833,10,False
C:\Users\Hamada.MSI\Desktop\Hamada\lab\data\raw\images\Describable Textures Dataset\images\perforated\perforated_0026.jpg,0.5947046439150087,10,False
C:\Users\Hamada.MSI\Desktop\Hamada\lab\data\raw\images\Describable Textures Dataset\images\gauzy\gauzy_0111.jpg,0.5949146777301252,10,False
C:\Users\Hamada.MSI\Desktop\Hamada\lab\data\raw\images\Describable Textures Dataset\images\braided\braided_0027.jpg,0.5949866344549148,10,False
C:\Users\Hamada.MSI\Desktop\Hamada\lab\data\raw\images\Describable Textures Dataset\images\dotted\dotted_0113.jpg,0.5959553850289668,10,False
C:\Users\Hamada.MSI\Desktop\Hamada\lab\data\raw\images\Describable Textures Dataset\images\lined\lined_0038.jpg,0.5960850290746605,10,False
C:\Users\Hamada.MSI\Desktop\Hamada\lab\data\raw\images\Describable Textures Dataset\images\polka-dotted\polka-dotted_0032.jpg,0.596838917943338,10,False
C:\Users\Hamada.MSI\Desktop\Hamada\lab\data\raw\images\Describable Textures Dataset\images\swirly\swirly_0080.jpg,0.5976722030202045,10,False
C:\Users\Hamada.MSI\Desktop\Hamada\lab\data\raw\images\Describable Textures Dataset\images\cracked\cracked_0160.jpg,0.5978534108845255,10,False
C:\Users\Hamada.MSI\Desktop\Hamada\lab\data\raw\images\Describable Textures Dataset\images\zigzagged\zigzagged_0062.jpg,0.5992812268202383,10,False
C:\Users\Hamada.MSI\Desktop\Hamada\lab\data\raw\images\Describable Textures Dataset\images\crosshatched\crosshatched_0132.jpg,0.5996192673711993,10,False
C:\Users\Hamada.MSI\Desktop\Hamada\lab\data\raw\images\Describable Textures Dataset\images\sprinkled\sprinkled_0086.jpg,0.5999010611452948,10,False
C:\Users\Hamada.MSI\Desktop\Hamada\lab\data\raw\images\Describable Textures Dataset\images\stained\stained_0031.jpg,0.6001585409493021,10,False
C:\Users\Hamada.MSI\Desktop\Hamada\lab\data\raw\images\Describable Textures Dataset\images\stained\stained_0128.jpg,0.6005040490059308,10,False
C:\Users\Hamada.MSI\Desktop\Hamada\lab\data\raw\images\Describable Textures Dataset\images\grid\grid_0080.jpg,0.6007305809118403,10,False
C:\Users\Hamada.MSI\Desktop\Hamada\lab\data\raw\images\Describable Textures Dataset\images\honeycombed\honeycombed_0078.jpg,0.6011484315792612,10,False
C:\Users\Hamada.MSI\Desktop\Hamada\lab\data\raw\images\Describable Textures Dataset\images\honeycombed\honeycombed_0160.jpg,0.6012059447156539,10,False
C:\Users\Hamada.MSI\Desktop\Hamada\lab\data\raw\images\Describable Textures Dataset\images\stained\stained_0122.jpg,0.6018653641861773,10,False
C:\Users\Hamada.MSI\Desktop\Hamada\lab\data\raw\images\Describable Textures Dataset\images\lined\lined_0138.jpg,0.6047603734368254,10,False
C:\Users\Hamada.MSI\Desktop\Hamada\lab\data\raw\images\Describable Textures Dataset\images\perforated\perforated_0122.jpg,0.6047641094290468,10,False
C:\Users\Hamada.MSI\Desktop\Hamada\lab\data\raw\images\Describable Textures Dataset\images\matted\matted_0088.jpg,0.6055401902480969,10,False
C:\Users\Hamada.MSI\Desktop\Hamada\lab\data\raw\images\Describable Textures Dataset\images\matted\matted_0138.jpg,0.6057945859200439,10,False
C:\Users\Hamada.MSI\Desktop\Hamada\lab\data\raw\images\Describable Textures Dataset\images\gauzy\gauzy_0082.jpg,0.6069319101665939,10,False
C:\Users\Hamada.MSI\Desktop\Hamada\lab\data\raw\images\Describable Textures Dataset\images\wrinkled\wrinkled_0065.jpg,0.6073755076375775,10,False
C:\Users\Hamada.MSI\Desktop\Hamada\lab\data\raw\images\Describable Textures Dataset\images\sprinkled\sprinkled_0068.jpg,0.6077324785593338,10,False
C:\Users\Hamada.MSI\Desktop\Hamada\lab\data\raw\images\Describable Textures Dataset\images\smeared\smeared_0046.jpg,0.6079956916655775,10,False
C:\Users\Hamada.MSI\Desktop\Hamada\lab\data\raw\images\Describable Textures Dataset\images\honeycombed\honeycombed_0105.jpg,0.6080253062824579,10,False
C:\Users\Hamada.MSI\Desktop\Hamada\lab\data\raw\images\Describable Textures Dataset\images\knitted\knitted_0156.jpg,0.6081765979744381,10,False
C:\Users\Hamada.MSI\Desktop\Hamada\lab\data\raw\images\Describable Textures Dataset\images\pleated\pleated_0062.jpg,0.6092455654505563,10,False
C:\Users\Hamada.MSI\Desktop\Hamada\lab\data\raw\images\Describable Textures Dataset\images\lacelike\lacelike_0091.jpg,0.6094783858312799,10,False
C:\Users\Hamada.MSI\Desktop\Hamada\lab\data\raw\images\Describable Textures Dataset\images\crosshatched\crosshatched_0055.jpg,0.6096938391739245,10,False
C:\Users\Hamada.MSI\Desktop\Hamada\lab\data\raw\images\Describable Textures Dataset\images\banded\banded_0061.jpg,0.6108059323590748,10,False
C:\Users\Hamada.MSI\Desktop\Hamada\lab\data\raw\images\Describable Textures Dataset\images\grid\grid_0088.jpg,0.6109153210337441,10,False
C:\Users\Hamada.MSI\Desktop\Hamada\lab\data\raw\images\Describable Textures Dataset\images\crosshatched\crosshatched_0063.jpg,0.6113280469312496,10,False
C:\Users\Hamada.MSI\Desktop\Hamada\lab\data\raw\images\Describable Textures Dataset\images\zigzagged\zigzagged_0124.jpg,0.6119448141149391,10,False
C:\Users\Hamada.MSI\Desktop\Hamada\lab\data\raw\images\Describable Textures Dataset\images\zigzagged\zigzagged_0020.jpg,0.6126107696225034,10,False
C:\Users\Hamada.MSI\Desktop\Hamada\lab\data\raw\images\Describable Textures Dataset\images\braided\braided_0070.jpg,0.6129016587199749,10,False
C:\Users\Hamada.MSI\Desktop\Hamada\lab\data\raw\images\Describable Textures Dataset\images\spiralled\spiralled_0096.jpg,0.6139330660389947,10,False
C:\Users\Hamada.MSI\Desktop\Hamada\lab\data\raw\images\Describable Textures Dataset\images\porous\porous_0143.jpg,0.6143301745763753,10,False
C:\Users\Hamada.MSI\Desktop\Hamada\lab\data\raw\images\Describable Textures Dataset\images\crosshatched\crosshatched_0054.jpg,0.6150134209965418,10,False
C:\Users\Hamada.MSI\Desktop\Hamada\lab\data\raw\images\Describable Textures Dataset\images\gauzy\gauzy_0103.jpg,0.6153171757239063,10,False
C:\Users\Hamada.MSI\Desktop\Hamada\lab\data\raw\images\Describable Textures Dataset\images\flecked\flecked_0071.jpg,0.6171219474171847,10,False
C:\Users\Hamada.MSI\Desktop\Hamada\lab\data\raw\images\Describable Textures Dataset\images\polka-dotted\polka-dotted_0143.jpg,0.617798706548429,10,False
C:\Users\Hamada.MSI\Desktop\Hamada\lab\data\raw\images\Describable Textures Dataset\images\dotted\dotted_0204.jpg,0.6178444186217299,10,False
C:\Users\Hamada.MSI\Desktop\Hamada\lab\data\raw\images\Describable Textures Dataset\images\bubbly\bubbly_0045.jpg,0.6179971061349218,10,False
C:\Users\Hamada.MSI\Desktop\Hamada\lab\data\raw\images\Describable Textures Dataset\images\lacelike\lacelike_0007.jpg,0.6199479265705377,10,False
C:\Users\Hamada.MSI\Desktop\Hamada\lab\data\raw\images\Describable Textures Dataset\images\cobwebbed\cobwebbed_0133.jpg,0.6200328025595047,10,False
C:\Users\Hamada.MSI\Desktop\Hamada\lab\data\raw\images\Describable Textures Dataset\images\honeycombed\honeycombed_0049.jpg,0.6201398820370789,10,False
C:\Users\Hamada.MSI\Desktop\Hamada\lab\data\raw\images\Describable Textures Dataset\images\banded\banded_0045.jpg,0.6201405260558113,10,False
C:\Users\Hamada.MSI\Desktop\Hamada\lab\data\raw\images\Describable Textures Dataset\images\crystalline\crystalline_0153.jpg,0.6208095913680836,10,False
C:\Users\Hamada.MSI\Desktop\Hamada\lab\data\raw\images\Describable Textures Dataset\images\scaly\scaly_0191.jpg,0.6228182527097595,10,False
C:\Users\Hamada.MSI\Desktop\Hamada\lab\data\raw\images\Describable Textures Dataset\images\swirly\swirly_0174.jpg,0.6230515018428876,10,False
C:\Users\Hamada.MSI\Desktop\Hamada\lab\data\raw\images\Describable Textures Dataset\images\cracked\cracked_0118.jpg,0.6238983685457999,10,False
C:\Users\Hamada.MSI\Desktop\Hamada\lab\data\raw\images\Describable Textures Dataset\images\crosshatched\crosshatched_0044.jpg,0.6245207089540205,10,False
C:\Users\Hamada.MSI\Desktop\Hamada\lab\data\raw\images\Describable Textures Dataset\images\gauzy\gauzy_0160.jpg,0.625125706654366,10,False
C:\Users\Hamada.MSI\Desktop\Hamada\lab\data\raw\images\Describable Textures Dataset\images\stained\stained_0029.jpg,0.6251841710994696,10,False
C:\Users\Hamada.MSI\Desktop\Hamada\lab\data\raw\images\Describable Textures Dataset\images\zigzagged\zigzagged_0055.jpg,0.6251957078101154,10,False
C:\Users\Hamada.MSI\Desktop\Hamada\lab\data\raw\images\Describable Textures Dataset\images\marbled\marbled_0109.jpg,0.626610045584392,10,False
C:\Users\Hamada.MSI\Desktop\Hamada\lab\data\raw\images\Describable Textures Dataset\images\polka-dotted\polka-dotted_0124.jpg,0.6267888209145068,10,False
C:\Users\Hamada.MSI\Desktop\Hamada\lab\data\raw\images\Describable Textures Dataset\images\lacelike\lacelike_0051.jpg,0.6274089998148892,10,False
C:\Users\Hamada.MSI\Desktop\Hamada\lab\data\raw\images\Describable Textures Dataset\images\lacelike\lacelike_0101.jpg,0.6281756676714607,10,False
C:\Users\Hamada.MSI\Desktop\Hamada\lab\data\raw\images\Describable Textures Dataset\images\spiralled\spiralled_0138.jpg,0.6283215548548613,10,False
C:\Users\Hamada.MSI\Desktop\Hamada\lab\data\raw\images\Describable Textures Dataset\images\wrinkled\wrinkled_0120.jpg,0.6288523522603363,10,False
C:\Users\Hamada.MSI\Desktop\Hamada\lab\data\raw\images\Describable Textures Dataset\images\pleated\pleated_0082.jpg,0.6292473379993618,10,False
C:\Users\Hamada.MSI\Desktop\Hamada\lab\data\raw\images\Describable Textures Dataset\images\spiralled\spiralled_0125.jpg,0.6298278969777895,10,False
C:\Users\Hamada.MSI\Desktop\Hamada\lab\data\raw\images\Describable Textures Dataset\images\meshed\meshed_0027.jpg,0.6309667839551174,10,False
C:\Users\Hamada.MSI\Desktop\Hamada\lab\data\raw\images\Describable Textures Dataset\images\swirly\swirly_0139.jpg,0.6311325289948904,10,False
C:\Users\Hamada.MSI\Desktop\Hamada\lab\data\raw\images\Describable Textures Dataset\images\banded\banded_0004.jpg,0.6317476701702279,10,False
C:\Users\Hamada.MSI\Desktop\Hamada\lab\data\raw\images\Describable Textures Dataset\images\lined\lined_0024.jpg,0.6336173579208574,10,False
C:\Users\Hamada.MSI\Desktop\Hamada\lab\data\raw\images\Describable Textures Dataset\images\honeycombed\honeycombed_0067.jpg,0.63638806042746,10,False
C:\Users\Hamada.MSI\Desktop\Hamada\lab\data\raw\images\Describable Textures Dataset\images\perforated\perforated_0089.jpg,0.6369513542982762,10,False
C:\Users\Hamada.MSI\Desktop\Hamada\lab\data\raw\images\Describable Textures Dataset\images\lacelike\lacelike_0074.jpg,0.6380126163176992,10,False
C:\Users\Hamada.MSI\Desktop\Hamada\lab\data\raw\images\Describable Textures Dataset\images\grid\grid_0056.jpg,0.6383065405111206,10,False
C:\Users\Hamada.MSI\Desktop\Hamada\lab\data\raw\images\Describable Textures Dataset\images\gauzy\gauzy_0138.jpg,0.6391923302652462,10,False
C:\Users\Hamada.MSI\Desktop\Hamada\lab\data\raw\images\Describable Textures Dataset\images\interlaced\interlaced_0045.jpg,0.6393131276501454,10,False
C:\Users\Hamada.MSI\Desktop\Hamada\lab\data\raw\images\Describable Textures Dataset\images\zigzagged\zigzagged_0086.jpg,0.639444705479491,10,False
C:\Users\Hamada.MSI\Desktop\Hamada\lab\data\raw\images\Describable Textures Dataset\images\banded\banded_0106.jpg,0.6394997656350565,10,False
C:\Users\Hamada.MSI\Desktop\Hamada\lab\data\raw\images\Describable Textures Dataset\images\gauzy\gauzy_0125.jpg,0.6403635345998743,10,False
C:\Users\Hamada.MSI\Desktop\Hamada\lab\data\raw\images\Describable Textures Dataset\images\wrinkled\wrinkled_0100.jpg,0.6411046567328309,10,False
C:\Users\Hamada.MSI\Desktop\Hamada\lab\data\raw\images\Describable Textures Dataset\images\banded\banded_0104.jpg,0.6415544349900307,10,False
C:\Users\Hamada.MSI\Desktop\Hamada\lab\data\raw\images\Describable Textures Dataset\images\zigzagged\zigzagged_0118.jpg,0.6417023996338034,10,False
C:\Users\Hamada.MSI\Desktop\Hamada\lab\data\raw\images\Describable Textures Dataset\images\waffled\waffled_0070.jpg,0.6417107917700366,10,False
C:\Users\Hamada.MSI\Desktop\Hamada\lab\data\raw\images\Describable Textures Dataset\images\perforated\perforated_0136.jpg,0.6422288704131555,10,False
C:\Users\Hamada.MSI\Desktop\Hamada\lab\data\raw\images\Describable Textures Dataset\images\interlaced\interlaced_0141.jpg,0.6422621512584393,10,False
C:\Users\Hamada.MSI\Desktop\Hamada\lab\data\raw\images\Describable Textures Dataset\images\lacelike\lacelike_0100.jpg,0.643158419374944,10,False
C:\Users\Hamada.MSI\Desktop\Hamada\lab\data\raw\images\Describable Textures Dataset\images\zigzagged\zigzagged_0030.jpg,0.643332012202428,10,False
C:\Users\Hamada.MSI\Desktop\Hamada\lab\data\raw\images\Describable Textures Dataset\images\blotchy\blotchy_0083.jpg,0.6433409093734459,10,False
C:\Users\Hamada.MSI\Desktop\Hamada\lab\data\raw\images\Describable Textures Dataset\images\stratified\stratified_0083.jpg,0.6439845311208041,10,False
C:\Users\Hamada.MSI\Desktop\Hamada\lab\data\raw\images\Describable Textures Dataset\images\zigzagged\zigzagged_0081.jpg,0.6441629589059353,10,False
C:\Users\Hamada.MSI\Desktop\Hamada\lab\data\raw\images\Describable Textures Dataset\images\chequered\chequered_0048.jpg,0.6443424117407305,10,False
C:\Users\Hamada.MSI\Desktop\Hamada\lab\data\raw\images\Describable Textures Dataset\images\banded\banded_0033.jpg,0.6449629666756768,10,False
C:\Users\Hamada.MSI\Desktop\Hamada\lab\data\raw\images\Describable Textures Dataset\images\bubbly\bubbly_0070.jpg,0.6466362436035149,10,False
C:\Users\Hamada.MSI\Desktop\Hamada\lab\data\raw\images\Describable Textures Dataset\images\wrinkled\wrinkled_0126.jpg,0.6468811552806306,10,False
C:\Users\Hamada.MSI\Desktop\Hamada\lab\data\raw\images\Describable Textures Dataset\images\dotted\dotted_0126.jpg,0.6481312499515703,10,False
C:\Users\Hamada.MSI\Desktop\Hamada\lab\data\raw\images\Describable Textures Dataset\images\pleated\pleated_0054.jpg,0.6488223917813095,10,False
C:\Users\Hamada.MSI\Desktop\Hamada\lab\data\raw\images\Describable Textures Dataset\images\zigzagged\zigzagged_0080.jpg,0.6488868241947028,10,False
C:\Users\Hamada.MSI\Desktop\Hamada\lab\data\raw\images\Describable Textures Dataset\images\dotted\dotted_0164.jpg,0.6490969548503195,10,False
C:\Users\Hamada.MSI\Desktop\Hamada\lab\data\raw\images\Describable Textures Dataset\images\frilly\frilly_0126.jpg,0.6500784444019005,10,False
C:\Users\Hamada.MSI\Desktop\Hamada\lab\data\raw\images\Describable Textures Dataset\images\chequered\chequered_0051.jpg,0.6513939475209058,10,False
C:\Users\Hamada.MSI\Desktop\Hamada\lab\data\raw\images\Describable Textures Dataset\images\veined\veined_0166.jpg,0.6520146591331888,10,False
C:\Users\Hamada.MSI\Desktop\Hamada\lab\data\raw\images\Describable Textures Dataset\images\stained\stained_0108.jpg,0.6528574088195361,10,False
C:\Users\Hamada.MSI\Desktop\Hamada\lab\data\raw\images\Describable Textures Dataset\images\gauzy\gauzy_0109.jpg,0.653187109563675,10,False
C:\Users\Hamada.MSI\Desktop\Hamada\lab\data\raw\images\Describable Textures Dataset\images\banded\banded_0010.jpg,0.6547356569363159,10,False
C:\Users\Hamada.MSI\Desktop\Hamada\lab\data\raw\images\Describable Textures Dataset\images\lined\lined_0042.jpg,0.6552562288113575,10,False
C:\Users\Hamada.MSI\Desktop\Hamada\lab\data\raw\images\Describable Textures Dataset\images\meshed\meshed_0149.jpg,0.6554699747811048,10,False
C:\Users\Hamada.MSI\Desktop\Hamada\lab\data\raw\images\Describable Textures Dataset\images\chequered\chequered_0087.jpg,0.6562562939295723,10,False
C:\Users\Hamada.MSI\Desktop\Hamada\lab\data\raw\images\Describable Textures Dataset\images\crystalline\crystalline_0184.jpg,0.6564758948802408,10,False
C:\Users\Hamada.MSI\Desktop\Hamada\lab\data\raw\images\Describable Textures Dataset\images\grid\grid_0002.jpg,0.6583959154284452,10,False
C:\Users\Hamada.MSI\Desktop\Hamada\lab\data\raw\images\Describable Textures Dataset\images\woven\woven_0011.jpg,0.6597578006028784,10,False
C:\Users\Hamada.MSI\Desktop\Hamada\lab\data\raw\images\Describable Textures Dataset\images\dotted\dotted_0197.jpg,0.65985978343605,10,False
C:\Users\Hamada.MSI\Desktop\Hamada\lab\data\raw\images\Describable Textures Dataset\images\striped\striped_0091.jpg,0.6599233852099583,10,False
C:\Users\Hamada.MSI\Desktop\Hamada\lab\data\raw\images\Describable Textures Dataset\images\grid\grid_0121.jpg,0.6604368772598468,10,False
C:\Users\Hamada.MSI\Desktop\Hamada\lab\data\raw\images\Describable Textures Dataset\images\stained\stained_0015.jpg,0.6612690522287001,10,False
C:\Users\Hamada.MSI\Desktop\Hamada\lab\data\raw\images\Describable Textures Dataset\images\gauzy\gauzy_0186.jpg,0.663308710442867,10,False
C:\Users\Hamada.MSI\Desktop\Hamada\lab\data\raw\images\Describable Textures Dataset\images\meshed\meshed_0169.jpg,0.6635491639438248,10,False
C:\Users\Hamada.MSI\Desktop\Hamada\lab\data\raw\images\Describable Textures Dataset\images\grooved\grooved_0161.jpg,0.6644750333467492,10,False
C:\Users\Hamada.MSI\Desktop\Hamada\lab\data\raw\images\Describable Textures Dataset\images\banded\banded_0074.jpg,0.666719476875756,10,False
C:\Users\Hamada.MSI\Desktop\Hamada\lab\data\raw\images\Describable Textures Dataset\images\cracked\cracked_0057.jpg,0.6678030637907104,10,False
C:\Users\Hamada.MSI\Desktop\Hamada\lab\data\raw\images\Describable Textures Dataset\images\bubbly\bubbly_0055.jpg,0.6689044880936713,10,False
C:\Users\Hamada.MSI\Desktop\Hamada\lab\data\raw\images\Describable Textures Dataset\images\blotchy\blotchy_0064.jpg,0.6692410735147508,10,False
C:\Users\Hamada.MSI\Desktop\Hamada\lab\data\raw\images\Describable Textures Dataset\images\bumpy\bumpy_0079.jpg,0.6692958306007507,10,False
C:\Users\Hamada.MSI\Desktop\Hamada\lab\data\raw\images\Describable Textures Dataset\images\wrinkled\wrinkled_0027.jpg,0.6695314553767144,10,False
C:\Users\Hamada.MSI\Desktop\Hamada\lab\data\raw\images\Describable Textures Dataset\images\sprinkled\sprinkled_0019.jpg,0.6707795498025492,10,False
C:\Users\Hamada.MSI\Desktop\Hamada\lab\data\raw\images\Describable Textures Dataset\images\swirly\swirly_0065.jpg,0.6712214411659859,10,False
C:\Users\Hamada.MSI\Desktop\Hamada\lab\data\raw\images\Describable Textures Dataset\images\polka-dotted\polka-dotted_0096.jpg,0.6720090924997076,10,False
C:\Users\Hamada.MSI\Desktop\Hamada\lab\data\raw\images\Describable Textures Dataset\images\pleated\pleated_0068.jpg,0.6724442253402148,10,False
C:\Users\Hamada.MSI\Desktop\Hamada\lab\data\raw\images\Describable Textures Dataset\images\swirly\swirly_0072.jpg,0.6725371414067228,10,False
C:\Users\Hamada.MSI\Desktop\Hamada\lab\data\raw\images\Describable Textures Dataset\images\bumpy\bumpy_0192.jpg,0.6727356198529195,10,False
C:\Users\Hamada.MSI\Desktop\Hamada\lab\data\raw\images\Describable Textures Dataset\images\lined\lined_0116.jpg,0.6739049024324197,10,False
C:\Users\Hamada.MSI\Desktop\Hamada\lab\data\raw\images\Describable Textures Dataset\images\polka-dotted\polka-dotted_0106.jpg,0.6758479214611578,10,False
C:\Users\Hamada.MSI\Desktop\Hamada\lab\data\raw\images\Describable Textures Dataset\images\banded\banded_0046.jpg,0.6761974602641805,10,False
C:\Users\Hamada.MSI\Desktop\Hamada\lab\data\raw\images\Describable Textures Dataset\images\gauzy\gauzy_0167.jpg,0.6762346319374642,10,False
C:\Users\Hamada.MSI\Desktop\Hamada\lab\data\raw\images\Describable Textures Dataset\images\banded\banded_0085.jpg,0.6787192896477952,10,False
C:\Users\Hamada.MSI\Desktop\Hamada\lab\data\raw\images\Describable Textures Dataset\images\zigzagged\zigzagged_0073.jpg,0.6807406521344991,10,False
C:\Users\Hamada.MSI\Desktop\Hamada\lab\data\raw\images\Describable Textures Dataset\images\grid\grid_0074.jpg,0.68153172048061,10,False
C:\Users\Hamada.MSI\Desktop\Hamada\lab\data\raw\images\Describable Textures Dataset\images\banded\banded_0092.jpg,0.6825768169127638,10,False
C:\Users\Hamada.MSI\Desktop\Hamada\lab\data\raw\images\Describable Textures Dataset\images\zigzagged\zigzagged_0084.jpg,0.6828181065916934,10,False
C:\Users\Hamada.MSI\Desktop\Hamada\lab\data\raw\images\Describable Textures Dataset\images\porous\porous_0153.jpg,0.6838757471768812,10,False
C:\Users\Hamada.MSI\Desktop\Hamada\lab\data\raw\images\Describable Textures Dataset\images\polka-dotted\polka-dotted_0097.jpg,0.6847537966951803,10,False
C:\Users\Hamada.MSI\Desktop\Hamada\lab\data\raw\images\Describable Textures Dataset\images\lined\lined_0035.jpg,0.6848065045543176,10,False
C:\Users\Hamada.MSI\Desktop\Hamada\lab\data\raw\images\Describable Textures Dataset\images\chequered\chequered_0049.jpg,0.6855112372269424,10,False
C:\Users\Hamada.MSI\Desktop\Hamada\lab\data\raw\images\Describable Textures Dataset\images\stained\stained_0076.jpg,0.6857186820109425,10,False
C:\Users\Hamada.MSI\Desktop\Hamada\lab\data\raw\images\Describable Textures Dataset\images\scaly\scaly_0215.jpg,0.6873425136658002,10,False
C:\Users\Hamada.MSI\Desktop\Hamada\lab\data\raw\images\Describable Textures Dataset\images\banded\banded_0005.jpg,0.6873488953367708,10,False
C:\Users\Hamada.MSI\Desktop\Hamada\lab\data\raw\images\Describable Textures Dataset\images\gauzy\gauzy_0159.jpg,0.6907726422004226,10,False
C:\Users\Hamada.MSI\Desktop\Hamada\lab\data\raw\images\Describable Textures Dataset\images\chequered\chequered_0052.jpg,0.6907909182202516,10,False
C:\Users\Hamada.MSI\Desktop\Hamada\lab\data\raw\images\Describable Textures Dataset\images\crosshatched\crosshatched_0099.jpg,0.690886421340179,10,False
C:\Users\Hamada.MSI\Desktop\Hamada\lab\data\raw\images\Describable Textures Dataset\images\banded\banded_0107.jpg,0.6911492303418761,10,False
C:\Users\Hamada.MSI\Desktop\Hamada\lab\data\raw\images\Describable Textures Dataset\images\lined\lined_0043.jpg,0.6918534819494675,10,False
C:\Users\Hamada.MSI\Desktop\Hamada\lab\data\raw\images\Describable Textures Dataset\images\zigzagged\zigzagged_0017.jpg,0.6920223091797921,10,False
C:\Users\Hamada.MSI\Desktop\Hamada\lab\data\raw\images\Describable Textures Dataset\images\grid\grid_0069.jpg,0.6929300292053582,10,False
C:\Users\Hamada.MSI\Desktop\Hamada\lab\data\raw\images\Describable Textures Dataset\images\gauzy\gauzy_0194.jpg,0.6931905756613067,10,False
C:\Users\Hamada.MSI\Desktop\Hamada\lab\data\raw\images\Describable Textures Dataset\images\zigzagged\zigzagged_0092.jpg,0.6935745196094676,10,False
C:\Users\Hamada.MSI\Desktop\Hamada\lab\data\raw\images\Describable Textures Dataset\images\banded\banded_0008.jpg,0.6944494471172628,10,False
C:\Users\Hamada.MSI\Desktop\Hamada\lab\data\raw\images\Describable Textures Dataset\images\zigzagged\zigzagged_0022.jpg,0.6945366856949632,10,False
C:\Users\Hamada.MSI\Desktop\Hamada\lab\data\raw\images\Describable Textures Dataset\images\meshed\meshed_0190.jpg,0.695032609398543,10,False
C:\Users\Hamada.MSI\Desktop\Hamada\lab\data\raw\images\Describable Textures Dataset\images\zigzagged\zigzagged_0065.jpg,0.6953807476746303,10,False
C:\Users\Hamada.MSI\Desktop\Hamada\lab\data\raw\images\Describable Textures Dataset\images\swirly\swirly_0091.jpg,0.6990232018910465,10,False
C:\Users\Hamada.MSI\Desktop\Hamada\lab\data\raw\images\Describable Textures Dataset\images\lined\lined_0167.jpg,0.6994334520818976,10,False
C:\Users\Hamada.MSI\Desktop\Hamada\lab\data\raw\images\Describable Textures Dataset\images\banded\banded_0011.jpg,0.6998344116167032,10,False
C:\Users\Hamada.MSI\Desktop\Hamada\lab\data\raw\images\Describable Textures Dataset\images\dotted\dotted_0098.jpg,0.7006257541577151,10,False
C:\Users\Hamada.MSI\Desktop\Hamada\lab\data\raw\images\Describable Textures Dataset\images\lined\lined_0085.jpg,0.7017519142788226,10,False
C:\Users\Hamada.MSI\Desktop\Hamada\lab\data\raw\images\Describable Textures Dataset\images\grid\grid_0016.jpg,0.7027449631594855,10,False
C:\Users\Hamada.MSI\Desktop\Hamada\lab\data\raw\images\Describable Textures Dataset\images\lined\lined_0045.jpg,0.7056423923943524,10,False
C:\Users\Hamada.MSI\Desktop\Hamada\lab\data\raw\images\Describable Textures Dataset\images\marbled\marbled_0075.jpg,0.7056764777407313,10,False
C:\Users\Hamada.MSI\Desktop\Hamada\lab\data\raw\images\Describable Textures Dataset\images\dotted\dotted_0189.jpg,0.7059185119784729,10,False
C:\Users\Hamada.MSI\Desktop\Hamada\lab\data\raw\images\Describable Textures Dataset\images\blotchy\blotchy_0041.jpg,0.7091378711556113,10,False
C:\Users\Hamada.MSI\Desktop\Hamada\lab\data\raw\images\Describable Textures Dataset\images\lined\lined_0175.jpg,0.7093424056679515,10,False
C:\Users\Hamada.MSI\Desktop\Hamada\lab\data\raw\images\Describable Textures Dataset\images\lacelike\lacelike_0026.jpg,0.709673618700671,10,False
C:\Users\Hamada.MSI\Desktop\Hamada\lab\data\raw\images\Describable Textures Dataset\images\gauzy\gauzy_0126.jpg,0.7096769610968087,10,False
C:\Users\Hamada.MSI\Desktop\Hamada\lab\data\raw\images\Describable Textures Dataset\images\gauzy\gauzy_0114.jpg,0.710167395509408,10,False
C:\Users\Hamada.MSI\Desktop\Hamada\lab\data\raw\images\Describable Textures Dataset\images\smeared\smeared_0069.jpg,0.7103213703885123,10,False
C:\Users\Hamada.MSI\Desktop\Hamada\lab\data\raw\images\Describable Textures Dataset\images\knitted\knitted_0093.jpg,0.7118788507649565,10,False
C:\Users\Hamada.MSI\Desktop\Hamada\lab\data\raw\images\Describable Textures Dataset\images\polka-dotted\polka-dotted_0136.jpg,0.713389123807699,10,False
C:\Users\Hamada.MSI\Desktop\Hamada\lab\data\raw\images\Describable Textures Dataset\images\paisley\paisley_0059.jpg,0.7135301939583768,10,False
C:\Users\Hamada.MSI\Desktop\Hamada\lab\data\raw\images\Describable Textures Dataset\images\chequered\chequered_0043.jpg,0.7140865359451046,10,False
C:\Users\Hamada.MSI\Desktop\Hamada\lab\data\raw\images\Describable Textures Dataset\images\banded\banded_0060.jpg,0.7157841969089046,10,False
C:\Users\Hamada.MSI\Desktop\Hamada\lab\data\raw\images\Describable Textures Dataset\images\zigzagged\zigzagged_0071.jpg,0.7165186955976652,10,False
C:\Users\Hamada.MSI\Desktop\Hamada\lab\data\raw\images\Describable Textures Dataset\images\perforated\perforated_0134.jpg,0.7176521904889932,10,False
C:\Users\Hamada.MSI\Desktop\Hamada\lab\data\raw\images\Describable Textures Dataset\images\swirly\swirly_0155.jpg,0.718534928902586,10,False
C:\Users\Hamada.MSI\Desktop\Hamada\lab\data\raw\images\Describable Textures Dataset\images\lined\lined_0081.jpg,0.7189279676629514,10,False
C:\Users\Hamada.MSI\Desktop\Hamada\lab\data\raw\images\Describable Textures Dataset\images\wrinkled\wrinkled_0046.jpg,0.7194062041442629,10,False
C:\Users\Hamada.MSI\Desktop\Hamada\lab\data\raw\images\Describable Textures Dataset\images\banded\banded_0013.jpg,0.7199434366129915,10,False
C:\Users\Hamada.MSI\Desktop\Hamada\lab\data\raw\images\Describable Textures Dataset\images\lined\lined_0082.jpg,0.7212379110411424,10,False
C:\Users\Hamada.MSI\Desktop\Hamada\lab\data\raw\images\Describable Textures Dataset\images\gauzy\gauzy_0195.jpg,0.7228722236728332,10,False
C:\Users\Hamada.MSI\Desktop\Hamada\lab\data\raw\images\Describable Textures Dataset\images\lined\lined_0099.jpg,0.7239313560229624,10,False
C:\Users\Hamada.MSI\Desktop\Hamada\lab\data\raw\images\Describable Textures Dataset\images\gauzy\gauzy_0129.jpg,0.7240585687839637,10,False
C:\Users\Hamada.MSI\Desktop\Hamada\lab\data\raw\images\Describable Textures Dataset\images\lacelike\lacelike_0052.jpg,0.7243161471136516,10,False
C:\Users\Hamada.MSI\Desktop\Hamada\lab\data\raw\images\Describable Textures Dataset\images\dotted\dotted_0056.jpg,0.72514653945759,10,False
C:\Users\Hamada.MSI\Desktop\Hamada\lab\data\raw\images\Describable Textures Dataset\images\dotted\dotted_0097.jpg,0.7253012075673079,10,False
C:\Users\Hamada.MSI\Desktop\Hamada\lab\data\raw\images\Describable Textures Dataset\images\porous\porous_0134.jpg,0.7263769130881047,10,False
C:\Users\Hamada.MSI\Desktop\Hamada\lab\data\raw\images\Describable Textures Dataset\images\honeycombed\honeycombed_0089.jpg,0.7313200725163067,10,False
C:\Users\Hamada.MSI\Desktop\Hamada\lab\data\raw\images\Describable Textures Dataset\images\dotted\dotted_0109.jpg,0.7318006767875042,10,False
C:\Users\Hamada.MSI\Desktop\Hamada\lab\data\raw\images\Describable Textures Dataset\images\banded\banded_0100.jpg,0.731958994491805,10,False
C:\Users\Hamada.MSI\Desktop\Hamada\lab\data\raw\images\Describable Textures Dataset\images\pitted\pitted_0089.jpg,0.7321306288946243,10,False
C:\Users\Hamada.MSI\Desktop\Hamada\lab\data\raw\images\Describable Textures Dataset\images\stained\stained_0047.jpg,0.7338226409831656,10,False
C:\Users\Hamada.MSI\Desktop\Hamada\lab\data\raw\images\Describable Textures Dataset\images\pitted\pitted_0037.jpg,0.7357173955638429,10,False
C:\Users\Hamada.MSI\Desktop\Hamada\lab\data\raw\images\Describable Textures Dataset\images\frilly\frilly_0058.jpg,0.7361422846623527,10,False
C:\Users\Hamada.MSI\Desktop\Hamada\lab\data\raw\images\Describable Textures Dataset\images\stained\stained_0077.jpg,0.7370992598718041,10,False
C:\Users\Hamada.MSI\Desktop\Hamada\lab\data\raw\images\Describable Textures Dataset\images\zigzagged\zigzagged_0029.jpg,0.7395443460079434,10,False
C:\Users\Hamada.MSI\Desktop\Hamada\lab\data\raw\images\Describable Textures Dataset\images\interlaced\interlaced_0087.jpg,0.7430017108241704,10,False
C:\Users\Hamada.MSI\Desktop\Hamada\lab\data\raw\images\Describable Textures Dataset\images\stained\stained_0081.jpg,0.7430264545939749,10,False
C:\Users\Hamada.MSI\Desktop\Hamada\lab\data\raw\images\Describable Textures Dataset\images\dotted\dotted_0158.jpg,0.744244060302618,10,False
C:\Users\Hamada.MSI\Desktop\Hamada\lab\data\raw\images\Describable Textures Dataset\images\gauzy\gauzy_0202.jpg,0.7452127598133917,10,False
C:\Users\Hamada.MSI\Desktop\Hamada\lab\data\raw\images\Describable Textures Dataset\images\sprinkled\sprinkled_0005.jpg,0.7458035080807723,10,False
C:\Users\Hamada.MSI\Desktop\Hamada\lab\data\raw\images\Describable Textures Dataset\images\banded\banded_0047.jpg,0.7458244180334316,10,False
C:\Users\Hamada.MSI\Desktop\Hamada\lab\data\raw\images\Describable Textures Dataset\images\meshed\meshed_0074.jpg,0.7458525804993532,10,False
C:\Users\Hamada.MSI\Desktop\Hamada\lab\data\raw\images\Describable Textures Dataset\images\wrinkled\wrinkled_0072.jpg,0.7470716463958739,10,False
C:\Users\Hamada.MSI\Desktop\Hamada\lab\data\raw\images\Describable Textures Dataset\images\banded\banded_0112.jpg,0.7476619597296282,10,False
C:\Users\Hamada.MSI\Desktop\Hamada\lab\data\raw\images\Describable Textures Dataset\images\grid\grid_0041.jpg,0.750809245097221,10,False
C:\Users\Hamada.MSI\Desktop\Hamada\lab\data\raw\images\Describable Textures Dataset\images\pleated\pleated_0067.jpg,0.7526455700678439,10,False
C:\Users\Hamada.MSI\Desktop\Hamada\lab\data\raw\images\Describable Textures Dataset\images\stained\stained_0133.jpg,0.7537239328416041,10,False
C:\Users\Hamada.MSI\Desktop\Hamada\lab\data\raw\images\Describable Textures Dataset\images\zigzagged\zigzagged_0050.jpg,0.7552810802972825,10,False
C:\Users\Hamada.MSI\Desktop\Hamada\lab\data\raw\images\Describable Textures Dataset\images\lined\lined_0003.jpg,0.7569327312464473,10,False
C:\Users\Hamada.MSI\Desktop\Hamada\lab\data\raw\images\Describable Textures Dataset\images\smeared\smeared_0052.jpg,0.7569603881133102,10,False
C:\Users\Hamada.MSI\Desktop\Hamada\lab\data\raw\images\Describable Textures Dataset\images\lined\lined_0073.jpg,0.758645858069401,10,False
C:\Users\Hamada.MSI\Desktop\Hamada\lab\data\raw\images\Describable Textures Dataset\images\grid\grid_0039.jpg,0.7662639593981232,10,False
C:\Users\Hamada.MSI\Desktop\Hamada\lab\data\raw\images\Describable Textures Dataset\images\lined\lined_0094.jpg,0.768906224277391,10,False
C:\Users\Hamada.MSI\Desktop\Hamada\lab\data\raw\images\Describable Textures Dataset\images\spiralled\spiralled_0037.jpg,0.769429745856997,10,False
C:\Users\Hamada.MSI\Desktop\Hamada\lab\data\raw\images\Describable Textures Dataset\images\lined\lined_0075.jpg,0.7722378506953107,10,False
C:\Users\Hamada.MSI\Desktop\Hamada\lab\data\raw\images\Describable Textures Dataset\images\zigzagged\zigzagged_0094.jpg,0.7727803009456308,10,False
C:\Users\Hamada.MSI\Desktop\Hamada\lab\data\raw\images\Describable Textures Dataset\images\banded\banded_0082.jpg,0.7735348778999378,10,False
C:\Users\Hamada.MSI\Desktop\Hamada\lab\data\raw\images\Describable Textures Dataset\images\banded\banded_0055.jpg,0.7750277317882991,10,False
C:\Users\Hamada.MSI\Desktop\Hamada\lab\data\raw\images\Describable Textures Dataset\images\pitted\pitted_0059.jpg,0.775726660180374,10,False
C:\Users\Hamada.MSI\Desktop\Hamada\lab\data\raw\images\Describable Textures Dataset\images\lined\lined_0004.jpg,0.776402689018315,10,False
C:\Users\Hamada.MSI\Desktop\Hamada\lab\data\raw\images\Describable Textures Dataset\images\banded\banded_0069.jpg,0.7773106081976457,10,False
C:\Users\Hamada.MSI\Desktop\Hamada\lab\data\raw\images\Describable Textures Dataset\images\lined\lined_0023.jpg,0.7788707420473554,10,False
C:\Users\Hamada.MSI\Desktop\Hamada\lab\data\raw\images\Describable Textures Dataset\images\lined\lined_0047.jpg,0.779299611124315,10,False
C:\Users\Hamada.MSI\Desktop\Hamada\lab\data\raw\images\Describable Textures Dataset\images\pleated\pleated_0063.jpg,0.7802289647866703,10,False
C:\Users\Hamada.MSI\Desktop\Hamada\lab\data\raw\images\Describable Textures Dataset\images\polka-dotted\polka-dotted_0123.jpg,0.7809559895855629,10,False
C:\Users\Hamada.MSI\Desktop\Hamada\lab\data\raw\images\Describable Textures Dataset\images\sprinkled\sprinkled_0072.jpg,0.7833467824553537,10,False
C:\Users\Hamada.MSI\Desktop\Hamada\lab\data\raw\images\Describable Textures Dataset\images\blotchy\blotchy_0067.jpg,0.7836513055475798,10,False
C:\Users\Hamada.MSI\Desktop\Hamada\lab\data\raw\images\Describable Textures Dataset\images\banded\banded_0053.jpg,0.7885854583420651,10,False
C:\Users\Hamada.MSI\Desktop\Hamada\lab\data\raw\images\Describable Textures Dataset\images\marbled\marbled_0076.jpg,0.7898759427933112,10,False
C:\Users\Hamada.MSI\Desktop\Hamada\lab\data\raw\images\Describable Textures Dataset\images\blotchy\blotchy_0051.jpg,0.7901730468492734,10,False
C:\Users\Hamada.MSI\Desktop\Hamada\lab\data\raw\images\Describable Textures Dataset\images\zigzagged\zigzagged_0047.jpg,0.7906341647446565,10,False
C:\Users\Hamada.MSI\Desktop\Hamada\lab\data\raw\images\Describable Textures Dataset\images\grid\grid_0044.jpg,0.7919332952340994,10,False
C:\Users\Hamada.MSI\Desktop\Hamada\lab\data\raw\images\Describable Textures Dataset\images\blotchy\blotchy_0068.jpg,0.7937627117314056,10,False
C:\Users\Hamada.MSI\Desktop\Hamada\lab\data\raw\images\Describable Textures Dataset\images\dotted\dotted_0136.jpg,0.797013890304414,10,False
C:\Users\Hamada.MSI\Desktop\Hamada\lab\data\raw\images\Describable Textures Dataset\images\dotted\dotted_0149.jpg,0.797013890304414,10,False
C:\Users\Hamada.MSI\Desktop\Hamada\lab\data\raw\images\Describable Textures Dataset\images\wrinkled\wrinkled_0043.jpg,0.7980878573553689,10,False
C:\Users\Hamada.MSI\Desktop\Hamada\lab\data\raw\images\Describable Textures Dataset\images\grid\grid_0023.jpg,0.8098919571950624,10,False
C:\Users\Hamada.MSI\Desktop\Hamada\lab\data\raw\images\Describable Textures Dataset\images\honeycombed\honeycombed_0124.jpg,0.8110345506293896,10,False
C:\Users\Hamada.MSI\Desktop\Hamada\lab\data\raw\images\Describable Textures Dataset\images\grid\grid_0055.jpg,0.8127383629422074,10,False
C:\Users\Hamada.MSI\Desktop\Hamada\lab\data\raw\images\Describable Textures Dataset\images\sprinkled\sprinkled_0030.jpg,0.8158542856958669,10,False
C:\Users\Hamada.MSI\Desktop\Hamada\lab\data\raw\images\Describable Textures Dataset\images\swirly\swirly_0005.jpg,0.8164532324912813,10,False
C:\Users\Hamada.MSI\Desktop\Hamada\lab\data\raw\images\Describable Textures Dataset\images\marbled\marbled_0093.jpg,0.8197654812848698,10,False
C:\Users\Hamada.MSI\Desktop\Hamada\lab\data\raw\images\Describable Textures Dataset\images\dotted\dotted_0141.jpg,0.8230838744990306,10,False
C:\Users\Hamada.MSI\Desktop\Hamada\lab\data\raw\images\Describable Textures Dataset\images\flecked\flecked_0075.jpg,0.8233450186146214,10,False
C:\Users\Hamada.MSI\Desktop\Hamada\lab\data\raw\images\Describable Textures Dataset\images\lined\lined_0054.jpg,0.8300364807725595,10,False
C:\Users\Hamada.MSI\Desktop\Hamada\lab\data\raw\images\Describable Textures Dataset\images\cobwebbed\cobwebbed_0059.jpg,0.8315450699228942,10,False
C:\Users\Hamada.MSI\Desktop\Hamada\lab\data\raw\images\Describable Textures Dataset\images\spiralled\spiralled_0118.jpg,0.8334921161154654,10,False
C:\Users\Hamada.MSI\Desktop\Hamada\lab\data\raw\images\Describable Textures Dataset\images\polka-dotted\polka-dotted_0121.jpg,0.8338116933139564,10,False
C:\Users\Hamada.MSI\Desktop\Hamada\lab\data\raw\images\Describable Textures Dataset\images\grid\grid_0036.jpg,0.8359807489939487,10,False
C:\Users\Hamada.MSI\Desktop\Hamada\lab\data\raw\images\Describable Textures Dataset\images\dotted\dotted_0181.jpg,0.8372342368360076,10,False
C:\Users\Hamada.MSI\Desktop\Hamada\lab\data\raw\images\Describable Textures Dataset\images\blotchy\blotchy_0128.jpg,0.838991214134832,10,False
C:\Users\Hamada.MSI\Desktop\Hamada\lab\data\raw\images\Describable Textures Dataset\images\marbled\marbled_0092.jpg,0.841299772950901,10,False
C:\Users\Hamada.MSI\Desktop\Hamada\lab\data\raw\images\Describable Textures Dataset\images\polka-dotted\polka-dotted_0170.jpg,0.8414354880688771,10,False
C:\Users\Hamada.MSI\Desktop\Hamada\lab\data\raw\images\Describable Textures Dataset\images\grid\grid_0042.jpg,0.8437255962579261,10,False
C:\Users\Hamada.MSI\Desktop\Hamada\lab\data\raw\images\Describable Textures Dataset\images\cobwebbed\cobwebbed_0053.jpg,0.8441264035497531,10,False
C:\Users\Hamada.MSI\Desktop\Hamada\lab\data\raw\images\Describable Textures Dataset\images\dotted\dotted_0107.jpg,0.848227049888944,10,False
C:\Users\Hamada.MSI\Desktop\Hamada\lab\data\raw\images\Describable Textures Dataset\images\banded\banded_0081.jpg,0.8482697942035461,10,False
C:\Users\Hamada.MSI\Desktop\Hamada\lab\data\raw\images\Describable Textures Dataset\images\lined\lined_0095.jpg,0.8483243298000969,10,False
C:\Users\Hamada.MSI\Desktop\Hamada\lab\data\raw\images\Describable Textures Dataset\images\swirly\swirly_0099.jpg,0.8490923203073877,10,False
C:\Users\Hamada.MSI\Desktop\Hamada\lab\data\raw\images\Describable Textures Dataset\images\stained\stained_0033.jpg,0.8504766427040585,10,False
C:\Users\Hamada.MSI\Desktop\Hamada\lab\data\raw\images\Describable Textures Dataset\images\lined\lined_0067.jpg,0.8544626930794651,10,False
C:\Users\Hamada.MSI\Desktop\Hamada\lab\data\raw\images\Describable Textures Dataset\images\banded\banded_0012.jpg,0.8573127821696631,10,False
C:\Users\Hamada.MSI\Desktop\Hamada\lab\data\raw\images\Describable Textures Dataset\images\sprinkled\sprinkled_0082.jpg,0.8592169092839227,10,False
C:\Users\Hamada.MSI\Desktop\Hamada\lab\data\raw\images\Describable Textures Dataset\images\lined\lined_0137.jpg,0.8593038038034188,10,False
C:\Users\Hamada.MSI\Desktop\Hamada\lab\data\raw\images\Describable Textures Dataset\images\lined\lined_0079.jpg,0.8593860155221823,10,False
C:\Users\Hamada.MSI\Desktop\Hamada\lab\data\raw\images\Describable Textures Dataset\images\grid\grid_0045.jpg,0.8595836917835746,10,False
C:\Users\Hamada.MSI\Desktop\Hamada\lab\data\raw\images\Describable Textures Dataset\images\grid\grid_0063.jpg,0.8621812028641531,10,False
C:\Users\Hamada.MSI\Desktop\Hamada\lab\data\raw\images\Describable Textures Dataset\images\lined\lined_0076.jpg,0.8625580327528144,10,False
C:\Users\Hamada.MSI\Desktop\Hamada\lab\data\raw\images\Describable Textures Dataset\images\lined\lined_0059.jpg,0.8668437774859341,10,False
C:\Users\Hamada.MSI\Desktop\Hamada\lab\data\raw\images\Describable Textures Dataset\images\pleated\pleated_0066.jpg,0.8683365410213205,10,False
C:\Users\Hamada.MSI\Desktop\Hamada\lab\data\raw\images\Describable Textures Dataset\images\zigzagged\zigzagged_0074.jpg,0.8755496793499942,10,False
C:\Users\Hamada.MSI\Desktop\Hamada\lab\data\raw\images\Describable Textures Dataset\images\pitted\pitted_0041.jpg,0.8804008549653732,10,False
C:\Users\Hamada.MSI\Desktop\Hamada\lab\data\raw\images\Describable Textures Dataset\images\grid\grid_0005.jpg,0.881369561170443,10,False
C:\Users\Hamada.MSI\Desktop\Hamada\lab\data\raw\images\Describable Textures Dataset\images\grid\grid_0053.jpg,0.8893272753594009,10,False
C:\Users\Hamada.MSI\Desktop\Hamada\lab\data\raw\images\Describable Textures Dataset\images\polka-dotted\polka-dotted_0203.jpg,0.8957789776510627,10,False
C:\Users\Hamada.MSI\Desktop\Hamada\lab\data\raw\images\Describable Textures Dataset\images\grid\grid_0026.jpg,0.8962399702661913,10,False
C:\Users\Hamada.MSI\Desktop\Hamada\lab\data\raw\images\Describable Textures Dataset\images\grid\grid_0047.jpg,0.901195739059325,10,False
C:\Users\Hamada.MSI\Desktop\Hamada\lab\data\raw\images\Describable Textures Dataset\images\grid\grid_0008.jpg,0.9014848307071607,10,False
C:\Users\Hamada.MSI\Desktop\Hamada\lab\data\raw\images\Describable Textures Dataset\images\grid\grid_0077.jpg,0.9026643367327443,10,False
C:\Users\Hamada.MSI\Desktop\Hamada\lab\data\raw\images\Describable Textures Dataset\images\grid\grid_0064.jpg,0.9037849013775381,10,False
C:\Users\Hamada.MSI\Desktop\Hamada\lab\data\raw\images\Describable Textures Dataset\images\cobwebbed\cobwebbed_0095.jpg,0.9044160819294117,10,False
C:\Users\Hamada.MSI\Desktop\Hamada\lab\data\raw\images\Describable Textures Dataset\images\sprinkled\sprinkled_0076.jpg,0.9056138600420799,10,False
C:\Users\Hamada.MSI\Desktop\Hamada\lab\data\raw\images\Describable Textures Dataset\images\flecked\flecked_0088.jpg,0.9074017653173463,10,False
C:\Users\Hamada.MSI\Desktop\Hamada\lab\data\raw\images\Describable Textures Dataset\images\honeycombed\honeycombed_0092.jpg,0.9076348997444692,10,False
C:\Users\Hamada.MSI\Desktop\Hamada\lab\data\raw\images\Describable Textures Dataset\images\lined\lined_0028.jpg,0.9101455809835601,10,False
C:\Users\Hamada.MSI\Desktop\Hamada\lab\data\raw\images\Describable Textures Dataset\images\grid\grid_0060.jpg,0.920778949825081,10,False
C:\Users\Hamada.MSI\Desktop\Hamada\lab\data\raw\images\Describable Textures Dataset\images\grid\grid_0061.jpg,0.9211345467169678,10,False
C:\Users\Hamada.MSI\Desktop\Hamada\lab\data\raw\images\Describable Textures Dataset\images\dotted\dotted_0129.jpg,0.9277373541171166,10,False
C:\Users\Hamada.MSI\Desktop\Hamada\lab\data\raw\images\Describable Textures Dataset\images\lined\lined_0086.jpg,0.951001965958459,10,False
C:\Users\Hamada.MSI\Desktop\Hamada\lab\data\raw\images\Describable Textures Dataset\images\lined\lined_0080.jpg,0.9513941762025708,10,False
C:\Users\Hamada.MSI\Desktop\Hamada\lab\data\raw\images\Describable Textures Dataset\images\lined\lined_0058.jpg,0.9633172455896605,10,False
C:\Users\Hamada.MSI\Desktop\Hamada\lab\data\raw\images\Describable Textures Dataset\images\grid\grid_0033.jpg,0.9636202054458294,10,False
C:\Users\Hamada.MSI\Desktop\Hamada\lab\data\raw\images\Describable Textures Dataset\images\lined\lined_0006.jpg,0.9727179000263763,10,False
C:\Users\Hamada.MSI\Desktop\Hamada\lab\data\raw\images\Describable Textures Dataset\images\lined\lined_0046.jpg,0.975529320336579,10,False
C:\Users\Hamada.MSI\Desktop\Hamada\lab\data\raw\images\Describable Textures Dataset\images\grid\grid_0021.jpg,0.9863732267047313,10,False
