foreground_path,background_path,right_visibility_score,left_visibility_score,signed_score_difference,absolute_score_difference,right_clip_ratio,left_clip_ratio,disparity_deg,disparity_px,rank
C:\Users\Hamada.MSI\Desktop\Hamada\lab\data\raw\images\McGill Calibrated Color Image Database\Textures\Textures\pippin_UniStrt024.tif,C:\Users\Hamada.MSI\Desktop\Hamada\lab\data\raw\images\McGill Calibrated Color Image Database\Textures\Textures\pippin_UniStrt012.tif,0.6103640198707581,0.5170729756355286,-0.09329104423522949,0.09329104423522949,0.0,0.0,4.0946852325771905,265,1
C:\Users\Hamada.MSI\Desktop\Hamada\lab\data\raw\images\McGill Calibrated Color Image Database\Textures\Textures\pippin_park0035.tif,C:\Users\Hamada.MSI\Desktop\Hamada\lab\data\raw\images\McGill Calibrated Color Image Database\Textures\Textures\pippin_UniStrt012.tif,0.5596497058868408,0.47746992111206055,-0.08217978477478027,0.08217978477478027,0.0,0.0,4.0946852325771905,265,
C:\Users\Hamada.MSI\Desktop\Hamada\lab\data\raw\images\McGill Calibrated Color Image Database\Textures\Textures\merry_mtl07_025.tif,C:\Users\Hamada.MSI\Desktop\Hamada\lab\data\raw\images\McGill Calibrated Color Image Database\Textures\Textures\pippin_UniStrt012.tif,0.5883468389511108,0.51100093126297,-0.07734590768814087,0.07734590768814087,0.0,0.0,4.0946852325771905,265,
C:\Users\Hamada.MSI\Desktop\Hamada\lab\data\raw\images\McGill Calibrated Color Image Database\Textures\Textures\merry_mexico0118.tif,C:\Users\Hamada.MSI\Desktop\Hamada\lab\data\raw\images\McGill Calibrated Color Image Database\Textures\Textures\pippin_UniStrt012.tif,0.4986419975757599,0.4215759336948395,-0.07706606388092041,0.07706606388092041,0.0,0.0,4.0946852325771905,265,
C:\Users\Hamada.MSI\Desktop\Hamada\lab\data\raw\images\McGill Calibrated Color Image Database\Textures\Textures\pippin_Mex07_011.tif,C:\Users\Hamada.MSI\Desktop\Hamada\lab\data\raw\images\McGill Calibrated Color Image Database\Textures\Textures\pippin_UniStrt012.tif,0.5590848326683044,0.4848986864089966,-0.07418614625930786,0.07418614625930786,0.0,3.814697265625e-06,4.0946852325771905,265,
C:\Users\Hamada.MSI\Desktop\Hamada\lab\data\raw\images\McGill Calibrated Color Image Database\Textures\Textures\pippin_adirondacks0025.tif,C:\Users\Hamada.MSI\Desktop\Hamada\lab\data\raw\images\McGill Calibrated Color Image Database\Textures\Textures\pippin_UniStrt012.tif,0.4946211576461792,0.42980897426605225,-0.06481218338012695,0.06481218338012695,0.0,0.0,4.0946852325771905,265,
C:\Users\Hamada.MSI\Desktop\Hamada\lab\data\raw\images\McGill Calibrated Color Image Database\Textures\Textures\pippin_park0035.tif,C:\Users\Hamada.MSI\Desktop\Hamada\lab\data\raw\images\McGill Calibrated Color Image Database\Textures\Textures\merry_mtl07_025.tif,0.38629499077796936,0.32592469453811646,-0.060370296239852905,0.060370296239852905,0.0,1.52587890625e-05,4.0946852325771905,265,2
C:\Users\Hamada.MSI\Desktop\Hamada\lab\data\raw\images\McGill Calibrated Color Image Database\Textures\Textures\pippin_RVHtexture023.tif,C:\Users\Hamada.MSI\Desktop\Hamada\lab\data\raw\images\McGill Calibrated Color Image Database\Textures\Textures\pippin_UniStrt012.tif,0.41446518898010254,0.3543502986431122,-0.060114890336990356,0.060114890336990356,0.0,0.0,4.0946852325771905,265,
C:\Users\Hamada.MSI\Desktop\Hamada\lab\data\raw\images\McGill Calibrated Color Image Database\Textures\Textures\merry_mexico0121.tif,C:\Users\Hamada.MSI\Desktop\Hamada\lab\data\raw\images\McGill Calibrated Color Image Database\Textures\Textures\pippin_UniStrt012.tif,0.4729119837284088,0.4142540693283081,-0.05865791440010071,0.05865791440010071,0.0,0.0,4.0946852325771905,265,
C:\Users\Hamada.MSI\Desktop\Hamada\lab\data\raw\images\McGill Calibrated Color Image Database\Textures\Textures\merry_mtl07_005.tif,C:\Users\Hamada.MSI\Desktop\Hamada\lab\data\raw\images\McGill Calibrated Color Image Database\Textures\Textures\pippin_UniStrt012.tif,0.477012574672699,0.420226514339447,-0.05678606033325195,0.05678606033325195,0.0,1.52587890625e-05,4.0946852325771905,265,
C:\Users\Hamada.MSI\Desktop\Hamada\lab\data\raw\images\McGill Calibrated Color Image Database\Textures\Textures\merry_mtl07_025.tif,C:\Users\Hamada.MSI\Desktop\Hamada\lab\data\raw\images\McGill Calibrated Color Image Database\Textures\Textures\merry_mtl07_025.tif,0.45909082889556885,0.4040551781654358,-0.05503565073013306,0.05503565073013306,0.0,7.62939453125e-06,4.0946852325771905,265,
C:\Users\Hamada.MSI\Desktop\Hamada\lab\data\raw\images\McGill Calibrated Color Image Database\Textures\Textures\pippin_Mex07_011.tif,C:\Users\Hamada.MSI\Desktop\Hamada\lab\data\raw\images\McGill Calibrated Color Image Database\Textures\Textures\merry_mtl07_025.tif,0.37977278232574463,0.32487916946411133,-0.0548936128616333,0.0548936128616333,0.0,3.814697265625e-06,4.0946852325771905,265,
C:\Users\Hamada.MSI\Desktop\Hamada\lab\data\raw\images\McGill Calibrated Color Image Database\Textures\Textures\pippin_adirondacks0025.tif,C:\Users\Hamada.MSI\Desktop\Hamada\lab\data\raw\images\McGill Calibrated Color Image Database\Textures\Textures\merry_mtl07_025.tif,0.3773344159126282,0.32666128873825073,-0.05067312717437744,0.05067312717437744,3.4332275390625e-05,2.288818359375e-05,4.0946852325771905,265,
C:\Users\Hamada.MSI\Desktop\Hamada\lab\data\raw\images\McGill Calibrated Color Image Database\Textures\Textures\merry_mexico0154.tif,C:\Users\Hamada.MSI\Desktop\Hamada\lab\data\raw\images\McGill Calibrated Color Image Database\Textures\Textures\pippin_UniStrt012.tif,0.46320265531539917,0.4136160612106323,-0.049586594104766846,0.049586594104766846,0.0,0.0,4.0946852325771905,265,
C:\Users\Hamada.MSI\Desktop\Hamada\lab\data\raw\images\McGill Calibrated Color Image Database\Textures\Textures\merry_mtl07_008.tif,C:\Users\Hamada.MSI\Desktop\Hamada\lab\data\raw\images\McGill Calibrated Color Image Database\Textures\Textures\pippin_UniStrt012.tif,0.5071789026260376,0.45781761407852173,-0.04936128854751587,0.04936128854751587,0.0,0.0,4.0946852325771905,265,
C:\Users\Hamada.MSI\Desktop\Hamada\lab\data\raw\images\McGill Calibrated Color Image Database\Textures\Textures\merry_mtl07_005.tif,C:\Users\Hamada.MSI\Desktop\Hamada\lab\data\raw\images\McGill Calibrated Color Image Database\Textures\Textures\merry_mtl07_025.tif,0.24047565460205078,0.19141064584255219,-0.049065008759498596,0.049065008759498596,1.52587890625e-05,3.0517578125e-05,4.0946852325771905,265,
C:\Users\Hamada.MSI\Desktop\Hamada\lab\data\raw\images\McGill Calibrated Color Image Database\Textures\Textures\merry_mexico0121.tif,C:\Users\Hamada.MSI\Desktop\Hamada\lab\data\raw\images\McGill Calibrated Color Image Database\Textures\Textures\merry_mtl07_025.tif,0.3368929624557495,0.2881088852882385,-0.048784077167510986,0.048784077167510986,0.0,0.0,4.0946852325771905,265,
C:\Users\Hamada.MSI\Desktop\Hamada\lab\data\raw\images\McGill Calibrated Color Image Database\Textures\Textures\merry_mexico0118.tif,C:\Users\Hamada.MSI\Desktop\Hamada\lab\data\raw\images\McGill Calibrated Color Image Database\Textures\Textures\merry_mtl07_025.tif,0.37267619371414185,0.32399889826774597,-0.048677295446395874,0.048677295446395874,0.0,0.0,4.0946852325771905,265,
C:\Users\Hamada.MSI\Desktop\Hamada\lab\data\raw\images\McGill Calibrated Color Image Database\Textures\Textures\merry_mtl07_008.tif,C:\Users\Hamada.MSI\Desktop\Hamada\lab\data\raw\images\McGill Calibrated Color Image Database\Textures\Textures\merry_mtl07_025.tif,0.3820503056049347,0.3347572982311249,-0.047293007373809814,0.047293007373809814,0.0,0.0,4.0946852325771905,265,
C:\Users\Hamada.MSI\Desktop\Hamada\lab\data\raw\images\McGill Calibrated Color Image Database\Textures\Textures\pippin_RVHtexture023.tif,C:\Users\Hamada.MSI\Desktop\Hamada\lab\data\raw\images\McGill Calibrated Color Image Database\Textures\Textures\merry_mtl07_025.tif,0.3034595251083374,0.2588801085948944,-0.04457941651344299,0.04457941651344299,0.0,0.0,4.0946852325771905,265,
C:\Users\Hamada.MSI\Desktop\Hamada\lab\data\raw\images\McGill Calibrated Color Image Database\Textures\Textures\merry_mtl07_034.tif,C:\Users\Hamada.MSI\Desktop\Hamada\lab\data\raw\images\McGill Calibrated Color Image Database\Textures\Textures\pippin_UniStrt012.tif,0.3695864677429199,0.33068329095840454,-0.03890317678451538,0.03890317678451538,0.0,1.1444091796875e-05,4.0946852325771905,265,
C:\Users\Hamada.MSI\Desktop\Hamada\lab\data\raw\images\McGill Calibrated Color Image Database\Textures\Textures\merry_mexico0154.tif,C:\Users\Hamada.MSI\Desktop\Hamada\lab\data\raw\images\McGill Calibrated Color Image Database\Textures\Textures\merry_mtl07_025.tif,0.31949853897094727,0.28230151534080505,-0.03719702363014221,0.03719702363014221,0.0,0.0,4.0946852325771905,265,
C:\Users\Hamada.MSI\Desktop\Hamada\lab\data\raw\images\McGill Calibrated Color Image Database\Textures\Textures\pippin_park0035.tif,C:\Users\Hamada.MSI\Desktop\Hamada\lab\data\raw\images\McGill Calibrated Color Image Database\Textures\Textures\pippin0275.tif,0.4747544527053833,0.438704252243042,-0.03605020046234131,0.03605020046234131,0.0,0.0,4.0946852325771905,265,
C:\Users\Hamada.MSI\Desktop\Hamada\lab\data\raw\images\McGill Calibrated Color Image Database\Textures\Textures\pippin_Mex07_011.tif,C:\Users\Hamada.MSI\Desktop\Hamada\lab\data\raw\images\McGill Calibrated Color Image Database\Textures\Textures\pippin0275.tif,0.4594641327857971,0.42471593618392944,-0.034748196601867676,0.034748196601867676,0.0,3.814697265625e-06,4.0946852325771905,265,
C:\Users\Hamada.MSI\Desktop\Hamada\lab\data\raw\images\McGill Calibrated Color Image Database\Textures\Textures\merry_mtl07_005.tif,C:\Users\Hamada.MSI\Desktop\Hamada\lab\data\raw\images\McGill Calibrated Color Image Database\Textures\Textures\pippin0275.tif,0.29704561829566956,0.26279258728027344,-0.03425303101539612,0.03425303101539612,0.0,1.52587890625e-05,4.0946852325771905,265,3
C:\Users\Hamada.MSI\Desktop\Hamada\lab\data\raw\images\McGill Calibrated Color Image Database\Textures\Textures\merry_mtl07_034.tif,C:\Users\Hamada.MSI\Desktop\Hamada\lab\data\raw\images\McGill Calibrated Color Image Database\Textures\Textures\merry_mtl07_025.tif,0.260325163602829,0.2268488109111786,-0.03347635269165039,0.03347635269165039,0.0,1.1444091796875e-05,4.0946852325771905,265,
C:\Users\Hamada.MSI\Desktop\Hamada\lab\data\raw\images\McGill Calibrated Color Image Database\Textures\Textures\pippin_Mex07_011.tif,C:\Users\Hamada.MSI\Desktop\Hamada\lab\data\raw\images\McGill Calibrated Color Image Database\Textures\Textures\merry_mtl07_053.tif,0.2986445426940918,0.3310522735118866,0.0324077308177948,0.0324077308177948,6.103515625e-05,3.814697265625e-06,4.0946852325771905,265,4
C:\Users\Hamada.MSI\Desktop\Hamada\lab\data\raw\images\McGill Calibrated Color Image Database\Textures\Textures\pippin_UniStrt024.tif,C:\Users\Hamada.MSI\Desktop\Hamada\lab\data\raw\images\McGill Calibrated Color Image Database\Textures\Textures\merry_mtl07_025.tif,0.5061538219451904,0.4738640785217285,-0.032289743423461914,0.032289743423461914,1.9073486328125e-05,7.62939453125e-06,4.0946852325771905,265,
C:\Users\Hamada.MSI\Desktop\Hamada\lab\data\raw\images\McGill Calibrated Color Image Database\Textures\Textures\merry_mexico0121.tif,C:\Users\Hamada.MSI\Desktop\Hamada\lab\data\raw\images\McGill Calibrated Color Image Database\Textures\Textures\pippin0275.tif,0.40678727626800537,0.375489205121994,-0.03129807114601135,0.03129807114601135,0.0,0.0,4.0946852325771905,265,
C:\Users\Hamada.MSI\Desktop\Hamada\lab\data\raw\images\McGill Calibrated Color Image Database\Textures\Textures\pippin_park0035.tif,C:\Users\Hamada.MSI\Desktop\Hamada\lab\data\raw\images\McGill Calibrated Color Image Database\Textures\Textures\merry_mtl07_053.tif,0.3309122323989868,0.36176782846450806,0.03085559606552124,0.03085559606552124,1.52587890625e-05,0.0,4.0946852325771905,265,
C:\Users\Hamada.MSI\Desktop\Hamada\lab\data\raw\images\McGill Calibrated Color Image Database\Textures\Textures\merry_mtl07_025.tif,C:\Users\Hamada.MSI\Desktop\Hamada\lab\data\raw\images\McGill Calibrated Color Image Database\Textures\Textures\pippin_jtalon0032.tif,0.5696430206298828,0.5389587879180908,-0.030684232711791992,0.030684232711791992,0.0,0.0,4.0946852325771905,265,
C:\Users\Hamada.MSI\Desktop\Hamada\lab\data\raw\images\McGill Calibrated Color Image Database\Textures\Textures\merry_mexico0118.tif,C:\Users\Hamada.MSI\Desktop\Hamada\lab\data\raw\images\McGill Calibrated Color Image Database\Textures\Textures\pippin0275.tif,0.455441415309906,0.4253710210323334,-0.030070394277572632,0.030070394277572632,0.0,0.0,4.0946852325771905,265,
C:\Users\Hamada.MSI\Desktop\Hamada\lab\data\raw\images\McGill Calibrated Color Image Database\Textures\Textures\merry_mtl07_025.tif,C:\Users\Hamada.MSI\Desktop\Hamada\lab\data\raw\images\McGill Calibrated Color Image Database\Textures\Textures\pippin_park0051.tif,0.47591280937194824,0.44592007994651794,-0.029992729425430298,0.029992729425430298,0.0,0.0,4.0946852325771905,265,
C:\Users\Hamada.MSI\Desktop\Hamada\lab\data\raw\images\McGill Calibrated Color Image Database\Textures\Textures\pippin_UniStrt024.tif,C:\Users\Hamada.MSI\Desktop\Hamada\lab\data\raw\images\McGill Calibrated Color Image Database\Textures\Textures\merry_mtl07_012.tif,0.5529646277427673,0.5234293341636658,-0.029535293579101562,0.029535293579101562,0.0,0.0,4.0946852325771905,265,
C:\Users\Hamada.MSI\Desktop\Hamada\lab\data\raw\images\McGill Calibrated Color Image Database\Textures\Textures\pippin_park0035.tif,C:\Users\Hamada.MSI\Desktop\Hamada\lab\data\raw\images\McGill Calibrated Color Image Database\Textures\Textures\merry_mtl07_012.tif,0.4327860474586487,0.4035855531692505,-0.029200494289398193,0.029200494289398193,0.0,0.0,4.0946852325771905,265,
C:\Users\Hamada.MSI\Desktop\Hamada\lab\data\raw\images\McGill Calibrated Color Image Database\Textures\Textures\merry_mtl07_005.tif,C:\Users\Hamada.MSI\Desktop\Hamada\lab\data\raw\images\McGill Calibrated Color Image Database\Textures\Textures\merry_win07_012.tif,0.36005640029907227,0.33122068643569946,-0.028835713863372803,0.028835713863372803,0.0,1.52587890625e-05,4.0946852325771905,265,
C:\Users\Hamada.MSI\Desktop\Hamada\lab\data\raw\images\McGill Calibrated Color Image Database\Textures\Textures\pippin_UniStrt024.tif,C:\Users\Hamada.MSI\Desktop\Hamada\lab\data\raw\images\McGill Calibrated Color Image Database\Textures\Textures\pippin_jtalon0032.tif,0.5919896364212036,0.5634587407112122,-0.028530895709991455,0.028530895709991455,0.0,0.0,4.0946852325771905,265,
C:\Users\Hamada.MSI\Desktop\Hamada\lab\data\raw\images\McGill Calibrated Color Image Database\Textures\Textures\merry_mtl07_008.tif,C:\Users\Hamada.MSI\Desktop\Hamada\lab\data\raw\images\McGill Calibrated Color Image Database\Textures\Textures\merry_mtl07_053.tif,0.3077646493911743,0.336225688457489,0.028461039066314697,0.028461039066314697,0.0,3.814697265625e-05,4.0946852325771905,265,
C:\Users\Hamada.MSI\Desktop\Hamada\lab\data\raw\images\McGill Calibrated Color Image Database\Textures\Textures\merry_mexico0118.tif,C:\Users\Hamada.MSI\Desktop\Hamada\lab\data\raw\images\McGill Calibrated Color Image Database\Textures\Textures\merry_mtl07_053.tif,0.3155149817466736,0.34386855363845825,0.028353571891784668,0.028353571891784668,0.0,0.0,4.0946852325771905,265,
C:\Users\Hamada.MSI\Desktop\Hamada\lab\data\raw\images\McGill Calibrated Color Image Database\Textures\Textures\pippin_Mex07_011.tif,C:\Users\Hamada.MSI\Desktop\Hamada\lab\data\raw\images\McGill Calibrated Color Image Database\Textures\Textures\merry_mtl07_012.tif,0.4196470379829407,0.3921316862106323,-0.02751535177230835,0.02751535177230835,0.0,3.814697265625e-06,4.0946852325771905,265,
C:\Users\Hamada.MSI\Desktop\Hamada\lab\data\raw\images\McGill Calibrated Color Image Database\Textures\Textures\pippin_RVHtexture023.tif,C:\Users\Hamada.MSI\Desktop\Hamada\lab\data\raw\images\McGill Calibrated Color Image Database\Textures\Textures\pippin0275.tif,0.36519795656204224,0.33803093433380127,-0.027167022228240967,0.027167022228240967,0.0,0.0,4.0946852325771905,265,
C:\Users\Hamada.MSI\Desktop\Hamada\lab\data\raw\images\McGill Calibrated Color Image Database\Textures\Textures\merry_mexico0118.tif,C:\Users\Hamada.MSI\Desktop\Hamada\lab\data\raw\images\McGill Calibrated Color Image Database\Textures\Textures\pippin_park0051.tif,0.37366047501564026,0.3465649485588074,-0.027095526456832886,0.027095526456832886,0.0,1.1444091796875e-05,4.0946852325771905,265,5
C:\Users\Hamada.MSI\Desktop\Hamada\lab\data\raw\images\McGill Calibrated Color Image Database\Textures\Textures\pippin_park0035.tif,C:\Users\Hamada.MSI\Desktop\Hamada\lab\data\raw\images\McGill Calibrated Color Image Database\Textures\Textures\pippin_park0051.tif,0.3834570646286011,0.35637903213500977,-0.02707803249359131,0.02707803249359131,0.0,0.0,4.0946852325771905,265,
C:\Users\Hamada.MSI\Desktop\Hamada\lab\data\raw\images\McGill Calibrated Color Image Database\Textures\Textures\pippin_adirondacks0025.tif,C:\Users\Hamada.MSI\Desktop\Hamada\lab\data\raw\images\McGill Calibrated Color Image Database\Textures\Textures\pippin0275.tif,0.4581523835659027,0.43117913603782654,-0.026973247528076172,0.026973247528076172,0.0,0.0,4.0946852325771905,265,
C:\Users\Hamada.MSI\Desktop\Hamada\lab\data\raw\images\McGill Calibrated Color Image Database\Textures\Textures\merry_mexico0121.tif,C:\Users\Hamada.MSI\Desktop\Hamada\lab\data\raw\images\McGill Calibrated Color Image Database\Textures\Textures\merry_mtl07_012.tif,0.37761056423187256,0.35079628229141235,-0.026814281940460205,0.026814281940460205,0.0,0.0,4.0946852325771905,265,6
C:\Users\Hamada.MSI\Desktop\Hamada\lab\data\raw\images\McGill Calibrated Color Image Database\Textures\Textures\merry_mexico0154.tif,C:\Users\Hamada.MSI\Desktop\Hamada\lab\data\raw\images\McGill Calibrated Color Image Database\Textures\Textures\pippin0275.tif,0.39854639768600464,0.37173527479171753,-0.02681112289428711,0.02681112289428711,0.0,0.0,4.0946852325771905,265,
C:\Users\Hamada.MSI\Desktop\Hamada\lab\data\raw\images\McGill Calibrated Color Image Database\Textures\Textures\merry_mexico0118.tif,C:\Users\Hamada.MSI\Desktop\Hamada\lab\data\raw\images\McGill Calibrated Color Image Database\Textures\Textures\merry_mtl07_012.tif,0.4227713346481323,0.3965646028518677,-0.02620673179626465,0.02620673179626465,0.0,0.0,4.0946852325771905,265,
C:\Users\Hamada.MSI\Desktop\Hamada\lab\data\raw\images\McGill Calibrated Color Image Database\Textures\Textures\merry_mtl07_008.tif,C:\Users\Hamada.MSI\Desktop\Hamada\lab\data\raw\images\McGill Calibrated Color Image Database\Textures\Textures\pippin_jtalon0032.tif,0.47714707255363464,0.4509422481060028,-0.026204824447631836,0.026204824447631836,0.0,0.0,4.0946852325771905,265,
C:\Users\Hamada.MSI\Desktop\Hamada\lab\data\raw\images\McGill Calibrated Color Image Database\Textures\Textures\merry_mexico0118.tif,C:\Users\Hamada.MSI\Desktop\Hamada\lab\data\raw\images\McGill Calibrated Color Image Database\Textures\Textures\pippin_jtalon0032.tif,0.48184263706207275,0.4557127356529236,-0.02612990140914917,0.02612990140914917,0.0,0.0,4.0946852325771905,265,
C:\Users\Hamada.MSI\Desktop\Hamada\lab\data\raw\images\McGill Calibrated Color Image Database\Textures\Textures\pippin_UniStrt024.tif,C:\Users\Hamada.MSI\Desktop\Hamada\lab\data\raw\images\McGill Calibrated Color Image Database\Textures\Textures\pippin_park0051.tif,0.5225375890731812,0.49665647745132446,-0.02588111162185669,0.02588111162185669,7.62939453125e-06,1.52587890625e-05,4.0946852325771905,265,
C:\Users\Hamada.MSI\Desktop\Hamada\lab\data\raw\images\McGill Calibrated Color Image Database\Textures\Textures\pippin_adirondacks0025.tif,C:\Users\Hamada.MSI\Desktop\Hamada\lab\data\raw\images\McGill Calibrated Color Image Database\Textures\Textures\pippin_jtalon0032.tif,0.48213595151901245,0.4569729268550873,-0.02516302466392517,0.02516302466392517,0.0,0.0,4.0946852325771905,265,7
C:\Users\Hamada.MSI\Desktop\Hamada\lab\data\raw\images\McGill Calibrated Color Image Database\Textures\Textures\merry_mtl07_025.tif,C:\Users\Hamada.MSI\Desktop\Hamada\lab\data\raw\images\McGill Calibrated Color Image Database\Textures\Textures\pippin0275.tif,0.5464805960655212,0.5214716792106628,-0.0250089168548584,0.0250089168548584,0.0,1.52587890625e-05,4.0946852325771905,265,
C:\Users\Hamada.MSI\Desktop\Hamada\lab\data\raw\images\McGill Calibrated Color Image Database\Textures\Textures\merry_mtl07_008.tif,C:\Users\Hamada.MSI\Desktop\Hamada\lab\data\raw\images\McGill Calibrated Color Image Database\Textures\Textures\merry_mtl07_008.tif,0.4300957918167114,0.40523120760917664,-0.02486458420753479,0.02486458420753479,1.1444091796875e-05,1.52587890625e-05,4.0946852325771905,265,
C:\Users\Hamada.MSI\Desktop\Hamada\lab\data\raw\images\McGill Calibrated Color Image Database\Textures\Textures\merry_mexico0219.tif,C:\Users\Hamada.MSI\Desktop\Hamada\lab\data\raw\images\McGill Calibrated Color Image Database\Textures\Textures\merry_mtl07_025.tif,0.14515520632266998,0.12031932175159454,-0.02483588457107544,0.02483588457107544,0.0,0.0,4.0946852325771905,265,
C:\Users\Hamada.MSI\Desktop\Hamada\lab\data\raw\images\McGill Calibrated Color Image Database\Textures\Textures\merry_mtl07_025.tif,C:\Users\Hamada.MSI\Desktop\Hamada\lab\data\raw\images\McGill Calibrated Color Image Database\Textures\Textures\merry_mtl07_053.tif,0.428558886051178,0.4533405303955078,0.024781644344329834,0.024781644344329834,7.62939453125e-06,3.814697265625e-06,4.0946852325771905,265,
C:\Users\Hamada.MSI\Desktop\Hamada\lab\data\raw\images\McGill Calibrated Color Image Database\Textures\Textures\pippin_park0035.tif,C:\Users\Hamada.MSI\Desktop\Hamada\lab\data\raw\images\McGill Calibrated Color Image Database\Textures\Textures\pippin_jtalon0032.tif,0.492861807346344,0.4682977795600891,-0.024564027786254883,0.024564027786254883,0.0,0.0,4.0946852325771905,265,
C:\Users\Hamada.MSI\Desktop\Hamada\lab\data\raw\images\McGill Calibrated Color Image Database\Textures\Textures\merry_mtl07_025.tif,C:\Users\Hamada.MSI\Desktop\Hamada\lab\data\raw\images\McGill Calibrated Color Image Database\Textures\Textures\merry_mtl07_012.tif,0.5191080570220947,0.49457380175590515,-0.024534255266189575,0.024534255266189575,0.0,0.0,4.0946852325771905,265,
C:\Users\Hamada.MSI\Desktop\Hamada\lab\data\raw\images\McGill Calibrated Color Image Database\Textures\Textures\merry_mtl07_008.tif,C:\Users\Hamada.MSI\Desktop\Hamada\lab\data\raw\images\McGill Calibrated Color Image Database\Textures\Textures\merry_mtl07_012.tif,0.4216173589229584,0.39721351861953735,-0.02440384030342102,0.02440384030342102,0.0,0.0,4.0946852325771905,265,
C:\Users\Hamada.MSI\Desktop\Hamada\lab\data\raw\images\McGill Calibrated Color Image Database\Textures\Textures\pippin_Mex07_011.tif,C:\Users\Hamada.MSI\Desktop\Hamada\lab\data\raw\images\McGill Calibrated Color Image Database\Textures\Textures\pippin_jtalon0032.tif,0.47851210832595825,0.4543135464191437,-0.024198561906814575,0.024198561906814575,0.0,3.814697265625e-06,4.0946852325771905,265,
C:\Users\Hamada.MSI\Desktop\Hamada\lab\data\raw\images\McGill Calibrated Color Image Database\Textures\Textures\merry_mexico0154.tif,C:\Users\Hamada.MSI\Desktop\Hamada\lab\data\raw\images\McGill Calibrated Color Image Database\Textures\Textures\merry_mtl07_053.tif,0.27990055084228516,0.3037300109863281,0.02382946014404297,0.02382946014404297,0.0,0.0,4.0946852325771905,265,
C:\Users\Hamada.MSI\Desktop\Hamada\lab\data\raw\images\McGill Calibrated Color Image Database\Textures\Textures\pippin_RVHtexture023.tif,C:\Users\Hamada.MSI\Desktop\Hamada\lab\data\raw\images\McGill Calibrated Color Image Database\Textures\Textures\pippin_park0051.tif,0.3009244203567505,0.2773537039756775,-0.023570716381072998,0.023570716381072998,0.0,0.0,4.0946852325771905,265,
C:\Users\Hamada.MSI\Desktop\Hamada\lab\data\raw\images\McGill Calibrated Color Image Database\Textures\Textures\pippin_adirondacks0025.tif,C:\Users\Hamada.MSI\Desktop\Hamada\lab\data\raw\images\McGill Calibrated Color Image Database\Textures\Textures\merry_mtl07_012.tif,0.42773526906967163,0.40426138043403625,-0.023473888635635376,0.023473888635635376,0.0,0.0,4.0946852325771905,265,
C:\Users\Hamada.MSI\Desktop\Hamada\lab\data\raw\images\McGill Calibrated Color Image Database\Textures\Textures\pippin_park0035.tif,C:\Users\Hamada.MSI\Desktop\Hamada\lab\data\raw\images\McGill Calibrated Color Image Database\Textures\Textures\pippin_adirondacks0013.tif,0.4159793257713318,0.3927271366119385,-0.02325218915939331,0.02325218915939331,0.0,0.0,4.0946852325771905,265,
C:\Users\Hamada.MSI\Desktop\Hamada\lab\data\raw\images\McGill Calibrated Color Image Database\Textures\Textures\pippin_adirondacks0025.tif,C:\Users\Hamada.MSI\Desktop\Hamada\lab\data\raw\images\McGill Calibrated Color Image Database\Textures\Textures\merry_mtl07_053.tif,0.3379133343696594,0.3610999286174774,0.023186594247817993,0.023186594247817993,0.0,0.0,4.0946852325771905,265,
C:\Users\Hamada.MSI\Desktop\Hamada\lab\data\raw\images\McGill Calibrated Color Image Database\Textures\Textures\pippin_Mex07_011.tif,C:\Users\Hamada.MSI\Desktop\Hamada\lab\data\raw\images\McGill Calibrated Color Image Database\Textures\Textures\merry_win07_012.tif,0.4540218114852905,0.4311094582080841,-0.02291235327720642,0.02291235327720642,0.0,3.814697265625e-06,4.0946852325771905,265,
C:\Users\Hamada.MSI\Desktop\Hamada\lab\data\raw\images\McGill Calibrated Color Image Database\Textures\Textures\merry_mtl07_008.tif,C:\Users\Hamada.MSI\Desktop\Hamada\lab\data\raw\images\McGill Calibrated Color Image Database\Textures\Textures\pippin_park0055.tif,0.42861637473106384,0.40572547912597656,-0.02289089560508728,0.02289089560508728,0.0,0.0,4.0946852325771905,265,8
C:\Users\Hamada.MSI\Desktop\Hamada\lab\data\raw\images\McGill Calibrated Color Image Database\Textures\Textures\pippin_RVHtexture023.tif,C:\Users\Hamada.MSI\Desktop\Hamada\lab\data\raw\images\McGill Calibrated Color Image Database\Textures\Textures\pippin_RVHtexture023.tif,0.2986409664154053,0.3214496970176697,0.022808730602264404,0.022808730602264404,0.0,0.0,4.0946852325771905,265,
C:\Users\Hamada.MSI\Desktop\Hamada\lab\data\raw\images\McGill Calibrated Color Image Database\Textures\Textures\merry_mtl07_034.tif,C:\Users\Hamada.MSI\Desktop\Hamada\lab\data\raw\images\McGill Calibrated Color Image Database\Textures\Textures\merry_win07_012.tif,0.33750686049461365,0.31549006700515747,-0.022016793489456177,0.022016793489456177,0.0,1.1444091796875e-05,4.0946852325771905,265,9
C:\Users\Hamada.MSI\Desktop\Hamada\lab\data\raw\images\McGill Calibrated Color Image Database\Textures\Textures\pippin_park0035.tif,C:\Users\Hamada.MSI\Desktop\Hamada\lab\data\raw\images\McGill Calibrated Color Image Database\Textures\Textures\pippin_park0060.tif,0.38295337557792664,0.4048035442829132,0.021850168704986572,0.021850168704986572,0.0,0.0,4.0946852325771905,265,
C:\Users\Hamada.MSI\Desktop\Hamada\lab\data\raw\images\McGill Calibrated Color Image Database\Textures\Textures\merry_mtl07_034.tif,C:\Users\Hamada.MSI\Desktop\Hamada\lab\data\raw\images\McGill Calibrated Color Image Database\Textures\Textures\merry_mtl07_012.tif,0.28466540575027466,0.26296642422676086,-0.021698981523513794,0.021698981523513794,0.0,1.1444091796875e-05,4.0946852325771905,265,
C:\Users\Hamada.MSI\Desktop\Hamada\lab\data\raw\images\McGill Calibrated Color Image Database\Textures\Textures\pippin_UniStrt024.tif,C:\Users\Hamada.MSI\Desktop\Hamada\lab\data\raw\images\McGill Calibrated Color Image Database\Textures\Textures\pippin0275.tif,0.5775526762008667,0.5560426712036133,-0.021510004997253418,0.021510004997253418,0.0,3.4332275390625e-05,4.0946852325771905,265,
C:\Users\Hamada.MSI\Desktop\Hamada\lab\data\raw\images\McGill Calibrated Color Image Database\Textures\Textures\merry_mtl07_005.tif,C:\Users\Hamada.MSI\Desktop\Hamada\lab\data\raw\images\McGill Calibrated Color Image Database\Textures\Textures\pippin_park0060.tif,0.22265352308750153,0.2441532164812088,0.021499693393707275,0.021499693393707275,0.0,1.52587890625e-05,4.0946852325771905,265,
C:\Users\Hamada.MSI\Desktop\Hamada\lab\data\raw\images\McGill Calibrated Color Image Database\Textures\Textures\pippin_park0035.tif,C:\Users\Hamada.MSI\Desktop\Hamada\lab\data\raw\images\McGill Calibrated Color Image Database\Textures\Textures\pippin_RVHtexture023.tif,0.3866046667098999,0.4080980122089386,0.021493345499038696,0.021493345499038696,0.0,0.0,4.0946852325771905,265,
C:\Users\Hamada.MSI\Desktop\Hamada\lab\data\raw\images\McGill Calibrated Color Image Database\Textures\Textures\merry_mexico0121.tif,C:\Users\Hamada.MSI\Desktop\Hamada\lab\data\raw\images\McGill Calibrated Color Image Database\Textures\Textures\merry_mtl07_053.tif,0.2967839241027832,0.31825709342956543,0.021473169326782227,0.021473169326782227,0.0,1.52587890625e-05,4.0946852325771905,265,
C:\Users\Hamada.MSI\Desktop\Hamada\lab\data\raw\images\McGill Calibrated Color Image Database\Textures\Textures\pippin_park0035.tif,C:\Users\Hamada.MSI\Desktop\Hamada\lab\data\raw\images\McGill Calibrated Color Image Database\Textures\Textures\merry_mtl07_008.tif,0.4635825753211975,0.4422009587287903,-0.021381616592407227,0.021381616592407227,5.7220458984375e-05,1.52587890625e-05,4.0946852325771905,265,
C:\Users\Hamada.MSI\Desktop\Hamada\lab\data\raw\images\McGill Calibrated Color Image Database\Textures\Textures\merry_mtl07_025.tif,C:\Users\Hamada.MSI\Desktop\Hamada\lab\data\raw\images\McGill Calibrated Color Image Database\Textures\Textures\pippin_adirondacks0013.tif,0.49445271492004395,0.4731854796409607,-0.021267235279083252,0.021267235279083252,0.0,0.0,4.0946852325771905,265,
C:\Users\Hamada.MSI\Desktop\Hamada\lab\data\raw\images\McGill Calibrated Color Image Database\Textures\Textures\merry_mexico0118.tif,C:\Users\Hamada.MSI\Desktop\Hamada\lab\data\raw\images\McGill Calibrated Color Image Database\Textures\Textures\merry_win07_012.tif,0.46651768684387207,0.4453983008861542,-0.021119385957717896,0.021119385957717896,0.0,0.0,4.0946852325771905,265,
C:\Users\Hamada.MSI\Desktop\Hamada\lab\data\raw\images\McGill Calibrated Color Image Database\Textures\Textures\merry_mexico0121.tif,C:\Users\Hamada.MSI\Desktop\Hamada\lab\data\raw\images\McGill Calibrated Color Image Database\Textures\Textures\merry_win07_012.tif,0.42585641145706177,0.40474462509155273,-0.021111786365509033,0.021111786365509033,0.0,0.0,4.0946852325771905,265,
C:\Users\Hamada.MSI\Desktop\Hamada\lab\data\raw\images\McGill Calibrated Color Image Database\Textures\Textures\pippin_park0035.tif,C:\Users\Hamada.MSI\Desktop\Hamada\lab\data\raw\images\McGill Calibrated Color Image Database\Textures\Textures\pippin_park0037.tif,0.404843270778656,0.3838375210762024,-0.021005749702453613,0.021005749702453613,0.0,0.0,4.0946852325771905,265,
C:\Users\Hamada.MSI\Desktop\Hamada\lab\data\raw\images\McGill Calibrated Color Image Database\Textures\Textures\pippin_park0035.tif,C:\Users\Hamada.MSI\Desktop\Hamada\lab\data\raw\images\McGill Calibrated Color Image Database\Textures\Textures\pippin_UniStrt021.tif,0.3924350440502167,0.41320711374282837,0.020772069692611694,0.020772069692611694,0.0,0.0,4.0946852325771905,265,
C:\Users\Hamada.MSI\Desktop\Hamada\lab\data\raw\images\McGill Calibrated Color Image Database\Textures\Textures\merry_mexico0154.tif,C:\Users\Hamada.MSI\Desktop\Hamada\lab\data\raw\images\McGill Calibrated Color Image Database\Textures\Textures\pippin_park0051.tif,0.3326238989830017,0.3119489550590515,-0.020674943923950195,0.020674943923950195,0.0,0.0,4.0946852325771905,265,
C:\Users\Hamada.MSI\Desktop\Hamada\lab\data\raw\images\McGill Calibrated Color Image Database\Textures\Textures\merry_mexico0118.tif,C:\Users\Hamada.MSI\Desktop\Hamada\lab\data\raw\images\McGill Calibrated Color Image Database\Textures\Textures\pippin_park0037.tif,0.3898407816886902,0.3692299723625183,-0.020610809326171875,0.020610809326171875,0.0,0.0,4.0946852325771905,265,
C:\Users\Hamada.MSI\Desktop\Hamada\lab\data\raw\images\McGill Calibrated Color Image Database\Textures\Textures\merry_mexico0118.tif,C:\Users\Hamada.MSI\Desktop\Hamada\lab\data\raw\images\McGill Calibrated Color Image Database\Textures\Textures\pippin_RVHtexture023.tif,0.3787965774536133,0.3993770480155945,0.0205804705619812,0.0205804705619812,0.0,0.0,4.0946852325771905,265,
C:\Users\Hamada.MSI\Desktop\Hamada\lab\data\raw\images\McGill Calibrated Color Image Database\Textures\Textures\merry_mexico0121.tif,C:\Users\Hamada.MSI\Desktop\Hamada\lab\data\raw\images\McGill Calibrated Color Image Database\Textures\Textures\pippin_jtalon0032.tif,0.4349196255207062,0.4143657684326172,-0.02055385708808899,0.02055385708808899,0.0,0.0,4.0946852325771905,265,
C:\Users\Hamada.MSI\Desktop\Hamada\lab\data\raw\images\McGill Calibrated Color Image Database\Textures\Textures\merry_mexico0154.tif,C:\Users\Hamada.MSI\Desktop\Hamada\lab\data\raw\images\McGill Calibrated Color Image Database\Textures\Textures\merry_mtl07_012.tif,0.37071019411087036,0.3501751720905304,-0.020535022020339966,0.020535022020339966,0.0,0.0,4.0946852325771905,265,
C:\Users\Hamada.MSI\Desktop\Hamada\lab\data\raw\images\McGill Calibrated Color Image Database\Textures\Textures\pippin_Mex07_011.tif,C:\Users\Hamada.MSI\Desktop\Hamada\lab\data\raw\images\McGill Calibrated Color Image Database\Textures\Textures\merry_mexico0154.tif,0.3913555145263672,0.3708755373954773,-0.020479977130889893,0.020479977130889893,0.0,3.814697265625e-06,4.0946852325771905,265,
C:\Users\Hamada.MSI\Desktop\Hamada\lab\data\raw\images\McGill Calibrated Color Image Database\Textures\Textures\pippin_Mex07_011.tif,C:\Users\Hamada.MSI\Desktop\Hamada\lab\data\raw\images\McGill Calibrated Color Image Database\Textures\Textures\pippin_jtalon0022.tif,0.4535228908061981,0.43313080072402954,-0.02039209008216858,0.02039209008216858,0.0,3.814697265625e-06,4.0946852325771905,265,
C:\Users\Hamada.MSI\Desktop\Hamada\lab\data\raw\images\McGill Calibrated Color Image Database\Textures\Textures\merry_mexico0121.tif,C:\Users\Hamada.MSI\Desktop\Hamada\lab\data\raw\images\McGill Calibrated Color Image Database\Textures\Textures\pippin_park0051.tif,0.33008015155792236,0.3097464144229889,-0.02033373713493347,0.02033373713493347,0.0,0.0,4.0946852325771905,265,
C:\Users\Hamada.MSI\Desktop\Hamada\lab\data\raw\images\McGill Calibrated Color Image Database\Textures\Textures\pippin_park0035.tif,C:\Users\Hamada.MSI\Desktop\Hamada\lab\data\raw\images\McGill Calibrated Color Image Database\Textures\Textures\merry_win07_012.tif,0.47445154190063477,0.4542866051197052,-0.020164936780929565,0.020164936780929565,0.0,0.0,4.0946852325771905,265,
C:\Users\Hamada.MSI\Desktop\Hamada\lab\data\raw\images\McGill Calibrated Color Image Database\Textures\Textures\merry_mtl07_025.tif,C:\Users\Hamada.MSI\Desktop\Hamada\lab\data\raw\images\McGill Calibrated Color Image Database\Textures\Textures\pippin_park0037.tif,0.492596834897995,0.4724615812301636,-0.02013525366783142,0.02013525366783142,0.0,7.62939453125e-06,4.0946852325771905,265,
C:\Users\Hamada.MSI\Desktop\Hamada\lab\data\raw\images\McGill Calibrated Color Image Database\Textures\Textures\pippin_Mex07_011.tif,C:\Users\Hamada.MSI\Desktop\Hamada\lab\data\raw\images\McGill Calibrated Color Image Database\Textures\Textures\pippin_park0051.tif,0.36997899413108826,0.34992486238479614,-0.020054131746292114,0.020054131746292114,0.0,3.814697265625e-06,4.0946852325771905,265,
C:\Users\Hamada.MSI\Desktop\Hamada\lab\data\raw\images\McGill Calibrated Color Image Database\Textures\Textures\merry_mtl07_025.tif,C:\Users\Hamada.MSI\Desktop\Hamada\lab\data\raw\images\McGill Calibrated Color Image Database\Textures\Textures\pippin_spring0006.tif,0.4617706537246704,0.48178786039352417,0.02001720666885376,0.02001720666885376,0.0,0.0,4.0946852325771905,265,
C:\Users\Hamada.MSI\Desktop\Hamada\lab\data\raw\images\McGill Calibrated Color Image Database\Textures\Textures\merry_mexico0154.tif,C:\Users\Hamada.MSI\Desktop\Hamada\lab\data\raw\images\McGill Calibrated Color Image Database\Textures\Textures\merry_win07_012.tif,0.4133731722831726,0.3934265971183777,-0.019946575164794922,0.019946575164794922,3.814697265625e-06,0.0,4.0946852325771905,265,
C:\Users\Hamada.MSI\Desktop\Hamada\lab\data\raw\images\McGill Calibrated Color Image Database\Textures\Textures\pippin_park0035.tif,C:\Users\Hamada.MSI\Desktop\Hamada\lab\data\raw\images\McGill Calibrated Color Image Database\Textures\Textures\pippin_spring0006.tif,0.37275704741477966,0.39258915185928345,0.019832104444503784,0.019832104444503784,0.0,0.0,4.0946852325771905,265,
C:\Users\Hamada.MSI\Desktop\Hamada\lab\data\raw\images\McGill Calibrated Color Image Database\Textures\Textures\pippin_Mex07_011.tif,C:\Users\Hamada.MSI\Desktop\Hamada\lab\data\raw\images\McGill Calibrated Color Image Database\Textures\Textures\pippin_UniStrt021.tif,0.3841022849082947,0.403852641582489,0.019750356674194336,0.019750356674194336,0.0,3.814697265625e-06,4.0946852325771905,265,
C:\Users\Hamada.MSI\Desktop\Hamada\lab\data\raw\images\McGill Calibrated Color Image Database\Textures\Textures\pippin_Mex07_011.tif,C:\Users\Hamada.MSI\Desktop\Hamada\lab\data\raw\images\McGill Calibrated Color Image Database\Textures\Textures\merry_mexico0118.tif,0.3538670539855957,0.3735453486442566,0.01967829465866089,0.01967829465866089,0.0,3.814697265625e-06,4.0946852325771905,265,
C:\Users\Hamada.MSI\Desktop\Hamada\lab\data\raw\images\McGill Calibrated Color Image Database\Textures\Textures\pippin_RVHtexture023.tif,C:\Users\Hamada.MSI\Desktop\Hamada\lab\data\raw\images\McGill Calibrated Color Image Database\Textures\Textures\merry_win07_012.tif,0.39854899048805237,0.3788709044456482,-0.019678086042404175,0.019678086042404175,0.0,0.0,4.0946852325771905,265,
C:\Users\Hamada.MSI\Desktop\Hamada\lab\data\raw\images\McGill Calibrated Color Image Database\Textures\Textures\pippin_adirondacks0025.tif,C:\Users\Hamada.MSI\Desktop\Hamada\lab\data\raw\images\McGill Calibrated Color Image Database\Textures\Textures\pippin_park0051.tif,0.38686898350715637,0.36728131771087646,-0.019587665796279907,0.019587665796279907,2.6702880859375e-05,7.62939453125e-06,4.0946852325771905,265,
C:\Users\Hamada.MSI\Desktop\Hamada\lab\data\raw\images\McGill Calibrated Color Image Database\Textures\Textures\pippin_UniStrt024.tif,C:\Users\Hamada.MSI\Desktop\Hamada\lab\data\raw\images\McGill Calibrated Color Image Database\Textures\Textures\pippin_spring0006.tif,0.504841685295105,0.5244003534317017,0.01955866813659668,0.01955866813659668,3.814697265625e-06,0.0,4.0946852325771905,265,
C:\Users\Hamada.MSI\Desktop\Hamada\lab\data\raw\images\McGill Calibrated Color Image Database\Textures\Textures\pippin_Mex07_011.tif,C:\Users\Hamada.MSI\Desktop\Hamada\lab\data\raw\images\McGill Calibrated Color Image Database\Textures\Textures\pippin_park0060.tif,0.3700214922428131,0.389296293258667,0.019274801015853882,0.019274801015853882,0.0,3.814697265625e-06,4.0946852325771905,265,
C:\Users\Hamada.MSI\Desktop\Hamada\lab\data\raw\images\McGill Calibrated Color Image Database\Textures\Textures\merry_mexico0121.tif,C:\Users\Hamada.MSI\Desktop\Hamada\lab\data\raw\images\McGill Calibrated Color Image Database\Textures\Textures\pippin_spring0006.tif,0.3249107003211975,0.3441821336746216,0.019271433353424072,0.019271433353424072,0.0,0.0,4.0946852325771905,265,
C:\Users\Hamada.MSI\Desktop\Hamada\lab\data\raw\images\McGill Calibrated Color Image Database\Textures\Textures\pippin_RVHtexture023.tif,C:\Users\Hamada.MSI\Desktop\Hamada\lab\data\raw\images\McGill Calibrated Color Image Database\Textures\Textures\merry_mtl07_012.tif,0.33720576763153076,0.3180001974105835,-0.019205570220947266,0.019205570220947266,0.0,0.0,4.0946852325771905,265,
C:\Users\Hamada.MSI\Desktop\Hamada\lab\data\raw\images\McGill Calibrated Color Image Database\Textures\Textures\merry_mexico0121.tif,C:\Users\Hamada.MSI\Desktop\Hamada\lab\data\raw\images\McGill Calibrated Color Image Database\Textures\Textures\pippin_adirondacks0025.tif,0.28802475333213806,0.3072187900543213,0.019194036722183228,0.019194036722183228,0.0,0.0,4.0946852325771905,265,
C:\Users\Hamada.MSI\Desktop\Hamada\lab\data\raw\images\McGill Calibrated Color Image Database\Textures\Textures\merry_mtl07_005.tif,C:\Users\Hamada.MSI\Desktop\Hamada\lab\data\raw\images\McGill Calibrated Color Image Database\Textures\Textures\pippin_park0051.tif,0.2160603404045105,0.1968734860420227,-0.019186854362487793,0.019186854362487793,0.0,1.52587890625e-05,4.0946852325771905,265,
C:\Users\Hamada.MSI\Desktop\Hamada\lab\data\raw\images\McGill Calibrated Color Image Database\Textures\Textures\merry_mtl07_008.tif,C:\Users\Hamada.MSI\Desktop\Hamada\lab\data\raw\images\McGill Calibrated Color Image Database\Textures\Textures\merry_mexico0118.tif,0.3672083616256714,0.3861464262008667,0.018938064575195312,0.018938064575195312,0.0,0.0,4.0946852325771905,265,
C:\Users\Hamada.MSI\Desktop\Hamada\lab\data\raw\images\McGill Calibrated Color Image Database\Textures\Textures\pippin_adirondacks0025.tif,C:\Users\Hamada.MSI\Desktop\Hamada\lab\data\raw\images\McGill Calibrated Color Image Database\Textures\Textures\pippin_park0060.tif,0.39019036293029785,0.4090331494808197,0.01884278655052185,0.01884278655052185,0.0,0.0,4.0946852325771905,265,
C:\Users\Hamada.MSI\Desktop\Hamada\lab\data\raw\images\McGill Calibrated Color Image Database\Textures\Textures\merry_mtl07_034.tif,C:\Users\Hamada.MSI\Desktop\Hamada\lab\data\raw\images\McGill Calibrated Color Image Database\Textures\Textures\merry_mexico0118.tif,0.24525125324726105,0.26404404640197754,0.01879279315471649,0.01879279315471649,0.0,1.1444091796875e-05,4.0946852325771905,265,
C:\Users\Hamada.MSI\Desktop\Hamada\lab\data\raw\images\McGill Calibrated Color Image Database\Textures\Textures\pippin_Mex07_011.tif,C:\Users\Hamada.MSI\Desktop\Hamada\lab\data\raw\images\McGill Calibrated Color Image Database\Textures\Textures\pippin_adirondacks0013.tif,0.4040568768978119,0.3852735757827759,-0.01878330111503601,0.01878330111503601,0.0,3.814697265625e-06,4.0946852325771905,265,
C:\Users\Hamada.MSI\Desktop\Hamada\lab\data\raw\images\McGill Calibrated Color Image Database\Textures\Textures\pippin_Mex07_011.tif,C:\Users\Hamada.MSI\Desktop\Hamada\lab\data\raw\images\McGill Calibrated Color Image Database\Textures\Textures\pippin_park0037.tif,0.39870643615722656,0.3799535632133484,-0.018752872943878174,0.018752872943878174,0.0,3.814697265625e-06,4.0946852325771905,265,
C:\Users\Hamada.MSI\Desktop\Hamada\lab\data\raw\images\McGill Calibrated Color Image Database\Textures\Textures\merry_mtl07_005.tif,C:\Users\Hamada.MSI\Desktop\Hamada\lab\data\raw\images\McGill Calibrated Color Image Database\Textures\Textures\pippin_jtalon0032.tif,0.3545413017272949,0.33582526445388794,-0.018716037273406982,0.018716037273406982,0.0,1.52587890625e-05,4.0946852325771905,265,
C:\Users\Hamada.MSI\Desktop\Hamada\lab\data\raw\images\McGill Calibrated Color Image Database\Textures\Textures\merry_mtl07_008.tif,C:\Users\Hamada.MSI\Desktop\Hamada\lab\data\raw\images\McGill Calibrated Color Image Database\Textures\Textures\pippin_RVHtexture023.tif,0.3921656608581543,0.4107973277568817,0.018631666898727417,0.018631666898727417,0.0,0.0,4.0946852325771905,265,
C:\Users\Hamada.MSI\Desktop\Hamada\lab\data\raw\images\McGill Calibrated Color Image Database\Textures\Textures\pippin_Mex07_011.tif,C:\Users\Hamada.MSI\Desktop\Hamada\lab\data\raw\images\McGill Calibrated Color Image Database\Textures\Textures\merry_mtl07_008.tif,0.44170433282852173,0.42308592796325684,-0.018618404865264893,0.018618404865264893,0.000152587890625,4.9591064453125e-05,4.0946852325771905,265,
C:\Users\Hamada.MSI\Desktop\Hamada\lab\data\raw\images\McGill Calibrated Color Image Database\Textures\Textures\merry_mtl07_025.tif,C:\Users\Hamada.MSI\Desktop\Hamada\lab\data\raw\images\McGill Calibrated Color Image Database\Textures\Textures\pippin_RVHtexture016.tif,0.5143433213233948,0.495786190032959,-0.01855713129043579,0.01855713129043579,0.0,3.814697265625e-05,4.0946852325771905,265,
C:\Users\Hamada.MSI\Desktop\Hamada\lab\data\raw\images\McGill Calibrated Color Image Database\Textures\Textures\pippin_park0035.tif,C:\Users\Hamada.MSI\Desktop\Hamada\lab\data\raw\images\McGill Calibrated Color Image Database\Textures\Textures\pippin_ParcSafari048.tif,0.426643431186676,0.4451442062854767,0.01850077509880066,0.01850077509880066,0.0,0.0,4.0946852325771905,265,
C:\Users\Hamada.MSI\Desktop\Hamada\lab\data\raw\images\McGill Calibrated Color Image Database\Textures\Textures\pippin_RVHtexture023.tif,C:\Users\Hamada.MSI\Desktop\Hamada\lab\data\raw\images\McGill Calibrated Color Image Database\Textures\Textures\pippin_UniStrt013.tif,0.38153088092803955,0.3631567358970642,-0.018374145030975342,0.018374145030975342,7.2479248046875e-05,1.52587890625e-05,4.0946852325771905,265,10
C:\Users\Hamada.MSI\Desktop\Hamada\lab\data\raw\images\McGill Calibrated Color Image Database\Textures\Textures\merry_mexico0154.tif,C:\Users\Hamada.MSI\Desktop\Hamada\lab\data\raw\images\McGill Calibrated Color Image Database\Textures\Textures\pippin_adirondacks0025.tif,0.28190189599990845,0.30014219880104065,0.018240302801132202,0.018240302801132202,1.52587890625e-05,7.62939453125e-06,4.0946852325771905,265,
C:\Users\Hamada.MSI\Desktop\Hamada\lab\data\raw\images\McGill Calibrated Color Image Database\Textures\Textures\pippin_adirondacks0025.tif,C:\Users\Hamada.MSI\Desktop\Hamada\lab\data\raw\images\McGill Calibrated Color Image Database\Textures\Textures\merry_mexico0154.tif,0.40424811840057373,0.38604336977005005,-0.01820474863052368,0.01820474863052368,1.1444091796875e-05,3.814697265625e-06,4.0946852325771905,265,
C:\Users\Hamada.MSI\Desktop\Hamada\lab\data\raw\images\McGill Calibrated Color Image Database\Textures\Textures\merry_mtl07_034.tif,C:\Users\Hamada.MSI\Desktop\Hamada\lab\data\raw\images\McGill Calibrated Color Image Database\Textures\Textures\pippin_jtalon0032.tif,0.3381020426750183,0.31994593143463135,-0.018156111240386963,0.018156111240386963,0.0,1.1444091796875e-05,4.0946852325771905,265,
C:\Users\Hamada.MSI\Desktop\Hamada\lab\data\raw\images\McGill Calibrated Color Image Database\Textures\Textures\pippin_park0035.tif,C:\Users\Hamada.MSI\Desktop\Hamada\lab\data\raw\images\McGill Calibrated Color Image Database\Textures\Textures\pippin_park0055.tif,0.439552366733551,0.42145615816116333,-0.018096208572387695,0.018096208572387695,0.0,0.0,4.0946852325771905,265,
C:\Users\Hamada.MSI\Desktop\Hamada\lab\data\raw\images\McGill Calibrated Color Image Database\Textures\Textures\merry_mtl07_008.tif,C:\Users\Hamada.MSI\Desktop\Hamada\lab\data\raw\images\McGill Calibrated Color Image Database\Textures\Textures\pippin0275.tif,0.45278400182724,0.4347682595252991,-0.018015742301940918,0.018015742301940918,0.0,0.0,4.0946852325771905,265,
C:\Users\Hamada.MSI\Desktop\Hamada\lab\data\raw\images\McGill Calibrated Color Image Database\Textures\Textures\pippin_Mex07_011.tif,C:\Users\Hamada.MSI\Desktop\Hamada\lab\data\raw\images\McGill Calibrated Color Image Database\Textures\Textures\pippin_RVHtexture016.tif,0.43056631088256836,0.4125830829143524,-0.017983227968215942,0.017983227968215942,0.0,3.814697265625e-06,4.0946852325771905,265,
C:\Users\Hamada.MSI\Desktop\Hamada\lab\data\raw\images\McGill Calibrated Color Image Database\Textures\Textures\merry_mexico0118.tif,C:\Users\Hamada.MSI\Desktop\Hamada\lab\data\raw\images\McGill Calibrated Color Image Database\Textures\Textures\pippin_park0060.tif,0.3762646019458771,0.3942047953605652,0.01794019341468811,0.01794019341468811,0.0,0.0,4.0946852325771905,265,
C:\Users\Hamada.MSI\Desktop\Hamada\lab\data\raw\images\McGill Calibrated Color Image Database\Textures\Textures\pippin_Mex07_011.tif,C:\Users\Hamada.MSI\Desktop\Hamada\lab\data\raw\images\McGill Calibrated Color Image Database\Textures\Textures\pippin_RVHtexture023.tif,0.385003924369812,0.40292978286743164,0.01792585849761963,0.01792585849761963,0.0,3.814697265625e-06,4.0946852325771905,265,
C:\Users\Hamada.MSI\Desktop\Hamada\lab\data\raw\images\McGill Calibrated Color Image Database\Textures\Textures\pippin_park0035.tif,C:\Users\Hamada.MSI\Desktop\Hamada\lab\data\raw\images\McGill Calibrated Color Image Database\Textures\Textures\pippin_jtalon0022.tif,0.47602713108062744,0.4583605229854584,-0.017666608095169067,0.017666608095169067,0.0,0.0,4.0946852325771905,265,
C:\Users\Hamada.MSI\Desktop\Hamada\lab\data\raw\images\McGill Calibrated Color Image Database\Textures\Textures\merry_mtl07_034.tif,C:\Users\Hamada.MSI\Desktop\Hamada\lab\data\raw\images\McGill Calibrated Color Image Database\Textures\Textures\pippin_RVHtexture023.tif,0.2613338232040405,0.2789902091026306,0.017656385898590088,0.017656385898590088,0.0,1.1444091796875e-05,4.0946852325771905,265,
C:\Users\Hamada.MSI\Desktop\Hamada\lab\data\raw\images\McGill Calibrated Color Image Database\Textures\Textures\merry_mtl07_005.tif,C:\Users\Hamada.MSI\Desktop\Hamada\lab\data\raw\images\McGill Calibrated Color Image Database\Textures\Textures\pippin_UniStrt021.tif,0.231897234916687,0.24948421120643616,0.017586976289749146,0.017586976289749146,0.0,1.52587890625e-05,4.0946852325771905,265,
C:\Users\Hamada.MSI\Desktop\Hamada\lab\data\raw\images\McGill Calibrated Color Image Database\Textures\Textures\pippin_RVHtexture023.tif,C:\Users\Hamada.MSI\Desktop\Hamada\lab\data\raw\images\McGill Calibrated Color Image Database\Textures\Textures\merry_mtl07_053.tif,0.2623707056045532,0.2799330949783325,0.017562389373779297,0.017562389373779297,0.0,0.0,4.0946852325771905,265,
C:\Users\Hamada.MSI\Desktop\Hamada\lab\data\raw\images\McGill Calibrated Color Image Database\Textures\Textures\pippin_adirondacks0025.tif,C:\Users\Hamada.MSI\Desktop\Hamada\lab\data\raw\images\McGill Calibrated Color Image Database\Textures\Textures\pippin_Peel043.tif,0.43252038955688477,0.4149926006793976,-0.017527788877487183,0.017527788877487183,0.0,3.814697265625e-06,4.0946852325771905,265,
C:\Users\Hamada.MSI\Desktop\Hamada\lab\data\raw\images\McGill Calibrated Color Image Database\Textures\Textures\merry_mtl07_008.tif,C:\Users\Hamada.MSI\Desktop\Hamada\lab\data\raw\images\McGill Calibrated Color Image Database\Textures\Textures\pippin_jtalon0022.tif,0.45741766691207886,0.4399566352367401,-0.017461031675338745,0.017461031675338745,0.0,0.0,4.0946852325771905,265,
C:\Users\Hamada.MSI\Desktop\Hamada\lab\data\raw\images\McGill Calibrated Color Image Database\Textures\Textures\merry_mtl07_025.tif,C:\Users\Hamada.MSI\Desktop\Hamada\lab\data\raw\images\McGill Calibrated Color Image Database\Textures\Textures\pippin_jtalon0022.tif,0.5538760423660278,0.5364235639572144,-0.017452478408813477,0.017452478408813477,0.0,0.0,4.0946852325771905,265,
C:\Users\Hamada.MSI\Desktop\Hamada\lab\data\raw\images\McGill Calibrated Color Image Database\Textures\Textures\pippin_RVHtexture023.tif,C:\Users\Hamada.MSI\Desktop\Hamada\lab\data\raw\images\McGill Calibrated Color Image Database\Textures\Textures\pippin_jtalon0022.tif,0.3858570456504822,0.3684079051017761,-0.017449140548706055,0.017449140548706055,0.0,0.0,4.0946852325771905,265,
C:\Users\Hamada.MSI\Desktop\Hamada\lab\data\raw\images\McGill Calibrated Color Image Database\Textures\Textures\pippin_UniStrt024.tif,C:\Users\Hamada.MSI\Desktop\Hamada\lab\data\raw\images\McGill Calibrated Color Image Database\Textures\Textures\pippin_RS_YachtClub047.tif,0.5602527856826782,0.5428122282028198,-0.0174405574798584,0.0174405574798584,0.0,0.0,4.0946852325771905,265,
C:\Users\Hamada.MSI\Desktop\Hamada\lab\data\raw\images\McGill Calibrated Color Image Database\Textures\Textures\merry_mexico0121.tif,C:\Users\Hamada.MSI\Desktop\Hamada\lab\data\raw\images\McGill Calibrated Color Image Database\Textures\Textures\pippin_ParcSafari048.tif,0.3716784715652466,0.3890974819660187,0.017419010400772095,0.017419010400772095,0.0,0.0,4.0946852325771905,265,
C:\Users\Hamada.MSI\Desktop\Hamada\lab\data\raw\images\McGill Calibrated Color Image Database\Textures\Textures\merry_mexico0118.tif,C:\Users\Hamada.MSI\Desktop\Hamada\lab\data\raw\images\McGill Calibrated Color Image Database\Textures\Textures\pippin_RVHtexture016.tif,0.40899181365966797,0.3915819525718689,-0.017409861087799072,0.017409861087799072,0.0,0.0,4.0946852325771905,265,
C:\Users\Hamada.MSI\Desktop\Hamada\lab\data\raw\images\McGill Calibrated Color Image Database\Textures\Textures\merry_mtl07_008.tif,C:\Users\Hamada.MSI\Desktop\Hamada\lab\data\raw\images\McGill Calibrated Color Image Database\Textures\Textures\merry_mexico0154.tif,0.38722288608551025,0.36990153789520264,-0.017321348190307617,0.017321348190307617,0.0,0.0,4.0946852325771905,265,
C:\Users\Hamada.MSI\Desktop\Hamada\lab\data\raw\images\McGill Calibrated Color Image Database\Textures\Textures\pippin_adirondacks0025.tif,C:\Users\Hamada.MSI\Desktop\Hamada\lab\data\raw\images\McGill Calibrated Color Image Database\Textures\Textures\pippin_park0037.tif,0.4034239649772644,0.38617581129074097,-0.017248153686523438,0.017248153686523438,0.0,2.6702880859375e-05,4.0946852325771905,265,
C:\Users\Hamada.MSI\Desktop\Hamada\lab\data\raw\images\McGill Calibrated Color Image Database\Textures\Textures\merry_mtl07_008.tif,C:\Users\Hamada.MSI\Desktop\Hamada\lab\data\raw\images\McGill Calibrated Color Image Database\Textures\Textures\pippin_UniStrt021.tif,0.3887866139411926,0.40601855516433716,0.01723194122314453,0.01723194122314453,0.0,0.0,4.0946852325771905,265,
C:\Users\Hamada.MSI\Desktop\Hamada\lab\data\raw\images\McGill Calibrated Color Image Database\Textures\Textures\merry_mtl07_005.tif,C:\Users\Hamada.MSI\Desktop\Hamada\lab\data\raw\images\McGill Calibrated Color Image Database\Textures\Textures\pippin_jtalon0022.tif,0.33491361141204834,0.3177949786186218,-0.017118632793426514,0.017118632793426514,0.0,1.52587890625e-05,4.0946852325771905,265,
C:\Users\Hamada.MSI\Desktop\Hamada\lab\data\raw\images\McGill Calibrated Color Image Database\Textures\Textures\merry_mtl07_008.tif,C:\Users\Hamada.MSI\Desktop\Hamada\lab\data\raw\images\McGill Calibrated Color Image Database\Textures\Textures\pippin_park0051.tif,0.3821421265602112,0.36512425541877747,-0.017017871141433716,0.017017871141433716,0.0,0.0,4.0946852325771905,265,
C:\Users\Hamada.MSI\Desktop\Hamada\lab\data\raw\images\McGill Calibrated Color Image Database\Textures\Textures\merry_mtl07_005.tif,C:\Users\Hamada.MSI\Desktop\Hamada\lab\data\raw\images\McGill Calibrated Color Image Database\Textures\Textures\pippin_RVHtexture016.tif,0.2648681104183197,0.24791108071804047,-0.016957029700279236,0.016957029700279236,0.0,1.52587890625e-05,4.0946852325771905,265,
C:\Users\Hamada.MSI\Desktop\Hamada\lab\data\raw\images\McGill Calibrated Color Image Database\Textures\Textures\pippin_UniStrt024.tif,C:\Users\Hamada.MSI\Desktop\Hamada\lab\data\raw\images\McGill Calibrated Color Image Database\Textures\Textures\pippin_jtalon0022.tif,0.5835649371147156,0.5666348934173584,-0.016930043697357178,0.016930043697357178,0.0,0.0,4.0946852325771905,265,
C:\Users\Hamada.MSI\Desktop\Hamada\lab\data\raw\images\McGill Calibrated Color Image Database\Textures\Textures\merry_mtl07_025.tif,C:\Users\Hamada.MSI\Desktop\Hamada\lab\data\raw\images\McGill Calibrated Color Image Database\Textures\Textures\pippin_RVHtexture023.tif,0.4823871850967407,0.49929875135421753,0.016911566257476807,0.016911566257476807,0.0,0.0,4.0946852325771905,265,
C:\Users\Hamada.MSI\Desktop\Hamada\lab\data\raw\images\McGill Calibrated Color Image Database\Textures\Textures\merry_mexico0118.tif,C:\Users\Hamada.MSI\Desktop\Hamada\lab\data\raw\images\McGill Calibrated Color Image Database\Textures\Textures\pippin_spring0006.tif,0.3667420744895935,0.38362932205200195,0.016887247562408447,0.016887247562408447,0.0,0.0,4.0946852325771905,265,
C:\Users\Hamada.MSI\Desktop\Hamada\lab\data\raw\images\McGill Calibrated Color Image Database\Textures\Textures\merry_mtl07_005.tif,C:\Users\Hamada.MSI\Desktop\Hamada\lab\data\raw\images\McGill Calibrated Color Image Database\Textures\Textures\merry_mtl07_008.tif,0.3453075885772705,0.3284708559513092,-0.016836732625961304,0.016836732625961304,0.000995635986328125,0.000247955322265625,4.0946852325771905,265,
C:\Users\Hamada.MSI\Desktop\Hamada\lab\data\raw\images\McGill Calibrated Color Image Database\Textures\Textures\merry_mtl07_034.tif,C:\Users\Hamada.MSI\Desktop\Hamada\lab\data\raw\images\McGill Calibrated Color Image Database\Textures\Textures\pippin0275.tif,0.3105171322822571,0.29375308752059937,-0.016764044761657715,0.016764044761657715,0.0,1.1444091796875e-05,4.0946852325771905,265,
C:\Users\Hamada.MSI\Desktop\Hamada\lab\data\raw\images\McGill Calibrated Color Image Database\Textures\Textures\merry_mexico0121.tif,C:\Users\Hamada.MSI\Desktop\Hamada\lab\data\raw\images\McGill Calibrated Color Image Database\Textures\Textures\pippin_park0060.tif,0.3325692415237427,0.34930944442749023,0.01674020290374756,0.01674020290374756,0.0,0.0,4.0946852325771905,265,
C:\Users\Hamada.MSI\Desktop\Hamada\lab\data\raw\images\McGill Calibrated Color Image Database\Textures\Textures\merry_mexico0118.tif,C:\Users\Hamada.MSI\Desktop\Hamada\lab\data\raw\images\McGill Calibrated Color Image Database\Textures\Textures\pippin_jtalon0022.tif,0.4618017375469208,0.4451550245285034,-0.01664671301841736,0.01664671301841736,0.0,0.0,4.0946852325771905,265,
C:\Users\Hamada.MSI\Desktop\Hamada\lab\data\raw\images\McGill Calibrated Color Image Database\Textures\Textures\merry_mtl07_034.tif,C:\Users\Hamada.MSI\Desktop\Hamada\lab\data\raw\images\McGill Calibrated Color Image Database\Textures\Textures\pippin_UniStrt021.tif,0.26408398151397705,0.28059476613998413,0.01651078462600708,0.01651078462600708,0.0,1.1444091796875e-05,4.0946852325771905,265,
C:\Users\Hamada.MSI\Desktop\Hamada\lab\data\raw\images\McGill Calibrated Color Image Database\Textures\Textures\pippin_adirondacks0025.tif,C:\Users\Hamada.MSI\Desktop\Hamada\lab\data\raw\images\McGill Calibrated Color Image Database\Textures\Textures\pippin_RVHtexture016.tif,0.4227294921875,0.40622255206108093,-0.016506940126419067,0.016506940126419067,0.0,8.392333984375e-05,4.0946852325771905,265,
C:\Users\Hamada.MSI\Desktop\Hamada\lab\data\raw\images\McGill Calibrated Color Image Database\Textures\Textures\pippin_park0035.tif,C:\Users\Hamada.MSI\Desktop\Hamada\lab\data\raw\images\McGill Calibrated Color Image Database\Textures\Textures\merry_mexico0154.tif,0.4081454277038574,0.391653835773468,-0.016491591930389404,0.016491591930389404,0.0,1.52587890625e-05,4.0946852325771905,265,
C:\Users\Hamada.MSI\Desktop\Hamada\lab\data\raw\images\McGill Calibrated Color Image Database\Textures\Textures\pippin_adirondacks0025.tif,C:\Users\Hamada.MSI\Desktop\Hamada\lab\data\raw\images\McGill Calibrated Color Image Database\Textures\Textures\pippin_RVHtexture023.tif,0.39544975757598877,0.41192615032196045,0.01647639274597168,0.01647639274597168,0.0,0.0,4.0946852325771905,265,
C:\Users\Hamada.MSI\Desktop\Hamada\lab\data\raw\images\McGill Calibrated Color Image Database\Textures\Textures\merry_mtl07_034.tif,C:\Users\Hamada.MSI\Desktop\Hamada\lab\data\raw\images\McGill Calibrated Color Image Database\Textures\Textures\pippin_park0051.tif,0.2635876536369324,0.2471647560596466,-0.016422897577285767,0.016422897577285767,0.0,1.1444091796875e-05,4.0946852325771905,265,
C:\Users\Hamada.MSI\Desktop\Hamada\lab\data\raw\images\McGill Calibrated Color Image Database\Textures\Textures\pippin_adirondacks0025.tif,C:\Users\Hamada.MSI\Desktop\Hamada\lab\data\raw\images\McGill Calibrated Color Image Database\Textures\Textures\pippin_spring0006.tif,0.3771740198135376,0.39357396960258484,0.01639994978904724,0.01639994978904724,0.0,0.0,4.0946852325771905,265,
C:\Users\Hamada.MSI\Desktop\Hamada\lab\data\raw\images\McGill Calibrated Color Image Database\Textures\Textures\merry_mexico0219.tif,C:\Users\Hamada.MSI\Desktop\Hamada\lab\data\raw\images\McGill Calibrated Color Image Database\Textures\Textures\merry_win07_012.tif,0.19818158447742462,0.18196505308151245,-0.01621653139591217,0.01621653139591217,0.0,0.0,4.0946852325771905,265,
C:\Users\Hamada.MSI\Desktop\Hamada\lab\data\raw\images\McGill Calibrated Color Image Database\Textures\Textures\merry_mtl07_025.tif,C:\Users\Hamada.MSI\Desktop\Hamada\lab\data\raw\images\McGill Calibrated Color Image Database\Textures\Textures\merry_mexico0154.tif,0.4897710084915161,0.4735901653766632,-0.016180843114852905,0.016180843114852905,0.0,7.62939453125e-06,4.0946852325771905,265,
C:\Users\Hamada.MSI\Desktop\Hamada\lab\data\raw\images\McGill Calibrated Color Image Database\Textures\Textures\pippin_adirondacks0025.tif,C:\Users\Hamada.MSI\Desktop\Hamada\lab\data\raw\images\McGill Calibrated Color Image Database\Textures\Textures\pippin_jtalon0022.tif,0.4637531042098999,0.4475967586040497,-0.01615634560585022,0.01615634560585022,0.0,0.0,4.0946852325771905,265,
C:\Users\Hamada.MSI\Desktop\Hamada\lab\data\raw\images\McGill Calibrated Color Image Database\Textures\Textures\merry_mexico0154.tif,C:\Users\Hamada.MSI\Desktop\Hamada\lab\data\raw\images\McGill Calibrated Color Image Database\Textures\Textures\pippin_park0060.tif,0.3347283899784088,0.350877583026886,0.016149193048477173,0.016149193048477173,0.0,0.0,4.0946852325771905,265,
C:\Users\Hamada.MSI\Desktop\Hamada\lab\data\raw\images\McGill Calibrated Color Image Database\Textures\Textures\merry_mtl07_025.tif,C:\Users\Hamada.MSI\Desktop\Hamada\lab\data\raw\images\McGill Calibrated Color Image Database\Textures\Textures\pippin_park0055.tif,0.5199931859970093,0.503876805305481,-0.01611638069152832,0.01611638069152832,0.0,0.0,4.0946852325771905,265,
C:\Users\Hamada.MSI\Desktop\Hamada\lab\data\raw\images\McGill Calibrated Color Image Database\Textures\Textures\pippin_UniStrt024.tif,C:\Users\Hamada.MSI\Desktop\Hamada\lab\data\raw\images\McGill Calibrated Color Image Database\Textures\Textures\merry_win07_012.tif,0.5915020108222961,0.5754571557044983,-0.01604485511779785,0.01604485511779785,0.0,7.62939453125e-05,4.0946852325771905,265,
C:\Users\Hamada.MSI\Desktop\Hamada\lab\data\raw\images\McGill Calibrated Color Image Database\Textures\Textures\merry_mexico0219.tif,C:\Users\Hamada.MSI\Desktop\Hamada\lab\data\raw\images\McGill Calibrated Color Image Database\Textures\Textures\pippin0275.tif,0.14740367233753204,0.13137821853160858,-0.016025453805923462,0.016025453805923462,0.0,0.0,4.0946852325771905,265,
C:\Users\Hamada.MSI\Desktop\Hamada\lab\data\raw\images\McGill Calibrated Color Image Database\Textures\Textures\merry_mtl07_034.tif,C:\Users\Hamada.MSI\Desktop\Hamada\lab\data\raw\images\McGill Calibrated Color Image Database\Textures\Textures\pippin_jtalon0022.tif,0.315982460975647,0.29997575283050537,-0.0160067081451416,0.0160067081451416,0.0,1.1444091796875e-05,4.0946852325771905,265,
C:\Users\Hamada.MSI\Desktop\Hamada\lab\data\raw\images\McGill Calibrated Color Image Database\Textures\Textures\pippin_UniStrt024.tif,C:\Users\Hamada.MSI\Desktop\Hamada\lab\data\raw\images\McGill Calibrated Color Image Database\Textures\Textures\pippin_park0037.tif,0.5255467891693115,0.5096083879470825,-0.015938401222229004,0.015938401222229004,0.0,0.0,4.0946852325771905,265,
C:\Users\Hamada.MSI\Desktop\Hamada\lab\data\raw\images\McGill Calibrated Color Image Database\Textures\Textures\merry_mexico0219.tif,C:\Users\Hamada.MSI\Desktop\Hamada\lab\data\raw\images\McGill Calibrated Color Image Database\Textures\Textures\merry_mtl07_034.tif,0.18061023950576782,0.16476482152938843,-0.015845417976379395,0.015845417976379395,0.0,0.0,4.0946852325771905,265,
C:\Users\Hamada.MSI\Desktop\Hamada\lab\data\raw\images\McGill Calibrated Color Image Database\Textures\Textures\pippin_RVHtexture023.tif,C:\Users\Hamada.MSI\Desktop\Hamada\lab\data\raw\images\McGill Calibrated Color Image Database\Textures\Textures\pippin_park0060.tif,0.30274197459220886,0.3184976279735565,0.015755653381347656,0.015755653381347656,0.0,0.0,4.0946852325771905,265,
C:\Users\Hamada.MSI\Desktop\Hamada\lab\data\raw\images\McGill Calibrated Color Image Database\Textures\Textures\pippin_Mex07_011.tif,C:\Users\Hamada.MSI\Desktop\Hamada\lab\data\raw\images\McGill Calibrated Color Image Database\Textures\Textures\pippin_spring0003.tif,0.43794524669647217,0.42226535081863403,-0.015679895877838135,0.015679895877838135,0.0,3.814697265625e-06,4.0946852325771905,265,
C:\Users\Hamada.MSI\Desktop\Hamada\lab\data\raw\images\McGill Calibrated Color Image Database\Textures\Textures\merry_mtl07_005.tif,C:\Users\Hamada.MSI\Desktop\Hamada\lab\data\raw\images\McGill Calibrated Color Image Database\Textures\Textures\merry_mtl07_012.tif,0.25916558504104614,0.2435108870267868,-0.01565469801425934,0.01565469801425934,0.0,1.52587890625e-05,4.0946852325771905,265,
C:\Users\Hamada.MSI\Desktop\Hamada\lab\data\raw\images\McGill Calibrated Color Image Database\Textures\Textures\merry_mtl07_025.tif,C:\Users\Hamada.MSI\Desktop\Hamada\lab\data\raw\images\McGill Calibrated Color Image Database\Textures\Textures\pippin_RS_YachtClub026.tif,0.5537924766540527,0.5381510257720947,-0.015641450881958008,0.015641450881958008,0.0,0.0,4.0946852325771905,265,
C:\Users\Hamada.MSI\Desktop\Hamada\lab\data\raw\images\McGill Calibrated Color Image Database\Textures\Textures\merry_mexico0121.tif,C:\Users\Hamada.MSI\Desktop\Hamada\lab\data\raw\images\McGill Calibrated Color Image Database\Textures\Textures\pippin_adirondacks0013.tif,0.34787049889564514,0.3322351276874542,-0.015635371208190918,0.015635371208190918,0.0,0.0,4.0946852325771905,265,
C:\Users\Hamada.MSI\Desktop\Hamada\lab\data\raw\images\McGill Calibrated Color Image Database\Textures\Textures\pippin_adirondacks0025.tif,C:\Users\Hamada.MSI\Desktop\Hamada\lab\data\raw\images\McGill Calibrated Color Image Database\Textures\Textures\pippin_park0055.tif,0.4300025701522827,0.414369136095047,-0.015633434057235718,0.015633434057235718,0.0,0.0,4.0946852325771905,265,
C:\Users\Hamada.MSI\Desktop\Hamada\lab\data\raw\images\McGill Calibrated Color Image Database\Textures\Textures\merry_mtl07_025.tif,C:\Users\Hamada.MSI\Desktop\Hamada\lab\data\raw\images\McGill Calibrated Color Image Database\Textures\Textures\pippin_adirondacks0025.tif,0.4190133810043335,0.43462246656417847,0.01560908555984497,0.01560908555984497,6.866455078125e-05,6.866455078125e-05,4.0946852325771905,265,
C:\Users\Hamada.MSI\Desktop\Hamada\lab\data\raw\images\McGill Calibrated Color Image Database\Textures\Textures\merry_mtl07_008.tif,C:\Users\Hamada.MSI\Desktop\Hamada\lab\data\raw\images\McGill Calibrated Color Image Database\Textures\Textures\merry_win07_012.tif,0.4480968713760376,0.4324941039085388,-0.01560276746749878,0.01560276746749878,0.0,0.0,4.0946852325771905,265,
C:\Users\Hamada.MSI\Desktop\Hamada\lab\data\raw\images\McGill Calibrated Color Image Database\Textures\Textures\pippin_UniStrt024.tif,C:\Users\Hamada.MSI\Desktop\Hamada\lab\data\raw\images\McGill Calibrated Color Image Database\Textures\Textures\merry_mtl07_053.tif,0.4688527584075928,0.484447181224823,0.015594422817230225,0.015594422817230225,2.288818359375e-05,1.1444091796875e-05,4.0946852325771905,265,
C:\Users\Hamada.MSI\Desktop\Hamada\lab\data\raw\images\McGill Calibrated Color Image Database\Textures\Textures\pippin_UniStrt024.tif,C:\Users\Hamada.MSI\Desktop\Hamada\lab\data\raw\images\McGill Calibrated Color Image Database\Textures\Textures\pippin_park0055.tif,0.5379992723464966,0.5224223732948303,-0.01557689905166626,0.01557689905166626,0.0,0.0,4.0946852325771905,265,
C:\Users\Hamada.MSI\Desktop\Hamada\lab\data\raw\images\McGill Calibrated Color Image Database\Textures\Textures\merry_mexico0121.tif,C:\Users\Hamada.MSI\Desktop\Hamada\lab\data\raw\images\McGill Calibrated Color Image Database\Textures\Textures\pippin_RVHtexture023.tif,0.33318325877189636,0.348685622215271,0.015502363443374634,0.015502363443374634,0.0,0.0,4.0946852325771905,265,
C:\Users\Hamada.MSI\Desktop\Hamada\lab\data\raw\images\McGill Calibrated Color Image Database\Textures\Textures\merry_mtl07_005.tif,C:\Users\Hamada.MSI\Desktop\Hamada\lab\data\raw\images\McGill Calibrated Color Image Database\Textures\Textures\pippin_Peel043.tif,0.3189575672149658,0.3034716248512268,-0.015485942363739014,0.015485942363739014,0.000102996826171875,5.340576171875e-05,4.0946852325771905,265,
C:\Users\Hamada.MSI\Desktop\Hamada\lab\data\raw\images\McGill Calibrated Color Image Database\Textures\Textures\merry_mtl07_005.tif,C:\Users\Hamada.MSI\Desktop\Hamada\lab\data\raw\images\McGill Calibrated Color Image Database\Textures\Textures\merry_mtl07_053.tif,0.22752033174037933,0.2428395301103592,0.015319198369979858,0.015319198369979858,0.0001068115234375,5.340576171875e-05,4.0946852325771905,265,
C:\Users\Hamada.MSI\Desktop\Hamada\lab\data\raw\images\McGill Calibrated Color Image Database\Textures\Textures\merry_mtl07_025.tif,C:\Users\Hamada.MSI\Desktop\Hamada\lab\data\raw\images\McGill Calibrated Color Image Database\Textures\Textures\pippin_ParcSafari005.tif,0.549687922000885,0.5343934297561646,-0.015294492244720459,0.015294492244720459,0.0,0.0,4.0946852325771905,265,
C:\Users\Hamada.MSI\Desktop\Hamada\lab\data\raw\images\McGill Calibrated Color Image Database\Textures\Textures\pippin_park0035.tif,C:\Users\Hamada.MSI\Desktop\Hamada\lab\data\raw\images\McGill Calibrated Color Image Database\Textures\Textures\pippin0063.tif,0.4138173758983612,0.39853203296661377,-0.015285342931747437,0.015285342931747437,0.0,0.0,4.0946852325771905,265,
C:\Users\Hamada.MSI\Desktop\Hamada\lab\data\raw\images\McGill Calibrated Color Image Database\Textures\Textures\pippin_UniStrt024.tif,C:\Users\Hamada.MSI\Desktop\Hamada\lab\data\raw\images\McGill Calibrated Color Image Database\Textures\Textures\pippin_Peel043.tif,0.5397584438323975,0.5244808197021484,-0.015277624130249023,0.015277624130249023,2.288818359375e-05,1.1444091796875e-05,4.0946852325771905,265,
C:\Users\Hamada.MSI\Desktop\Hamada\lab\data\raw\images\McGill Calibrated Color Image Database\Textures\Textures\merry_mexico0118.tif,C:\Users\Hamada.MSI\Desktop\Hamada\lab\data\raw\images\McGill Calibrated Color Image Database\Textures\Textures\pippin_park0055.tif,0.4280700385570526,0.412814736366272,-0.01525530219078064,0.01525530219078064,0.0,0.0,4.0946852325771905,265,
C:\Users\Hamada.MSI\Desktop\Hamada\lab\data\raw\images\McGill Calibrated Color Image Database\Textures\Textures\merry_mtl07_005.tif,C:\Users\Hamada.MSI\Desktop\Hamada\lab\data\raw\images\McGill Calibrated Color Image Database\Textures\Textures\merry_mtl07_034.tif,0.3378550410270691,0.3226258456707001,-0.015229195356369019,0.015229195356369019,0.0,1.52587890625e-05,4.0946852325771905,265,
C:\Users\Hamada.MSI\Desktop\Hamada\lab\data\raw\images\McGill Calibrated Color Image Database\Textures\Textures\pippin_Mex07_011.tif,C:\Users\Hamada.MSI\Desktop\Hamada\lab\data\raw\images\McGill Calibrated Color Image Database\Textures\Textures\pippin_ParcSafari048.tif,0.41097185015678406,0.4261627793312073,0.015190929174423218,0.015190929174423218,0.0,3.814697265625e-06,4.0946852325771905,265,
C:\Users\Hamada.MSI\Desktop\Hamada\lab\data\raw\images\McGill Calibrated Color Image Database\Textures\Textures\merry_mtl07_005.tif,C:\Users\Hamada.MSI\Desktop\Hamada\lab\data\raw\images\McGill Calibrated Color Image Database\Textures\Textures\pippin_ParcSafari048.tif,0.2762390077114105,0.2914164066314697,0.015177398920059204,0.015177398920059204,0.0,1.52587890625e-05,4.0946852325771905,265,
C:\Users\Hamada.MSI\Desktop\Hamada\lab\data\raw\images\McGill Calibrated Color Image Database\Textures\Textures\merry_mtl07_034.tif,C:\Users\Hamada.MSI\Desktop\Hamada\lab\data\raw\images\McGill Calibrated Color Image Database\Textures\Textures\pippin_ParcSafari048.tif,0.2693861126899719,0.2845532298088074,0.01516711711883545,0.01516711711883545,0.0,1.1444091796875e-05,4.0946852325771905,265,
C:\Users\Hamada.MSI\Desktop\Hamada\lab\data\raw\images\McGill Calibrated Color Image Database\Textures\Textures\pippin_park0035.tif,C:\Users\Hamada.MSI\Desktop\Hamada\lab\data\raw\images\McGill Calibrated Color Image Database\Textures\Textures\pippin_adirondacks0025.tif,0.3327831029891968,0.347833514213562,0.015050411224365234,0.015050411224365234,0.0,0.0,4.0946852325771905,265,
C:\Users\Hamada.MSI\Desktop\Hamada\lab\data\raw\images\McGill Calibrated Color Image Database\Textures\Textures\merry_mtl07_005.tif,C:\Users\Hamada.MSI\Desktop\Hamada\lab\data\raw\images\McGill Calibrated Color Image Database\Textures\Textures\pippin_RVHtexture015.tif,0.3542063236236572,0.33915963768959045,-0.015046685934066772,0.015046685934066772,0.0,1.52587890625e-05,4.0946852325771905,265,
C:\Users\Hamada.MSI\Desktop\Hamada\lab\data\raw\images\McGill Calibrated Color Image Database\Textures\Textures\pippin_adirondacks0025.tif,C:\Users\Hamada.MSI\Desktop\Hamada\lab\data\raw\images\McGill Calibrated Color Image Database\Textures\Textures\merry_win07_012.tif,0.46757006645202637,0.4525381624698639,-0.015031903982162476,0.015031903982162476,2.288818359375e-05,3.814697265625e-06,4.0946852325771905,265,
C:\Users\Hamada.MSI\Desktop\Hamada\lab\data\raw\images\McGill Calibrated Color Image Database\Textures\Textures\merry_mtl07_034.tif,C:\Users\Hamada.MSI\Desktop\Hamada\lab\data\raw\images\McGill Calibrated Color Image Database\Textures\Textures\merry_mexico0154.tif,0.2724580764770508,0.2574595808982849,-0.01499849557876587,0.01499849557876587,0.0,1.1444091796875e-05,4.0946852325771905,265,
C:\Users\Hamada.MSI\Desktop\Hamada\lab\data\raw\images\McGill Calibrated Color Image Database\Textures\Textures\pippin_UniStrt024.tif,C:\Users\Hamada.MSI\Desktop\Hamada\lab\data\raw\images\McGill Calibrated Color Image Database\Textures\Textures\pippin_RVHtexture023.tif,0.5234842300415039,0.5384414196014404,0.014957189559936523,0.014957189559936523,0.0,0.0,4.0946852325771905,265,
C:\Users\Hamada.MSI\Desktop\Hamada\lab\data\raw\images\McGill Calibrated Color Image Database\Textures\Textures\merry_mexico0121.tif,C:\Users\Hamada.MSI\Desktop\Hamada\lab\data\raw\images\McGill Calibrated Color Image Database\Textures\Textures\pippin_Peel043.tif,0.3910290002822876,0.3761584162712097,-0.01487058401107788,0.01487058401107788,0.0,0.0,4.0946852325771905,265,
C:\Users\Hamada.MSI\Desktop\Hamada\lab\data\raw\images\McGill Calibrated Color Image Database\Textures\Textures\merry_mexico0121.tif,C:\Users\Hamada.MSI\Desktop\Hamada\lab\data\raw\images\McGill Calibrated Color Image Database\Textures\Textures\merry_mtl07_001.tif,0.45401692390441895,0.439153254032135,-0.014863669872283936,0.014863669872283936,0.0,0.0,4.0946852325771905,265,
C:\Users\Hamada.MSI\Desktop\Hamada\lab\data\raw\images\McGill Calibrated Color Image Database\Textures\Textures\merry_mexico0154.tif,C:\Users\Hamada.MSI\Desktop\Hamada\lab\data\raw\images\McGill Calibrated Color Image Database\Textures\Textures\pippin_jtalon0032.tif,0.4236670434474945,0.4088204801082611,-0.014846563339233398,0.014846563339233398,0.0,0.0,4.0946852325771905,265,
C:\Users\Hamada.MSI\Desktop\Hamada\lab\data\raw\images\McGill Calibrated Color Image Database\Textures\Textures\merry_mexico0154.tif,C:\Users\Hamada.MSI\Desktop\Hamada\lab\data\raw\images\McGill Calibrated Color Image Database\Textures\Textures\pippin_adirondacks0013.tif,0.3370220959186554,0.3222172260284424,-0.014804869890213013,0.014804869890213013,0.0,0.0,4.0946852325771905,265,
C:\Users\Hamada.MSI\Desktop\Hamada\lab\data\raw\images\McGill Calibrated Color Image Database\Textures\Textures\pippin_adirondacks0025.tif,C:\Users\Hamada.MSI\Desktop\Hamada\lab\data\raw\images\McGill Calibrated Color Image Database\Textures\Textures\pippin_UniStrt021.tif,0.3928038477897644,0.4075796604156494,0.01477581262588501,0.01477581262588501,0.0,0.0,4.0946852325771905,265,
C:\Users\Hamada.MSI\Desktop\Hamada\lab\data\raw\images\McGill Calibrated Color Image Database\Textures\Textures\merry_mtl07_005.tif,C:\Users\Hamada.MSI\Desktop\Hamada\lab\data\raw\images\McGill Calibrated Color Image Database\Textures\Textures\pippin_adirondacks0025.tif,0.20034079253673553,0.21508727967739105,0.014746487140655518,0.014746487140655518,0.0,1.52587890625e-05,4.0946852325771905,265,
C:\Users\Hamada.MSI\Desktop\Hamada\lab\data\raw\images\McGill Calibrated Color Image Database\Textures\Textures\pippin_UniStrt024.tif,C:\Users\Hamada.MSI\Desktop\Hamada\lab\data\raw\images\McGill Calibrated Color Image Database\Textures\Textures\pippin_adirondacks0025.tif,0.4715501070022583,0.4861605167388916,0.0146104097366333,0.0146104097366333,0.0001678466796875,0.00030517578125,4.0946852325771905,265,
C:\Users\Hamada.MSI\Desktop\Hamada\lab\data\raw\images\McGill Calibrated Color Image Database\Textures\Textures\pippin_UniStrt024.tif,C:\Users\Hamada.MSI\Desktop\Hamada\lab\data\raw\images\McGill Calibrated Color Image Database\Textures\Textures\merry_mexico0154.tif,0.5159693956375122,0.501507043838501,-0.01446235179901123,0.01446235179901123,0.0,2.288818359375e-05,4.0946852325771905,265,
C:\Users\Hamada.MSI\Desktop\Hamada\lab\data\raw\images\McGill Calibrated Color Image Database\Textures\Textures\pippin_UniStrt024.tif,C:\Users\Hamada.MSI\Desktop\Hamada\lab\data\raw\images\McGill Calibrated Color Image Database\Textures\Textures\pippin_Peel109.tif,0.5769922733306885,0.5626199245452881,-0.01437234878540039,0.01437234878540039,1.52587890625e-05,7.62939453125e-06,4.0946852325771905,265,
C:\Users\Hamada.MSI\Desktop\Hamada\lab\data\raw\images\McGill Calibrated Color Image Database\Textures\Textures\merry_mexico0154.tif,C:\Users\Hamada.MSI\Desktop\Hamada\lab\data\raw\images\McGill Calibrated Color Image Database\Textures\Textures\pippin_park0037.tif,0.34449097514152527,0.3302376866340637,-0.014253288507461548,0.014253288507461548,0.0,0.0,4.0946852325771905,265,
C:\Users\Hamada.MSI\Desktop\Hamada\lab\data\raw\images\McGill Calibrated Color Image Database\Textures\Textures\pippin_Mex07_011.tif,C:\Users\Hamada.MSI\Desktop\Hamada\lab\data\raw\images\McGill Calibrated Color Image Database\Textures\Textures\pippin_Peel018.tif,0.4641071856021881,0.4499223828315735,-0.014184802770614624,0.014184802770614624,0.0,3.814697265625e-06,4.0946852325771905,265,
C:\Users\Hamada.MSI\Desktop\Hamada\lab\data\raw\images\McGill Calibrated Color Image Database\Textures\Textures\merry_mtl07_034.tif,C:\Users\Hamada.MSI\Desktop\Hamada\lab\data\raw\images\McGill Calibrated Color Image Database\Textures\Textures\pippin_park0060.tif,0.2681789994239807,0.2823483347892761,0.01416933536529541,0.01416933536529541,0.0,1.1444091796875e-05,4.0946852325771905,265,
C:\Users\Hamada.MSI\Desktop\Hamada\lab\data\raw\images\McGill Calibrated Color Image Database\Textures\Textures\merry_mexico0154.tif,C:\Users\Hamada.MSI\Desktop\Hamada\lab\data\raw\images\McGill Calibrated Color Image Database\Textures\Textures\pippin_park0055.tif,0.37735629081726074,0.36320120096206665,-0.014155089855194092,0.014155089855194092,0.0,0.0,4.0946852325771905,265,
C:\Users\Hamada.MSI\Desktop\Hamada\lab\data\raw\images\McGill Calibrated Color Image Database\Textures\Textures\merry_mexico0118.tif,C:\Users\Hamada.MSI\Desktop\Hamada\lab\data\raw\images\McGill Calibrated Color Image Database\Textures\Textures\merry_mtl07_001.tif,0.493207722902298,0.4790712594985962,-0.014136463403701782,0.014136463403701782,0.0,0.0,4.0946852325771905,265,
C:\Users\Hamada.MSI\Desktop\Hamada\lab\data\raw\images\McGill Calibrated Color Image Database\Textures\Textures\merry_mexico0154.tif,C:\Users\Hamada.MSI\Desktop\Hamada\lab\data\raw\images\McGill Calibrated Color Image Database\Textures\Textures\pippin_RVHtexture023.tif,0.3357897400856018,0.3499167561531067,0.014127016067504883,0.014127016067504883,0.0,0.0,4.0946852325771905,265,
C:\Users\Hamada.MSI\Desktop\Hamada\lab\data\raw\images\McGill Calibrated Color Image Database\Textures\Textures\merry_mtl07_008.tif,C:\Users\Hamada.MSI\Desktop\Hamada\lab\data\raw\images\McGill Calibrated Color Image Database\Textures\Textures\pippin_park0037.tif,0.397146612405777,0.38307029008865356,-0.014076322317123413,0.014076322317123413,0.0,0.0,4.0946852325771905,265,
C:\Users\Hamada.MSI\Desktop\Hamada\lab\data\raw\images\McGill Calibrated Color Image Database\Textures\Textures\merry_mtl07_034.tif,C:\Users\Hamada.MSI\Desktop\Hamada\lab\data\raw\images\McGill Calibrated Color Image Database\Textures\Textures\merry_mtl07_053.tif,0.2156217098236084,0.22958308458328247,0.013961374759674072,0.013961374759674072,0.0,3.0517578125e-05,4.0946852325771905,265,
C:\Users\Hamada.MSI\Desktop\Hamada\lab\data\raw\images\McGill Calibrated Color Image Database\Textures\Textures\merry_mexico0118.tif,C:\Users\Hamada.MSI\Desktop\Hamada\lab\data\raw\images\McGill Calibrated Color Image Database\Textures\Textures\pippin_RVHtexture008.tif,0.4304627478122711,0.4165535271167755,-0.013909220695495605,0.013909220695495605,0.0,0.0,4.0946852325771905,265,
C:\Users\Hamada.MSI\Desktop\Hamada\lab\data\raw\images\McGill Calibrated Color Image Database\Textures\Textures\pippin_UniStrt024.tif,C:\Users\Hamada.MSI\Desktop\Hamada\lab\data\raw\images\McGill Calibrated Color Image Database\Textures\Textures\merry_italy0171.tif,0.605675458908081,0.6195114254951477,0.01383596658706665,0.01383596658706665,0.0,0.0,4.0946852325771905,265,
C:\Users\Hamada.MSI\Desktop\Hamada\lab\data\raw\images\McGill Calibrated Color Image Database\Textures\Textures\merry_mtl07_025.tif,C:\Users\Hamada.MSI\Desktop\Hamada\lab\data\raw\images\McGill Calibrated Color Image Database\Textures\Textures\pippin_ParcSafari048.tif,0.5116723775863647,0.5255060195922852,0.01383364200592041,0.01383364200592041,0.0,0.0,4.0946852325771905,265,
C:\Users\Hamada.MSI\Desktop\Hamada\lab\data\raw\images\McGill Calibrated Color Image Database\Textures\Textures\merry_mtl07_025.tif,C:\Users\Hamada.MSI\Desktop\Hamada\lab\data\raw\images\McGill Calibrated Color Image Database\Textures\Textures\merry_win07_012.tif,0.5473538637161255,0.5335411429405212,-0.013812720775604248,0.013812720775604248,2.6702880859375e-05,3.814697265625e-06,4.0946852325771905,265,
C:\Users\Hamada.MSI\Desktop\Hamada\lab\data\raw\images\McGill Calibrated Color Image Database\Textures\Textures\pippin_UniStrt024.tif,C:\Users\Hamada.MSI\Desktop\Hamada\lab\data\raw\images\McGill Calibrated Color Image Database\Textures\Textures\merry_win07_009.tif,0.6250855922698975,0.6388965249061584,0.013810932636260986,0.013810932636260986,0.0,0.0,4.0946852325771905,265,
C:\Users\Hamada.MSI\Desktop\Hamada\lab\data\raw\images\McGill Calibrated Color Image Database\Textures\Textures\merry_mexico0121.tif,C:\Users\Hamada.MSI\Desktop\Hamada\lab\data\raw\images\McGill Calibrated Color Image Database\Textures\Textures\pippin_park0037.tif,0.34011486172676086,0.32637545466423035,-0.013739407062530518,0.013739407062530518,0.0,0.0,4.0946852325771905,265,
C:\Users\Hamada.MSI\Desktop\Hamada\lab\data\raw\images\McGill Calibrated Color Image Database\Textures\Textures\pippin_RVHtexture023.tif,C:\Users\Hamada.MSI\Desktop\Hamada\lab\data\raw\images\McGill Calibrated Color Image Database\Textures\Textures\merry_mexico0154.tif,0.3216233253479004,0.30792009830474854,-0.013703227043151855,0.013703227043151855,0.0,0.0,4.0946852325771905,265,
C:\Users\Hamada.MSI\Desktop\Hamada\lab\data\raw\images\McGill Calibrated Color Image Database\Textures\Textures\merry_mtl07_025.tif,C:\Users\Hamada.MSI\Desktop\Hamada\lab\data\raw\images\McGill Calibrated Color Image Database\Textures\Textures\pippin_jtalon0015.tif,0.5576998591423035,0.5440269112586975,-0.013672947883605957,0.013672947883605957,0.0,0.0,4.0946852325771905,265,
C:\Users\Hamada.MSI\Desktop\Hamada\lab\data\raw\images\McGill Calibrated Color Image Database\Textures\Textures\merry_mtl07_008.tif,C:\Users\Hamada.MSI\Desktop\Hamada\lab\data\raw\images\McGill Calibrated Color Image Database\Textures\Textures\pippin_park0060.tif,0.3860993981361389,0.3996891379356384,0.013589739799499512,0.013589739799499512,0.0,0.0,4.0946852325771905,265,
C:\Users\Hamada.MSI\Desktop\Hamada\lab\data\raw\images\McGill Calibrated Color Image Database\Textures\Textures\pippin_park0035.tif,C:\Users\Hamada.MSI\Desktop\Hamada\lab\data\raw\images\McGill Calibrated Color Image Database\Textures\Textures\pippin_RVHtexture016.tif,0.432872474193573,0.4192868173122406,-0.013585656881332397,0.013585656881332397,0.0,0.0,4.0946852325771905,265,
C:\Users\Hamada.MSI\Desktop\Hamada\lab\data\raw\images\McGill Calibrated Color Image Database\Textures\Textures\merry_mtl07_005.tif,C:\Users\Hamada.MSI\Desktop\Hamada\lab\data\raw\images\McGill Calibrated Color Image Database\Textures\Textures\pippin_park0055.tif,0.34001296758651733,0.32645633816719055,-0.013556629419326782,0.013556629419326782,0.0,1.52587890625e-05,4.0946852325771905,265,
C:\Users\Hamada.MSI\Desktop\Hamada\lab\data\raw\images\McGill Calibrated Color Image Database\Textures\Textures\pippin_park0035.tif,C:\Users\Hamada.MSI\Desktop\Hamada\lab\data\raw\images\McGill Calibrated Color Image Database\Textures\Textures\pippin_spring0003.tif,0.448348730802536,0.4348300099372864,-0.013518720865249634,0.013518720865249634,0.0,0.0,4.0946852325771905,265,
C:\Users\Hamada.MSI\Desktop\Hamada\lab\data\raw\images\McGill Calibrated Color Image Database\Textures\Textures\pippin_adirondacks0025.tif,C:\Users\Hamada.MSI\Desktop\Hamada\lab\data\raw\images\McGill Calibrated Color Image Database\Textures\Textures\pippin_ParcSafari048.tif,0.41770344972610474,0.43122178316116333,0.013518333435058594,0.013518333435058594,0.0,0.0,4.0946852325771905,265,
C:\Users\Hamada.MSI\Desktop\Hamada\lab\data\raw\images\McGill Calibrated Color Image Database\Textures\Textures\pippin_adirondacks0025.tif,C:\Users\Hamada.MSI\Desktop\Hamada\lab\data\raw\images\McGill Calibrated Color Image Database\Textures\Textures\pippin_park0010.tif,0.41515350341796875,0.4016544222831726,-0.013499081134796143,0.013499081134796143,0.0,0.0,4.0946852325771905,265,
C:\Users\Hamada.MSI\Desktop\Hamada\lab\data\raw\images\McGill Calibrated Color Image Database\Textures\Textures\merry_mtl07_008.tif,C:\Users\Hamada.MSI\Desktop\Hamada\lab\data\raw\images\McGill Calibrated Color Image Database\Textures\Textures\pippin_spring0003.tif,0.44174015522003174,0.42825382947921753,-0.013486325740814209,0.013486325740814209,0.0,0.0,4.0946852325771905,265,
C:\Users\Hamada.MSI\Desktop\Hamada\lab\data\raw\images\McGill Calibrated Color Image Database\Textures\Textures\merry_mtl07_008.tif,C:\Users\Hamada.MSI\Desktop\Hamada\lab\data\raw\images\McGill Calibrated Color Image Database\Textures\Textures\pippin_UniStrt029.tif,0.45061230659484863,0.4371291995048523,-0.013483107089996338,0.013483107089996338,0.0,0.0,4.0946852325771905,265,
C:\Users\Hamada.MSI\Desktop\Hamada\lab\data\raw\images\McGill Calibrated Color Image Database\Textures\Textures\pippin_Mex07_011.tif,C:\Users\Hamada.MSI\Desktop\Hamada\lab\data\raw\images\McGill Calibrated Color Image Database\Textures\Textures\pippin_spring0006.tif,0.3707924485206604,0.38416367769241333,0.01337122917175293,0.01337122917175293,0.0,3.814697265625e-06,4.0946852325771905,265,
C:\Users\Hamada.MSI\Desktop\Hamada\lab\data\raw\images\McGill Calibrated Color Image Database\Textures\Textures\pippin_park0035.tif,C:\Users\Hamada.MSI\Desktop\Hamada\lab\data\raw\images\McGill Calibrated Color Image Database\Textures\Textures\merry_mtl07_001.tif,0.5041699409484863,0.49083518981933594,-0.01333475112915039,0.01333475112915039,0.0,0.0,4.0946852325771905,265,
C:\Users\Hamada.MSI\Desktop\Hamada\lab\data\raw\images\McGill Calibrated Color Image Database\Textures\Textures\merry_mexico0121.tif,C:\Users\Hamada.MSI\Desktop\Hamada\lab\data\raw\images\McGill Calibrated Color Image Database\Textures\Textures\pippin_jtalon0022.tif,0.4205518960952759,0.4072309136390686,-0.013320982456207275,0.013320982456207275,0.0,0.0,4.0946852325771905,265,
C:\Users\Hamada.MSI\Desktop\Hamada\lab\data\raw\images\McGill Calibrated Color Image Database\Textures\Textures\merry_mexico0154.tif,C:\Users\Hamada.MSI\Desktop\Hamada\lab\data\raw\images\McGill Calibrated Color Image Database\Textures\Textures\pippin_UniStrt013.tif,0.4056527018547058,0.3923383951187134,-0.013314306735992432,0.013314306735992432,0.0,0.0,4.0946852325771905,265,
C:\Users\Hamada.MSI\Desktop\Hamada\lab\data\raw\images\McGill Calibrated Color Image Database\Textures\Textures\pippin_park0035.tif,C:\Users\Hamada.MSI\Desktop\Hamada\lab\data\raw\images\McGill Calibrated Color Image Database\Textures\Textures\pippin_RVHtexture015.tif,0.459918737411499,0.4466294050216675,-0.013289332389831543,0.013289332389831543,0.0,0.0,4.0946852325771905,265,
C:\Users\Hamada.MSI\Desktop\Hamada\lab\data\raw\images\McGill Calibrated Color Image Database\Textures\Textures\merry_mtl07_025.tif,C:\Users\Hamada.MSI\Desktop\Hamada\lab\data\raw\images\McGill Calibrated Color Image Database\Textures\Textures\pippin_spring0003.tif,0.5232758522033691,0.5100967884063721,-0.01317906379699707,0.01317906379699707,0.0,0.0,4.0946852325771905,265,
C:\Users\Hamada.MSI\Desktop\Hamada\lab\data\raw\images\McGill Calibrated Color Image Database\Textures\Textures\merry_mtl07_005.tif,C:\Users\Hamada.MSI\Desktop\Hamada\lab\data\raw\images\McGill Calibrated Color Image Database\Textures\Textures\pippin_RVHtexture002.tif,0.3393428921699524,0.3261677920818329,-0.013175100088119507,0.013175100088119507,0.0,1.52587890625e-05,4.0946852325771905,265,
C:\Users\Hamada.MSI\Desktop\Hamada\lab\data\raw\images\McGill Calibrated Color Image Database\Textures\Textures\pippin_RVHtexture023.tif,C:\Users\Hamada.MSI\Desktop\Hamada\lab\data\raw\images\McGill Calibrated Color Image Database\Textures\Textures\pippin_park0037.tif,0.3155894875526428,0.3024657070636749,-0.013123780488967896,0.013123780488967896,0.0,0.0,4.0946852325771905,265,
C:\Users\Hamada.MSI\Desktop\Hamada\lab\data\raw\images\McGill Calibrated Color Image Database\Textures\Textures\pippin_adirondacks0025.tif,C:\Users\Hamada.MSI\Desktop\Hamada\lab\data\raw\images\McGill Calibrated Color Image Database\Textures\Textures\merry_mtl07_001.tif,0.49041807651519775,0.47731032967567444,-0.013107746839523315,0.013107746839523315,0.0,0.0,4.0946852325771905,265,
C:\Users\Hamada.MSI\Desktop\Hamada\lab\data\raw\images\McGill Calibrated Color Image Database\Textures\Textures\merry_mexico0121.tif,C:\Users\Hamada.MSI\Desktop\Hamada\lab\data\raw\images\McGill Calibrated Color Image Database\Textures\Textures\pippin_park0054.tif,0.40263649821281433,0.38955873250961304,-0.013077765703201294,0.013077765703201294,0.0,0.0,4.0946852325771905,265,
C:\Users\Hamada.MSI\Desktop\Hamada\lab\data\raw\images\McGill Calibrated Color Image Database\Textures\Textures\merry_mtl07_005.tif,C:\Users\Hamada.MSI\Desktop\Hamada\lab\data\raw\images\McGill Calibrated Color Image Database\Textures\Textures\pippin_UniStrt013.tif,0.371406614780426,0.358343243598938,-0.013063371181488037,0.013063371181488037,3.814697265625e-06,1.52587890625e-05,4.0946852325771905,265,
C:\Users\Hamada.MSI\Desktop\Hamada\lab\data\raw\images\McGill Calibrated Color Image Database\Textures\Textures\merry_mexico0154.tif,C:\Users\Hamada.MSI\Desktop\Hamada\lab\data\raw\images\McGill Calibrated Color Image Database\Textures\Textures\pippin_jtalon0022.tif,0.41093558073043823,0.3979136049747467,-0.013021975755691528,0.013021975755691528,0.0,0.0,4.0946852325771905,265,
C:\Users\Hamada.MSI\Desktop\Hamada\lab\data\raw\images\McGill Calibrated Color Image Database\Textures\Textures\merry_mtl07_025.tif,C:\Users\Hamada.MSI\Desktop\Hamada\lab\data\raw\images\McGill Calibrated Color Image Database\Textures\Textures\merry_mtl07_008.tif,0.5192850828170776,0.5062649846076965,-0.013020098209381104,0.013020098209381104,0.000156402587890625,3.814697265625e-06,4.0946852325771905,265,
C:\Users\Hamada.MSI\Desktop\Hamada\lab\data\raw\images\McGill Calibrated Color Image Database\Textures\Textures\merry_mtl07_008.tif,C:\Users\Hamada.MSI\Desktop\Hamada\lab\data\raw\images\McGill Calibrated Color Image Database\Textures\Textures\merry_mtl07_023.tif,0.2924191951751709,0.27950143814086914,-0.012917757034301758,0.012917757034301758,5.7220458984375e-05,7.62939453125e-05,4.0946852325771905,265,
C:\Users\Hamada.MSI\Desktop\Hamada\lab\data\raw\images\McGill Calibrated Color Image Database\Textures\Textures\merry_mexico0121.tif,C:\Users\Hamada.MSI\Desktop\Hamada\lab\data\raw\images\McGill Calibrated Color Image Database\Textures\Textures\pippin_UniStrt021.tif,0.34112608432769775,0.35402488708496094,0.012898802757263184,0.012898802757263184,0.0,0.0,4.0946852325771905,265,
C:\Users\Hamada.MSI\Desktop\Hamada\lab\data\raw\images\McGill Calibrated Color Image Database\Textures\Textures\merry_mtl07_005.tif,C:\Users\Hamada.MSI\Desktop\Hamada\lab\data\raw\images\McGill Calibrated Color Image Database\Textures\Textures\pippin_RVHtexture023.tif,0.22205469012260437,0.23492291569709778,0.012868225574493408,0.012868225574493408,0.0,1.52587890625e-05,4.0946852325771905,265,
C:\Users\Hamada.MSI\Desktop\Hamada\lab\data\raw\images\McGill Calibrated Color Image Database\Textures\Textures\pippin_Mex07_011.tif,C:\Users\Hamada.MSI\Desktop\Hamada\lab\data\raw\images\McGill Calibrated Color Image Database\Textures\Textures\pippin_park0055.tif,0.43093881011009216,0.4180811047554016,-0.012857705354690552,0.012857705354690552,0.0,3.814697265625e-06,4.0946852325771905,265,
C:\Users\Hamada.MSI\Desktop\Hamada\lab\data\raw\images\McGill Calibrated Color Image Database\Textures\Textures\merry_mtl07_034.tif,C:\Users\Hamada.MSI\Desktop\Hamada\lab\data\raw\images\McGill Calibrated Color Image Database\Textures\Textures\pippin_RVHtexture016.tif,0.28700608015060425,0.2741817235946655,-0.01282435655593872,0.01282435655593872,0.0,1.1444091796875e-05,4.0946852325771905,265,
C:\Users\Hamada.MSI\Desktop\Hamada\lab\data\raw\images\McGill Calibrated Color Image Database\Textures\Textures\pippin_RVHtexture023.tif,C:\Users\Hamada.MSI\Desktop\Hamada\lab\data\raw\images\McGill Calibrated Color Image Database\Textures\Textures\pippin_Peel043.tif,0.3521276116371155,0.33934998512268066,-0.012777626514434814,0.012777626514434814,3.814697265625e-06,1.1444091796875e-05,4.0946852325771905,265,
C:\Users\Hamada.MSI\Desktop\Hamada\lab\data\raw\images\McGill Calibrated Color Image Database\Textures\Textures\pippin_adirondacks0025.tif,C:\Users\Hamada.MSI\Desktop\Hamada\lab\data\raw\images\McGill Calibrated Color Image Database\Textures\Textures\pippin_adirondacks0013.tif,0.4021345376968384,0.38937196135520935,-0.012762576341629028,0.012762576341629028,0.0,0.0,4.0946852325771905,265,
C:\Users\Hamada.MSI\Desktop\Hamada\lab\data\raw\images\McGill Calibrated Color Image Database\Textures\Textures\pippin_park0035.tif,C:\Users\Hamada.MSI\Desktop\Hamada\lab\data\raw\images\McGill Calibrated Color Image Database\Textures\Textures\pippin_Peel043.tif,0.44164180755615234,0.42888882756233215,-0.01275297999382019,0.01275297999382019,0.0,0.0,4.0946852325771905,265,
C:\Users\Hamada.MSI\Desktop\Hamada\lab\data\raw\images\McGill Calibrated Color Image Database\Textures\Textures\pippin_Mex07_011.tif,C:\Users\Hamada.MSI\Desktop\Hamada\lab\data\raw\images\McGill Calibrated Color Image Database\Textures\Textures\pippin_RVHtexture001.tif,0.3350488543510437,0.34779655933380127,0.012747704982757568,0.012747704982757568,0.0,3.814697265625e-06,4.0946852325771905,265,
C:\Users\Hamada.MSI\Desktop\Hamada\lab\data\raw\images\McGill Calibrated Color Image Database\Textures\Textures\pippin_UniStrt024.tif,C:\Users\Hamada.MSI\Desktop\Hamada\lab\data\raw\images\McGill Calibrated Color Image Database\Textures\Textures\pippin_park0040.tif,0.5765659809112549,0.5638504028320312,-0.012715578079223633,0.012715578079223633,0.0,0.0,4.0946852325771905,265,
C:\Users\Hamada.MSI\Desktop\Hamada\lab\data\raw\images\McGill Calibrated Color Image Database\Textures\Textures\merry_mexico0118.tif,C:\Users\Hamada.MSI\Desktop\Hamada\lab\data\raw\images\McGill Calibrated Color Image Database\Textures\Textures\pippin_park0048.tif,0.3038451075553894,0.29115408658981323,-0.012691020965576172,0.012691020965576172,0.0,0.0,4.0946852325771905,265,
C:\Users\Hamada.MSI\Desktop\Hamada\lab\data\raw\images\McGill Calibrated Color Image Database\Textures\Textures\pippin_park0035.tif,C:\Users\Hamada.MSI\Desktop\Hamada\lab\data\raw\images\McGill Calibrated Color Image Database\Textures\Textures\merry_mtl07_033.tif,0.3205225467681885,0.3078342080116272,-0.01268833875656128,0.01268833875656128,0.0,0.0,4.0946852325771905,265,
C:\Users\Hamada.MSI\Desktop\Hamada\lab\data\raw\images\McGill Calibrated Color Image Database\Textures\Textures\merry_mexico0219.tif,C:\Users\Hamada.MSI\Desktop\Hamada\lab\data\raw\images\McGill Calibrated Color Image Database\Textures\Textures\pippin_UniStrt021.tif,0.12448464334011078,0.13717296719551086,0.012688323855400085,0.012688323855400085,0.0,0.0,4.0946852325771905,265,
C:\Users\Hamada.MSI\Desktop\Hamada\lab\data\raw\images\McGill Calibrated Color Image Database\Textures\Textures\merry_mexico0118.tif,C:\Users\Hamada.MSI\Desktop\Hamada\lab\data\raw\images\McGill Calibrated Color Image Database\Textures\Textures\pippin_Peel043.tif,0.4329984188079834,0.4203142523765564,-0.012684166431427002,0.012684166431427002,0.0,0.0,4.0946852325771905,265,
C:\Users\Hamada.MSI\Desktop\Hamada\lab\data\raw\images\McGill Calibrated Color Image Database\Textures\Textures\pippin_RVHtexture023.tif,C:\Users\Hamada.MSI\Desktop\Hamada\lab\data\raw\images\McGill Calibrated Color Image Database\Textures\Textures\pippin_RVHtexture016.tif,0.3321352005004883,0.3194717466831207,-0.012663453817367554,0.012663453817367554,0.0,0.0,4.0946852325771905,265,
C:\Users\Hamada.MSI\Desktop\Hamada\lab\data\raw\images\McGill Calibrated Color Image Database\Textures\Textures\merry_mexico0121.tif,C:\Users\Hamada.MSI\Desktop\Hamada\lab\data\raw\images\McGill Calibrated Color Image Database\Textures\Textures\pippin_spring0003.tif,0.388160765171051,0.3755345940589905,-0.012626171112060547,0.012626171112060547,0.0,0.0,4.0946852325771905,265,
C:\Users\Hamada.MSI\Desktop\Hamada\lab\data\raw\images\McGill Calibrated Color Image Database\Textures\Textures\merry_mexico0118.tif,C:\Users\Hamada.MSI\Desktop\Hamada\lab\data\raw\images\McGill Calibrated Color Image Database\Textures\Textures\merry_mexico0118.tif,0.367016464471817,0.37961265444755554,0.012596189975738525,0.012596189975738525,0.0,0.0,4.0946852325771905,265,
C:\Users\Hamada.MSI\Desktop\Hamada\lab\data\raw\images\McGill Calibrated Color Image Database\Textures\Textures\merry_mexico0154.tif,C:\Users\Hamada.MSI\Desktop\Hamada\lab\data\raw\images\McGill Calibrated Color Image Database\Textures\Textures\pippin_RVHtexture015.tif,0.4106910228729248,0.39811375737190247,-0.012577265501022339,0.012577265501022339,0.0,3.814697265625e-06,4.0946852325771905,265,
C:\Users\Hamada.MSI\Desktop\Hamada\lab\data\raw\images\McGill Calibrated Color Image Database\Textures\Textures\pippin_UniStrt024.tif,C:\Users\Hamada.MSI\Desktop\Hamada\lab\data\raw\images\McGill Calibrated Color Image Database\Textures\Textures\pippin_ParcSafari048.tif,0.5402185916900635,0.552771806716919,0.012553215026855469,0.012553215026855469,1.9073486328125e-05,0.0,4.0946852325771905,265,
C:\Users\Hamada.MSI\Desktop\Hamada\lab\data\raw\images\McGill Calibrated Color Image Database\Textures\Textures\merry_mexico0118.tif,C:\Users\Hamada.MSI\Desktop\Hamada\lab\data\raw\images\McGill Calibrated Color Image Database\Textures\Textures\pippin_park0040.tif,0.445258766412735,0.43270882964134216,-0.012549936771392822,0.012549936771392822,0.0,0.0,4.0946852325771905,265,
C:\Users\Hamada.MSI\Desktop\Hamada\lab\data\raw\images\McGill Calibrated Color Image Database\Textures\Textures\merry_mtl07_008.tif,C:\Users\Hamada.MSI\Desktop\Hamada\lab\data\raw\images\McGill Calibrated Color Image Database\Textures\Textures\pippin_adirondacks0013.tif,0.40130379796028137,0.3888073265552521,-0.012496471405029297,0.012496471405029297,0.0,0.0,4.0946852325771905,265,
C:\Users\Hamada.MSI\Desktop\Hamada\lab\data\raw\images\McGill Calibrated Color Image Database\Textures\Textures\pippin_park0035.tif,C:\Users\Hamada.MSI\Desktop\Hamada\lab\data\raw\images\McGill Calibrated Color Image Database\Textures\Textures\pippin_park0048.tif,0.2981945276260376,0.28587478399276733,-0.012319743633270264,0.012319743633270264,0.0,0.0,4.0946852325771905,265,
C:\Users\Hamada.MSI\Desktop\Hamada\lab\data\raw\images\McGill Calibrated Color Image Database\Textures\Textures\merry_mexico0118.tif,C:\Users\Hamada.MSI\Desktop\Hamada\lab\data\raw\images\McGill Calibrated Color Image Database\Textures\Textures\pippin_ParcSafari048.tif,0.4157601594924927,0.4280608594417572,0.012300699949264526,0.012300699949264526,0.0,0.0,4.0946852325771905,265,
C:\Users\Hamada.MSI\Desktop\Hamada\lab\data\raw\images\McGill Calibrated Color Image Database\Textures\Textures\merry_mtl07_025.tif,C:\Users\Hamada.MSI\Desktop\Hamada\lab\data\raw\images\McGill Calibrated Color Image Database\Textures\Textures\merry_mtl07_019.tif,0.5342873334884644,0.5219924449920654,-0.012294888496398926,0.012294888496398926,0.0,0.0,4.0946852325771905,265,
C:\Users\Hamada.MSI\Desktop\Hamada\lab\data\raw\images\McGill Calibrated Color Image Database\Textures\Textures\merry_mexico0118.tif,C:\Users\Hamada.MSI\Desktop\Hamada\lab\data\raw\images\McGill Calibrated Color Image Database\Textures\Textures\pippin0063.tif,0.4008163809776306,0.388581246137619,-0.012235134840011597,0.012235134840011597,0.0,0.0,4.0946852325771905,265,
C:\Users\Hamada.MSI\Desktop\Hamada\lab\data\raw\images\McGill Calibrated Color Image Database\Textures\Textures\pippin_Mex07_011.tif,C:\Users\Hamada.MSI\Desktop\Hamada\lab\data\raw\images\McGill Calibrated Color Image Database\Textures\Textures\pippin_park0039.tif,0.39173170924186707,0.37953510880470276,-0.012196600437164307,0.012196600437164307,0.0,3.814697265625e-06,4.0946852325771905,265,
C:\Users\Hamada.MSI\Desktop\Hamada\lab\data\raw\images\McGill Calibrated Color Image Database\Textures\Textures\merry_mexico0118.tif,C:\Users\Hamada.MSI\Desktop\Hamada\lab\data\raw\images\McGill Calibrated Color Image Database\Textures\Textures\pippin_park0039.tif,0.4001818597316742,0.38800108432769775,-0.01218077540397644,0.01218077540397644,0.0,0.0,4.0946852325771905,265,
C:\Users\Hamada.MSI\Desktop\Hamada\lab\data\raw\images\McGill Calibrated Color Image Database\Textures\Textures\merry_mtl07_025.tif,C:\Users\Hamada.MSI\Desktop\Hamada\lab\data\raw\images\McGill Calibrated Color Image Database\Textures\Textures\pippin_RVHtexture012.tif,0.5464427471160889,0.5342766046524048,-0.012166142463684082,0.012166142463684082,0.0,0.0,4.0946852325771905,265,
C:\Users\Hamada.MSI\Desktop\Hamada\lab\data\raw\images\McGill Calibrated Color Image Database\Textures\Textures\pippin_UniStrt024.tif,C:\Users\Hamada.MSI\Desktop\Hamada\lab\data\raw\images\McGill Calibrated Color Image Database\Textures\Textures\pippin_RVHtexture016.tif,0.5423249006271362,0.5301594138145447,-0.012165486812591553,0.012165486812591553,3.814697265625e-06,0.00023651123046875,4.0946852325771905,265,
C:\Users\Hamada.MSI\Desktop\Hamada\lab\data\raw\images\McGill Calibrated Color Image Database\Textures\Textures\merry_mtl07_025.tif,C:\Users\Hamada.MSI\Desktop\Hamada\lab\data\raw\images\McGill Calibrated Color Image Database\Textures\Textures\merry_mtl07_021.tif,0.528312087059021,0.5161468982696533,-0.012165188789367676,0.012165188789367676,0.0,0.0,4.0946852325771905,265,
C:\Users\Hamada.MSI\Desktop\Hamada\lab\data\raw\images\McGill Calibrated Color Image Database\Textures\Textures\pippin_adirondacks0025.tif,C:\Users\Hamada.MSI\Desktop\Hamada\lab\data\raw\images\McGill Calibrated Color Image Database\Textures\Textures\pippin_RVHtexture013.tif,0.4692079424858093,0.4570452570915222,-0.01216268539428711,0.01216268539428711,0.0,0.0,4.0946852325771905,265,
C:\Users\Hamada.MSI\Desktop\Hamada\lab\data\raw\images\McGill Calibrated Color Image Database\Textures\Textures\merry_mexico0219.tif,C:\Users\Hamada.MSI\Desktop\Hamada\lab\data\raw\images\McGill Calibrated Color Image Database\Textures\Textures\pippin_UniStrt012.tif,0.23435530066490173,0.22221969068050385,-0.012135609984397888,0.012135609984397888,0.0,0.0,4.0946852325771905,265,
C:\Users\Hamada.MSI\Desktop\Hamada\lab\data\raw\images\McGill Calibrated Color Image Database\Textures\Textures\merry_mexico0121.tif,C:\Users\Hamada.MSI\Desktop\Hamada\lab\data\raw\images\McGill Calibrated Color Image Database\Textures\Textures\pippin_RVHtexture002.tif,0.41503751277923584,0.4029019773006439,-0.012135535478591919,0.012135535478591919,0.0,0.0,4.0946852325771905,265,
C:\Users\Hamada.MSI\Desktop\Hamada\lab\data\raw\images\McGill Calibrated Color Image Database\Textures\Textures\merry_mexico0154.tif,C:\Users\Hamada.MSI\Desktop\Hamada\lab\data\raw\images\McGill Calibrated Color Image Database\Textures\Textures\pippin_RVHtexture016.tif,0.36186233162879944,0.3497669994831085,-0.012095332145690918,0.012095332145690918,0.0,0.0,4.0946852325771905,265,
C:\Users\Hamada.MSI\Desktop\Hamada\lab\data\raw\images\McGill Calibrated Color Image Database\Textures\Textures\merry_mexico0118.tif,C:\Users\Hamada.MSI\Desktop\Hamada\lab\data\raw\images\McGill Calibrated Color Image Database\Textures\Textures\pippin_RS_YachtClub006.tif,0.3883599638938904,0.3762980103492737,-0.0120619535446167,0.0120619535446167,0.0,0.0,4.0946852325771905,265,
C:\Users\Hamada.MSI\Desktop\Hamada\lab\data\raw\images\McGill Calibrated Color Image Database\Textures\Textures\merry_mexico0219.tif,C:\Users\Hamada.MSI\Desktop\Hamada\lab\data\raw\images\McGill Calibrated Color Image Database\Textures\Textures\pippin_Peel043.tif,0.16899871826171875,0.15694588422775269,-0.012052834033966064,0.012052834033966064,0.0,0.0,4.0946852325771905,265,
C:\Users\Hamada.MSI\Desktop\Hamada\lab\data\raw\images\McGill Calibrated Color Image Database\Textures\Textures\merry_mexico0154.tif,C:\Users\Hamada.MSI\Desktop\Hamada\lab\data\raw\images\McGill Calibrated Color Image Database\Textures\Textures\pippin_RVHtexture008.tif,0.38304057717323303,0.3709986209869385,-0.012041956186294556,0.012041956186294556,0.0,0.0,4.0946852325771905,265,
C:\Users\Hamada.MSI\Desktop\Hamada\lab\data\raw\images\McGill Calibrated Color Image Database\Textures\Textures\pippin_park0035.tif,C:\Users\Hamada.MSI\Desktop\Hamada\lab\data\raw\images\McGill Calibrated Color Image Database\Textures\Textures\merry_mexico0122.tif,0.38981854915618896,0.3778100609779358,-0.012008488178253174,0.012008488178253174,0.0,0.0,4.0946852325771905,265,
C:\Users\Hamada.MSI\Desktop\Hamada\lab\data\raw\images\McGill Calibrated Color Image Database\Textures\Textures\merry_mtl07_025.tif,C:\Users\Hamada.MSI\Desktop\Hamada\lab\data\raw\images\McGill Calibrated Color Image Database\Textures\Textures\pippin_park0040.tif,0.5360807180404663,0.5240748524665833,-0.012005865573883057,0.012005865573883057,0.0,0.0,4.0946852325771905,265,
C:\Users\Hamada.MSI\Desktop\Hamada\lab\data\raw\images\McGill Calibrated Color Image Database\Textures\Textures\merry_mexico0121.tif,C:\Users\Hamada.MSI\Desktop\Hamada\lab\data\raw\images\McGill Calibrated Color Image Database\Textures\Textures\pippin_UniStrt013.tif,0.41448351740837097,0.4025202691555023,-0.011963248252868652,0.011963248252868652,0.0,0.0,4.0946852325771905,265,
C:\Users\Hamada.MSI\Desktop\Hamada\lab\data\raw\images\McGill Calibrated Color Image Database\Textures\Textures\merry_mtl07_025.tif,C:\Users\Hamada.MSI\Desktop\Hamada\lab\data\raw\images\McGill Calibrated Color Image Database\Textures\Textures\merry_mtl07_033.tif,0.4319377541542053,0.41998910903930664,-0.011948645114898682,0.011948645114898682,0.0,0.0,4.0946852325771905,265,
C:\Users\Hamada.MSI\Desktop\Hamada\lab\data\raw\images\McGill Calibrated Color Image Database\Textures\Textures\pippin_UniStrt024.tif,C:\Users\Hamada.MSI\Desktop\Hamada\lab\data\raw\images\McGill Calibrated Color Image Database\Textures\Textures\merry_mtl07_001.tif,0.6088804006576538,0.5970001816749573,-0.011880218982696533,0.011880218982696533,0.0,0.0,4.0946852325771905,265,
C:\Users\Hamada.MSI\Desktop\Hamada\lab\data\raw\images\McGill Calibrated Color Image Database\Textures\Textures\pippin_park0035.tif,C:\Users\Hamada.MSI\Desktop\Hamada\lab\data\raw\images\McGill Calibrated Color Image Database\Textures\Textures\pippin_park0039.tif,0.4126444458961487,0.4007662832736969,-0.011878162622451782,0.011878162622451782,0.0,0.0,4.0946852325771905,265,
C:\Users\Hamada.MSI\Desktop\Hamada\lab\data\raw\images\McGill Calibrated Color Image Database\Textures\Textures\merry_mexico0154.tif,C:\Users\Hamada.MSI\Desktop\Hamada\lab\data\raw\images\McGill Calibrated Color Image Database\Textures\Textures\merry_mtl07_001.tif,0.44197484850883484,0.43012744188308716,-0.01184740662574768,0.01184740662574768,0.0,0.0,4.0946852325771905,265,
C:\Users\Hamada.MSI\Desktop\Hamada\lab\data\raw\images\McGill Calibrated Color Image Database\Textures\Textures\pippin_adirondacks0025.tif,C:\Users\Hamada.MSI\Desktop\Hamada\lab\data\raw\images\McGill Calibrated Color Image Database\Textures\Textures\pippin_RVHtexture012.tif,0.4643210172653198,0.4524778127670288,-0.011843204498291016,0.011843204498291016,0.0,0.0,4.0946852325771905,265,
C:\Users\Hamada.MSI\Desktop\Hamada\lab\data\raw\images\McGill Calibrated Color Image Database\Textures\Textures\pippin_Mex07_011.tif,C:\Users\Hamada.MSI\Desktop\Hamada\lab\data\raw\images\McGill Calibrated Color Image Database\Textures\Textures\pippin_park0048.tif,0.2898915112018585,0.2781503200531006,-0.011741191148757935,0.011741191148757935,0.0,3.814697265625e-06,4.0946852325771905,265,
C:\Users\Hamada.MSI\Desktop\Hamada\lab\data\raw\images\McGill Calibrated Color Image Database\Textures\Textures\merry_mtl07_008.tif,C:\Users\Hamada.MSI\Desktop\Hamada\lab\data\raw\images\McGill Calibrated Color Image Database\Textures\Textures\pippin_spring0006.tif,0.3783547282218933,0.3900952935218811,0.011740565299987793,0.011740565299987793,0.0,0.0,4.0946852325771905,265,
C:\Users\Hamada.MSI\Desktop\Hamada\lab\data\raw\images\McGill Calibrated Color Image Database\Textures\Textures\pippin_Mex07_011.tif,C:\Users\Hamada.MSI\Desktop\Hamada\lab\data\raw\images\McGill Calibrated Color Image Database\Textures\Textures\merry_mtl07_001.tif,0.48349878191947937,0.471760094165802,-0.011738687753677368,0.011738687753677368,0.0,3.814697265625e-06,4.0946852325771905,265,
C:\Users\Hamada.MSI\Desktop\Hamada\lab\data\raw\images\McGill Calibrated Color Image Database\Textures\Textures\merry_mexico0118.tif,C:\Users\Hamada.MSI\Desktop\Hamada\lab\data\raw\images\McGill Calibrated Color Image Database\Textures\Textures\pippin_jtalon0015.tif,0.4747881591320038,0.4630969166755676,-0.011691242456436157,0.011691242456436157,0.0,0.0,4.0946852325771905,265,
C:\Users\Hamada.MSI\Desktop\Hamada\lab\data\raw\images\McGill Calibrated Color Image Database\Textures\Textures\pippin_park0035.tif,C:\Users\Hamada.MSI\Desktop\Hamada\lab\data\raw\images\McGill Calibrated Color Image Database\Textures\Textures\pippin_park0054.tif,0.4576622545719147,0.44607216119766235,-0.01159009337425232,0.01159009337425232,0.0,0.0,4.0946852325771905,265,
C:\Users\Hamada.MSI\Desktop\Hamada\lab\data\raw\images\McGill Calibrated Color Image Database\Textures\Textures\pippin_UniStrt024.tif,C:\Users\Hamada.MSI\Desktop\Hamada\lab\data\raw\images\McGill Calibrated Color Image Database\Textures\Textures\pippin_RVHtexture012.tif,0.5846692323684692,0.5730794072151184,-0.01158982515335083,0.01158982515335083,0.0,0.0,4.0946852325771905,265,
C:\Users\Hamada.MSI\Desktop\Hamada\lab\data\raw\images\McGill Calibrated Color Image Database\Textures\Textures\merry_mtl07_005.tif,C:\Users\Hamada.MSI\Desktop\Hamada\lab\data\raw\images\McGill Calibrated Color Image Database\Textures\Textures\merry_mtl07_001.tif,0.39048439264297485,0.3788953721523285,-0.011589020490646362,0.011589020490646362,0.0,1.52587890625e-05,4.0946852325771905,265,
C:\Users\Hamada.MSI\Desktop\Hamada\lab\data\raw\images\McGill Calibrated Color Image Database\Textures\Textures\pippin_park0035.tif,C:\Users\Hamada.MSI\Desktop\Hamada\lab\data\raw\images\McGill Calibrated Color Image Database\Textures\Textures\pippin_RVHtexture008.tif,0.43947482109069824,0.4278969466686249,-0.011577874422073364,0.011577874422073364,0.0,0.0,4.0946852325771905,265,
C:\Users\Hamada.MSI\Desktop\Hamada\lab\data\raw\images\McGill Calibrated Color Image Database\Textures\Textures\merry_mtl07_025.tif,C:\Users\Hamada.MSI\Desktop\Hamada\lab\data\raw\images\McGill Calibrated Color Image Database\Textures\Textures\merry_italy0171.tif,0.5674031376838684,0.5789601802825928,0.011557042598724365,0.011557042598724365,0.0,0.0,4.0946852325771905,265,
C:\Users\Hamada.MSI\Desktop\Hamada\lab\data\raw\images\McGill Calibrated Color Image Database\Textures\Textures\pippin_Mex07_011.tif,C:\Users\Hamada.MSI\Desktop\Hamada\lab\data\raw\images\McGill Calibrated Color Image Database\Textures\Textures\pippin_adirondacks0025.tif,0.32845818996429443,0.3400081992149353,0.01155000925064087,0.01155000925064087,0.0,3.814697265625e-06,4.0946852325771905,265,
C:\Users\Hamada.MSI\Desktop\Hamada\lab\data\raw\images\McGill Calibrated Color Image Database\Textures\Textures\pippin_adirondacks0025.tif,C:\Users\Hamada.MSI\Desktop\Hamada\lab\data\raw\images\McGill Calibrated Color Image Database\Textures\Textures\pippin_UniStrt013.tif,0.4472643733024597,0.4357694983482361,-0.011494874954223633,0.011494874954223633,3.814697265625e-06,0.0,4.0946852325771905,265,
C:\Users\Hamada.MSI\Desktop\Hamada\lab\data\raw\images\McGill Calibrated Color Image Database\Textures\Textures\pippin_Mex07_011.tif,C:\Users\Hamada.MSI\Desktop\Hamada\lab\data\raw\images\McGill Calibrated Color Image Database\Textures\Textures\pippin_RVHtexture015.tif,0.43821442127227783,0.42672914266586304,-0.011485278606414795,0.011485278606414795,0.0,3.814697265625e-06,4.0946852325771905,265,
C:\Users\Hamada.MSI\Desktop\Hamada\lab\data\raw\images\McGill Calibrated Color Image Database\Textures\Textures\merry_mexico0154.tif,C:\Users\Hamada.MSI\Desktop\Hamada\lab\data\raw\images\McGill Calibrated Color Image Database\Textures\Textures\merry_mtl07_008.tif,0.377635657787323,0.366155207157135,-0.011480450630187988,0.011480450630187988,0.0,0.0,4.0946852325771905,265,
C:\Users\Hamada.MSI\Desktop\Hamada\lab\data\raw\images\McGill Calibrated Color Image Database\Textures\Textures\merry_mexico0118.tif,C:\Users\Hamada.MSI\Desktop\Hamada\lab\data\raw\images\McGill Calibrated Color Image Database\Textures\Textures\pippin_adirondacks0025.tif,0.3277518153190613,0.339202880859375,0.01145106554031372,0.01145106554031372,1.1444091796875e-05,0.0,4.0946852325771905,265,
C:\Users\Hamada.MSI\Desktop\Hamada\lab\data\raw\images\McGill Calibrated Color Image Database\Textures\Textures\pippin_UniStrt024.tif,C:\Users\Hamada.MSI\Desktop\Hamada\lab\data\raw\images\McGill Calibrated Color Image Database\Textures\Textures\merry_mexico0121.tif,0.5651854276657104,0.5766004323959351,0.01141500473022461,0.01141500473022461,0.0,0.0,4.0946852325771905,265,
C:\Users\Hamada.MSI\Desktop\Hamada\lab\data\raw\images\McGill Calibrated Color Image Database\Textures\Textures\merry_mexico0121.tif,C:\Users\Hamada.MSI\Desktop\Hamada\lab\data\raw\images\McGill Calibrated Color Image Database\Textures\Textures\pippin_RVHtexture016.tif,0.3616912364959717,0.350324809551239,-0.011366426944732666,0.011366426944732666,0.0,0.0,4.0946852325771905,265,
C:\Users\Hamada.MSI\Desktop\Hamada\lab\data\raw\images\McGill Calibrated Color Image Database\Textures\Textures\merry_mtl07_025.tif,C:\Users\Hamada.MSI\Desktop\Hamada\lab\data\raw\images\McGill Calibrated Color Image Database\Textures\Textures\pippin_RVHtexture008.tif,0.5244529247283936,0.513107419013977,-0.011345505714416504,0.011345505714416504,0.0,1.1444091796875e-05,4.0946852325771905,265,
C:\Users\Hamada.MSI\Desktop\Hamada\lab\data\raw\images\McGill Calibrated Color Image Database\Textures\Textures\merry_mtl07_034.tif,C:\Users\Hamada.MSI\Desktop\Hamada\lab\data\raw\images\McGill Calibrated Color Image Database\Textures\Textures\pippin_Peel043.tif,0.308616578578949,0.29728591442108154,-0.011330664157867432,0.011330664157867432,0.00011444091796875,1.9073486328125e-05,4.0946852325771905,265,
C:\Users\Hamada.MSI\Desktop\Hamada\lab\data\raw\images\McGill Calibrated Color Image Database\Textures\Textures\pippin_adirondacks0025.tif,C:\Users\Hamada.MSI\Desktop\Hamada\lab\data\raw\images\McGill Calibrated Color Image Database\Textures\Textures\pippin_Peel018.tif,0.46250277757644653,0.4512096047401428,-0.011293172836303711,0.011293172836303711,0.0,0.0,4.0946852325771905,265,
C:\Users\Hamada.MSI\Desktop\Hamada\lab\data\raw\images\McGill Calibrated Color Image Database\Textures\Textures\pippin_RVHtexture023.tif,C:\Users\Hamada.MSI\Desktop\Hamada\lab\data\raw\images\McGill Calibrated Color Image Database\Textures\Textures\pippin_adirondacks0013.tif,0.30813106894493103,0.296846866607666,-0.011284202337265015,0.011284202337265015,0.0,0.0,4.0946852325771905,265,
C:\Users\Hamada.MSI\Desktop\Hamada\lab\data\raw\images\McGill Calibrated Color Image Database\Textures\Textures\merry_mtl07_005.tif,C:\Users\Hamada.MSI\Desktop\Hamada\lab\data\raw\images\McGill Calibrated Color Image Database\Textures\Textures\pippin_park0054.tif,0.33973613381385803,0.32845640182495117,-0.01127973198890686,0.01127973198890686,0.0,1.52587890625e-05,4.0946852325771905,265,
C:\Users\Hamada.MSI\Desktop\Hamada\lab\data\raw\images\McGill Calibrated Color Image Database\Textures\Textures\merry_mexico0121.tif,C:\Users\Hamada.MSI\Desktop\Hamada\lab\data\raw\images\McGill Calibrated Color Image Database\Textures\Textures\pippin_park0055.tif,0.39473918080329895,0.38348567485809326,-0.011253505945205688,0.011253505945205688,0.0,0.0,4.0946852325771905,265,
C:\Users\Hamada.MSI\Desktop\Hamada\lab\data\raw\images\McGill Calibrated Color Image Database\Textures\Textures\merry_mtl07_034.tif,C:\Users\Hamada.MSI\Desktop\Hamada\lab\data\raw\images\McGill Calibrated Color Image Database\Textures\Textures\pippin_park0055.tif,0.29348820447921753,0.28223663568496704,-0.011251568794250488,0.011251568794250488,0.0,1.1444091796875e-05,4.0946852325771905,265,
C:\Users\Hamada.MSI\Desktop\Hamada\lab\data\raw\images\McGill Calibrated Color Image Database\Textures\Textures\pippin_UniStrt024.tif,C:\Users\Hamada.MSI\Desktop\Hamada\lab\data\raw\images\McGill Calibrated Color Image Database\Textures\Textures\pippin_RVHtexture013.tif,0.5852716565132141,0.5740213394165039,-0.011250317096710205,0.011250317096710205,0.0,0.0,4.0946852325771905,265,
C:\Users\Hamada.MSI\Desktop\Hamada\lab\data\raw\images\McGill Calibrated Color Image Database\Textures\Textures\pippin_adirondacks0025.tif,C:\Users\Hamada.MSI\Desktop\Hamada\lab\data\raw\images\McGill Calibrated Color Image Database\Textures\Textures\pippin_adirondacks0025.tif,0.3343976140022278,0.3456310033798218,0.011233389377593994,0.011233389377593994,8.392333984375e-05,0.00014495849609375,4.0946852325771905,265,
C:\Users\Hamada.MSI\Desktop\Hamada\lab\data\raw\images\McGill Calibrated Color Image Database\Textures\Textures\merry_mexico0154.tif,C:\Users\Hamada.MSI\Desktop\Hamada\lab\data\raw\images\McGill Calibrated Color Image Database\Textures\Textures\pippin_RVHtexture001.tif,0.29239287972450256,0.30357927083969116,0.011186391115188599,0.011186391115188599,0.0,3.814697265625e-06,4.0946852325771905,265,
C:\Users\Hamada.MSI\Desktop\Hamada\lab\data\raw\images\McGill Calibrated Color Image Database\Textures\Textures\pippin_UniStrt024.tif,C:\Users\Hamada.MSI\Desktop\Hamada\lab\data\raw\images\McGill Calibrated Color Image Database\Textures\Textures\pippin_park0038.tif,0.521714448928833,0.5105624198913574,-0.011152029037475586,0.011152029037475586,0.0,0.0,4.0946852325771905,265,
C:\Users\Hamada.MSI\Desktop\Hamada\lab\data\raw\images\McGill Calibrated Color Image Database\Textures\Textures\pippin_park0035.tif,C:\Users\Hamada.MSI\Desktop\Hamada\lab\data\raw\images\McGill Calibrated Color Image Database\Textures\Textures\pippin_UniStrt029.tif,0.46438392996788025,0.45327550172805786,-0.011108428239822388,0.011108428239822388,0.0,0.0,4.0946852325771905,265,
C:\Users\Hamada.MSI\Desktop\Hamada\lab\data\raw\images\McGill Calibrated Color Image Database\Textures\Textures\merry_mexico0118.tif,C:\Users\Hamada.MSI\Desktop\Hamada\lab\data\raw\images\McGill Calibrated Color Image Database\Textures\Textures\pippin_RVHtexture013.tif,0.46373042464256287,0.45263516902923584,-0.011095255613327026,0.011095255613327026,0.0,0.0,4.0946852325771905,265,
C:\Users\Hamada.MSI\Desktop\Hamada\lab\data\raw\images\McGill Calibrated Color Image Database\Textures\Textures\pippin_park0035.tif,C:\Users\Hamada.MSI\Desktop\Hamada\lab\data\raw\images\McGill Calibrated Color Image Database\Textures\Textures\pippin_ParcSafari050.tif,0.41151678562164307,0.40043675899505615,-0.011080026626586914,0.011080026626586914,0.0,0.0,4.0946852325771905,265,
C:\Users\Hamada.MSI\Desktop\Hamada\lab\data\raw\images\McGill Calibrated Color Image Database\Textures\Textures\merry_mtl07_005.tif,C:\Users\Hamada.MSI\Desktop\Hamada\lab\data\raw\images\McGill Calibrated Color Image Database\Textures\Textures\pippin_RS_YachtClub019.tif,0.28561291098594666,0.2745344936847687,-0.011078417301177979,0.011078417301177979,0.45389556884765625,0.35324859619140625,4.0946852325771905,265,
C:\Users\Hamada.MSI\Desktop\Hamada\lab\data\raw\images\McGill Calibrated Color Image Database\Textures\Textures\merry_mexico0118.tif,C:\Users\Hamada.MSI\Desktop\Hamada\lab\data\raw\images\McGill Calibrated Color Image Database\Textures\Textures\pippin_spring0003.tif,0.4365711808204651,0.4254927635192871,-0.011078417301177979,0.011078417301177979,0.0,0.0,4.0946852325771905,265,
C:\Users\Hamada.MSI\Desktop\Hamada\lab\data\raw\images\McGill Calibrated Color Image Database\Textures\Textures\pippin_park0035.tif,C:\Users\Hamada.MSI\Desktop\Hamada\lab\data\raw\images\McGill Calibrated Color Image Database\Textures\Textures\pippin_park0010.tif,0.41792333126068115,0.4068828821182251,-0.011040449142456055,0.011040449142456055,0.0,0.0,4.0946852325771905,265,
C:\Users\Hamada.MSI\Desktop\Hamada\lab\data\raw\images\McGill Calibrated Color Image Database\Textures\Textures\pippin_Mex07_011.tif,C:\Users\Hamada.MSI\Desktop\Hamada\lab\data\raw\images\McGill Calibrated Color Image Database\Textures\Textures\pippin_Peel043.tif,0.43051889538764954,0.41951751708984375,-0.011001378297805786,0.011001378297805786,4.1961669921875e-05,1.1444091796875e-05,4.0946852325771905,265,
C:\Users\Hamada.MSI\Desktop\Hamada\lab\data\raw\images\McGill Calibrated Color Image Database\Textures\Textures\pippin_RVHtexture023.tif,C:\Users\Hamada.MSI\Desktop\Hamada\lab\data\raw\images\McGill Calibrated Color Image Database\Textures\Textures\pippin_RVHtexture002.tif,0.3850703239440918,0.37407273054122925,-0.010997593402862549,0.010997593402862549,0.0,0.0,4.0946852325771905,265,
C:\Users\Hamada.MSI\Desktop\Hamada\lab\data\raw\images\McGill Calibrated Color Image Database\Textures\Textures\pippin_adirondacks0025.tif,C:\Users\Hamada.MSI\Desktop\Hamada\lab\data\raw\images\McGill Calibrated Color Image Database\Textures\Textures\pippin_park0048.tif,0.31210091710090637,0.3011094927787781,-0.010991424322128296,0.010991424322128296,4.9591064453125e-05,4.1961669921875e-05,4.0946852325771905,265,
C:\Users\Hamada.MSI\Desktop\Hamada\lab\data\raw\images\McGill Calibrated Color Image Database\Textures\Textures\merry_mexico0118.tif,C:\Users\Hamada.MSI\Desktop\Hamada\lab\data\raw\images\McGill Calibrated Color Image Database\Textures\Textures\pippin_RVHtexture002.tif,0.456418514251709,0.44547319412231445,-0.010945320129394531,0.010945320129394531,0.0,0.0,4.0946852325771905,265,
C:\Users\Hamada.MSI\Desktop\Hamada\lab\data\raw\images\McGill Calibrated Color Image Database\Textures\Textures\pippin_UniStrt024.tif,C:\Users\Hamada.MSI\Desktop\Hamada\lab\data\raw\images\McGill Calibrated Color Image Database\Textures\Textures\pippin_park0050.tif,0.5660341382026672,0.5550991296768188,-0.010935008525848389,0.010935008525848389,0.0,0.0,4.0946852325771905,265,
C:\Users\Hamada.MSI\Desktop\Hamada\lab\data\raw\images\McGill Calibrated Color Image Database\Textures\Textures\merry_mtl07_008.tif,C:\Users\Hamada.MSI\Desktop\Hamada\lab\data\raw\images\McGill Calibrated Color Image Database\Textures\Textures\merry_italy0171.tif,0.4767104685306549,0.48764097690582275,0.010930508375167847,0.010930508375167847,0.0,0.0,4.0946852325771905,265,
C:\Users\Hamada.MSI\Desktop\Hamada\lab\data\raw\images\McGill Calibrated Color Image Database\Textures\Textures\pippin_UniStrt024.tif,C:\Users\Hamada.MSI\Desktop\Hamada\lab\data\raw\images\McGill Calibrated Color Image Database\Textures\Textures\pippin_RVHtexture015.tif,0.5608621835708618,0.5499515533447266,-0.010910630226135254,0.010910630226135254,0.0,1.52587890625e-05,4.0946852325771905,265,
C:\Users\Hamada.MSI\Desktop\Hamada\lab\data\raw\images\McGill Calibrated Color Image Database\Textures\Textures\pippin_RVHtexture023.tif,C:\Users\Hamada.MSI\Desktop\Hamada\lab\data\raw\images\McGill Calibrated Color Image Database\Textures\Textures\merry_mtl07_001.tif,0.4225834608078003,0.4116751551628113,-0.010908305644989014,0.010908305644989014,0.0,0.0,4.0946852325771905,265,
C:\Users\Hamada.MSI\Desktop\Hamada\lab\data\raw\images\McGill Calibrated Color Image Database\Textures\Textures\pippin_adirondacks0025.tif,C:\Users\Hamada.MSI\Desktop\Hamada\lab\data\raw\images\McGill Calibrated Color Image Database\Textures\Textures\pippin_RVHtexture002.tif,0.45613372325897217,0.4452543556690216,-0.010879367589950562,0.010879367589950562,0.0,0.0,4.0946852325771905,265,
C:\Users\Hamada.MSI\Desktop\Hamada\lab\data\raw\images\McGill Calibrated Color Image Database\Textures\Textures\pippin_RVHtexture023.tif,C:\Users\Hamada.MSI\Desktop\Hamada\lab\data\raw\images\McGill Calibrated Color Image Database\Textures\Textures\pippin_jtalon0032.tif,0.38732630014419556,0.37646108865737915,-0.010865211486816406,0.010865211486816406,0.0,0.0,4.0946852325771905,265,
C:\Users\Hamada.MSI\Desktop\Hamada\lab\data\raw\images\McGill Calibrated Color Image Database\Textures\Textures\merry_mexico0118.tif,C:\Users\Hamada.MSI\Desktop\Hamada\lab\data\raw\images\McGill Calibrated Color Image Database\Textures\Textures\pippin_UniStrt021.tif,0.38769781589508057,0.3985556960105896,0.010857880115509033,0.010857880115509033,0.0,0.0,4.0946852325771905,265,
C:\Users\Hamada.MSI\Desktop\Hamada\lab\data\raw\images\McGill Calibrated Color Image Database\Textures\Textures\pippin_UniStrt024.tif,C:\Users\Hamada.MSI\Desktop\Hamada\lab\data\raw\images\McGill Calibrated Color Image Database\Textures\Textures\pippin_RS_YachtClub055.tif,0.5465991497039795,0.5357886552810669,-0.010810494422912598,0.010810494422912598,0.0,0.0,4.0946852325771905,265,
C:\Users\Hamada.MSI\Desktop\Hamada\lab\data\raw\images\McGill Calibrated Color Image Database\Textures\Textures\merry_mexico0121.tif,C:\Users\Hamada.MSI\Desktop\Hamada\lab\data\raw\images\McGill Calibrated Color Image Database\Textures\Textures\pippin_RVHtexture012.tif,0.41330763697624207,0.40249747037887573,-0.010810166597366333,0.010810166597366333,0.0,0.0,4.0946852325771905,265,
C:\Users\Hamada.MSI\Desktop\Hamada\lab\data\raw\images\McGill Calibrated Color Image Database\Textures\Textures\merry_mexico0118.tif,C:\Users\Hamada.MSI\Desktop\Hamada\lab\data\raw\images\McGill Calibrated Color Image Database\Textures\Textures\merry_mtl07_008.tif,0.4208737015724182,0.41007137298583984,-0.01080232858657837,0.01080232858657837,0.0,0.0,4.0946852325771905,265,
C:\Users\Hamada.MSI\Desktop\Hamada\lab\data\raw\images\McGill Calibrated Color Image Database\Textures\Textures\merry_mexico0121.tif,C:\Users\Hamada.MSI\Desktop\Hamada\lab\data\raw\images\McGill Calibrated Color Image Database\Textures\Textures\merry_mexico0121.tif,0.37447047233581543,0.385256290435791,0.010785818099975586,0.010785818099975586,2.288818359375e-05,0.0,4.0946852325771905,265,
C:\Users\Hamada.MSI\Desktop\Hamada\lab\data\raw\images\McGill Calibrated Color Image Database\Textures\Textures\pippin_park0035.tif,C:\Users\Hamada.MSI\Desktop\Hamada\lab\data\raw\images\McGill Calibrated Color Image Database\Textures\Textures\pippin_RVHtexture013.tif,0.4745941758155823,0.4638179540634155,-0.010776221752166748,0.010776221752166748,0.0,0.0,4.0946852325771905,265,
C:\Users\Hamada.MSI\Desktop\Hamada\lab\data\raw\images\McGill Calibrated Color Image Database\Textures\Textures\pippin_park0035.tif,C:\Users\Hamada.MSI\Desktop\Hamada\lab\data\raw\images\McGill Calibrated Color Image Database\Textures\Textures\pippin_park0040.tif,0.45649588108062744,0.4457792341709137,-0.010716646909713745,0.010716646909713745,0.0,0.0,4.0946852325771905,265,
C:\Users\Hamada.MSI\Desktop\Hamada\lab\data\raw\images\McGill Calibrated Color Image Database\Textures\Textures\merry_mtl07_005.tif,C:\Users\Hamada.MSI\Desktop\Hamada\lab\data\raw\images\McGill Calibrated Color Image Database\Textures\Textures\pippin_RVHtexture001.tif,0.2011384516954422,0.21182098984718323,0.010682538151741028,0.010682538151741028,0.0,1.52587890625e-05,4.0946852325771905,265,
C:\Users\Hamada.MSI\Desktop\Hamada\lab\data\raw\images\McGill Calibrated Color Image Database\Textures\Textures\merry_mtl07_025.tif,C:\Users\Hamada.MSI\Desktop\Hamada\lab\data\raw\images\McGill Calibrated Color Image Database\Textures\Textures\pippin_park0010.tif,0.5040877461433411,0.4934459328651428,-0.010641813278198242,0.010641813278198242,0.0,0.0,4.0946852325771905,265,
C:\Users\Hamada.MSI\Desktop\Hamada\lab\data\raw\images\McGill Calibrated Color Image Database\Textures\Textures\merry_mexico0121.tif,C:\Users\Hamada.MSI\Desktop\Hamada\lab\data\raw\images\McGill Calibrated Color Image Database\Textures\Textures\merry_mtl07_008.tif,0.39311110973358154,0.3824756145477295,-0.01063549518585205,0.01063549518585205,3.0517578125e-05,3.814697265625e-05,4.0946852325771905,265,
C:\Users\Hamada.MSI\Desktop\Hamada\lab\data\raw\images\McGill Calibrated Color Image Database\Textures\Textures\merry_mexico0121.tif,C:\Users\Hamada.MSI\Desktop\Hamada\lab\data\raw\images\McGill Calibrated Color Image Database\Textures\Textures\pippin_park0044.tif,0.3961898386478424,0.4068043529987335,0.010614514350891113,0.010614514350891113,0.0,0.0,4.0946852325771905,265,
C:\Users\Hamada.MSI\Desktop\Hamada\lab\data\raw\images\McGill Calibrated Color Image Database\Textures\Textures\pippin_UniStrt024.tif,C:\Users\Hamada.MSI\Desktop\Hamada\lab\data\raw\images\McGill Calibrated Color Image Database\Textures\Textures\pippin_park0039.tif,0.5363470315933228,0.5257608294487,-0.010586202144622803,0.010586202144622803,0.0,0.0,4.0946852325771905,265,
C:\Users\Hamada.MSI\Desktop\Hamada\lab\data\raw\images\McGill Calibrated Color Image Database\Textures\Textures\merry_mexico0118.tif,C:\Users\Hamada.MSI\Desktop\Hamada\lab\data\raw\images\McGill Calibrated Color Image Database\Textures\Textures\pippin_RS_YachtClub019.tif,0.3497937321662903,0.339221715927124,-0.01057201623916626,0.01057201623916626,0.007396697998046875,0.00504302978515625,4.0946852325771905,265,
C:\Users\Hamada.MSI\Desktop\Hamada\lab\data\raw\images\McGill Calibrated Color Image Database\Textures\Textures\merry_mexico0154.tif,C:\Users\Hamada.MSI\Desktop\Hamada\lab\data\raw\images\McGill Calibrated Color Image Database\Textures\Textures\pippin_UniStrt029.tif,0.4041111469268799,0.3935638666152954,-0.010547280311584473,0.010547280311584473,0.0,0.0,4.0946852325771905,265,
C:\Users\Hamada.MSI\Desktop\Hamada\lab\data\raw\images\McGill Calibrated Color Image Database\Textures\Textures\pippin_park0035.tif,C:\Users\Hamada.MSI\Desktop\Hamada\lab\data\raw\images\McGill Calibrated Color Image Database\Textures\Textures\pippin_RVHtexture012.tif,0.4685572385787964,0.45803648233413696,-0.010520756244659424,0.010520756244659424,0.0,0.0,4.0946852325771905,265,
C:\Users\Hamada.MSI\Desktop\Hamada\lab\data\raw\images\McGill Calibrated Color Image Database\Textures\Textures\merry_mexico0121.tif,C:\Users\Hamada.MSI\Desktop\Hamada\lab\data\raw\images\McGill Calibrated Color Image Database\Textures\Textures\pippin0063.tif,0.3635009825229645,0.35298946499824524,-0.010511517524719238,0.010511517524719238,0.0,0.0,4.0946852325771905,265,
C:\Users\Hamada.MSI\Desktop\Hamada\lab\data\raw\images\McGill Calibrated Color Image Database\Textures\Textures\pippin_UniStrt024.tif,C:\Users\Hamada.MSI\Desktop\Hamada\lab\data\raw\images\McGill Calibrated Color Image Database\Textures\Textures\pippin_park0048.tif,0.46607154607772827,0.4555734097957611,-0.010498136281967163,0.010498136281967163,1.9073486328125e-05,3.0517578125e-05,4.0946852325771905,265,
C:\Users\Hamada.MSI\Desktop\Hamada\lab\data\raw\images\McGill Calibrated Color Image Database\Textures\Textures\merry_mexico0154.tif,C:\Users\Hamada.MSI\Desktop\Hamada\lab\data\raw\images\McGill Calibrated Color Image Database\Textures\Textures\merry_mexico0154.tif,0.33398115634918213,0.3234897255897522,-0.010491430759429932,0.010491430759429932,0.0,0.0,4.0946852325771905,265,
C:\Users\Hamada.MSI\Desktop\Hamada\lab\data\raw\images\McGill Calibrated Color Image Database\Textures\Textures\merry_mtl07_025.tif,C:\Users\Hamada.MSI\Desktop\Hamada\lab\data\raw\images\McGill Calibrated Color Image Database\Textures\Textures\pippin_RVHtexture015.tif,0.5300694704055786,0.5195958018302917,-0.010473668575286865,0.010473668575286865,0.0,0.0,4.0946852325771905,265,
C:\Users\Hamada.MSI\Desktop\Hamada\lab\data\raw\images\McGill Calibrated Color Image Database\Textures\Textures\merry_mtl07_008.tif,C:\Users\Hamada.MSI\Desktop\Hamada\lab\data\raw\images\McGill Calibrated Color Image Database\Textures\Textures\pippin_park0048.tif,0.31589987874031067,0.3054277300834656,-0.010472148656845093,0.010472148656845093,0.0,0.0,4.0946852325771905,265,
C:\Users\Hamada.MSI\Desktop\Hamada\lab\data\raw\images\McGill Calibrated Color Image Database\Textures\Textures\merry_mtl07_005.tif,C:\Users\Hamada.MSI\Desktop\Hamada\lab\data\raw\images\McGill Calibrated Color Image Database\Textures\Textures\merry_flor0019.tif,0.27995604276657104,0.26950132846832275,-0.010454714298248291,0.010454714298248291,0.0,1.52587890625e-05,4.0946852325771905,265,
C:\Users\Hamada.MSI\Desktop\Hamada\lab\data\raw\images\McGill Calibrated Color Image Database\Textures\Textures\pippin_Mex07_011.tif,C:\Users\Hamada.MSI\Desktop\Hamada\lab\data\raw\images\McGill Calibrated Color Image Database\Textures\Textures\pippin_RVHtexture008.tif,0.42237088084220886,0.4119188189506531,-0.010452061891555786,0.010452061891555786,0.0,3.814697265625e-06,4.0946852325771905,265,
C:\Users\Hamada.MSI\Desktop\Hamada\lab\data\raw\images\McGill Calibrated Color Image Database\Textures\Textures\pippin_park0035.tif,C:\Users\Hamada.MSI\Desktop\Hamada\lab\data\raw\images\McGill Calibrated Color Image Database\Textures\Textures\pippin_park0049.tif,0.36983591318130493,0.35940200090408325,-0.01043391227722168,0.01043391227722168,0.0,0.0,4.0946852325771905,265,
C:\Users\Hamada.MSI\Desktop\Hamada\lab\data\raw\images\McGill Calibrated Color Image Database\Textures\Textures\merry_mtl07_008.tif,C:\Users\Hamada.MSI\Desktop\Hamada\lab\data\raw\images\McGill Calibrated Color Image Database\Textures\Textures\pippin_RVHtexture013.tif,0.45005571842193604,0.43964704871177673,-0.010408669710159302,0.010408669710159302,0.0,0.0,4.0946852325771905,265,
C:\Users\Hamada.MSI\Desktop\Hamada\lab\data\raw\images\McGill Calibrated Color Image Database\Textures\Textures\merry_mtl07_005.tif,C:\Users\Hamada.MSI\Desktop\Hamada\lab\data\raw\images\McGill Calibrated Color Image Database\Textures\Textures\pippin_park0037.tif,0.23610082268714905,0.22572286427021027,-0.010377958416938782,0.010377958416938782,0.0,1.52587890625e-05,4.0946852325771905,265,
C:\Users\Hamada.MSI\Desktop\Hamada\lab\data\raw\images\McGill Calibrated Color Image Database\Textures\Textures\pippin_Mex07_011.tif,C:\Users\Hamada.MSI\Desktop\Hamada\lab\data\raw\images\McGill Calibrated Color Image Database\Textures\Textures\pippin_RVHtexture012.tif,0.4530330300331116,0.4428006410598755,-0.010232388973236084,0.010232388973236084,0.0,3.814697265625e-06,4.0946852325771905,265,
C:\Users\Hamada.MSI\Desktop\Hamada\lab\data\raw\images\McGill Calibrated Color Image Database\Textures\Textures\merry_mexico0154.tif,C:\Users\Hamada.MSI\Desktop\Hamada\lab\data\raw\images\McGill Calibrated Color Image Database\Textures\Textures\pippin_RVHtexture013.tif,0.412630170583725,0.40242964029312134,-0.010200530290603638,0.010200530290603638,0.0,0.0,4.0946852325771905,265,
C:\Users\Hamada.MSI\Desktop\Hamada\lab\data\raw\images\McGill Calibrated Color Image Database\Textures\Textures\merry_mtl07_005.tif,C:\Users\Hamada.MSI\Desktop\Hamada\lab\data\raw\images\McGill Calibrated Color Image Database\Textures\Textures\pippin_adirondacks0013.tif,0.22520582377910614,0.2150103747844696,-0.010195448994636536,0.010195448994636536,0.0,1.52587890625e-05,4.0946852325771905,265,
C:\Users\Hamada.MSI\Desktop\Hamada\lab\data\raw\images\McGill Calibrated Color Image Database\Textures\Textures\merry_mexico0154.tif,C:\Users\Hamada.MSI\Desktop\Hamada\lab\data\raw\images\McGill Calibrated Color Image Database\Textures\Textures\merry_mtl07_033.tif,0.2881689667701721,0.2780030369758606,-0.010165929794311523,0.010165929794311523,0.0,0.0,4.0946852325771905,265,
C:\Users\Hamada.MSI\Desktop\Hamada\lab\data\raw\images\McGill Calibrated Color Image Database\Textures\Textures\pippin_RVHtexture023.tif,C:\Users\Hamada.MSI\Desktop\Hamada\lab\data\raw\images\McGill Calibrated Color Image Database\Textures\Textures\pippin_UniStrt021.tif,0.30594009160995483,0.3161035180091858,0.010163426399230957,0.010163426399230957,0.0,0.0,4.0946852325771905,265,
C:\Users\Hamada.MSI\Desktop\Hamada\lab\data\raw\images\McGill Calibrated Color Image Database\Textures\Textures\merry_mexico0118.tif,C:\Users\Hamada.MSI\Desktop\Hamada\lab\data\raw\images\McGill Calibrated Color Image Database\Textures\Textures\pippin_RVHtexture014.tif,0.31211012601852417,0.3019634485244751,-0.010146677494049072,0.010146677494049072,0.0,0.0,4.0946852325771905,265,
C:\Users\Hamada.MSI\Desktop\Hamada\lab\data\raw\images\McGill Calibrated Color Image Database\Textures\Textures\pippin_RVHtexture023.tif,C:\Users\Hamada.MSI\Desktop\Hamada\lab\data\raw\images\McGill Calibrated Color Image Database\Textures\Textures\pippin_ParcSafari048.tif,0.3388095796108246,0.34893539547920227,0.010125815868377686,0.010125815868377686,0.0,0.0,4.0946852325771905,265,
C:\Users\Hamada.MSI\Desktop\Hamada\lab\data\raw\images\McGill Calibrated Color Image Database\Textures\Textures\merry_mexico0219.tif,C:\Users\Hamada.MSI\Desktop\Hamada\lab\data\raw\images\McGill Calibrated Color Image Database\Textures\Textures\pippin_jtalon0032.tif,0.190273255109787,0.1802283227443695,-0.01004493236541748,0.01004493236541748,0.0,0.0,4.0946852325771905,265,
C:\Users\Hamada.MSI\Desktop\Hamada\lab\data\raw\images\McGill Calibrated Color Image Database\Textures\Textures\merry_mtl07_025.tif,C:\Users\Hamada.MSI\Desktop\Hamada\lab\data\raw\images\McGill Calibrated Color Image Database\Textures\Textures\pippin_RVHtexture002.tif,0.5391882061958313,0.5291903018951416,-0.009997904300689697,0.009997904300689697,0.0,0.0,4.0946852325771905,265,
C:\Users\Hamada.MSI\Desktop\Hamada\lab\data\raw\images\McGill Calibrated Color Image Database\Textures\Textures\pippin_RVHtexture023.tif,C:\Users\Hamada.MSI\Desktop\Hamada\lab\data\raw\images\McGill Calibrated Color Image Database\Textures\Textures\pippin_RVHtexture013.tif,0.391715943813324,0.3817839026451111,-0.00993204116821289,0.00993204116821289,0.0,0.0,4.0946852325771905,265,
C:\Users\Hamada.MSI\Desktop\Hamada\lab\data\raw\images\McGill Calibrated Color Image Database\Textures\Textures\merry_mtl07_025.tif,C:\Users\Hamada.MSI\Desktop\Hamada\lab\data\raw\images\McGill Calibrated Color Image Database\Textures\Textures\pippin_RVHtexture004.tif,0.3362516462802887,0.3461812138557434,0.009929567575454712,0.009929567575454712,5.340576171875e-05,0.00011444091796875,4.0946852325771905,265,
C:\Users\Hamada.MSI\Desktop\Hamada\lab\data\raw\images\McGill Calibrated Color Image Database\Textures\Textures\merry_mtl07_034.tif,C:\Users\Hamada.MSI\Desktop\Hamada\lab\data\raw\images\McGill Calibrated Color Image Database\Textures\Textures\pippin_park0037.tif,0.2696346044540405,0.2597147226333618,-0.009919881820678711,0.009919881820678711,0.0,1.1444091796875e-05,4.0946852325771905,265,
C:\Users\Hamada.MSI\Desktop\Hamada\lab\data\raw\images\McGill Calibrated Color Image Database\Textures\Textures\pippin_UniStrt024.tif,C:\Users\Hamada.MSI\Desktop\Hamada\lab\data\raw\images\McGill Calibrated Color Image Database\Textures\Textures\pippin_UniStrt021.tif,0.5200902223587036,0.5300046801567078,0.00991445779800415,0.00991445779800415,0.0,0.0,4.0946852325771905,265,
C:\Users\Hamada.MSI\Desktop\Hamada\lab\data\raw\images\McGill Calibrated Color Image Database\Textures\Textures\pippin_adirondacks0025.tif,C:\Users\Hamada.MSI\Desktop\Hamada\lab\data\raw\images\McGill Calibrated Color Image Database\Textures\Textures\pippin_UniStrt029.tif,0.43903738260269165,0.42912378907203674,-0.009913593530654907,0.009913593530654907,0.0,0.0,4.0946852325771905,265,
C:\Users\Hamada.MSI\Desktop\Hamada\lab\data\raw\images\McGill Calibrated Color Image Database\Textures\Textures\merry_mtl07_025.tif,C:\Users\Hamada.MSI\Desktop\Hamada\lab\data\raw\images\McGill Calibrated Color Image Database\Textures\Textures\merry_mexico0121.tif,0.5240234136581421,0.5339212417602539,0.009897828102111816,0.009897828102111816,0.0,0.0,4.0946852325771905,265,
C:\Users\Hamada.MSI\Desktop\Hamada\lab\data\raw\images\McGill Calibrated Color Image Database\Textures\Textures\merry_mtl07_034.tif,C:\Users\Hamada.MSI\Desktop\Hamada\lab\data\raw\images\McGill Calibrated Color Image Database\Textures\Textures\merry_mexico0122.tif,0.26396751403808594,0.25407901406288147,-0.009888499975204468,0.009888499975204468,0.0,1.1444091796875e-05,4.0946852325771905,265,
C:\Users\Hamada.MSI\Desktop\Hamada\lab\data\raw\images\McGill Calibrated Color Image Database\Textures\Textures\pippin_park0035.tif,C:\Users\Hamada.MSI\Desktop\Hamada\lab\data\raw\images\McGill Calibrated Color Image Database\Textures\Textures\pippin_Peel109.tif,0.4684959053993225,0.45861053466796875,-0.00988537073135376,0.00988537073135376,0.0,0.0,4.0946852325771905,265,
C:\Users\Hamada.MSI\Desktop\Hamada\lab\data\raw\images\McGill Calibrated Color Image Database\Textures\Textures\merry_mtl07_025.tif,C:\Users\Hamada.MSI\Desktop\Hamada\lab\data\raw\images\McGill Calibrated Color Image Database\Textures\Textures\merry_mexico0140.tif,0.4636421203613281,0.45377498865127563,-0.00986713171005249,0.00986713171005249,0.0,3.814697265625e-06,4.0946852325771905,265,
C:\Users\Hamada.MSI\Desktop\Hamada\lab\data\raw\images\McGill Calibrated Color Image Database\Textures\Textures\merry_mtl07_025.tif,C:\Users\Hamada.MSI\Desktop\Hamada\lab\data\raw\images\McGill Calibrated Color Image Database\Textures\Textures\pippin_ParcSafari050.tif,0.49335572123527527,0.4834902286529541,-0.009865492582321167,0.009865492582321167,2.6702880859375e-05,4.9591064453125e-05,4.0946852325771905,265,
C:\Users\Hamada.MSI\Desktop\Hamada\lab\data\raw\images\McGill Calibrated Color Image Database\Textures\Textures\merry_mtl07_008.tif,C:\Users\Hamada.MSI\Desktop\Hamada\lab\data\raw\images\McGill Calibrated Color Image Database\Textures\Textures\pippin_RVHtexture001.tif,0.3395043611526489,0.34936442971229553,0.009860068559646606,0.009860068559646606,0.0,0.0,4.0946852325771905,265,
C:\Users\Hamada.MSI\Desktop\Hamada\lab\data\raw\images\McGill Calibrated Color Image Database\Textures\Textures\merry_mtl07_025.tif,C:\Users\Hamada.MSI\Desktop\Hamada\lab\data\raw\images\McGill Calibrated Color Image Database\Textures\Textures\pippin_RVHtexture026.tif,0.4976639151573181,0.4878042936325073,-0.009859621524810791,0.009859621524810791,0.0,0.0,4.0946852325771905,265,
C:\Users\Hamada.MSI\Desktop\Hamada\lab\data\raw\images\McGill Calibrated Color Image Database\Textures\Textures\merry_mexico0219.tif,C:\Users\Hamada.MSI\Desktop\Hamada\lab\data\raw\images\McGill Calibrated Color Image Database\Textures\Textures\pippin_jtalon0022.tif,0.1865234375,0.1766834408044815,-0.009839996695518494,0.009839996695518494,0.0,0.0,4.0946852325771905,265,
C:\Users\Hamada.MSI\Desktop\Hamada\lab\data\raw\images\McGill Calibrated Color Image Database\Textures\Textures\pippin_adirondacks0025.tif,C:\Users\Hamada.MSI\Desktop\Hamada\lab\data\raw\images\McGill Calibrated Color Image Database\Textures\Textures\pippin_RS_YachtClub047.tif,0.4314984381198883,0.42166024446487427,-0.009838193655014038,0.009838193655014038,0.0,0.0,4.0946852325771905,265,
C:\Users\Hamada.MSI\Desktop\Hamada\lab\data\raw\images\McGill Calibrated Color Image Database\Textures\Textures\merry_mexico0118.tif,C:\Users\Hamada.MSI\Desktop\Hamada\lab\data\raw\images\McGill Calibrated Color Image Database\Textures\Textures\pippin_UniStrt013.tif,0.4435231685638428,0.43369606137275696,-0.009827107191085815,0.009827107191085815,0.0,0.0,4.0946852325771905,265,
C:\Users\Hamada.MSI\Desktop\Hamada\lab\data\raw\images\McGill Calibrated Color Image Database\Textures\Textures\pippin_adirondacks0025.tif,C:\Users\Hamada.MSI\Desktop\Hamada\lab\data\raw\images\McGill Calibrated Color Image Database\Textures\Textures\merry_mtl07_008.tif,0.42488598823547363,0.4150819778442383,-0.009804010391235352,0.009804010391235352,0.0,0.0,4.0946852325771905,265,
C:\Users\Hamada.MSI\Desktop\Hamada\lab\data\raw\images\McGill Calibrated Color Image Database\Textures\Textures\merry_mtl07_005.tif,C:\Users\Hamada.MSI\Desktop\Hamada\lab\data\raw\images\McGill Calibrated Color Image Database\Textures\Textures\pippin_RS_YachtClub047.tif,0.31325531005859375,0.3034542202949524,-0.009801089763641357,0.009801089763641357,0.0,1.52587890625e-05,4.0946852325771905,265,
C:\Users\Hamada.MSI\Desktop\Hamada\lab\data\raw\images\McGill Calibrated Color Image Database\Textures\Textures\pippin_RVHtexture023.tif,C:\Users\Hamada.MSI\Desktop\Hamada\lab\data\raw\images\McGill Calibrated Color Image Database\Textures\Textures\pippin_jtalon0015.tif,0.40021488070487976,0.3904285728931427,-0.00978630781173706,0.00978630781173706,0.0,0.0,4.0946852325771905,265,
C:\Users\Hamada.MSI\Desktop\Hamada\lab\data\raw\images\McGill Calibrated Color Image Database\Textures\Textures\merry_mtl07_008.tif,C:\Users\Hamada.MSI\Desktop\Hamada\lab\data\raw\images\McGill Calibrated Color Image Database\Textures\Textures\pippin0063.tif,0.3988645672798157,0.3890826106071472,-0.009781956672668457,0.009781956672668457,0.0,0.0,4.0946852325771905,265,
C:\Users\Hamada.MSI\Desktop\Hamada\lab\data\raw\images\McGill Calibrated Color Image Database\Textures\Textures\merry_mexico0118.tif,C:\Users\Hamada.MSI\Desktop\Hamada\lab\data\raw\images\McGill Calibrated Color Image Database\Textures\Textures\pippin_RVHtexture001.tif,0.33532097935676575,0.3450887203216553,0.009767740964889526,0.009767740964889526,0.0,0.0,4.0946852325771905,265,
C:\Users\Hamada.MSI\Desktop\Hamada\lab\data\raw\images\McGill Calibrated Color Image Database\Textures\Textures\merry_mexico0154.tif,C:\Users\Hamada.MSI\Desktop\Hamada\lab\data\raw\images\McGill Calibrated Color Image Database\Textures\Textures\pippin_RVHtexture002.tif,0.4083830714225769,0.3986257016658783,-0.009757369756698608,0.009757369756698608,0.0,0.0,4.0946852325771905,265,
C:\Users\Hamada.MSI\Desktop\Hamada\lab\data\raw\images\McGill Calibrated Color Image Database\Textures\Textures\pippin_Mex07_011.tif,C:\Users\Hamada.MSI\Desktop\Hamada\lab\data\raw\images\McGill Calibrated Color Image Database\Textures\Textures\pippin_Peel109.tif,0.4518113434314728,0.44207096099853516,-0.009740382432937622,0.009740382432937622,0.0,3.814697265625e-06,4.0946852325771905,265,
C:\Users\Hamada.MSI\Desktop\Hamada\lab\data\raw\images\McGill Calibrated Color Image Database\Textures\Textures\pippin_adirondacks0025.tif,C:\Users\Hamada.MSI\Desktop\Hamada\lab\data\raw\images\McGill Calibrated Color Image Database\Textures\Textures\pippin_jtalon0015.tif,0.4743625521659851,0.4646435081958771,-0.009719043970108032,0.009719043970108032,0.0,0.0,4.0946852325771905,265,
C:\Users\Hamada.MSI\Desktop\Hamada\lab\data\raw\images\McGill Calibrated Color Image Database\Textures\Textures\merry_mexico0154.tif,C:\Users\Hamada.MSI\Desktop\Hamada\lab\data\raw\images\McGill Calibrated Color Image Database\Textures\Textures\pippin_RS_YachtClub026.tif,0.4062630534172058,0.3965461850166321,-0.00971686840057373,0.00971686840057373,0.0,0.0,4.0946852325771905,265,
C:\Users\Hamada.MSI\Desktop\Hamada\lab\data\raw\images\McGill Calibrated Color Image Database\Textures\Textures\pippin_park0035.tif,C:\Users\Hamada.MSI\Desktop\Hamada\lab\data\raw\images\McGill Calibrated Color Image Database\Textures\Textures\pippin_park0058.tif,0.39278435707092285,0.3830777704715729,-0.009706586599349976,0.009706586599349976,0.0,0.0,4.0946852325771905,265,
C:\Users\Hamada.MSI\Desktop\Hamada\lab\data\raw\images\McGill Calibrated Color Image Database\Textures\Textures\merry_mexico0154.tif,C:\Users\Hamada.MSI\Desktop\Hamada\lab\data\raw\images\McGill Calibrated Color Image Database\Textures\Textures\pippin_spring0003.tif,0.3911892771720886,0.38148579001426697,-0.009703487157821655,0.009703487157821655,0.0,0.0,4.0946852325771905,265,
C:\Users\Hamada.MSI\Desktop\Hamada\lab\data\raw\images\McGill Calibrated Color Image Database\Textures\Textures\pippin_RVHtexture023.tif,C:\Users\Hamada.MSI\Desktop\Hamada\lab\data\raw\images\McGill Calibrated Color Image Database\Textures\Textures\pippin0178.tif,0.4158349931240082,0.40614455938339233,-0.009690433740615845,0.009690433740615845,0.0,0.0,4.0946852325771905,265,
C:\Users\Hamada.MSI\Desktop\Hamada\lab\data\raw\images\McGill Calibrated Color Image Database\Textures\Textures\merry_mtl07_005.tif,C:\Users\Hamada.MSI\Desktop\Hamada\lab\data\raw\images\McGill Calibrated Color Image Database\Textures\Textures\pippin_RS_YachtClub006.tif,0.2510325014591217,0.24135223031044006,-0.00968027114868164,0.00968027114868164,0.0,1.52587890625e-05,4.0946852325771905,265,
C:\Users\Hamada.MSI\Desktop\Hamada\lab\data\raw\images\McGill Calibrated Color Image Database\Textures\Textures\merry_mexico0121.tif,C:\Users\Hamada.MSI\Desktop\Hamada\lab\data\raw\images\McGill Calibrated Color Image Database\Textures\Textures\pippin_park0050.tif,0.40839314460754395,0.3987230360507965,-0.009670108556747437,0.009670108556747437,0.0,0.0,4.0946852325771905,265,
C:\Users\Hamada.MSI\Desktop\Hamada\lab\data\raw\images\McGill Calibrated Color Image Database\Textures\Textures\pippin_adirondacks0025.tif,C:\Users\Hamada.MSI\Desktop\Hamada\lab\data\raw\images\McGill Calibrated Color Image Database\Textures\Textures\merry_mexico0123.tif,0.4308091700077057,0.4211413860321045,-0.009667783975601196,0.009667783975601196,0.0,0.0,4.0946852325771905,265,
C:\Users\Hamada.MSI\Desktop\Hamada\lab\data\raw\images\McGill Calibrated Color Image Database\Textures\Textures\pippin_UniStrt024.tif,C:\Users\Hamada.MSI\Desktop\Hamada\lab\data\raw\images\McGill Calibrated Color Image Database\Textures\Textures\pippin_adirondacks0013.tif,0.5247573852539062,0.5151379704475403,-0.009619414806365967,0.009619414806365967,0.0,0.0,4.0946852325771905,265,
C:\Users\Hamada.MSI\Desktop\Hamada\lab\data\raw\images\McGill Calibrated Color Image Database\Textures\Textures\merry_mexico0118.tif,C:\Users\Hamada.MSI\Desktop\Hamada\lab\data\raw\images\McGill Calibrated Color Image Database\Textures\Textures\merry_mtl07_003.tif,0.49463722109794617,0.4850287437438965,-0.009608477354049683,0.009608477354049683,0.0,0.0,4.0946852325771905,265,
C:\Users\Hamada.MSI\Desktop\Hamada\lab\data\raw\images\McGill Calibrated Color Image Database\Textures\Textures\merry_mexico0118.tif,C:\Users\Hamada.MSI\Desktop\Hamada\lab\data\raw\images\McGill Calibrated Color Image Database\Textures\Textures\merry_mtl07_033.tif,0.32329750061035156,0.31368905305862427,-0.009608447551727295,0.009608447551727295,0.0,0.0,4.0946852325771905,265,
C:\Users\Hamada.MSI\Desktop\Hamada\lab\data\raw\images\McGill Calibrated Color Image Database\Textures\Textures\merry_mtl07_005.tif,C:\Users\Hamada.MSI\Desktop\Hamada\lab\data\raw\images\McGill Calibrated Color Image Database\Textures\Textures\pippin_RVHtexture013.tif,0.3414195477962494,0.3318135738372803,-0.009605973958969116,0.009605973958969116,0.0,1.52587890625e-05,4.0946852325771905,265,
C:\Users\Hamada.MSI\Desktop\Hamada\lab\data\raw\images\McGill Calibrated Color Image Database\Textures\Textures\pippin_park0035.tif,C:\Users\Hamada.MSI\Desktop\Hamada\lab\data\raw\images\McGill Calibrated Color Image Database\Textures\Textures\pippin_RVHtexture001.tif,0.34832051396369934,0.35791659355163574,0.009596079587936401,0.009596079587936401,0.0,0.0,4.0946852325771905,265,
C:\Users\Hamada.MSI\Desktop\Hamada\lab\data\raw\images\McGill Calibrated Color Image Database\Textures\Textures\merry_mtl07_008.tif,C:\Users\Hamada.MSI\Desktop\Hamada\lab\data\raw\images\McGill Calibrated Color Image Database\Textures\Textures\pippin_park0040.tif,0.44369709491729736,0.4341028332710266,-0.009594261646270752,0.009594261646270752,0.0,0.0,4.0946852325771905,265,
C:\Users\Hamada.MSI\Desktop\Hamada\lab\data\raw\images\McGill Calibrated Color Image Database\Textures\Textures\merry_mexico0121.tif,C:\Users\Hamada.MSI\Desktop\Hamada\lab\data\raw\images\McGill Calibrated Color Image Database\Textures\Textures\merry_mtl07_034.tif,0.4212680757045746,0.41168808937072754,-0.009579986333847046,0.009579986333847046,0.0,0.0,4.0946852325771905,265,
C:\Users\Hamada.MSI\Desktop\Hamada\lab\data\raw\images\McGill Calibrated Color Image Database\Textures\Textures\merry_mexico0121.tif,C:\Users\Hamada.MSI\Desktop\Hamada\lab\data\raw\images\McGill Calibrated Color Image Database\Textures\Textures\pippin_RVHtexture015.tif,0.41045722365379333,0.40087825059890747,-0.009578973054885864,0.009578973054885864,0.0,0.0,4.0946852325771905,265,
C:\Users\Hamada.MSI\Desktop\Hamada\lab\data\raw\images\McGill Calibrated Color Image Database\Textures\Textures\merry_mtl07_034.tif,C:\Users\Hamada.MSI\Desktop\Hamada\lab\data\raw\images\McGill Calibrated Color Image Database\Textures\Textures\pippin_RVHtexture015.tif,0.33480942249298096,0.32523566484451294,-0.009573757648468018,0.009573757648468018,0.0,1.1444091796875e-05,4.0946852325771905,265,
C:\Users\Hamada.MSI\Desktop\Hamada\lab\data\raw\images\McGill Calibrated Color Image Database\Textures\Textures\merry_mexico0121.tif,C:\Users\Hamada.MSI\Desktop\Hamada\lab\data\raw\images\McGill Calibrated Color Image Database\Textures\Textures\merry_mtl07_033.tif,0.29609987139701843,0.28652870655059814,-0.009571164846420288,0.009571164846420288,0.0,0.0,4.0946852325771905,265,
C:\Users\Hamada.MSI\Desktop\Hamada\lab\data\raw\images\McGill Calibrated Color Image Database\Textures\Textures\merry_mtl07_025.tif,C:\Users\Hamada.MSI\Desktop\Hamada\lab\data\raw\images\McGill Calibrated Color Image Database\Textures\Textures\pippin_UniStrt021.tif,0.47940224409103394,0.48896846175193787,0.00956621766090393,0.00956621766090393,0.0,0.0,4.0946852325771905,265,
C:\Users\Hamada.MSI\Desktop\Hamada\lab\data\raw\images\McGill Calibrated Color Image Database\Textures\Textures\merry_mexico0154.tif,C:\Users\Hamada.MSI\Desktop\Hamada\lab\data\raw\images\McGill Calibrated Color Image Database\Textures\Textures\pippin_RS_YachtClub006.tif,0.34763866662979126,0.33810123801231384,-0.009537428617477417,0.009537428617477417,0.0,0.0,4.0946852325771905,265,
C:\Users\Hamada.MSI\Desktop\Hamada\lab\data\raw\images\McGill Calibrated Color Image Database\Textures\Textures\pippin_Mex07_011.tif,C:\Users\Hamada.MSI\Desktop\Hamada\lab\data\raw\images\McGill Calibrated Color Image Database\Textures\Textures\pippin_park0040.tif,0.44446539878845215,0.4349297285079956,-0.009535670280456543,0.009535670280456543,0.0,3.814697265625e-06,4.0946852325771905,265,
C:\Users\Hamada.MSI\Desktop\Hamada\lab\data\raw\images\McGill Calibrated Color Image Database\Textures\Textures\pippin_Mex07_011.tif,C:\Users\Hamada.MSI\Desktop\Hamada\lab\data\raw\images\McGill Calibrated Color Image Database\Textures\Textures\pippin_UniStrt029.tif,0.4532478153705597,0.44371774792671204,-0.009530067443847656,0.009530067443847656,0.0,3.814697265625e-06,4.0946852325771905,265,
C:\Users\Hamada.MSI\Desktop\Hamada\lab\data\raw\images\McGill Calibrated Color Image Database\Textures\Textures\pippin_park0035.tif,C:\Users\Hamada.MSI\Desktop\Hamada\lab\data\raw\images\McGill Calibrated Color Image Database\Textures\Textures\pippin_RVHtexture002.tif,0.46593767404556274,0.45642203092575073,-0.009515643119812012,0.009515643119812012,0.0,0.0,4.0946852325771905,265,
C:\Users\Hamada.MSI\Desktop\Hamada\lab\data\raw\images\McGill Calibrated Color Image Database\Textures\Textures\pippin_Mex07_011.tif,C:\Users\Hamada.MSI\Desktop\Hamada\lab\data\raw\images\McGill Calibrated Color Image Database\Textures\Textures\pippin_Peel097.tif,0.48048245906829834,0.4709780812263489,-0.009504377841949463,0.009504377841949463,0.006320953369140625,0.003528594970703125,4.0946852325771905,265,
C:\Users\Hamada.MSI\Desktop\Hamada\lab\data\raw\images\McGill Calibrated Color Image Database\Textures\Textures\merry_mexico0154.tif,C:\Users\Hamada.MSI\Desktop\Hamada\lab\data\raw\images\McGill Calibrated Color Image Database\Textures\Textures\pippin_park0058.tif,0.32580041885375977,0.31630104780197144,-0.00949937105178833,0.00949937105178833,0.0,0.0,4.0946852325771905,265,
C:\Users\Hamada.MSI\Desktop\Hamada\lab\data\raw\images\McGill Calibrated Color Image Database\Textures\Textures\merry_mtl07_025.tif,C:\Users\Hamada.MSI\Desktop\Hamada\lab\data\raw\images\McGill Calibrated Color Image Database\Textures\Textures\merry_mtl07_034.tif,0.555391252040863,0.5459021925926208,-0.009489059448242188,0.009489059448242188,0.0,0.0,4.0946852325771905,265,
C:\Users\Hamada.MSI\Desktop\Hamada\lab\data\raw\images\McGill Calibrated Color Image Database\Textures\Textures\merry_mexico0219.tif,C:\Users\Hamada.MSI\Desktop\Hamada\lab\data\raw\images\McGill Calibrated Color Image Database\Textures\Textures\pippin_ParcSafari048.tif,0.14267203211784363,0.1521582007408142,0.009486168622970581,0.009486168622970581,0.0,0.0,4.0946852325771905,265,
C:\Users\Hamada.MSI\Desktop\Hamada\lab\data\raw\images\McGill Calibrated Color Image Database\Textures\Textures\merry_mtl07_008.tif,C:\Users\Hamada.MSI\Desktop\Hamada\lab\data\raw\images\McGill Calibrated Color Image Database\Textures\Textures\pippin_park0050.tif,0.4559224545955658,0.446446031332016,-0.009476423263549805,0.009476423263549805,0.0,0.0,4.0946852325771905,265,
C:\Users\Hamada.MSI\Desktop\Hamada\lab\data\raw\images\McGill Calibrated Color Image Database\Textures\Textures\merry_mtl07_034.tif,C:\Users\Hamada.MSI\Desktop\Hamada\lab\data\raw\images\McGill Calibrated Color Image Database\Textures\Textures\pippin_spring0006.tif,0.25326722860336304,0.26272088289260864,0.009453654289245605,0.009453654289245605,0.0,1.1444091796875e-05,4.0946852325771905,265,
C:\Users\Hamada.MSI\Desktop\Hamada\lab\data\raw\images\McGill Calibrated Color Image Database\Textures\Textures\merry_mexico0154.tif,C:\Users\Hamada.MSI\Desktop\Hamada\lab\data\raw\images\McGill Calibrated Color Image Database\Textures\Textures\pippin_RS_YachtClub047.tif,0.3850638270378113,0.3756110668182373,-0.009452760219573975,0.009452760219573975,0.0,0.0,4.0946852325771905,265,
C:\Users\Hamada.MSI\Desktop\Hamada\lab\data\raw\images\McGill Calibrated Color Image Database\Textures\Textures\merry_mexico0154.tif,C:\Users\Hamada.MSI\Desktop\Hamada\lab\data\raw\images\McGill Calibrated Color Image Database\Textures\Textures\pippin_spring0006.tif,0.3260731101036072,0.3355117440223694,0.009438633918762207,0.009438633918762207,0.0,0.0,4.0946852325771905,265,
C:\Users\Hamada.MSI\Desktop\Hamada\lab\data\raw\images\McGill Calibrated Color Image Database\Textures\Textures\pippin_park0035.tif,C:\Users\Hamada.MSI\Desktop\Hamada\lab\data\raw\images\McGill Calibrated Color Image Database\Textures\Textures\merry_mtl07_041.tif,0.4539487659931183,0.44451478123664856,-0.009433984756469727,0.009433984756469727,0.0,0.0,4.0946852325771905,265,
C:\Users\Hamada.MSI\Desktop\Hamada\lab\data\raw\images\McGill Calibrated Color Image Database\Textures\Textures\merry_mtl07_025.tif,C:\Users\Hamada.MSI\Desktop\Hamada\lab\data\raw\images\McGill Calibrated Color Image Database\Textures\Textures\pippin_park0060.tif,0.48250067234039307,0.4919186234474182,0.009417951107025146,0.009417951107025146,0.0,0.0,4.0946852325771905,265,
C:\Users\Hamada.MSI\Desktop\Hamada\lab\data\raw\images\McGill Calibrated Color Image Database\Textures\Textures\pippin_Mex07_011.tif,C:\Users\Hamada.MSI\Desktop\Hamada\lab\data\raw\images\McGill Calibrated Color Image Database\Textures\Textures\merry_mtl07_034.tif,0.4695967435836792,0.46023324131965637,-0.009363502264022827,0.009363502264022827,0.0,3.814697265625e-06,4.0946852325771905,265,
C:\Users\Hamada.MSI\Desktop\Hamada\lab\data\raw\images\McGill Calibrated Color Image Database\Textures\Textures\merry_mtl07_005.tif,C:\Users\Hamada.MSI\Desktop\Hamada\lab\data\raw\images\McGill Calibrated Color Image Database\Textures\Textures\pippin_park0040.tif,0.30214160680770874,0.29278355836868286,-0.009358048439025879,0.009358048439025879,0.0,1.52587890625e-05,4.0946852325771905,265,
C:\Users\Hamada.MSI\Desktop\Hamada\lab\data\raw\images\McGill Calibrated Color Image Database\Textures\Textures\pippin_adirondacks0025.tif,C:\Users\Hamada.MSI\Desktop\Hamada\lab\data\raw\images\McGill Calibrated Color Image Database\Textures\Textures\merry_mtl07_009.tif,0.46073636412620544,0.4514095187187195,-0.009326845407485962,0.009326845407485962,0.0,0.0,4.0946852325771905,265,
C:\Users\Hamada.MSI\Desktop\Hamada\lab\data\raw\images\McGill Calibrated Color Image Database\Textures\Textures\merry_mexico0118.tif,C:\Users\Hamada.MSI\Desktop\Hamada\lab\data\raw\images\McGill Calibrated Color Image Database\Textures\Textures\pippin_RVHtexture015.tif,0.4496247172355652,0.44029930233955383,-0.009325414896011353,0.009325414896011353,0.0,0.0,4.0946852325771905,265,
C:\Users\Hamada.MSI\Desktop\Hamada\lab\data\raw\images\McGill Calibrated Color Image Database\Textures\Textures\merry_mtl07_034.tif,C:\Users\Hamada.MSI\Desktop\Hamada\lab\data\raw\images\McGill Calibrated Color Image Database\Textures\Textures\pippin_park0050.tif,0.32202082872390747,0.31272047758102417,-0.0093003511428833,0.0093003511428833,0.0,1.1444091796875e-05,4.0946852325771905,265,
C:\Users\Hamada.MSI\Desktop\Hamada\lab\data\raw\images\McGill Calibrated Color Image Database\Textures\Textures\pippin_adirondacks0025.tif,C:\Users\Hamada.MSI\Desktop\Hamada\lab\data\raw\images\McGill Calibrated Color Image Database\Textures\Textures\pippin_RVHtexture015.tif,0.4509607255458832,0.44173765182495117,-0.009223073720932007,0.009223073720932007,0.0,1.1444091796875e-05,4.0946852325771905,265,
C:\Users\Hamada.MSI\Desktop\Hamada\lab\data\raw\images\McGill Calibrated Color Image Database\Textures\Textures\pippin_UniStrt024.tif,C:\Users\Hamada.MSI\Desktop\Hamada\lab\data\raw\images\McGill Calibrated Color Image Database\Textures\Textures\pippin_RS_YachtClub016.tif,0.5293929576873779,0.5201776027679443,-0.009215354919433594,0.009215354919433594,3.814697265625e-06,0.0,4.0946852325771905,265,
C:\Users\Hamada.MSI\Desktop\Hamada\lab\data\raw\images\McGill Calibrated Color Image Database\Textures\Textures\merry_mtl07_034.tif,C:\Users\Hamada.MSI\Desktop\Hamada\lab\data\raw\images\McGill Calibrated Color Image Database\Textures\Textures\pippin_RVHtexture013.tif,0.3348826467990875,0.32567793130874634,-0.009204715490341187,0.009204715490341187,0.0,1.1444091796875e-05,4.0946852325771905,265,
C:\Users\Hamada.MSI\Desktop\Hamada\lab\data\raw\images\McGill Calibrated Color Image Database\Textures\Textures\pippin_UniStrt024.tif,C:\Users\Hamada.MSI\Desktop\Hamada\lab\data\raw\images\McGill Calibrated Color Image Database\Textures\Textures\pippin_park0019.tif,0.5383026003837585,0.5291045904159546,-0.009198009967803955,0.009198009967803955,0.0,0.0,4.0946852325771905,265,
C:\Users\Hamada.MSI\Desktop\Hamada\lab\data\raw\images\McGill Calibrated Color Image Database\Textures\Textures\merry_mexico0121.tif,C:\Users\Hamada.MSI\Desktop\Hamada\lab\data\raw\images\McGill Calibrated Color Image Database\Textures\Textures\pippin0178.tif,0.4442996680736542,0.43510881066322327,-0.009190857410430908,0.009190857410430908,0.0,0.0,4.0946852325771905,265,
C:\Users\Hamada.MSI\Desktop\Hamada\lab\data\raw\images\McGill Calibrated Color Image Database\Textures\Textures\merry_mexico0121.tif,C:\Users\Hamada.MSI\Desktop\Hamada\lab\data\raw\images\McGill Calibrated Color Image Database\Textures\Textures\pippin_Peel071.tif,0.27883023023605347,0.26964396238327026,-0.009186267852783203,0.009186267852783203,0.0,0.0,4.0946852325771905,265,
C:\Users\Hamada.MSI\Desktop\Hamada\lab\data\raw\images\McGill Calibrated Color Image Database\Textures\Textures\merry_mtl07_025.tif,C:\Users\Hamada.MSI\Desktop\Hamada\lab\data\raw\images\McGill Calibrated Color Image Database\Textures\Textures\pippin_park0058.tif,0.45105409622192383,0.44187474250793457,-0.009179353713989258,0.009179353713989258,0.0,0.0,4.0946852325771905,265,
C:\Users\Hamada.MSI\Desktop\Hamada\lab\data\raw\images\McGill Calibrated Color Image Database\Textures\Textures\merry_mexico0118.tif,C:\Users\Hamada.MSI\Desktop\Hamada\lab\data\raw\images\McGill Calibrated Color Image Database\Textures\Textures\pippin_RVHtexture026.tif,0.3931524157524109,0.3839758634567261,-0.009176552295684814,0.009176552295684814,0.0,0.0,4.0946852325771905,265,
C:\Users\Hamada.MSI\Desktop\Hamada\lab\data\raw\images\McGill Calibrated Color Image Database\Textures\Textures\pippin_Mex07_011.tif,C:\Users\Hamada.MSI\Desktop\Hamada\lab\data\raw\images\McGill Calibrated Color Image Database\Textures\Textures\pippin_RS_YachtClub026.tif,0.44950079917907715,0.44033339619636536,-0.009167402982711792,0.009167402982711792,0.0,3.814697265625e-06,4.0946852325771905,265,
C:\Users\Hamada.MSI\Desktop\Hamada\lab\data\raw\images\McGill Calibrated Color Image Database\Textures\Textures\pippin_adirondacks0025.tif,C:\Users\Hamada.MSI\Desktop\Hamada\lab\data\raw\images\McGill Calibrated Color Image Database\Textures\Textures\pippin_RS_YachtClub019.tif,0.38201645016670227,0.37286704778671265,-0.009149402379989624,0.009149402379989624,0.008289337158203125,0.006092071533203125,4.0946852325771905,265,
C:\Users\Hamada.MSI\Desktop\Hamada\lab\data\raw\images\McGill Calibrated Color Image Database\Textures\Textures\merry_mexico0154.tif,C:\Users\Hamada.MSI\Desktop\Hamada\lab\data\raw\images\McGill Calibrated Color Image Database\Textures\Textures\pippin0178.tif,0.44114863872528076,0.4320075511932373,-0.009141087532043457,0.009141087532043457,0.0,0.0,4.0946852325771905,265,
C:\Users\Hamada.MSI\Desktop\Hamada\lab\data\raw\images\McGill Calibrated Color Image Database\Textures\Textures\merry_mexico0118.tif,C:\Users\Hamada.MSI\Desktop\Hamada\lab\data\raw\images\McGill Calibrated Color Image Database\Textures\Textures\pippin_adirondacks0013.tif,0.3873857259750366,0.37824589014053345,-0.009139835834503174,0.009139835834503174,0.0,0.0,4.0946852325771905,265,
C:\Users\Hamada.MSI\Desktop\Hamada\lab\data\raw\images\McGill Calibrated Color Image Database\Textures\Textures\pippin_UniStrt024.tif,C:\Users\Hamada.MSI\Desktop\Hamada\lab\data\raw\images\McGill Calibrated Color Image Database\Textures\Textures\pippin_UniStrt013.tif,0.5646064281463623,0.5554683804512024,-0.009138047695159912,0.009138047695159912,0.0,3.814697265625e-06,4.0946852325771905,265,
C:\Users\Hamada.MSI\Desktop\Hamada\lab\data\raw\images\McGill Calibrated Color Image Database\Textures\Textures\pippin_adirondacks0025.tif,C:\Users\Hamada.MSI\Desktop\Hamada\lab\data\raw\images\McGill Calibrated Color Image Database\Textures\Textures\pippin_park0039.tif,0.41499653458595276,0.40587735176086426,-0.009119182825088501,0.009119182825088501,0.0,1.1444091796875e-05,4.0946852325771905,265,
C:\Users\Hamada.MSI\Desktop\Hamada\lab\data\raw\images\McGill Calibrated Color Image Database\Textures\Textures\pippin_RVHtexture023.tif,C:\Users\Hamada.MSI\Desktop\Hamada\lab\data\raw\images\McGill Calibrated Color Image Database\Textures\Textures\merry_mexico0122.tif,0.30279719829559326,0.29368114471435547,-0.009116053581237793,0.009116053581237793,0.0,0.0,4.0946852325771905,265,
C:\Users\Hamada.MSI\Desktop\Hamada\lab\data\raw\images\McGill Calibrated Color Image Database\Textures\Textures\merry_mexico0118.tif,C:\Users\Hamada.MSI\Desktop\Hamada\lab\data\raw\images\McGill Calibrated Color Image Database\Textures\Textures\pippin_ParcSafari005.tif,0.451244056224823,0.46035516262054443,0.009111106395721436,0.009111106395721436,0.0,0.0,4.0946852325771905,265,
C:\Users\Hamada.MSI\Desktop\Hamada\lab\data\raw\images\McGill Calibrated Color Image Database\Textures\Textures\pippin_Mex07_011.tif,C:\Users\Hamada.MSI\Desktop\Hamada\lab\data\raw\images\McGill Calibrated Color Image Database\Textures\Textures\pippin_jtalon0015.tif,0.4775989353656769,0.46853798627853394,-0.009060949087142944,0.009060949087142944,0.0,3.814697265625e-06,4.0946852325771905,265,
C:\Users\Hamada.MSI\Desktop\Hamada\lab\data\raw\images\McGill Calibrated Color Image Database\Textures\Textures\pippin_park0035.tif,C:\Users\Hamada.MSI\Desktop\Hamada\lab\data\raw\images\McGill Calibrated Color Image Database\Textures\Textures\pippin_RS_YachtClub026.tif,0.4678434133529663,0.4588061571121216,-0.009037256240844727,0.009037256240844727,0.0,0.0,4.0946852325771905,265,
C:\Users\Hamada.MSI\Desktop\Hamada\lab\data\raw\images\McGill Calibrated Color Image Database\Textures\Textures\pippin_park0035.tif,C:\Users\Hamada.MSI\Desktop\Hamada\lab\data\raw\images\McGill Calibrated Color Image Database\Textures\Textures\pippin0224.tif,0.41843855381011963,0.4094200134277344,-0.009018540382385254,0.009018540382385254,0.0,0.0,4.0946852325771905,265,
C:\Users\Hamada.MSI\Desktop\Hamada\lab\data\raw\images\McGill Calibrated Color Image Database\Textures\Textures\pippin_RVHtexture023.tif,C:\Users\Hamada.MSI\Desktop\Hamada\lab\data\raw\images\McGill Calibrated Color Image Database\Textures\Textures\pippin_RS_YachtClub019.tif,0.30618634819984436,0.2971836030483246,-0.009002745151519775,0.009002745151519775,0.012256622314453125,0.011562347412109375,4.0946852325771905,265,
C:\Users\Hamada.MSI\Desktop\Hamada\lab\data\raw\images\McGill Calibrated Color Image Database\Textures\Textures\pippin_adirondacks0025.tif,C:\Users\Hamada.MSI\Desktop\Hamada\lab\data\raw\images\McGill Calibrated Color Image Database\Textures\Textures\merry_mtl07_033.tif,0.33473941683769226,0.3257367014884949,-0.009002715349197388,0.009002715349197388,0.0,7.62939453125e-06,4.0946852325771905,265,
C:\Users\Hamada.MSI\Desktop\Hamada\lab\data\raw\images\McGill Calibrated Color Image Database\Textures\Textures\merry_mtl07_008.tif,C:\Users\Hamada.MSI\Desktop\Hamada\lab\data\raw\images\McGill Calibrated Color Image Database\Textures\Textures\pippin_Peel043.tif,0.43498969078063965,0.4260048270225525,-0.008984863758087158,0.008984863758087158,0.0,7.62939453125e-06,4.0946852325771905,265,
C:\Users\Hamada.MSI\Desktop\Hamada\lab\data\raw\images\McGill Calibrated Color Image Database\Textures\Textures\merry_mexico0121.tif,C:\Users\Hamada.MSI\Desktop\Hamada\lab\data\raw\images\McGill Calibrated Color Image Database\Textures\Textures\pippin_RVHtexture018.tif,0.33360403776168823,0.3246212601661682,-0.00898277759552002,0.00898277759552002,0.0,0.0,4.0946852325771905,265,
C:\Users\Hamada.MSI\Desktop\Hamada\lab\data\raw\images\McGill Calibrated Color Image Database\Textures\Textures\pippin_park0035.tif,C:\Users\Hamada.MSI\Desktop\Hamada\lab\data\raw\images\McGill Calibrated Color Image Database\Textures\Textures\pippin_park0038.tif,0.3892876207828522,0.38031119108200073,-0.00897642970085144,0.00897642970085144,0.0,0.0,4.0946852325771905,265,
C:\Users\Hamada.MSI\Desktop\Hamada\lab\data\raw\images\McGill Calibrated Color Image Database\Textures\Textures\merry_mtl07_008.tif,C:\Users\Hamada.MSI\Desktop\Hamada\lab\data\raw\images\McGill Calibrated Color Image Database\Textures\Textures\pippin_RVHtexture002.tif,0.4369288682937622,0.42796948552131653,-0.008959382772445679,0.008959382772445679,0.0,0.0,4.0946852325771905,265,
C:\Users\Hamada.MSI\Desktop\Hamada\lab\data\raw\images\McGill Calibrated Color Image Database\Textures\Textures\merry_mtl07_034.tif,C:\Users\Hamada.MSI\Desktop\Hamada\lab\data\raw\images\McGill Calibrated Color Image Database\Textures\Textures\pippin_RVHtexture002.tif,0.32819172739982605,0.3192329406738281,-0.008958786725997925,0.008958786725997925,0.0,1.1444091796875e-05,4.0946852325771905,265,
C:\Users\Hamada.MSI\Desktop\Hamada\lab\data\raw\images\McGill Calibrated Color Image Database\Textures\Textures\merry_mexico0154.tif,C:\Users\Hamada.MSI\Desktop\Hamada\lab\data\raw\images\McGill Calibrated Color Image Database\Textures\Textures\pippin_RS_YachtClub019.tif,0.31964147090911865,0.3106999397277832,-0.00894153118133545,0.00894153118133545,0.003215789794921875,0.002346038818359375,4.0946852325771905,265,
C:\Users\Hamada.MSI\Desktop\Hamada\lab\data\raw\images\McGill Calibrated Color Image Database\Textures\Textures\merry_mtl07_008.tif,C:\Users\Hamada.MSI\Desktop\Hamada\lab\data\raw\images\McGill Calibrated Color Image Database\Textures\Textures\pippin_park0039.tif,0.39844202995300293,0.38951432704925537,-0.008927702903747559,0.008927702903747559,0.0,0.0,4.0946852325771905,265,
C:\Users\Hamada.MSI\Desktop\Hamada\lab\data\raw\images\McGill Calibrated Color Image Database\Textures\Textures\merry_mexico0118.tif,C:\Users\Hamada.MSI\Desktop\Hamada\lab\data\raw\images\McGill Calibrated Color Image Database\Textures\Textures\pippin_UniStrt029.tif,0.441794216632843,0.4328825771808624,-0.00891163945198059,0.00891163945198059,0.0,0.0,4.0946852325771905,265,
C:\Users\Hamada.MSI\Desktop\Hamada\lab\data\raw\images\McGill Calibrated Color Image Database\Textures\Textures\merry_mtl07_025.tif,C:\Users\Hamada.MSI\Desktop\Hamada\lab\data\raw\images\McGill Calibrated Color Image Database\Textures\Textures\merry_mtl07_001.tif,0.5699422359466553,0.5610342025756836,-0.00890803337097168,0.00890803337097168,0.0,0.0,4.0946852325771905,265,
C:\Users\Hamada.MSI\Desktop\Hamada\lab\data\raw\images\McGill Calibrated Color Image Database\Textures\Textures\pippin_Mex07_011.tif,C:\Users\Hamada.MSI\Desktop\Hamada\lab\data\raw\images\McGill Calibrated Color Image Database\Textures\Textures\pippin_RS_YachtClub019.tif,0.3374921977519989,0.3285960257053375,-0.008896172046661377,0.008896172046661377,0.029170989990234375,0.023731231689453125,4.0946852325771905,265,
C:\Users\Hamada.MSI\Desktop\Hamada\lab\data\raw\images\McGill Calibrated Color Image Database\Textures\Textures\pippin_park0035.tif,C:\Users\Hamada.MSI\Desktop\Hamada\lab\data\raw\images\McGill Calibrated Color Image Database\Textures\Textures\pippin_RVHtexture004.tif,0.23242056369781494,0.24131181836128235,0.008891254663467407,0.008891254663467407,0.0,0.0,4.0946852325771905,265,
C:\Users\Hamada.MSI\Desktop\Hamada\lab\data\raw\images\McGill Calibrated Color Image Database\Textures\Textures\merry_mtl07_005.tif,C:\Users\Hamada.MSI\Desktop\Hamada\lab\data\raw\images\McGill Calibrated Color Image Database\Textures\Textures\pippin_spring0003.tif,0.2881753742694855,0.279314249753952,-0.008861124515533447,0.008861124515533447,0.0,1.52587890625e-05,4.0946852325771905,265,
C:\Users\Hamada.MSI\Desktop\Hamada\lab\data\raw\images\McGill Calibrated Color Image Database\Textures\Textures\pippin_adirondacks0025.tif,C:\Users\Hamada.MSI\Desktop\Hamada\lab\data\raw\images\McGill Calibrated Color Image Database\Textures\Textures\pippin_RVHtexture008.tif,0.4378591477870941,0.4290362596511841,-0.008822888135910034,0.008822888135910034,0.0,0.0,4.0946852325771905,265,
C:\Users\Hamada.MSI\Desktop\Hamada\lab\data\raw\images\McGill Calibrated Color Image Database\Textures\Textures\merry_mexico0118.tif,C:\Users\Hamada.MSI\Desktop\Hamada\lab\data\raw\images\McGill Calibrated Color Image Database\Textures\Textures\merry_mexico0121.tif,0.42332178354263306,0.43214064836502075,0.008818864822387695,0.008818864822387695,0.0,0.0,4.0946852325771905,265,
C:\Users\Hamada.MSI\Desktop\Hamada\lab\data\raw\images\McGill Calibrated Color Image Database\Textures\Textures\merry_mtl07_008.tif,C:\Users\Hamada.MSI\Desktop\Hamada\lab\data\raw\images\McGill Calibrated Color Image Database\Textures\Textures\pippin_RS_YachtClub019.tif,0.3328034281730652,0.3239893913269043,-0.008814036846160889,0.008814036846160889,0.001842498779296875,0.0013580322265625,4.0946852325771905,265,
C:\Users\Hamada.MSI\Desktop\Hamada\lab\data\raw\images\McGill Calibrated Color Image Database\Textures\Textures\merry_mtl07_005.tif,C:\Users\Hamada.MSI\Desktop\Hamada\lab\data\raw\images\McGill Calibrated Color Image Database\Textures\Textures\pippin_ParcSafari005.tif,0.34956517815589905,0.35836896300315857,0.008803784847259521,0.008803784847259521,0.0,1.52587890625e-05,4.0946852325771905,265,
C:\Users\Hamada.MSI\Desktop\Hamada\lab\data\raw\images\McGill Calibrated Color Image Database\Textures\Textures\pippin_RVHtexture023.tif,C:\Users\Hamada.MSI\Desktop\Hamada\lab\data\raw\images\McGill Calibrated Color Image Database\Textures\Textures\pippin_RVHtexture015.tif,0.38478320837020874,0.3759937882423401,-0.008789420127868652,0.008789420127868652,0.0,0.0,4.0946852325771905,265,
C:\Users\Hamada.MSI\Desktop\Hamada\lab\data\raw\images\McGill Calibrated Color Image Database\Textures\Textures\merry_mexico0154.tif,C:\Users\Hamada.MSI\Desktop\Hamada\lab\data\raw\images\McGill Calibrated Color Image Database\Textures\Textures\merry_mexico0121.tif,0.36999964714050293,0.3787866234779358,0.008786976337432861,0.008786976337432861,0.0,0.0,4.0946852325771905,265,
C:\Users\Hamada.MSI\Desktop\Hamada\lab\data\raw\images\McGill Calibrated Color Image Database\Textures\Textures\merry_mtl07_008.tif,C:\Users\Hamada.MSI\Desktop\Hamada\lab\data\raw\images\McGill Calibrated Color Image Database\Textures\Textures\pippin_RVHtexture015.tif,0.431571900844574,0.4227904677391052,-0.00878143310546875,0.00878143310546875,0.0,0.0,4.0946852325771905,265,
C:\Users\Hamada.MSI\Desktop\Hamada\lab\data\raw\images\McGill Calibrated Color Image Database\Textures\Textures\merry_mtl07_034.tif,C:\Users\Hamada.MSI\Desktop\Hamada\lab\data\raw\images\McGill Calibrated Color Image Database\Textures\Textures\pippin_RS_YachtClub023.tif,0.2738354206085205,0.2825920581817627,0.008756637573242188,0.008756637573242188,0.0,1.1444091796875e-05,4.0946852325771905,265,
C:\Users\Hamada.MSI\Desktop\Hamada\lab\data\raw\images\McGill Calibrated Color Image Database\Textures\Textures\pippin_RVHtexture023.tif,C:\Users\Hamada.MSI\Desktop\Hamada\lab\data\raw\images\McGill Calibrated Color Image Database\Textures\Textures\pippin_spring0003.tif,0.3488883376121521,0.3401462435722351,-0.008742094039916992,0.008742094039916992,0.0,0.0,4.0946852325771905,265,
C:\Users\Hamada.MSI\Desktop\Hamada\lab\data\raw\images\McGill Calibrated Color Image Database\Textures\Textures\merry_mexico0154.tif,C:\Users\Hamada.MSI\Desktop\Hamada\lab\data\raw\images\McGill Calibrated Color Image Database\Textures\Textures\merry_mexico0118.tif,0.32667797803878784,0.3353848159313202,0.008706837892532349,0.008706837892532349,0.0,0.0,4.0946852325771905,265,
C:\Users\Hamada.MSI\Desktop\Hamada\lab\data\raw\images\McGill Calibrated Color Image Database\Textures\Textures\merry_mexico0121.tif,C:\Users\Hamada.MSI\Desktop\Hamada\lab\data\raw\images\McGill Calibrated Color Image Database\Textures\Textures\merry_win07_009.tif,0.4548865854740143,0.463589608669281,0.008703023195266724,0.008703023195266724,0.0,0.0,4.0946852325771905,265,
C:\Users\Hamada.MSI\Desktop\Hamada\lab\data\raw\images\McGill Calibrated Color Image Database\Textures\Textures\pippin_UniStrt024.tif,C:\Users\Hamada.MSI\Desktop\Hamada\lab\data\raw\images\McGill Calibrated Color Image Database\Textures\Textures\merry_mtl07_009.tif,0.5837895274162292,0.5751137137413025,-0.008675813674926758,0.008675813674926758,0.0,0.0,4.0946852325771905,265,
C:\Users\Hamada.MSI\Desktop\Hamada\lab\data\raw\images\McGill Calibrated Color Image Database\Textures\Textures\pippin_park0035.tif,C:\Users\Hamada.MSI\Desktop\Hamada\lab\data\raw\images\McGill Calibrated Color Image Database\Textures\Textures\pippin_RVHtexture017.tif,0.42943480610847473,0.42078685760498047,-0.008647948503494263,0.008647948503494263,0.0,0.0,4.0946852325771905,265,
C:\Users\Hamada.MSI\Desktop\Hamada\lab\data\raw\images\McGill Calibrated Color Image Database\Textures\Textures\pippin_UniStrt024.tif,C:\Users\Hamada.MSI\Desktop\Hamada\lab\data\raw\images\McGill Calibrated Color Image Database\Textures\Textures\pippin_RVHtexture017.tif,0.5449625849723816,0.5363240242004395,-0.008638560771942139,0.008638560771942139,3.4332275390625e-05,7.62939453125e-06,4.0946852325771905,265,
C:\Users\Hamada.MSI\Desktop\Hamada\lab\data\raw\images\McGill Calibrated Color Image Database\Textures\Textures\pippin_UniStrt024.tif,C:\Users\Hamada.MSI\Desktop\Hamada\lab\data\raw\images\McGill Calibrated Color Image Database\Textures\Textures\pippin_RVHtexture008.tif,0.5563575029373169,0.5477190017700195,-0.008638501167297363,0.008638501167297363,0.0,0.0,4.0946852325771905,265,
C:\Users\Hamada.MSI\Desktop\Hamada\lab\data\raw\images\McGill Calibrated Color Image Database\Textures\Textures\pippin_UniStrt024.tif,C:\Users\Hamada.MSI\Desktop\Hamada\lab\data\raw\images\McGill Calibrated Color Image Database\Textures\Textures\pippin_Peel037.tif,0.42564672231674194,0.4170319437980652,-0.008614778518676758,0.008614778518676758,7.62939453125e-06,7.2479248046875e-05,4.0946852325771905,265,
C:\Users\Hamada.MSI\Desktop\Hamada\lab\data\raw\images\McGill Calibrated Color Image Database\Textures\Textures\merry_mexico0121.tif,C:\Users\Hamada.MSI\Desktop\Hamada\lab\data\raw\images\McGill Calibrated Color Image Database\Textures\Textures\pippin_Peel018.tif,0.418146550655365,0.4095401465892792,-0.008606404066085815,0.008606404066085815,0.0,0.0,4.0946852325771905,265,
C:\Users\Hamada.MSI\Desktop\Hamada\lab\data\raw\images\McGill Calibrated Color Image Database\Textures\Textures\merry_mtl07_034.tif,C:\Users\Hamada.MSI\Desktop\Hamada\lab\data\raw\images\McGill Calibrated Color Image Database\Textures\Textures\pippin_UniStrt013.tif,0.3334602117538452,0.3248651623725891,-0.008595049381256104,0.008595049381256104,3.814697265625e-06,1.1444091796875e-05,4.0946852325771905,265,
C:\Users\Hamada.MSI\Desktop\Hamada\lab\data\raw\images\McGill Calibrated Color Image Database\Textures\Textures\merry_mexico0118.tif,C:\Users\Hamada.MSI\Desktop\Hamada\lab\data\raw\images\McGill Calibrated Color Image Database\Textures\Textures\pippin0178.tif,0.4778083860874176,0.46921825408935547,-0.008590131998062134,0.008590131998062134,0.0,0.0,4.0946852325771905,265,
C:\Users\Hamada.MSI\Desktop\Hamada\lab\data\raw\images\McGill Calibrated Color Image Database\Textures\Textures\merry_mexico0154.tif,C:\Users\Hamada.MSI\Desktop\Hamada\lab\data\raw\images\McGill Calibrated Color Image Database\Textures\Textures\pippin_ParcSafari048.tif,0.37067317962646484,0.3792574107646942,0.00858423113822937,0.00858423113822937,0.0,0.0,4.0946852325771905,265,
C:\Users\Hamada.MSI\Desktop\Hamada\lab\data\raw\images\McGill Calibrated Color Image Database\Textures\Textures\pippin_UniStrt024.tif,C:\Users\Hamada.MSI\Desktop\Hamada\lab\data\raw\images\McGill Calibrated Color Image Database\Textures\Textures\pippin_RVHtexture006.tif,0.4859001040458679,0.4944750666618347,0.008574962615966797,0.008574962615966797,5.340576171875e-05,2.6702880859375e-05,4.0946852325771905,265,
C:\Users\Hamada.MSI\Desktop\Hamada\lab\data\raw\images\McGill Calibrated Color Image Database\Textures\Textures\pippin_Mex07_011.tif,C:\Users\Hamada.MSI\Desktop\Hamada\lab\data\raw\images\McGill Calibrated Color Image Database\Textures\Textures\pippin0063.tif,0.3823580741882324,0.3738093972206116,-0.00854867696762085,0.00854867696762085,0.0,3.814697265625e-06,4.0946852325771905,265,
C:\Users\Hamada.MSI\Desktop\Hamada\lab\data\raw\images\McGill Calibrated Color Image Database\Textures\Textures\pippin_RVHtexture023.tif,C:\Users\Hamada.MSI\Desktop\Hamada\lab\data\raw\images\McGill Calibrated Color Image Database\Textures\Textures\merry_mtl07_033.tif,0.2610114812850952,0.25247102975845337,-0.008540451526641846,0.008540451526641846,0.0,0.0,4.0946852325771905,265,
C:\Users\Hamada.MSI\Desktop\Hamada\lab\data\raw\images\McGill Calibrated Color Image Database\Textures\Textures\merry_mtl07_008.tif,C:\Users\Hamada.MSI\Desktop\Hamada\lab\data\raw\images\McGill Calibrated Color Image Database\Textures\Textures\pippin_ParcSafari050.tif,0.38678503036499023,0.3782551884651184,-0.008529841899871826,0.008529841899871826,0.0,0.0,4.0946852325771905,265,
C:\Users\Hamada.MSI\Desktop\Hamada\lab\data\raw\images\McGill Calibrated Color Image Database\Textures\Textures\pippin_Mex07_011.tif,C:\Users\Hamada.MSI\Desktop\Hamada\lab\data\raw\images\McGill Calibrated Color Image Database\Textures\Textures\pippin_RVHtexture002.tif,0.44114625453948975,0.4326310455799103,-0.008515208959579468,0.008515208959579468,0.0,3.814697265625e-06,4.0946852325771905,265,
C:\Users\Hamada.MSI\Desktop\Hamada\lab\data\raw\images\McGill Calibrated Color Image Database\Textures\Textures\merry_mtl07_034.tif,C:\Users\Hamada.MSI\Desktop\Hamada\lab\data\raw\images\McGill Calibrated Color Image Database\Textures\Textures\merry_mtl07_023.tif,0.19701141119003296,0.2055211216211319,0.008509710431098938,0.008509710431098938,1.52587890625e-05,0.0001983642578125,4.0946852325771905,265,
C:\Users\Hamada.MSI\Desktop\Hamada\lab\data\raw\images\McGill Calibrated Color Image Database\Textures\Textures\merry_mtl07_008.tif,C:\Users\Hamada.MSI\Desktop\Hamada\lab\data\raw\images\McGill Calibrated Color Image Database\Textures\Textures\pippin_RVHtexture012.tif,0.4459182024002075,0.4374111294746399,-0.008507072925567627,0.008507072925567627,0.0,0.0,4.0946852325771905,265,
C:\Users\Hamada.MSI\Desktop\Hamada\lab\data\raw\images\McGill Calibrated Color Image Database\Textures\Textures\pippin_park0035.tif,C:\Users\Hamada.MSI\Desktop\Hamada\lab\data\raw\images\McGill Calibrated Color Image Database\Textures\Textures\pippin_Peel095.tif,0.440175861120224,0.4316776394844055,-0.008498221635818481,0.008498221635818481,0.0,0.0,4.0946852325771905,265,
C:\Users\Hamada.MSI\Desktop\Hamada\lab\data\raw\images\McGill Calibrated Color Image Database\Textures\Textures\pippin_RVHtexture023.tif,C:\Users\Hamada.MSI\Desktop\Hamada\lab\data\raw\images\McGill Calibrated Color Image Database\Textures\Textures\pippin_park0055.tif,0.3460480868816376,0.33755213022232056,-0.008495956659317017,0.008495956659317017,0.0,0.0,4.0946852325771905,265,
C:\Users\Hamada.MSI\Desktop\Hamada\lab\data\raw\images\McGill Calibrated Color Image Database\Textures\Textures\merry_mexico0121.tif,C:\Users\Hamada.MSI\Desktop\Hamada\lab\data\raw\images\McGill Calibrated Color Image Database\Textures\Textures\merry_mtl07_003.tif,0.4522729516029358,0.4437960982322693,-0.008476853370666504,0.008476853370666504,0.0,0.0,4.0946852325771905,265,
C:\Users\Hamada.MSI\Desktop\Hamada\lab\data\raw\images\McGill Calibrated Color Image Database\Textures\Textures\pippin_adirondacks0025.tif,C:\Users\Hamada.MSI\Desktop\Hamada\lab\data\raw\images\McGill Calibrated Color Image Database\Textures\Textures\pippin_Biodome030.tif,0.4338958263397217,0.42542827129364014,-0.008467555046081543,0.008467555046081543,0.0,0.0,4.0946852325771905,265,
C:\Users\Hamada.MSI\Desktop\Hamada\lab\data\raw\images\McGill Calibrated Color Image Database\Textures\Textures\merry_mexico0121.tif,C:\Users\Hamada.MSI\Desktop\Hamada\lab\data\raw\images\McGill Calibrated Color Image Database\Textures\Textures\pippin_RS_YachtClub006.tif,0.3463948369026184,0.33794140815734863,-0.008453428745269775,0.008453428745269775,0.0,0.0,4.0946852325771905,265,
C:\Users\Hamada.MSI\Desktop\Hamada\lab\data\raw\images\McGill Calibrated Color Image Database\Textures\Textures\merry_mtl07_008.tif,C:\Users\Hamada.MSI\Desktop\Hamada\lab\data\raw\images\McGill Calibrated Color Image Database\Textures\Textures\pippin_ParcSafari048.tif,0.41326120495796204,0.42170530557632446,0.008444100618362427,0.008444100618362427,0.0,0.0,4.0946852325771905,265,
C:\Users\Hamada.MSI\Desktop\Hamada\lab\data\raw\images\McGill Calibrated Color Image Database\Textures\Textures\pippin_park0035.tif,C:\Users\Hamada.MSI\Desktop\Hamada\lab\data\raw\images\McGill Calibrated Color Image Database\Textures\Textures\pippin_jtalon0015.tif,0.4929681420326233,0.4845244884490967,-0.008443653583526611,0.008443653583526611,0.0,0.0,4.0946852325771905,265,
C:\Users\Hamada.MSI\Desktop\Hamada\lab\data\raw\images\McGill Calibrated Color Image Database\Textures\Textures\merry_mtl07_005.tif,C:\Users\Hamada.MSI\Desktop\Hamada\lab\data\raw\images\McGill Calibrated Color Image Database\Textures\Textures\pippin_RS_YachtClub023.tif,0.2516499161720276,0.2600872814655304,0.008437365293502808,0.008437365293502808,0.0,1.52587890625e-05,4.0946852325771905,265,
C:\Users\Hamada.MSI\Desktop\Hamada\lab\data\raw\images\McGill Calibrated Color Image Database\Textures\Textures\merry_mtl07_008.tif,C:\Users\Hamada.MSI\Desktop\Hamada\lab\data\raw\images\McGill Calibrated Color Image Database\Textures\Textures\pippin_RVHtexture016.tif,0.4151380658149719,0.40670666098594666,-0.008431404829025269,0.008431404829025269,0.0,0.0,4.0946852325771905,265,
C:\Users\Hamada.MSI\Desktop\Hamada\lab\data\raw\images\McGill Calibrated Color Image Database\Textures\Textures\merry_mexico0121.tif,C:\Users\Hamada.MSI\Desktop\Hamada\lab\data\raw\images\McGill Calibrated Color Image Database\Textures\Textures\merry_italy0171.tif,0.4399947226047516,0.4484235346317291,0.008428812026977539,0.008428812026977539,0.0,0.0,4.0946852325771905,265,
C:\Users\Hamada.MSI\Desktop\Hamada\lab\data\raw\images\McGill Calibrated Color Image Database\Textures\Textures\pippin_adirondacks0025.tif,C:\Users\Hamada.MSI\Desktop\Hamada\lab\data\raw\images\McGill Calibrated Color Image Database\Textures\Textures\merry_mexico0118.tif,0.3877052664756775,0.396131694316864,0.008426427841186523,0.008426427841186523,0.0,0.0,4.0946852325771905,265,
C:\Users\Hamada.MSI\Desktop\Hamada\lab\data\raw\images\McGill Calibrated Color Image Database\Textures\Textures\merry_mexico0118.tif,C:\Users\Hamada.MSI\Desktop\Hamada\lab\data\raw\images\McGill Calibrated Color Image Database\Textures\Textures\pippin_Peel109.tif,0.4614843428134918,0.45306167006492615,-0.008422672748565674,0.008422672748565674,0.0,0.0,4.0946852325771905,265,
C:\Users\Hamada.MSI\Desktop\Hamada\lab\data\raw\images\McGill Calibrated Color Image Database\Textures\Textures\merry_mexico0121.tif,C:\Users\Hamada.MSI\Desktop\Hamada\lab\data\raw\images\McGill Calibrated Color Image Database\Textures\Textures\pippin_RVHtexture013.tif,0.4161696434020996,0.4077490568161011,-0.008420586585998535,0.008420586585998535,0.0,0.0,4.0946852325771905,265,
C:\Users\Hamada.MSI\Desktop\Hamada\lab\data\raw\images\McGill Calibrated Color Image Database\Textures\Textures\merry_mtl07_034.tif,C:\Users\Hamada.MSI\Desktop\Hamada\lab\data\raw\images\McGill Calibrated Color Image Database\Textures\Textures\pippin_RS_YachtClub019.tif,0.2516288459300995,0.243216872215271,-0.008411973714828491,0.008411973714828491,0.027618408203125,0.021221160888671875,4.0946852325771905,265,
C:\Users\Hamada.MSI\Desktop\Hamada\lab\data\raw\images\McGill Calibrated Color Image Database\Textures\Textures\merry_mtl07_005.tif,C:\Users\Hamada.MSI\Desktop\Hamada\lab\data\raw\images\McGill Calibrated Color Image Database\Textures\Textures\pippin_Peel069.tif,0.31562501192092896,0.3072264492511749,-0.008398562669754028,0.008398562669754028,0.0,1.52587890625e-05,4.0946852325771905,265,
C:\Users\Hamada.MSI\Desktop\Hamada\lab\data\raw\images\McGill Calibrated Color Image Database\Textures\Textures\merry_mtl07_025.tif,C:\Users\Hamada.MSI\Desktop\Hamada\lab\data\raw\images\McGill Calibrated Color Image Database\Textures\Textures\pippin_park0035.tif,0.503583550453186,0.49519890546798706,-0.008384644985198975,0.008384644985198975,0.0,0.0,4.0946852325771905,265,
C:\Users\Hamada.MSI\Desktop\Hamada\lab\data\raw\images\McGill Calibrated Color Image Database\Textures\Textures\merry_mtl07_008.tif,C:\Users\Hamada.MSI\Desktop\Hamada\lab\data\raw\images\McGill Calibrated Color Image Database\Textures\Textures\merry_mtl07_033.tif,0.3357665538787842,0.32740122079849243,-0.008365333080291748,0.008365333080291748,0.0,0.0,4.0946852325771905,265,
C:\Users\Hamada.MSI\Desktop\Hamada\lab\data\raw\images\McGill Calibrated Color Image Database\Textures\Textures\merry_mexico0118.tif,C:\Users\Hamada.MSI\Desktop\Hamada\lab\data\raw\images\McGill Calibrated Color Image Database\Textures\Textures\pippin_park0038.tif,0.38756388425827026,0.3792261779308319,-0.008337706327438354,0.008337706327438354,0.0,0.0,4.0946852325771905,265,
C:\Users\Hamada.MSI\Desktop\Hamada\lab\data\raw\images\McGill Calibrated Color Image Database\Textures\Textures\pippin_adirondacks0025.tif,C:\Users\Hamada.MSI\Desktop\Hamada\lab\data\raw\images\McGill Calibrated Color Image Database\Textures\Textures\pippin0178.tif,0.4756907820701599,0.46736153960227966,-0.008329242467880249,0.008329242467880249,0.0,0.0,4.0946852325771905,265,
C:\Users\Hamada.MSI\Desktop\Hamada\lab\data\raw\images\McGill Calibrated Color Image Database\Textures\Textures\pippin_park0035.tif,C:\Users\Hamada.MSI\Desktop\Hamada\lab\data\raw\images\McGill Calibrated Color Image Database\Textures\Textures\pippin_park0050.tif,0.4693889617919922,0.4610709249973297,-0.008318036794662476,0.008318036794662476,0.0,0.0,4.0946852325771905,265,
C:\Users\Hamada.MSI\Desktop\Hamada\lab\data\raw\images\McGill Calibrated Color Image Database\Textures\Textures\merry_mtl07_005.tif,C:\Users\Hamada.MSI\Desktop\Hamada\lab\data\raw\images\McGill Calibrated Color Image Database\Textures\Textures\pippin_UniStrt029.tif,0.3558042645454407,0.3474922180175781,-0.008312046527862549,0.008312046527862549,0.0,1.52587890625e-05,4.0946852325771905,265,
C:\Users\Hamada.MSI\Desktop\Hamada\lab\data\raw\images\McGill Calibrated Color Image Database\Textures\Textures\pippin_park0035.tif,C:\Users\Hamada.MSI\Desktop\Hamada\lab\data\raw\images\McGill Calibrated Color Image Database\Textures\Textures\pippin_RVHtexture018.tif,0.3793379068374634,0.3710382282733917,-0.008299678564071655,0.008299678564071655,0.0,0.0,4.0946852325771905,265,
C:\Users\Hamada.MSI\Desktop\Hamada\lab\data\raw\images\McGill Calibrated Color Image Database\Textures\Textures\merry_mtl07_025.tif,C:\Users\Hamada.MSI\Desktop\Hamada\lab\data\raw\images\McGill Calibrated Color Image Database\Textures\Textures\pippin_Peel018.tif,0.541090726852417,0.5328070521354675,-0.008283674716949463,0.008283674716949463,0.0,0.0,4.0946852325771905,265,
C:\Users\Hamada.MSI\Desktop\Hamada\lab\data\raw\images\McGill Calibrated Color Image Database\Textures\Textures\pippin_park0035.tif,C:\Users\Hamada.MSI\Desktop\Hamada\lab\data\raw\images\McGill Calibrated Color Image Database\Textures\Textures\pippin_RS_YachtClub006.tif,0.40017879009246826,0.3919001519680023,-0.008278638124465942,0.008278638124465942,0.0,0.0,4.0946852325771905,265,
C:\Users\Hamada.MSI\Desktop\Hamada\lab\data\raw\images\McGill Calibrated Color Image Database\Textures\Textures\merry_mexico0121.tif,C:\Users\Hamada.MSI\Desktop\Hamada\lab\data\raw\images\McGill Calibrated Color Image Database\Textures\Textures\pippin_RVHtexture008.tif,0.3827100992202759,0.37443283200263977,-0.008277267217636108,0.008277267217636108,0.0,0.0,4.0946852325771905,265,
C:\Users\Hamada.MSI\Desktop\Hamada\lab\data\raw\images\McGill Calibrated Color Image Database\Textures\Textures\merry_mtl07_008.tif,C:\Users\Hamada.MSI\Desktop\Hamada\lab\data\raw\images\McGill Calibrated Color Image Database\Textures\Textures\pippin_RVHtexture008.tif,0.4223722219467163,0.4140978455543518,-0.008274376392364502,0.008274376392364502,0.0,0.0,4.0946852325771905,265,
C:\Users\Hamada.MSI\Desktop\Hamada\lab\data\raw\images\McGill Calibrated Color Image Database\Textures\Textures\merry_mexico0121.tif,C:\Users\Hamada.MSI\Desktop\Hamada\lab\data\raw\images\McGill Calibrated Color Image Database\Textures\Textures\pippin_park0019.tif,0.3410632014274597,0.33280378580093384,-0.008259415626525879,0.008259415626525879,0.0,0.0,4.0946852325771905,265,
C:\Users\Hamada.MSI\Desktop\Hamada\lab\data\raw\images\McGill Calibrated Color Image Database\Textures\Textures\pippin_UniStrt024.tif,C:\Users\Hamada.MSI\Desktop\Hamada\lab\data\raw\images\McGill Calibrated Color Image Database\Textures\Textures\merry_mexico0118.tif,0.5177021026611328,0.5259560942649841,0.008253991603851318,0.008253991603851318,0.0,0.0,4.0946852325771905,265,
C:\Users\Hamada.MSI\Desktop\Hamada\lab\data\raw\images\McGill Calibrated Color Image Database\Textures\Textures\merry_mtl07_025.tif,C:\Users\Hamada.MSI\Desktop\Hamada\lab\data\raw\images\McGill Calibrated Color Image Database\Textures\Textures\pippin_RVHtexture013.tif,0.5490555167198181,0.5408334732055664,-0.008222043514251709,0.008222043514251709,0.0,0.0,4.0946852325771905,265,
C:\Users\Hamada.MSI\Desktop\Hamada\lab\data\raw\images\McGill Calibrated Color Image Database\Textures\Textures\pippin_park0035.tif,C:\Users\Hamada.MSI\Desktop\Hamada\lab\data\raw\images\McGill Calibrated Color Image Database\Textures\Textures\pippin_park0019.tif,0.3962342143058777,0.3880155682563782,-0.008218646049499512,0.008218646049499512,0.0,0.0,4.0946852325771905,265,
C:\Users\Hamada.MSI\Desktop\Hamada\lab\data\raw\images\McGill Calibrated Color Image Database\Textures\Textures\pippin_UniStrt024.tif,C:\Users\Hamada.MSI\Desktop\Hamada\lab\data\raw\images\McGill Calibrated Color Image Database\Textures\Textures\pippin_park0035.tif,0.5466165542602539,0.5384181141853333,-0.008198440074920654,0.008198440074920654,0.0,0.0,4.0946852325771905,265,
C:\Users\Hamada.MSI\Desktop\Hamada\lab\data\raw\images\McGill Calibrated Color Image Database\Textures\Textures\merry_mexico0154.tif,C:\Users\Hamada.MSI\Desktop\Hamada\lab\data\raw\images\McGill Calibrated Color Image Database\Textures\Textures\pippin_Peel097.tif,0.40297508239746094,0.3947877883911133,-0.008187294006347656,0.008187294006347656,0.000186920166015625,0.000396728515625,4.0946852325771905,265,
C:\Users\Hamada.MSI\Desktop\Hamada\lab\data\raw\images\McGill Calibrated Color Image Database\Textures\Textures\merry_mtl07_008.tif,C:\Users\Hamada.MSI\Desktop\Hamada\lab\data\raw\images\McGill Calibrated Color Image Database\Textures\Textures\pippin_park0044.tif,0.4484889507293701,0.44030386209487915,-0.008185088634490967,0.008185088634490967,0.0,0.0,4.0946852325771905,265,
C:\Users\Hamada.MSI\Desktop\Hamada\lab\data\raw\images\McGill Calibrated Color Image Database\Textures\Textures\pippin_Mex07_011.tif,C:\Users\Hamada.MSI\Desktop\Hamada\lab\data\raw\images\McGill Calibrated Color Image Database\Textures\Textures\pippin_park0054.tif,0.44647473096847534,0.4382931590080261,-0.008181571960449219,0.008181571960449219,0.0,3.814697265625e-06,4.0946852325771905,265,
C:\Users\Hamada.MSI\Desktop\Hamada\lab\data\raw\images\McGill Calibrated Color Image Database\Textures\Textures\pippin_UniStrt024.tif,C:\Users\Hamada.MSI\Desktop\Hamada\lab\data\raw\images\McGill Calibrated Color Image Database\Textures\Textures\pippin_RVHtexture002.tif,0.5693131685256958,0.5611737370491028,-0.008139431476593018,0.008139431476593018,0.0,0.0,4.0946852325771905,265,
C:\Users\Hamada.MSI\Desktop\Hamada\lab\data\raw\images\McGill Calibrated Color Image Database\Textures\Textures\merry_mexico0154.tif,C:\Users\Hamada.MSI\Desktop\Hamada\lab\data\raw\images\McGill Calibrated Color Image Database\Textures\Textures\pippin_RVHtexture018.tif,0.33283531665802,0.324710488319397,-0.008124828338623047,0.008124828338623047,0.0,0.0,4.0946852325771905,265,
C:\Users\Hamada.MSI\Desktop\Hamada\lab\data\raw\images\McGill Calibrated Color Image Database\Textures\Textures\merry_mexico0121.tif,C:\Users\Hamada.MSI\Desktop\Hamada\lab\data\raw\images\McGill Calibrated Color Image Database\Textures\Textures\pippin_park0039.tif,0.3517211675643921,0.34361428022384644,-0.008106887340545654,0.008106887340545654,0.0,0.0,4.0946852325771905,265,
C:\Users\Hamada.MSI\Desktop\Hamada\lab\data\raw\images\McGill Calibrated Color Image Database\Textures\Textures\pippin_UniStrt024.tif,C:\Users\Hamada.MSI\Desktop\Hamada\lab\data\raw\images\McGill Calibrated Color Image Database\Textures\Textures\pippin_spring0003.tif,0.5482660531997681,0.5401681065559387,-0.008097946643829346,0.008097946643829346,0.0,0.0,4.0946852325771905,265,
C:\Users\Hamada.MSI\Desktop\Hamada\lab\data\raw\images\McGill Calibrated Color Image Database\Textures\Textures\merry_mtl07_025.tif,C:\Users\Hamada.MSI\Desktop\Hamada\lab\data\raw\images\McGill Calibrated Color Image Database\Textures\Textures\pippin_RS_YachtClub006.tif,0.4883931577205658,0.48029762506484985,-0.008095532655715942,0.008095532655715942,0.0,0.0,4.0946852325771905,265,
C:\Users\Hamada.MSI\Desktop\Hamada\lab\data\raw\images\McGill Calibrated Color Image Database\Textures\Textures\merry_mexico0118.tif,C:\Users\Hamada.MSI\Desktop\Hamada\lab\data\raw\images\McGill Calibrated Color Image Database\Textures\Textures\merry_mtl07_019.tif,0.4353329539299011,0.4272501766681671,-0.008082777261734009,0.008082777261734009,0.0,0.0,4.0946852325771905,265,
C:\Users\Hamada.MSI\Desktop\Hamada\lab\data\raw\images\McGill Calibrated Color Image Database\Textures\Textures\merry_mtl07_025.tif,C:\Users\Hamada.MSI\Desktop\Hamada\lab\data\raw\images\McGill Calibrated Color Image Database\Textures\Textures\pippin_RVHtexture017.tif,0.5081988573074341,0.5001193881034851,-0.008079469203948975,0.008079469203948975,3.814697265625e-06,0.0,4.0946852325771905,265,
C:\Users\Hamada.MSI\Desktop\Hamada\lab\data\raw\images\McGill Calibrated Color Image Database\Textures\Textures\pippin_UniStrt024.tif,C:\Users\Hamada.MSI\Desktop\Hamada\lab\data\raw\images\McGill Calibrated Color Image Database\Textures\Textures\merry_mtl07_034.tif,0.5771597027778625,0.5852117538452148,0.008052051067352295,0.008052051067352295,0.0,0.0,4.0946852325771905,265,
C:\Users\Hamada.MSI\Desktop\Hamada\lab\data\raw\images\McGill Calibrated Color Image Database\Textures\Textures\merry_mtl07_034.tif,C:\Users\Hamada.MSI\Desktop\Hamada\lab\data\raw\images\McGill Calibrated Color Image Database\Textures\Textures\pippin_park0047.tif,0.30850136280059814,0.316550076007843,0.008048713207244873,0.008048713207244873,0.0,1.1444091796875e-05,4.0946852325771905,265,
C:\Users\Hamada.MSI\Desktop\Hamada\lab\data\raw\images\McGill Calibrated Color Image Database\Textures\Textures\merry_mexico0121.tif,C:\Users\Hamada.MSI\Desktop\Hamada\lab\data\raw\images\McGill Calibrated Color Image Database\Textures\Textures\merry_mtl07_009.tif,0.4089246690273285,0.40089768171310425,-0.008026987314224243,0.008026987314224243,0.0,0.0,4.0946852325771905,265,
C:\Users\Hamada.MSI\Desktop\Hamada\lab\data\raw\images\McGill Calibrated Color Image Database\Textures\Textures\merry_mtl07_034.tif,C:\Users\Hamada.MSI\Desktop\Hamada\lab\data\raw\images\McGill Calibrated Color Image Database\Textures\Textures\pippin_RVHtexture004.tif,0.16646763682365417,0.15844124555587769,-0.00802639126777649,0.00802639126777649,3.814697265625e-06,1.1444091796875e-05,4.0946852325771905,265,
C:\Users\Hamada.MSI\Desktop\Hamada\lab\data\raw\images\McGill Calibrated Color Image Database\Textures\Textures\pippin_RVHtexture023.tif,C:\Users\Hamada.MSI\Desktop\Hamada\lab\data\raw\images\McGill Calibrated Color Image Database\Textures\Textures\pippin_park0043.tif,0.3472399413585663,0.33923229575157166,-0.008007645606994629,0.008007645606994629,0.0,0.0,4.0946852325771905,265,
C:\Users\Hamada.MSI\Desktop\Hamada\lab\data\raw\images\McGill Calibrated Color Image Database\Textures\Textures\pippin_UniStrt024.tif,C:\Users\Hamada.MSI\Desktop\Hamada\lab\data\raw\images\McGill Calibrated Color Image Database\Textures\Textures\pippin_RVHtexture007.tif,0.5271358489990234,0.5191333889961243,-0.00800246000289917,0.00800246000289917,0.0,0.0,4.0946852325771905,265,
C:\Users\Hamada.MSI\Desktop\Hamada\lab\data\raw\images\McGill Calibrated Color Image Database\Textures\Textures\merry_mexico0118.tif,C:\Users\Hamada.MSI\Desktop\Hamada\lab\data\raw\images\McGill Calibrated Color Image Database\Textures\Textures\pippin_park0054.tif,0.4344279170036316,0.4264400899410248,-0.007987827062606812,0.007987827062606812,0.0,0.0,4.0946852325771905,265,
C:\Users\Hamada.MSI\Desktop\Hamada\lab\data\raw\images\McGill Calibrated Color Image Database\Textures\Textures\merry_mtl07_034.tif,C:\Users\Hamada.MSI\Desktop\Hamada\lab\data\raw\images\McGill Calibrated Color Image Database\Textures\Textures\pippin_RS_YachtClub006.tif,0.27873939275741577,0.2707836627960205,-0.007955729961395264,0.007955729961395264,0.0,1.1444091796875e-05,4.0946852325771905,265,
C:\Users\Hamada.MSI\Desktop\Hamada\lab\data\raw\images\McGill Calibrated Color Image Database\Textures\Textures\pippin_RVHtexture023.tif,C:\Users\Hamada.MSI\Desktop\Hamada\lab\data\raw\images\McGill Calibrated Color Image Database\Textures\Textures\pippin_park0038.tif,0.3298909366130829,0.3219473958015442,-0.007943540811538696,0.007943540811538696,0.0,0.0,4.0946852325771905,265,
C:\Users\Hamada.MSI\Desktop\Hamada\lab\data\raw\images\McGill Calibrated Color Image Database\Textures\Textures\merry_mexico0121.tif,C:\Users\Hamada.MSI\Desktop\Hamada\lab\data\raw\images\McGill Calibrated Color Image Database\Textures\Textures\pippin_park0048.tif,0.2702595591545105,0.26232343912124634,-0.00793612003326416,0.00793612003326416,0.0,0.0,4.0946852325771905,265,
C:\Users\Hamada.MSI\Desktop\Hamada\lab\data\raw\images\McGill Calibrated Color Image Database\Textures\Textures\merry_mexico0219.tif,C:\Users\Hamada.MSI\Desktop\Hamada\lab\data\raw\images\McGill Calibrated Color Image Database\Textures\Textures\pippin_park0051.tif,0.11181110143661499,0.10389070212841034,-0.007920399308204651,0.007920399308204651,0.0,0.0,4.0946852325771905,265,
C:\Users\Hamada.MSI\Desktop\Hamada\lab\data\raw\images\McGill Calibrated Color Image Database\Textures\Textures\pippin_Mex07_011.tif,C:\Users\Hamada.MSI\Desktop\Hamada\lab\data\raw\images\McGill Calibrated Color Image Database\Textures\Textures\pippin_RS_YachtClub006.tif,0.3846858739852905,0.37678107619285583,-0.007904797792434692,0.007904797792434692,0.0,3.814697265625e-06,4.0946852325771905,265,
C:\Users\Hamada.MSI\Desktop\Hamada\lab\data\raw\images\McGill Calibrated Color Image Database\Textures\Textures\pippin_park0035.tif,C:\Users\Hamada.MSI\Desktop\Hamada\lab\data\raw\images\McGill Calibrated Color Image Database\Textures\Textures\pippin_park0043.tif,0.42986971139907837,0.42197132110595703,-0.007898390293121338,0.007898390293121338,0.0,0.0,4.0946852325771905,265,
C:\Users\Hamada.MSI\Desktop\Hamada\lab\data\raw\images\McGill Calibrated Color Image Database\Textures\Textures\pippin_UniStrt024.tif,C:\Users\Hamada.MSI\Desktop\Hamada\lab\data\raw\images\McGill Calibrated Color Image Database\Textures\Textures\pippin_jtalon0015.tif,0.5660581588745117,0.558172345161438,-0.00788581371307373,0.00788581371307373,0.0,0.0,4.0946852325771905,265,
C:\Users\Hamada.MSI\Desktop\Hamada\lab\data\raw\images\McGill Calibrated Color Image Database\Textures\Textures\pippin_Mex07_011.tif,C:\Users\Hamada.MSI\Desktop\Hamada\lab\data\raw\images\McGill Calibrated Color Image Database\Textures\Textures\pippin_RVHtexture018.tif,0.3660637140274048,0.35820508003234863,-0.007858633995056152,0.007858633995056152,0.0,3.814697265625e-06,4.0946852325771905,265,
C:\Users\Hamada.MSI\Desktop\Hamada\lab\data\raw\images\McGill Calibrated Color Image Database\Textures\Textures\pippin_adirondacks0025.tif,C:\Users\Hamada.MSI\Desktop\Hamada\lab\data\raw\images\McGill Calibrated Color Image Database\Textures\Textures\pippin_park0035.tif,0.4096619486808777,0.4018320143222809,-0.007829934358596802,0.007829934358596802,0.0,0.0,4.0946852325771905,265,
C:\Users\Hamada.MSI\Desktop\Hamada\lab\data\raw\images\McGill Calibrated Color Image Database\Textures\Textures\merry_mexico0154.tif,C:\Users\Hamada.MSI\Desktop\Hamada\lab\data\raw\images\McGill Calibrated Color Image Database\Textures\Textures\pippin_RVHtexture022.tif,0.40648144483566284,0.3986831307411194,-0.007798314094543457,0.007798314094543457,0.0,0.0,4.0946852325771905,265,
C:\Users\Hamada.MSI\Desktop\Hamada\lab\data\raw\images\McGill Calibrated Color Image Database\Textures\Textures\pippin_Mex07_011.tif,C:\Users\Hamada.MSI\Desktop\Hamada\lab\data\raw\images\McGill Calibrated Color Image Database\Textures\Textures\pippin_park0010.tif,0.4040471315383911,0.39626407623291016,-0.007783055305480957,0.007783055305480957,0.0,3.814697265625e-06,4.0946852325771905,265,
C:\Users\Hamada.MSI\Desktop\Hamada\lab\data\raw\images\McGill Calibrated Color Image Database\Textures\Textures\pippin_UniStrt024.tif,C:\Users\Hamada.MSI\Desktop\Hamada\lab\data\raw\images\McGill Calibrated Color Image Database\Textures\Textures\pippin_RS_YachtClub006.tif,0.5210026502609253,0.513232946395874,-0.0077697038650512695,0.0077697038650512695,0.0,0.0,4.0946852325771905,265,
C:\Users\Hamada.MSI\Desktop\Hamada\lab\data\raw\images\McGill Calibrated Color Image Database\Textures\Textures\pippin_Mex07_011.tif,C:\Users\Hamada.MSI\Desktop\Hamada\lab\data\raw\images\McGill Calibrated Color Image Database\Textures\Textures\pippin_RS_YachtClub047.tif,0.41945722699165344,0.4116972088813782,-0.0077600181102752686,0.0077600181102752686,0.0,3.814697265625e-06,4.0946852325771905,265,
C:\Users\Hamada.MSI\Desktop\Hamada\lab\data\raw\images\McGill Calibrated Color Image Database\Textures\Textures\merry_mtl07_008.tif,C:\Users\Hamada.MSI\Desktop\Hamada\lab\data\raw\images\McGill Calibrated Color Image Database\Textures\Textures\merry_flor0019.tif,0.41082578897476196,0.4030672013759613,-0.007758587598800659,0.007758587598800659,0.0,0.0,4.0946852325771905,265,
C:\Users\Hamada.MSI\Desktop\Hamada\lab\data\raw\images\McGill Calibrated Color Image Database\Textures\Textures\pippin_Mex07_011.tif,C:\Users\Hamada.MSI\Desktop\Hamada\lab\data\raw\images\McGill Calibrated Color Image Database\Textures\Textures\merry_mexico0140.tif,0.39079171419143677,0.3830380141735077,-0.007753700017929077,0.007753700017929077,0.0,3.814697265625e-06,4.0946852325771905,265,
C:\Users\Hamada.MSI\Desktop\Hamada\lab\data\raw\images\McGill Calibrated Color Image Database\Textures\Textures\merry_mexico0118.tif,C:\Users\Hamada.MSI\Desktop\Hamada\lab\data\raw\images\McGill Calibrated Color Image Database\Textures\Textures\pippin_RVHtexture018.tif,0.3722150921821594,0.36446788907051086,-0.00774720311164856,0.00774720311164856,0.0,0.0,4.0946852325771905,265,
C:\Users\Hamada.MSI\Desktop\Hamada\lab\data\raw\images\McGill Calibrated Color Image Database\Textures\Textures\pippin_UniStrt024.tif,C:\Users\Hamada.MSI\Desktop\Hamada\lab\data\raw\images\McGill Calibrated Color Image Database\Textures\Textures\pippin0225.tif,0.5265507698059082,0.5188364386558533,-0.007714331150054932,0.007714331150054932,0.0,0.0,4.0946852325771905,265,
C:\Users\Hamada.MSI\Desktop\Hamada\lab\data\raw\images\McGill Calibrated Color Image Database\Textures\Textures\merry_mexico0118.tif,C:\Users\Hamada.MSI\Desktop\Hamada\lab\data\raw\images\McGill Calibrated Color Image Database\Textures\Textures\pippin_RVHtexture025.tif,0.28228759765625,0.2899673879146576,0.007679790258407593,0.007679790258407593,0.0,0.0,4.0946852325771905,265,
C:\Users\Hamada.MSI\Desktop\Hamada\lab\data\raw\images\McGill Calibrated Color Image Database\Textures\Textures\pippin_adirondacks0025.tif,C:\Users\Hamada.MSI\Desktop\Hamada\lab\data\raw\images\McGill Calibrated Color Image Database\Textures\Textures\pippin_park0040.tif,0.4489017724990845,0.4412258565425873,-0.007675915956497192,0.007675915956497192,0.0,0.0,4.0946852325771905,265,
C:\Users\Hamada.MSI\Desktop\Hamada\lab\data\raw\images\McGill Calibrated Color Image Database\Textures\Textures\merry_mtl07_025.tif,C:\Users\Hamada.MSI\Desktop\Hamada\lab\data\raw\images\McGill Calibrated Color Image Database\Textures\Textures\pippin_RVHtexture001.tif,0.42754995822906494,0.43520647287368774,0.007656514644622803,0.007656514644622803,8.0108642578125e-05,3.4332275390625e-05,4.0946852325771905,265,
C:\Users\Hamada.MSI\Desktop\Hamada\lab\data\raw\images\McGill Calibrated Color Image Database\Textures\Textures\pippin_adirondacks0025.tif,C:\Users\Hamada.MSI\Desktop\Hamada\lab\data\raw\images\McGill Calibrated Color Image Database\Textures\Textures\pippin_RS_YachtClub026.tif,0.46079114079475403,0.45313817262649536,-0.007652968168258667,0.007652968168258667,0.0,0.0,4.0946852325771905,265,
C:\Users\Hamada.MSI\Desktop\Hamada\lab\data\raw\images\McGill Calibrated Color Image Database\Textures\Textures\merry_mtl07_008.tif,C:\Users\Hamada.MSI\Desktop\Hamada\lab\data\raw\images\McGill Calibrated Color Image Database\Textures\Textures\pippin_park0049.tif,0.3707315921783447,0.3630794286727905,-0.007652163505554199,0.007652163505554199,0.0,0.0,4.0946852325771905,265,
C:\Users\Hamada.MSI\Desktop\Hamada\lab\data\raw\images\McGill Calibrated Color Image Database\Textures\Textures\merry_mtl07_034.tif,C:\Users\Hamada.MSI\Desktop\Hamada\lab\data\raw\images\McGill Calibrated Color Image Database\Textures\Textures\pippin_adirondacks0013.tif,0.26771754026412964,0.2600737512111664,-0.007643789052963257,0.007643789052963257,0.0,1.1444091796875e-05,4.0946852325771905,265,
C:\Users\Hamada.MSI\Desktop\Hamada\lab\data\raw\images\McGill Calibrated Color Image Database\Textures\Textures\merry_mexico0121.tif,C:\Users\Hamada.MSI\Desktop\Hamada\lab\data\raw\images\McGill Calibrated Color Image Database\Textures\Textures\pippin_park0040.tif,0.3951260447502136,0.3874852657318115,-0.0076407790184021,0.0076407790184021,0.0,0.0,4.0946852325771905,265,
C:\Users\Hamada.MSI\Desktop\Hamada\lab\data\raw\images\McGill Calibrated Color Image Database\Textures\Textures\merry_mtl07_025.tif,C:\Users\Hamada.MSI\Desktop\Hamada\lab\data\raw\images\McGill Calibrated Color Image Database\Textures\Textures\pippin_RVHtexture025.tif,0.36730140447616577,0.37494197487831116,0.007640570402145386,0.007640570402145386,0.000110626220703125,0.000118255615234375,4.0946852325771905,265,
C:\Users\Hamada.MSI\Desktop\Hamada\lab\data\raw\images\McGill Calibrated Color Image Database\Textures\Textures\pippin_RVHtexture023.tif,C:\Users\Hamada.MSI\Desktop\Hamada\lab\data\raw\images\McGill Calibrated Color Image Database\Textures\Textures\pippin_RS_YachtClub047.tif,0.35365307331085205,0.34601691365242004,-0.007636159658432007,0.007636159658432007,0.0,0.0,4.0946852325771905,265,
C:\Users\Hamada.MSI\Desktop\Hamada\lab\data\raw\images\McGill Calibrated Color Image Database\Textures\Textures\pippin_adirondacks0025.tif,C:\Users\Hamada.MSI\Desktop\Hamada\lab\data\raw\images\McGill Calibrated Color Image Database\Textures\Textures\merry_mtl07_041.tif,0.4452175498008728,0.4375830292701721,-0.007634520530700684,0.007634520530700684,0.0,0.0,4.0946852325771905,265,
C:\Users\Hamada.MSI\Desktop\Hamada\lab\data\raw\images\McGill Calibrated Color Image Database\Textures\Textures\pippin_adirondacks0025.tif,C:\Users\Hamada.MSI\Desktop\Hamada\lab\data\raw\images\McGill Calibrated Color Image Database\Textures\Textures\merry_mexico0122.tif,0.3935232162475586,0.3859061896800995,-0.0076170265674591064,0.0076170265674591064,2.288818359375e-05,0.0,4.0946852325771905,265,
C:\Users\Hamada.MSI\Desktop\Hamada\lab\data\raw\images\McGill Calibrated Color Image Database\Textures\Textures\merry_mexico0219.tif,C:\Users\Hamada.MSI\Desktop\Hamada\lab\data\raw\images\McGill Calibrated Color Image Database\Textures\Textures\pippin_RVHtexture015.tif,0.20172420144081116,0.19411250948905945,-0.007611691951751709,0.007611691951751709,0.0,0.0,4.0946852325771905,265,
C:\Users\Hamada.MSI\Desktop\Hamada\lab\data\raw\images\McGill Calibrated Color Image Database\Textures\Textures\merry_mexico0154.tif,C:\Users\Hamada.MSI\Desktop\Hamada\lab\data\raw\images\McGill Calibrated Color Image Database\Textures\Textures\merry_mexico0219.tif,0.4732626974582672,0.4656572937965393,-0.007605403661727905,0.007605403661727905,0.0,0.0,4.0946852325771905,265,
C:\Users\Hamada.MSI\Desktop\Hamada\lab\data\raw\images\McGill Calibrated Color Image Database\Textures\Textures\pippin_RVHtexture023.tif,C:\Users\Hamada.MSI\Desktop\Hamada\lab\data\raw\images\McGill Calibrated Color Image Database\Textures\Textures\pippin_RVHtexture022.tif,0.3842692971229553,0.3766656219959259,-0.007603675127029419,0.007603675127029419,0.0,0.0,4.0946852325771905,265,
C:\Users\Hamada.MSI\Desktop\Hamada\lab\data\raw\images\McGill Calibrated Color Image Database\Textures\Textures\pippin_RVHtexture023.tif,C:\Users\Hamada.MSI\Desktop\Hamada\lab\data\raw\images\McGill Calibrated Color Image Database\Textures\Textures\merry_mtl07_041.tif,0.3583657145500183,0.3507789075374603,-0.007586807012557983,0.007586807012557983,0.0,0.0,4.0946852325771905,265,
C:\Users\Hamada.MSI\Desktop\Hamada\lab\data\raw\images\McGill Calibrated Color Image Database\Textures\Textures\merry_mtl07_025.tif,C:\Users\Hamada.MSI\Desktop\Hamada\lab\data\raw\images\McGill Calibrated Color Image Database\Textures\Textures\pippin_park0049.tif,0.46222788095474243,0.45464998483657837,-0.0075778961181640625,0.0075778961181640625,7.62939453125e-06,3.814697265625e-06,4.0946852325771905,265,
C:\Users\Hamada.MSI\Desktop\Hamada\lab\data\raw\images\McGill Calibrated Color Image Database\Textures\Textures\merry_mexico0219.tif,C:\Users\Hamada.MSI\Desktop\Hamada\lab\data\raw\images\McGill Calibrated Color Image Database\Textures\Textures\merry_mtl07_008.tif,0.1789458841085434,0.17137080430984497,-0.007575079798698425,0.007575079798698425,0.0,0.0,4.0946852325771905,265,
C:\Users\Hamada.MSI\Desktop\Hamada\lab\data\raw\images\McGill Calibrated Color Image Database\Textures\Textures\merry_mexico0118.tif,C:\Users\Hamada.MSI\Desktop\Hamada\lab\data\raw\images\McGill Calibrated Color Image Database\Textures\Textures\merry_mexico0122.tif,0.3833184838294983,0.37580305337905884,-0.007515430450439453,0.007515430450439453,0.0,0.0,4.0946852325771905,265,
C:\Users\Hamada.MSI\Desktop\Hamada\lab\data\raw\images\McGill Calibrated Color Image Database\Textures\Textures\merry_mtl07_034.tif,C:\Users\Hamada.MSI\Desktop\Hamada\lab\data\raw\images\McGill Calibrated Color Image Database\Textures\Textures\pippin_Peel069.tif,0.31443434953689575,0.3069227635860443,-0.00751158595085144,0.00751158595085144,0.0,1.1444091796875e-05,4.0946852325771905,265,
C:\Users\Hamada.MSI\Desktop\Hamada\lab\data\raw\images\McGill Calibrated Color Image Database\Textures\Textures\merry_mexico0154.tif,C:\Users\Hamada.MSI\Desktop\Hamada\lab\data\raw\images\McGill Calibrated Color Image Database\Textures\Textures\pippin_RVHtexture012.tif,0.405082643032074,0.3975784182548523,-0.00750422477722168,0.00750422477722168,0.0,0.0,4.0946852325771905,265,
C:\Users\Hamada.MSI\Desktop\Hamada\lab\data\raw\images\McGill Calibrated Color Image Database\Textures\Textures\pippin_adirondacks0025.tif,C:\Users\Hamada.MSI\Desktop\Hamada\lab\data\raw\images\McGill Calibrated Color Image Database\Textures\Textures\merry_win07_009.tif,0.48694905638694763,0.4944531321525574,0.007504075765609741,0.007504075765609741,0.0,0.0,4.0946852325771905,265,
C:\Users\Hamada.MSI\Desktop\Hamada\lab\data\raw\images\McGill Calibrated Color Image Database\Textures\Textures\merry_mtl07_025.tif,C:\Users\Hamada.MSI\Desktop\Hamada\lab\data\raw\images\McGill Calibrated Color Image Database\Textures\Textures\pippin_Peel109.tif,0.5434006452560425,0.5358999967575073,-0.007500648498535156,0.007500648498535156,1.1444091796875e-05,3.0517578125e-05,4.0946852325771905,265,
C:\Users\Hamada.MSI\Desktop\Hamada\lab\data\raw\images\McGill Calibrated Color Image Database\Textures\Textures\merry_mexico0118.tif,C:\Users\Hamada.MSI\Desktop\Hamada\lab\data\raw\images\McGill Calibrated Color Image Database\Textures\Textures\pippin_RVHtexture006.tif,0.34315186738967896,0.35064125061035156,0.007489383220672607,0.007489383220672607,0.0,0.0,4.0946852325771905,265,
C:\Users\Hamada.MSI\Desktop\Hamada\lab\data\raw\images\McGill Calibrated Color Image Database\Textures\Textures\merry_mexico0154.tif,C:\Users\Hamada.MSI\Desktop\Hamada\lab\data\raw\images\McGill Calibrated Color Image Database\Textures\Textures\pippin_RS_YachtClub016.tif,0.34646347165107727,0.338974267244339,-0.007489204406738281,0.007489204406738281,0.0,0.0,4.0946852325771905,265,
C:\Users\Hamada.MSI\Desktop\Hamada\lab\data\raw\images\McGill Calibrated Color Image Database\Textures\Textures\merry_mtl07_034.tif,C:\Users\Hamada.MSI\Desktop\Hamada\lab\data\raw\images\McGill Calibrated Color Image Database\Textures\Textures\merry_mexico0121.tif,0.29761576652526855,0.3051043152809143,0.007488548755645752,0.007488548755645752,0.0,1.1444091796875e-05,4.0946852325771905,265,
C:\Users\Hamada.MSI\Desktop\Hamada\lab\data\raw\images\McGill Calibrated Color Image Database\Textures\Textures\pippin_adirondacks0025.tif,C:\Users\Hamada.MSI\Desktop\Hamada\lab\data\raw\images\McGill Calibrated Color Image Database\Textures\Textures\pippin_park0043.tif,0.43020322918891907,0.4227154850959778,-0.007487744092941284,0.007487744092941284,0.0,0.0,4.0946852325771905,265,
C:\Users\Hamada.MSI\Desktop\Hamada\lab\data\raw\images\McGill Calibrated Color Image Database\Textures\Textures\merry_mtl07_008.tif,C:\Users\Hamada.MSI\Desktop\Hamada\lab\data\raw\images\McGill Calibrated Color Image Database\Textures\Textures\pippin_adirondacks0025.tif,0.34130778908729553,0.3487861156463623,0.0074783265590667725,0.0074783265590667725,0.0,0.0,4.0946852325771905,265,
C:\Users\Hamada.MSI\Desktop\Hamada\lab\data\raw\images\McGill Calibrated Color Image Database\Textures\Textures\merry_mexico0121.tif,C:\Users\Hamada.MSI\Desktop\Hamada\lab\data\raw\images\McGill Calibrated Color Image Database\Textures\Textures\pippin_Peel069.tif,0.4022773504257202,0.3948000371456146,-0.007477313280105591,0.007477313280105591,0.0,0.0,4.0946852325771905,265,
C:\Users\Hamada.MSI\Desktop\Hamada\lab\data\raw\images\McGill Calibrated Color Image Database\Textures\Textures\merry_mexico0121.tif,C:\Users\Hamada.MSI\Desktop\Hamada\lab\data\raw\images\McGill Calibrated Color Image Database\Textures\Textures\pippin_RVHtexture026.tif,0.35433655977249146,0.34685954451560974,-0.007477015256881714,0.007477015256881714,0.0,0.0,4.0946852325771905,265,
C:\Users\Hamada.MSI\Desktop\Hamada\lab\data\raw\images\McGill Calibrated Color Image Database\Textures\Textures\merry_mtl07_034.tif,C:\Users\Hamada.MSI\Desktop\Hamada\lab\data\raw\images\McGill Calibrated Color Image Database\Textures\Textures\pippin_spring0003.tif,0.29226088523864746,0.2847920060157776,-0.007468879222869873,0.007468879222869873,0.0,1.1444091796875e-05,4.0946852325771905,265,
C:\Users\Hamada.MSI\Desktop\Hamada\lab\data\raw\images\McGill Calibrated Color Image Database\Textures\Textures\pippin_Mex07_011.tif,C:\Users\Hamada.MSI\Desktop\Hamada\lab\data\raw\images\McGill Calibrated Color Image Database\Textures\Textures\pippin_park0050.tif,0.46048054099082947,0.45302900671958923,-0.007451534271240234,0.007451534271240234,0.0,3.814697265625e-06,4.0946852325771905,265,
C:\Users\Hamada.MSI\Desktop\Hamada\lab\data\raw\images\McGill Calibrated Color Image Database\Textures\Textures\pippin_adirondacks0025.tif,C:\Users\Hamada.MSI\Desktop\Hamada\lab\data\raw\images\McGill Calibrated Color Image Database\Textures\Textures\pippin0063.tif,0.4085938334465027,0.4011451005935669,-0.007448732852935791,0.007448732852935791,0.0,0.0,4.0946852325771905,265,
C:\Users\Hamada.MSI\Desktop\Hamada\lab\data\raw\images\McGill Calibrated Color Image Database\Textures\Textures\pippin_RVHtexture023.tif,C:\Users\Hamada.MSI\Desktop\Hamada\lab\data\raw\images\McGill Calibrated Color Image Database\Textures\Textures\pippin_adirondacks0025.tif,0.2641865015029907,0.271631121635437,0.007444620132446289,0.007444620132446289,0.0,0.0,4.0946852325771905,265,
C:\Users\Hamada.MSI\Desktop\Hamada\lab\data\raw\images\McGill Calibrated Color Image Database\Textures\Textures\merry_mtl07_025.tif,C:\Users\Hamada.MSI\Desktop\Hamada\lab\data\raw\images\McGill Calibrated Color Image Database\Textures\Textures\merry_win07_009.tif,0.5637860298156738,0.5712268948554993,0.0074408650398254395,0.0074408650398254395,0.0,0.0,4.0946852325771905,265,
C:\Users\Hamada.MSI\Desktop\Hamada\lab\data\raw\images\McGill Calibrated Color Image Database\Textures\Textures\pippin_Mex07_011.tif,C:\Users\Hamada.MSI\Desktop\Hamada\lab\data\raw\images\McGill Calibrated Color Image Database\Textures\Textures\merry_italy0171.tif,0.4870327115058899,0.4944719970226288,0.007439285516738892,0.007439285516738892,0.0,3.814697265625e-06,4.0946852325771905,265,
C:\Users\Hamada.MSI\Desktop\Hamada\lab\data\raw\images\McGill Calibrated Color Image Database\Textures\Textures\merry_mexico0154.tif,C:\Users\Hamada.MSI\Desktop\Hamada\lab\data\raw\images\McGill Calibrated Color Image Database\Textures\Textures\pippin_park0040.tif,0.39591437578201294,0.3884895145893097,-0.007424861192703247,0.007424861192703247,0.0,0.0,4.0946852325771905,265,
C:\Users\Hamada.MSI\Desktop\Hamada\lab\data\raw\images\McGill Calibrated Color Image Database\Textures\Textures\merry_mtl07_008.tif,C:\Users\Hamada.MSI\Desktop\Hamada\lab\data\raw\images\McGill Calibrated Color Image Database\Textures\Textures\merry_mtl07_001.tif,0.4742749333381653,0.4668534994125366,-0.007421433925628662,0.007421433925628662,0.0,0.0,4.0946852325771905,265,
C:\Users\Hamada.MSI\Desktop\Hamada\lab\data\raw\images\McGill Calibrated Color Image Database\Textures\Textures\merry_mexico0121.tif,C:\Users\Hamada.MSI\Desktop\Hamada\lab\data\raw\images\McGill Calibrated Color Image Database\Textures\Textures\merry_mtl07_021.tif,0.3795467019081116,0.3721303641796112,-0.007416337728500366,0.007416337728500366,0.0,0.0,4.0946852325771905,265,
C:\Users\Hamada.MSI\Desktop\Hamada\lab\data\raw\images\McGill Calibrated Color Image Database\Textures\Textures\merry_mexico0154.tif,C:\Users\Hamada.MSI\Desktop\Hamada\lab\data\raw\images\McGill Calibrated Color Image Database\Textures\Textures\pippin_park0048.tif,0.2693743109703064,0.261971116065979,-0.007403194904327393,0.007403194904327393,0.0,0.0,4.0946852325771905,265,
C:\Users\Hamada.MSI\Desktop\Hamada\lab\data\raw\images\McGill Calibrated Color Image Database\Textures\Textures\pippin_park0035.tif,C:\Users\Hamada.MSI\Desktop\Hamada\lab\data\raw\images\McGill Calibrated Color Image Database\Textures\Textures\pippin_UniStrt013.tif,0.4619309902191162,0.4545474946498871,-0.007383495569229126,0.007383495569229126,0.0,0.0,4.0946852325771905,265,
C:\Users\Hamada.MSI\Desktop\Hamada\lab\data\raw\images\McGill Calibrated Color Image Database\Textures\Textures\merry_mtl07_025.tif,C:\Users\Hamada.MSI\Desktop\Hamada\lab\data\raw\images\McGill Calibrated Color Image Database\Textures\Textures\pippin_park0019.tif,0.48302990198135376,0.4756607115268707,-0.007369190454483032,0.007369190454483032,0.0,0.0,4.0946852325771905,265,
C:\Users\Hamada.MSI\Desktop\Hamada\lab\data\raw\images\McGill Calibrated Color Image Database\Textures\Textures\merry_mexico0118.tif,C:\Users\Hamada.MSI\Desktop\Hamada\lab\data\raw\images\McGill Calibrated Color Image Database\Textures\Textures\merry_mtl07_037.tif,0.32770267128944397,0.3203359842300415,-0.007366687059402466,0.007366687059402466,0.0,0.0,4.0946852325771905,265,
C:\Users\Hamada.MSI\Desktop\Hamada\lab\data\raw\images\McGill Calibrated Color Image Database\Textures\Textures\merry_mtl07_005.tif,C:\Users\Hamada.MSI\Desktop\Hamada\lab\data\raw\images\McGill Calibrated Color Image Database\Textures\Textures\pippin0178.tif,0.3881570100784302,0.38079217076301575,-0.007364839315414429,0.007364839315414429,0.0,1.52587890625e-05,4.0946852325771905,265,
C:\Users\Hamada.MSI\Desktop\Hamada\lab\data\raw\images\McGill Calibrated Color Image Database\Textures\Textures\merry_mtl07_008.tif,C:\Users\Hamada.MSI\Desktop\Hamada\lab\data\raw\images\McGill Calibrated Color Image Database\Textures\Textures\pippin_jtalon0015.tif,0.46966010332107544,0.46229562163352966,-0.007364481687545776,0.007364481687545776,0.0,0.0,4.0946852325771905,265,
C:\Users\Hamada.MSI\Desktop\Hamada\lab\data\raw\images\McGill Calibrated Color Image Database\Textures\Textures\pippin_park0035.tif,C:\Users\Hamada.MSI\Desktop\Hamada\lab\data\raw\images\McGill Calibrated Color Image Database\Textures\Textures\pippin_RS_YachtClub019.tif,0.3756515085697174,0.36829447746276855,-0.0073570311069488525,0.0073570311069488525,0.0127410888671875,0.010379791259765625,4.0946852325771905,265,
C:\Users\Hamada.MSI\Desktop\Hamada\lab\data\raw\images\McGill Calibrated Color Image Database\Textures\Textures\pippin_RVHtexture023.tif,C:\Users\Hamada.MSI\Desktop\Hamada\lab\data\raw\images\McGill Calibrated Color Image Database\Textures\Textures\pippin_park0049.tif,0.28810709714889526,0.28075069189071655,-0.007356405258178711,0.007356405258178711,0.0,0.0,4.0946852325771905,265,
C:\Users\Hamada.MSI\Desktop\Hamada\lab\data\raw\images\McGill Calibrated Color Image Database\Textures\Textures\pippin_Mex07_011.tif,C:\Users\Hamada.MSI\Desktop\Hamada\lab\data\raw\images\McGill Calibrated Color Image Database\Textures\Textures\pippin0224.tif,0.3990840017795563,0.39173007011413574,-0.007353931665420532,0.007353931665420532,0.0,3.814697265625e-06,4.0946852325771905,265,
C:\Users\Hamada.MSI\Desktop\Hamada\lab\data\raw\images\McGill Calibrated Color Image Database\Textures\Textures\pippin_RVHtexture023.tif,C:\Users\Hamada.MSI\Desktop\Hamada\lab\data\raw\images\McGill Calibrated Color Image Database\Textures\Textures\pippin_RVHtexture012.tif,0.38345542550086975,0.37610161304473877,-0.0073538124561309814,0.0073538124561309814,0.0,0.0,4.0946852325771905,265,
C:\Users\Hamada.MSI\Desktop\Hamada\lab\data\raw\images\McGill Calibrated Color Image Database\Textures\Textures\pippin_RVHtexture023.tif,C:\Users\Hamada.MSI\Desktop\Hamada\lab\data\raw\images\McGill Calibrated Color Image Database\Textures\Textures\pippin_park0058.tif,0.29644590616226196,0.28910237550735474,-0.0073435306549072266,0.0073435306549072266,0.0,0.0,4.0946852325771905,265,
C:\Users\Hamada.MSI\Desktop\Hamada\lab\data\raw\images\McGill Calibrated Color Image Database\Textures\Textures\pippin_adirondacks0025.tif,C:\Users\Hamada.MSI\Desktop\Hamada\lab\data\raw\images\McGill Calibrated Color Image Database\Textures\Textures\pippin_park0054.tif,0.43848294019699097,0.4311426877975464,-0.00734025239944458,0.00734025239944458,0.0,0.0,4.0946852325771905,265,
C:\Users\Hamada.MSI\Desktop\Hamada\lab\data\raw\images\McGill Calibrated Color Image Database\Textures\Textures\merry_mexico0219.tif,C:\Users\Hamada.MSI\Desktop\Hamada\lab\data\raw\images\McGill Calibrated Color Image Database\Textures\Textures\merry_win07_009.tif,0.2510227560997009,0.24368654191493988,-0.007336214184761047,0.007336214184761047,0.0,0.0,4.0946852325771905,265,
C:\Users\Hamada.MSI\Desktop\Hamada\lab\data\raw\images\McGill Calibrated Color Image Database\Textures\Textures\merry_mtl07_025.tif,C:\Users\Hamada.MSI\Desktop\Hamada\lab\data\raw\images\McGill Calibrated Color Image Database\Textures\Textures\pippin_RVHtexture021.tif,0.46796858310699463,0.4606360197067261,-0.007332563400268555,0.007332563400268555,0.0,3.814697265625e-06,4.0946852325771905,265,
C:\Users\Hamada.MSI\Desktop\Hamada\lab\data\raw\images\McGill Calibrated Color Image Database\Textures\Textures\pippin_park0035.tif,C:\Users\Hamada.MSI\Desktop\Hamada\lab\data\raw\images\McGill Calibrated Color Image Database\Textures\Textures\pippin_RS_YachtClub016.tif,0.3949861526489258,0.38765835762023926,-0.0073277950286865234,0.0073277950286865234,0.0,0.0,4.0946852325771905,265,
C:\Users\Hamada.MSI\Desktop\Hamada\lab\data\raw\images\McGill Calibrated Color Image Database\Textures\Textures\merry_mexico0118.tif,C:\Users\Hamada.MSI\Desktop\Hamada\lab\data\raw\images\McGill Calibrated Color Image Database\Textures\Textures\pippin_park0058.tif,0.37005072832107544,0.36272430419921875,-0.0073264241218566895,0.0073264241218566895,0.0,0.0,4.0946852325771905,265,
C:\Users\Hamada.MSI\Desktop\Hamada\lab\data\raw\images\McGill Calibrated Color Image Database\Textures\Textures\merry_mtl07_008.tif,C:\Users\Hamada.MSI\Desktop\Hamada\lab\data\raw\images\McGill Calibrated Color Image Database\Textures\Textures\pippin_park0038.tif,0.3879895806312561,0.3806695342063904,-0.007320046424865723,0.007320046424865723,0.0,0.0,4.0946852325771905,265,
C:\Users\Hamada.MSI\Desktop\Hamada\lab\data\raw\images\McGill Calibrated Color Image Database\Textures\Textures\merry_mexico0118.tif,C:\Users\Hamada.MSI\Desktop\Hamada\lab\data\raw\images\McGill Calibrated Color Image Database\Textures\Textures\pippin_park0043.tif,0.42212653160095215,0.4148082733154297,-0.007318258285522461,0.007318258285522461,0.0,0.0,4.0946852325771905,265,
C:\Users\Hamada.MSI\Desktop\Hamada\lab\data\raw\images\McGill Calibrated Color Image Database\Textures\Textures\pippin_park0035.tif,C:\Users\Hamada.MSI\Desktop\Hamada\lab\data\raw\images\McGill Calibrated Color Image Database\Textures\Textures\merry_mexico0140.tif,0.3791424334049225,0.3718353509902954,-0.007307082414627075,0.007307082414627075,0.0,1.52587890625e-05,4.0946852325771905,265,
C:\Users\Hamada.MSI\Desktop\Hamada\lab\data\raw\images\McGill Calibrated Color Image Database\Textures\Textures\pippin_RVHtexture023.tif,C:\Users\Hamada.MSI\Desktop\Hamada\lab\data\raw\images\McGill Calibrated Color Image Database\Textures\Textures\pippin_UniStrt029.tif,0.3688993752002716,0.3615926504135132,-0.007306724786758423,0.007306724786758423,0.0,0.0,4.0946852325771905,265,
C:\Users\Hamada.MSI\Desktop\Hamada\lab\data\raw\images\McGill Calibrated Color Image Database\Textures\Textures\merry_mexico0118.tif,C:\Users\Hamada.MSI\Desktop\Hamada\lab\data\raw\images\McGill Calibrated Color Image Database\Textures\Textures\pippin_Peel065.tif,0.37523728609085083,0.3825376629829407,0.007300376892089844,0.007300376892089844,0.0,0.0,4.0946852325771905,265,
C:\Users\Hamada.MSI\Desktop\Hamada\lab\data\raw\images\McGill Calibrated Color Image Database\Textures\Textures\merry_mexico0154.tif,C:\Users\Hamada.MSI\Desktop\Hamada\lab\data\raw\images\McGill Calibrated Color Image Database\Textures\Textures\pippin0063.tif,0.3555041253566742,0.3482123911380768,-0.007291734218597412,0.007291734218597412,0.0,0.0,4.0946852325771905,265,
C:\Users\Hamada.MSI\Desktop\Hamada\lab\data\raw\images\McGill Calibrated Color Image Database\Textures\Textures\merry_mexico0118.tif,C:\Users\Hamada.MSI\Desktop\Hamada\lab\data\raw\images\McGill Calibrated Color Image Database\Textures\Textures\pippin_RS_YachtClub026.tif,0.45500385761260986,0.447715699672699,-0.007288157939910889,0.007288157939910889,0.0,0.0,4.0946852325771905,265,
C:\Users\Hamada.MSI\Desktop\Hamada\lab\data\raw\images\McGill Calibrated Color Image Database\Textures\Textures\merry_mtl07_034.tif,C:\Users\Hamada.MSI\Desktop\Hamada\lab\data\raw\images\McGill Calibrated Color Image Database\Textures\Textures\pippin0224.tif,0.27853092551231384,0.27124834060668945,-0.00728258490562439,0.00728258490562439,0.0,1.1444091796875e-05,4.0946852325771905,265,
C:\Users\Hamada.MSI\Desktop\Hamada\lab\data\raw\images\McGill Calibrated Color Image Database\Textures\Textures\pippin_RVHtexture023.tif,C:\Users\Hamada.MSI\Desktop\Hamada\lab\data\raw\images\McGill Calibrated Color Image Database\Textures\Textures\pippin0224.tif,0.3322771191596985,0.3250047266483307,-0.007272392511367798,0.007272392511367798,0.0,0.0,4.0946852325771905,265,
C:\Users\Hamada.MSI\Desktop\Hamada\lab\data\raw\images\McGill Calibrated Color Image Database\Textures\Textures\pippin_adirondacks0025.tif,C:\Users\Hamada.MSI\Desktop\Hamada\lab\data\raw\images\McGill Calibrated Color Image Database\Textures\Textures\pippin_spring0003.tif,0.43116840720176697,0.4239012897014618,-0.007267117500305176,0.007267117500305176,0.0,0.0,4.0946852325771905,265,
C:\Users\Hamada.MSI\Desktop\Hamada\lab\data\raw\images\McGill Calibrated Color Image Database\Textures\Textures\merry_mtl07_025.tif,C:\Users\Hamada.MSI\Desktop\Hamada\lab\data\raw\images\McGill Calibrated Color Image Database\Textures\Textures\merry_mtl07_009.tif,0.5467480421066284,0.5395092964172363,-0.00723874568939209,0.00723874568939209,0.0,0.0,4.0946852325771905,265,
C:\Users\Hamada.MSI\Desktop\Hamada\lab\data\raw\images\McGill Calibrated Color Image Database\Textures\Textures\pippin_park0035.tif,C:\Users\Hamada.MSI\Desktop\Hamada\lab\data\raw\images\McGill Calibrated Color Image Database\Textures\Textures\merry_mexico0121.tif,0.4384363293647766,0.4456549882888794,0.007218658924102783,0.007218658924102783,0.0,0.0,4.0946852325771905,265,
C:\Users\Hamada.MSI\Desktop\Hamada\lab\data\raw\images\McGill Calibrated Color Image Database\Textures\Textures\pippin_Mex07_011.tif,C:\Users\Hamada.MSI\Desktop\Hamada\lab\data\raw\images\McGill Calibrated Color Image Database\Textures\Textures\merry_mtl07_019.tif,0.42053958773612976,0.41332101821899414,-0.00721856951713562,0.00721856951713562,0.0,3.814697265625e-06,4.0946852325771905,265,
C:\Users\Hamada.MSI\Desktop\Hamada\lab\data\raw\images\McGill Calibrated Color Image Database\Textures\Textures\pippin_park0035.tif,C:\Users\Hamada.MSI\Desktop\Hamada\lab\data\raw\images\McGill Calibrated Color Image Database\Textures\Textures\pippin_park0052.tif,0.3864206373691559,0.37920451164245605,-0.007216125726699829,0.007216125726699829,0.0,0.0,4.0946852325771905,265,
C:\Users\Hamada.MSI\Desktop\Hamada\lab\data\raw\images\McGill Calibrated Color Image Database\Textures\Textures\merry_mtl07_025.tif,C:\Users\Hamada.MSI\Desktop\Hamada\lab\data\raw\images\McGill Calibrated Color Image Database\Textures\Textures\pippin_RS_YachtClub047.tif,0.5160515904426575,0.5088410973548889,-0.007210493087768555,0.007210493087768555,0.0,0.0,4.0946852325771905,265,
C:\Users\Hamada.MSI\Desktop\Hamada\lab\data\raw\images\McGill Calibrated Color Image Database\Textures\Textures\pippin_Mex07_011.tif,C:\Users\Hamada.MSI\Desktop\Hamada\lab\data\raw\images\McGill Calibrated Color Image Database\Textures\Textures\pippin_park0058.tif,0.36916038393974304,0.3619624376296997,-0.007197946310043335,0.007197946310043335,0.0,3.814697265625e-06,4.0946852325771905,265,
C:\Users\Hamada.MSI\Desktop\Hamada\lab\data\raw\images\McGill Calibrated Color Image Database\Textures\Textures\merry_mtl07_034.tif,C:\Users\Hamada.MSI\Desktop\Hamada\lab\data\raw\images\McGill Calibrated Color Image Database\Textures\Textures\merry_mtl07_001.tif,0.3646696209907532,0.35747742652893066,-0.00719219446182251,0.00719219446182251,0.0,1.1444091796875e-05,4.0946852325771905,265,
C:\Users\Hamada.MSI\Desktop\Hamada\lab\data\raw\images\McGill Calibrated Color Image Database\Textures\Textures\merry_mtl07_008.tif,C:\Users\Hamada.MSI\Desktop\Hamada\lab\data\raw\images\McGill Calibrated Color Image Database\Textures\Textures\pippin_Biodome030.tif,0.44537538290023804,0.4381846785545349,-0.007190704345703125,0.007190704345703125,0.0,0.0,4.0946852325771905,265,
C:\Users\Hamada.MSI\Desktop\Hamada\lab\data\raw\images\McGill Calibrated Color Image Database\Textures\Textures\merry_mtl07_034.tif,C:\Users\Hamada.MSI\Desktop\Hamada\lab\data\raw\images\McGill Calibrated Color Image Database\Textures\Textures\pippin_Peel018.tif,0.33540236949920654,0.3282289505004883,-0.007173418998718262,0.007173418998718262,0.0,1.1444091796875e-05,4.0946852325771905,265,
C:\Users\Hamada.MSI\Desktop\Hamada\lab\data\raw\images\McGill Calibrated Color Image Database\Textures\Textures\merry_mexico0154.tif,C:\Users\Hamada.MSI\Desktop\Hamada\lab\data\raw\images\McGill Calibrated Color Image Database\Textures\Textures\pippin_park0044.tif,0.3898523151874542,0.39702123403549194,0.00716891884803772,0.00716891884803772,7.62939453125e-06,2.288818359375e-05,4.0946852325771905,265,
C:\Users\Hamada.MSI\Desktop\Hamada\lab\data\raw\images\McGill Calibrated Color Image Database\Textures\Textures\pippin_park0035.tif,C:\Users\Hamada.MSI\Desktop\Hamada\lab\data\raw\images\McGill Calibrated Color Image Database\Textures\Textures\merry_mexico0118.tif,0.3837023973464966,0.3908691704273224,0.007166773080825806,0.007166773080825806,0.0,1.52587890625e-05,4.0946852325771905,265,
C:\Users\Hamada.MSI\Desktop\Hamada\lab\data\raw\images\McGill Calibrated Color Image Database\Textures\Textures\pippin_park0035.tif,C:\Users\Hamada.MSI\Desktop\Hamada\lab\data\raw\images\McGill Calibrated Color Image Database\Textures\Textures\pippin0223.tif,0.42648938298225403,0.4193231761455536,-0.0071662068367004395,0.0071662068367004395,0.0,0.0,4.0946852325771905,265,
C:\Users\Hamada.MSI\Desktop\Hamada\lab\data\raw\images\McGill Calibrated Color Image Database\Textures\Textures\pippin_adirondacks0025.tif,C:\Users\Hamada.MSI\Desktop\Hamada\lab\data\raw\images\McGill Calibrated Color Image Database\Textures\Textures\pippin_RS_YachtClub055.tif,0.4108123779296875,0.40365177392959595,-0.007160604000091553,0.007160604000091553,0.0,0.0,4.0946852325771905,265,
C:\Users\Hamada.MSI\Desktop\Hamada\lab\data\raw\images\McGill Calibrated Color Image Database\Textures\Textures\pippin_adirondacks0025.tif,C:\Users\Hamada.MSI\Desktop\Hamada\lab\data\raw\images\McGill Calibrated Color Image Database\Textures\Textures\pippin_park0042.tif,0.4488070011138916,0.4416472911834717,-0.007159709930419922,0.007159709930419922,0.0,0.0,4.0946852325771905,265,
C:\Users\Hamada.MSI\Desktop\Hamada\lab\data\raw\images\McGill Calibrated Color Image Database\Textures\Textures\merry_mtl07_025.tif,C:\Users\Hamada.MSI\Desktop\Hamada\lab\data\raw\images\McGill Calibrated Color Image Database\Textures\Textures\merry_mtl07_037.tif,0.42849200963974,0.4213331341743469,-0.007158875465393066,0.007158875465393066,0.0,3.814697265625e-06,4.0946852325771905,265,
C:\Users\Hamada.MSI\Desktop\Hamada\lab\data\raw\images\McGill Calibrated Color Image Database\Textures\Textures\pippin_adirondacks0025.tif,C:\Users\Hamada.MSI\Desktop\Hamada\lab\data\raw\images\McGill Calibrated Color Image Database\Textures\Textures\pippin_Peel097.tif,0.4218786954879761,0.4147331118583679,-0.007145583629608154,0.007145583629608154,0.00045013427734375,0.000164031982421875,4.0946852325771905,265,
C:\Users\Hamada.MSI\Desktop\Hamada\lab\data\raw\images\McGill Calibrated Color Image Database\Textures\Textures\pippin_UniStrt024.tif,C:\Users\Hamada.MSI\Desktop\Hamada\lab\data\raw\images\McGill Calibrated Color Image Database\Textures\Textures\pippin_RS_YachtClub026.tif,0.5886667966842651,0.5815327763557434,-0.0071340203285217285,0.0071340203285217285,0.0,0.0,4.0946852325771905,265,
C:\Users\Hamada.MSI\Desktop\Hamada\lab\data\raw\images\McGill Calibrated Color Image Database\Textures\Textures\merry_mtl07_005.tif,C:\Users\Hamada.MSI\Desktop\Hamada\lab\data\raw\images\McGill Calibrated Color Image Database\Textures\Textures\merry_mexico0118.tif,0.23414546251296997,0.22701475024223328,-0.007130712270736694,0.007130712270736694,1.52587890625e-05,3.0517578125e-05,4.0946852325771905,265,
C:\Users\Hamada.MSI\Desktop\Hamada\lab\data\raw\images\McGill Calibrated Color Image Database\Textures\Textures\merry_mexico0154.tif,C:\Users\Hamada.MSI\Desktop\Hamada\lab\data\raw\images\McGill Calibrated Color Image Database\Textures\Textures\pippin_park0039.tif,0.35220569372177124,0.345093697309494,-0.007111996412277222,0.007111996412277222,0.0,0.0,4.0946852325771905,265,
C:\Users\Hamada.MSI\Desktop\Hamada\lab\data\raw\images\McGill Calibrated Color Image Database\Textures\Textures\merry_mtl07_025.tif,C:\Users\Hamada.MSI\Desktop\Hamada\lab\data\raw\images\McGill Calibrated Color Image Database\Textures\Textures\pippin_RVHtexture014.tif,0.4072539210319519,0.40014922618865967,-0.007104694843292236,0.007104694843292236,7.62939453125e-06,0.0,4.0946852325771905,265,
C:\Users\Hamada.MSI\Desktop\Hamada\lab\data\raw\images\McGill Calibrated Color Image Database\Textures\Textures\merry_mtl07_008.tif,C:\Users\Hamada.MSI\Desktop\Hamada\lab\data\raw\images\McGill Calibrated Color Image Database\Textures\Textures\pippin0225.tif,0.4065631330013275,0.39945918321609497,-0.007103949785232544,0.007103949785232544,0.0,0.0,4.0946852325771905,265,
C:\Users\Hamada.MSI\Desktop\Hamada\lab\data\raw\images\McGill Calibrated Color Image Database\Textures\Textures\merry_mexico0219.tif,C:\Users\Hamada.MSI\Desktop\Hamada\lab\data\raw\images\McGill Calibrated Color Image Database\Textures\Textures\pippin_RVHtexture016.tif,0.13937146961688995,0.13226968050003052,-0.007101789116859436,0.007101789116859436,0.0,0.0,4.0946852325771905,265,
C:\Users\Hamada.MSI\Desktop\Hamada\lab\data\raw\images\McGill Calibrated Color Image Database\Textures\Textures\pippin_park0035.tif,C:\Users\Hamada.MSI\Desktop\Hamada\lab\data\raw\images\McGill Calibrated Color Image Database\Textures\Textures\pippin_park0047.tif,0.4528331160545349,0.45992928743362427,0.0070961713790893555,0.0070961713790893555,0.0,0.0,4.0946852325771905,265,
C:\Users\Hamada.MSI\Desktop\Hamada\lab\data\raw\images\McGill Calibrated Color Image Database\Textures\Textures\merry_mtl07_008.tif,C:\Users\Hamada.MSI\Desktop\Hamada\lab\data\raw\images\McGill Calibrated Color Image Database\Textures\Textures\pippin_park0047.tif,0.43785911798477173,0.44494909048080444,0.007089972496032715,0.007089972496032715,0.0,0.0,4.0946852325771905,265,
C:\Users\Hamada.MSI\Desktop\Hamada\lab\data\raw\images\McGill Calibrated Color Image Database\Textures\Textures\pippin_Mex07_011.tif,C:\Users\Hamada.MSI\Desktop\Hamada\lab\data\raw\images\McGill Calibrated Color Image Database\Textures\Textures\pippin0178.tif,0.4683784544467926,0.4612916111946106,-0.007086843252182007,0.007086843252182007,0.0,3.814697265625e-06,4.0946852325771905,265,
C:\Users\Hamada.MSI\Desktop\Hamada\lab\data\raw\images\McGill Calibrated Color Image Database\Textures\Textures\merry_mtl07_005.tif,C:\Users\Hamada.MSI\Desktop\Hamada\lab\data\raw\images\McGill Calibrated Color Image Database\Textures\Textures\pippin_RVHtexture022.tif,0.3351724147796631,0.32808974385261536,-0.0070826709270477295,0.0070826709270477295,0.0,1.52587890625e-05,4.0946852325771905,265,
C:\Users\Hamada.MSI\Desktop\Hamada\lab\data\raw\images\McGill Calibrated Color Image Database\Textures\Textures\pippin_UniStrt024.tif,C:\Users\Hamada.MSI\Desktop\Hamada\lab\data\raw\images\McGill Calibrated Color Image Database\Textures\Textures\pippin_RS_YachtClub019.tif,0.4994226396083832,0.49235787987709045,-0.007064759731292725,0.007064759731292725,0.07116317749023438,0.057697296142578125,4.0946852325771905,265,
C:\Users\Hamada.MSI\Desktop\Hamada\lab\data\raw\images\McGill Calibrated Color Image Database\Textures\Textures\pippin_Mex07_011.tif,C:\Users\Hamada.MSI\Desktop\Hamada\lab\data\raw\images\McGill Calibrated Color Image Database\Textures\Textures\pippin_RVHtexture013.tif,0.45022881031036377,0.44316473603248596,-0.007064074277877808,0.007064074277877808,0.0,3.814697265625e-06,4.0946852325771905,265,
C:\Users\Hamada.MSI\Desktop\Hamada\lab\data\raw\images\McGill Calibrated Color Image Database\Textures\Textures\merry_mexico0219.tif,C:\Users\Hamada.MSI\Desktop\Hamada\lab\data\raw\images\McGill Calibrated Color Image Database\Textures\Textures\merry_italy0171.tif,0.1774388700723648,0.18450255692005157,0.007063686847686768,0.007063686847686768,0.0,0.0,4.0946852325771905,265,
C:\Users\Hamada.MSI\Desktop\Hamada\lab\data\raw\images\McGill Calibrated Color Image Database\Textures\Textures\pippin_park0035.tif,C:\Users\Hamada.MSI\Desktop\Hamada\lab\data\raw\images\McGill Calibrated Color Image Database\Textures\Textures\pippin_UniStrt022.tif,0.49276530742645264,0.485709547996521,-0.007055759429931641,0.007055759429931641,0.0,0.0,4.0946852325771905,265,
C:\Users\Hamada.MSI\Desktop\Hamada\lab\data\raw\images\McGill Calibrated Color Image Database\Textures\Textures\merry_mtl07_008.tif,C:\Users\Hamada.MSI\Desktop\Hamada\lab\data\raw\images\McGill Calibrated Color Image Database\Textures\Textures\merry_mexico0121.tif,0.4280717372894287,0.435110867023468,0.007039129734039307,0.007039129734039307,0.0,0.0,4.0946852325771905,265,
C:\Users\Hamada.MSI\Desktop\Hamada\lab\data\raw\images\McGill Calibrated Color Image Database\Textures\Textures\pippin_adirondacks0025.tif,C:\Users\Hamada.MSI\Desktop\Hamada\lab\data\raw\images\McGill Calibrated Color Image Database\Textures\Textures\merry_mtl07_037.tif,0.34968945384025574,0.34266197681427,-0.007027477025985718,0.007027477025985718,0.0,0.0,4.0946852325771905,265,
C:\Users\Hamada.MSI\Desktop\Hamada\lab\data\raw\images\McGill Calibrated Color Image Database\Textures\Textures\pippin_RVHtexture023.tif,C:\Users\Hamada.MSI\Desktop\Hamada\lab\data\raw\images\McGill Calibrated Color Image Database\Textures\Textures\pippin0223.tif,0.3357011079788208,0.32868051528930664,-0.00702059268951416,0.00702059268951416,0.0,0.0,4.0946852325771905,265,
C:\Users\Hamada.MSI\Desktop\Hamada\lab\data\raw\images\McGill Calibrated Color Image Database\Textures\Textures\merry_mexico0121.tif,C:\Users\Hamada.MSI\Desktop\Hamada\lab\data\raw\images\McGill Calibrated Color Image Database\Textures\Textures\pippin_RS_YachtClub019.tif,0.32141876220703125,0.31440407037734985,-0.0070146918296813965,0.0070146918296813965,0.043933868408203125,0.0316314697265625,4.0946852325771905,265,
C:\Users\Hamada.MSI\Desktop\Hamada\lab\data\raw\images\McGill Calibrated Color Image Database\Textures\Textures\pippin_RVHtexture023.tif,C:\Users\Hamada.MSI\Desktop\Hamada\lab\data\raw\images\McGill Calibrated Color Image Database\Textures\Textures\pippin_park0048.tif,0.23732829093933105,0.23031820356845856,-0.0070100873708724976,0.0070100873708724976,0.0,0.0,4.0946852325771905,265,
C:\Users\Hamada.MSI\Desktop\Hamada\lab\data\raw\images\McGill Calibrated Color Image Database\Textures\Textures\pippin_UniStrt024.tif,C:\Users\Hamada.MSI\Desktop\Hamada\lab\data\raw\images\McGill Calibrated Color Image Database\Textures\Textures\pippin_park0054.tif,0.5461649894714355,0.539169192314148,-0.006995797157287598,0.006995797157287598,0.0,0.0,4.0946852325771905,265,
C:\Users\Hamada.MSI\Desktop\Hamada\lab\data\raw\images\McGill Calibrated Color Image Database\Textures\Textures\merry_mtl07_025.tif,C:\Users\Hamada.MSI\Desktop\Hamada\lab\data\raw\images\McGill Calibrated Color Image Database\Textures\Textures\pippin_park0044.tif,0.5289779901504517,0.5219955444335938,-0.00698244571685791,0.00698244571685791,0.000118255615234375,0.00014495849609375,4.0946852325771905,265,
C:\Users\Hamada.MSI\Desktop\Hamada\lab\data\raw\images\McGill Calibrated Color Image Database\Textures\Textures\pippin_RVHtexture023.tif,C:\Users\Hamada.MSI\Desktop\Hamada\lab\data\raw\images\McGill Calibrated Color Image Database\Textures\Textures\merry_mexico0219.tif,0.4430875778198242,0.4361160695552826,-0.006971508264541626,0.006971508264541626,0.0,0.0,4.0946852325771905,265,
C:\Users\Hamada.MSI\Desktop\Hamada\lab\data\raw\images\McGill Calibrated Color Image Database\Textures\Textures\merry_mexico0121.tif,C:\Users\Hamada.MSI\Desktop\Hamada\lab\data\raw\images\McGill Calibrated Color Image Database\Textures\Textures\pippin_jtalon0015.tif,0.43262436985969543,0.4256599545478821,-0.0069644153118133545,0.0069644153118133545,0.0,0.0,4.0946852325771905,265,
C:\Users\Hamada.MSI\Desktop\Hamada\lab\data\raw\images\McGill Calibrated Color Image Database\Textures\Textures\merry_mexico0121.tif,C:\Users\Hamada.MSI\Desktop\Hamada\lab\data\raw\images\McGill Calibrated Color Image Database\Textures\Textures\merry_mexico0140.tif,0.32411444187164307,0.3171598017215729,-0.00695464015007019,0.00695464015007019,0.0,0.0,4.0946852325771905,265,
C:\Users\Hamada.MSI\Desktop\Hamada\lab\data\raw\images\McGill Calibrated Color Image Database\Textures\Textures\merry_mexico0154.tif,C:\Users\Hamada.MSI\Desktop\Hamada\lab\data\raw\images\McGill Calibrated Color Image Database\Textures\Textures\pippin_Biodome030.tif,0.39258304238319397,0.38563114404678345,-0.0069518983364105225,0.0069518983364105225,0.0,0.0,4.0946852325771905,265,
C:\Users\Hamada.MSI\Desktop\Hamada\lab\data\raw\images\McGill Calibrated Color Image Database\Textures\Textures\pippin_RVHtexture023.tif,C:\Users\Hamada.MSI\Desktop\Hamada\lab\data\raw\images\McGill Calibrated Color Image Database\Textures\Textures\pippin_RVHtexture008.tif,0.3566319942474365,0.3496924638748169,-0.006939530372619629,0.006939530372619629,0.0,0.0,4.0946852325771905,265,
C:\Users\Hamada.MSI\Desktop\Hamada\lab\data\raw\images\McGill Calibrated Color Image Database\Textures\Textures\merry_mtl07_025.tif,C:\Users\Hamada.MSI\Desktop\Hamada\lab\data\raw\images\McGill Calibrated Color Image Database\Textures\Textures\pippin_park0038.tif,0.4828290641307831,0.4758898615837097,-0.006939202547073364,0.006939202547073364,0.0,0.0,4.0946852325771905,265,
C:\Users\Hamada.MSI\Desktop\Hamada\lab\data\raw\images\McGill Calibrated Color Image Database\Textures\Textures\merry_mtl07_025.tif,C:\Users\Hamada.MSI\Desktop\Hamada\lab\data\raw\images\McGill Calibrated Color Image Database\Textures\Textures\merry_mexico0118.tif,0.4783395230770111,0.48526591062545776,0.006926387548446655,0.006926387548446655,0.0,7.62939453125e-06,4.0946852325771905,265,
C:\Users\Hamada.MSI\Desktop\Hamada\lab\data\raw\images\McGill Calibrated Color Image Database\Textures\Textures\merry_mexico0118.tif,C:\Users\Hamada.MSI\Desktop\Hamada\lab\data\raw\images\McGill Calibrated Color Image Database\Textures\Textures\merry_mexico0154.tif,0.38795238733291626,0.3810320198535919,-0.006920367479324341,0.006920367479324341,0.0,0.0,4.0946852325771905,265,
C:\Users\Hamada.MSI\Desktop\Hamada\lab\data\raw\images\McGill Calibrated Color Image Database\Textures\Textures\merry_mtl07_025.tif,C:\Users\Hamada.MSI\Desktop\Hamada\lab\data\raw\images\McGill Calibrated Color Image Database\Textures\Textures\merry_mexico0122.tif,0.477225661277771,0.4703176021575928,-0.006908059120178223,0.006908059120178223,0.0,0.0,4.0946852325771905,265,
C:\Users\Hamada.MSI\Desktop\Hamada\lab\data\raw\images\McGill Calibrated Color Image Database\Textures\Textures\pippin_park0035.tif,C:\Users\Hamada.MSI\Desktop\Hamada\lab\data\raw\images\McGill Calibrated Color Image Database\Textures\Textures\pippin_RS_YachtClub055.tif,0.41060954332351685,0.40370360016822815,-0.006905943155288696,0.006905943155288696,0.0,0.0,4.0946852325771905,265,
C:\Users\Hamada.MSI\Desktop\Hamada\lab\data\raw\images\McGill Calibrated Color Image Database\Textures\Textures\merry_mtl07_005.tif,C:\Users\Hamada.MSI\Desktop\Hamada\lab\data\raw\images\McGill Calibrated Color Image Database\Textures\Textures\pippin_RS_YachtClub016.tif,0.24547915160655975,0.2385741025209427,-0.006905049085617065,0.006905049085617065,0.0,1.52587890625e-05,4.0946852325771905,265,
C:\Users\Hamada.MSI\Desktop\Hamada\lab\data\raw\images\McGill Calibrated Color Image Database\Textures\Textures\merry_mtl07_025.tif,C:\Users\Hamada.MSI\Desktop\Hamada\lab\data\raw\images\McGill Calibrated Color Image Database\Textures\Textures\pippin_Peel065.tif,0.46691033244132996,0.47381240129470825,0.006902068853378296,0.006902068853378296,0.0,0.0,4.0946852325771905,265,
C:\Users\Hamada.MSI\Desktop\Hamada\lab\data\raw\images\McGill Calibrated Color Image Database\Textures\Textures\pippin_UniStrt024.tif,C:\Users\Hamada.MSI\Desktop\Hamada\lab\data\raw\images\McGill Calibrated Color Image Database\Textures\Textures\merry_mexico0122.tif,0.5252549648284912,0.5183543562889099,-0.006900608539581299,0.006900608539581299,0.0,0.0,4.0946852325771905,265,
C:\Users\Hamada.MSI\Desktop\Hamada\lab\data\raw\images\McGill Calibrated Color Image Database\Textures\Textures\pippin_park0035.tif,C:\Users\Hamada.MSI\Desktop\Hamada\lab\data\raw\images\McGill Calibrated Color Image Database\Textures\Textures\pippin_Peel069.tif,0.4552665948867798,0.44836699962615967,-0.006899595260620117,0.006899595260620117,0.0,0.0,4.0946852325771905,265,
C:\Users\Hamada.MSI\Desktop\Hamada\lab\data\raw\images\McGill Calibrated Color Image Database\Textures\Textures\merry_mtl07_005.tif,C:\Users\Hamada.MSI\Desktop\Hamada\lab\data\raw\images\McGill Calibrated Color Image Database\Textures\Textures\pippin_RS_YachtClub026.tif,0.30968785285949707,0.30280670523643494,-0.006881147623062134,0.006881147623062134,0.0,1.52587890625e-05,4.0946852325771905,265,
C:\Users\Hamada.MSI\Desktop\Hamada\lab\data\raw\images\McGill Calibrated Color Image Database\Textures\Textures\pippin_Mex07_011.tif,C:\Users\Hamada.MSI\Desktop\Hamada\lab\data\raw\images\McGill Calibrated Color Image Database\Textures\Textures\pippin_Peel069.tif,0.44458362460136414,0.43771183490753174,-0.0068717896938323975,0.0068717896938323975,0.0,3.814697265625e-06,4.0946852325771905,265,
C:\Users\Hamada.MSI\Desktop\Hamada\lab\data\raw\images\McGill Calibrated Color Image Database\Textures\Textures\merry_mtl07_005.tif,C:\Users\Hamada.MSI\Desktop\Hamada\lab\data\raw\images\McGill Calibrated Color Image Database\Textures\Textures\pippin_park0049.tif,0.23278005421161652,0.2259128987789154,-0.006867155432701111,0.006867155432701111,0.0,1.9073486328125e-05,4.0946852325771905,265,
C:\Users\Hamada.MSI\Desktop\Hamada\lab\data\raw\images\McGill Calibrated Color Image Database\Textures\Textures\merry_mtl07_034.tif,C:\Users\Hamada.MSI\Desktop\Hamada\lab\data\raw\images\McGill Calibrated Color Image Database\Textures\Textures\merry_mexico0140.tif,0.2540772259235382,0.2472114861011505,-0.006865739822387695,0.006865739822387695,0.0,1.1444091796875e-05,4.0946852325771905,265,
C:\Users\Hamada.MSI\Desktop\Hamada\lab\data\raw\images\McGill Calibrated Color Image Database\Textures\Textures\merry_mexico0118.tif,C:\Users\Hamada.MSI\Desktop\Hamada\lab\data\raw\images\McGill Calibrated Color Image Database\Textures\Textures\pippin_RVHtexture017.tif,0.4199533462524414,0.41310444474220276,-0.0068489015102386475,0.0068489015102386475,0.0,0.0,4.0946852325771905,265,
C:\Users\Hamada.MSI\Desktop\Hamada\lab\data\raw\images\McGill Calibrated Color Image Database\Textures\Textures\merry_mtl07_008.tif,C:\Users\Hamada.MSI\Desktop\Hamada\lab\data\raw\images\McGill Calibrated Color Image Database\Textures\Textures\pippin_RS_YachtClub006.tif,0.39154428243637085,0.3846956789493561,-0.0068486034870147705,0.0068486034870147705,0.0,0.0,4.0946852325771905,265,
C:\Users\Hamada.MSI\Desktop\Hamada\lab\data\raw\images\McGill Calibrated Color Image Database\Textures\Textures\merry_mexico0118.tif,C:\Users\Hamada.MSI\Desktop\Hamada\lab\data\raw\images\McGill Calibrated Color Image Database\Textures\Textures\pippin_park0047.tif,0.4364941716194153,0.4433344602584839,0.0068402886390686035,0.0068402886390686035,0.0,0.0,4.0946852325771905,265,
C:\Users\Hamada.MSI\Desktop\Hamada\lab\data\raw\images\McGill Calibrated Color Image Database\Textures\Textures\pippin_Mex07_011.tif,C:\Users\Hamada.MSI\Desktop\Hamada\lab\data\raw\images\McGill Calibrated Color Image Database\Textures\Textures\pippin_ParcSafari050.tif,0.36875808238983154,0.3619329035282135,-0.006825178861618042,0.006825178861618042,0.0,3.814697265625e-06,4.0946852325771905,265,
C:\Users\Hamada.MSI\Desktop\Hamada\lab\data\raw\images\McGill Calibrated Color Image Database\Textures\Textures\merry_mtl07_005.tif,C:\Users\Hamada.MSI\Desktop\Hamada\lab\data\raw\images\McGill Calibrated Color Image Database\Textures\Textures\pippin_RVHtexture008.tif,0.2911546230316162,0.284340500831604,-0.006814122200012207,0.006814122200012207,0.0,1.52587890625e-05,4.0946852325771905,265,
C:\Users\Hamada.MSI\Desktop\Hamada\lab\data\raw\images\McGill Calibrated Color Image Database\Textures\Textures\merry_mexico0154.tif,C:\Users\Hamada.MSI\Desktop\Hamada\lab\data\raw\images\McGill Calibrated Color Image Database\Textures\Textures\merry_mexico0122.tif,0.33630770444869995,0.32949474453926086,-0.006812959909439087,0.006812959909439087,0.0,0.0,4.0946852325771905,265,
C:\Users\Hamada.MSI\Desktop\Hamada\lab\data\raw\images\McGill Calibrated Color Image Database\Textures\Textures\merry_mtl07_025.tif,C:\Users\Hamada.MSI\Desktop\Hamada\lab\data\raw\images\McGill Calibrated Color Image Database\Textures\Textures\pippin_park0050.tif,0.537726879119873,0.5309237241744995,-0.006803154945373535,0.006803154945373535,0.0,0.0,4.0946852325771905,265,
C:\Users\Hamada.MSI\Desktop\Hamada\lab\data\raw\images\McGill Calibrated Color Image Database\Textures\Textures\pippin_park0035.tif,C:\Users\Hamada.MSI\Desktop\Hamada\lab\data\raw\images\McGill Calibrated Color Image Database\Textures\Textures\pippin_RS_YachtClub047.tif,0.43303245306015015,0.42626461386680603,-0.006767839193344116,0.006767839193344116,0.0,0.0,4.0946852325771905,265,
C:\Users\Hamada.MSI\Desktop\Hamada\lab\data\raw\images\McGill Calibrated Color Image Database\Textures\Textures\pippin_adirondacks0025.tif,C:\Users\Hamada.MSI\Desktop\Hamada\lab\data\raw\images\McGill Calibrated Color Image Database\Textures\Textures\pippin_RS_YachtClub006.tif,0.4010668396949768,0.39431455731391907,-0.006752282381057739,0.006752282381057739,0.0,0.0,4.0946852325771905,265,
C:\Users\Hamada.MSI\Desktop\Hamada\lab\data\raw\images\McGill Calibrated Color Image Database\Textures\Textures\merry_mtl07_034.tif,C:\Users\Hamada.MSI\Desktop\Hamada\lab\data\raw\images\McGill Calibrated Color Image Database\Textures\Textures\pippin_park0019.tif,0.2714148163795471,0.26466310024261475,-0.006751716136932373,0.006751716136932373,0.0,1.1444091796875e-05,4.0946852325771905,265,
C:\Users\Hamada.MSI\Desktop\Hamada\lab\data\raw\images\McGill Calibrated Color Image Database\Textures\Textures\pippin_park0035.tif,C:\Users\Hamada.MSI\Desktop\Hamada\lab\data\raw\images\McGill Calibrated Color Image Database\Textures\Textures\pippin0225.tif,0.4310014247894287,0.4242714047431946,-0.006730020046234131,0.006730020046234131,0.0,0.0,4.0946852325771905,265,
C:\Users\Hamada.MSI\Desktop\Hamada\lab\data\raw\images\McGill Calibrated Color Image Database\Textures\Textures\pippin_RVHtexture023.tif,C:\Users\Hamada.MSI\Desktop\Hamada\lab\data\raw\images\McGill Calibrated Color Image Database\Textures\Textures\pippin_Peel069.tif,0.36615750193595886,0.3594280183315277,-0.006729483604431152,0.006729483604431152,0.0,0.0,4.0946852325771905,265,
C:\Users\Hamada.MSI\Desktop\Hamada\lab\data\raw\images\McGill Calibrated Color Image Database\Textures\Textures\merry_mexico0118.tif,C:\Users\Hamada.MSI\Desktop\Hamada\lab\data\raw\images\McGill Calibrated Color Image Database\Textures\Textures\merry_mtl07_041.tif,0.44679340720176697,0.4401133954524994,-0.006680011749267578,0.006680011749267578,0.0,0.0,4.0946852325771905,265,
C:\Users\Hamada.MSI\Desktop\Hamada\lab\data\raw\images\McGill Calibrated Color Image Database\Textures\Textures\merry_mexico0121.tif,C:\Users\Hamada.MSI\Desktop\Hamada\lab\data\raw\images\McGill Calibrated Color Image Database\Textures\Textures\pippin_RVHtexture007.tif,0.347598671913147,0.3409309387207031,-0.006667733192443848,0.006667733192443848,0.0,0.0,4.0946852325771905,265,
C:\Users\Hamada.MSI\Desktop\Hamada\lab\data\raw\images\McGill Calibrated Color Image Database\Textures\Textures\merry_mexico0121.tif,C:\Users\Hamada.MSI\Desktop\Hamada\lab\data\raw\images\McGill Calibrated Color Image Database\Textures\Textures\pippin_RVHtexture001.tif,0.29501187801361084,0.3016766607761383,0.006664782762527466,0.006664782762527466,0.0,0.0,4.0946852325771905,265,
C:\Users\Hamada.MSI\Desktop\Hamada\lab\data\raw\images\McGill Calibrated Color Image Database\Textures\Textures\merry_mtl07_034.tif,C:\Users\Hamada.MSI\Desktop\Hamada\lab\data\raw\images\McGill Calibrated Color Image Database\Textures\Textures\pippin_park0048.tif,0.205087810754776,0.19842594861984253,-0.006661862134933472,0.006661862134933472,0.0,1.1444091796875e-05,4.0946852325771905,265,
C:\Users\Hamada.MSI\Desktop\Hamada\lab\data\raw\images\McGill Calibrated Color Image Database\Textures\Textures\merry_mexico0219.tif,C:\Users\Hamada.MSI\Desktop\Hamada\lab\data\raw\images\McGill Calibrated Color Image Database\Textures\Textures\pippin_UniStrt013.tif,0.2041705846786499,0.19752493500709534,-0.006645649671554565,0.006645649671554565,0.0,0.0,4.0946852325771905,265,
C:\Users\Hamada.MSI\Desktop\Hamada\lab\data\raw\images\McGill Calibrated Color Image Database\Textures\Textures\merry_mtl07_025.tif,C:\Users\Hamada.MSI\Desktop\Hamada\lab\data\raw\images\McGill Calibrated Color Image Database\Textures\Textures\pippin_park0039.tif,0.5020058155059814,0.4953615069389343,-0.006644308567047119,0.006644308567047119,0.0,0.0,4.0946852325771905,265,
C:\Users\Hamada.MSI\Desktop\Hamada\lab\data\raw\images\McGill Calibrated Color Image Database\Textures\Textures\pippin_Mex07_011.tif,C:\Users\Hamada.MSI\Desktop\Hamada\lab\data\raw\images\McGill Calibrated Color Image Database\Textures\Textures\pippin_park0047.tif,0.44249919056892395,0.44913503527641296,0.006635844707489014,0.006635844707489014,0.0,3.814697265625e-06,4.0946852325771905,265,
C:\Users\Hamada.MSI\Desktop\Hamada\lab\data\raw\images\McGill Calibrated Color Image Database\Textures\Textures\merry_mtl07_025.tif,C:\Users\Hamada.MSI\Desktop\Hamada\lab\data\raw\images\McGill Calibrated Color Image Database\Textures\Textures\pippin_UniStrt022.tif,0.5575873851776123,0.5509557127952576,-0.006631672382354736,0.006631672382354736,0.0,0.0,4.0946852325771905,265,
C:\Users\Hamada.MSI\Desktop\Hamada\lab\data\raw\images\McGill Calibrated Color Image Database\Textures\Textures\merry_mexico0219.tif,C:\Users\Hamada.MSI\Desktop\Hamada\lab\data\raw\images\McGill Calibrated Color Image Database\Textures\Textures\merry_mexico0154.tif,0.15993191301822662,0.15330621600151062,-0.006625697016716003,0.006625697016716003,0.0,0.0,4.0946852325771905,265,
C:\Users\Hamada.MSI\Desktop\Hamada\lab\data\raw\images\McGill Calibrated Color Image Database\Textures\Textures\pippin_RVHtexture023.tif,C:\Users\Hamada.MSI\Desktop\Hamada\lab\data\raw\images\McGill Calibrated Color Image Database\Textures\Textures\pippin_park0019.tif,0.30933716893196106,0.30272176861763,-0.006615400314331055,0.006615400314331055,0.0,0.0,4.0946852325771905,265,
C:\Users\Hamada.MSI\Desktop\Hamada\lab\data\raw\images\McGill Calibrated Color Image Database\Textures\Textures\merry_mexico0154.tif,C:\Users\Hamada.MSI\Desktop\Hamada\lab\data\raw\images\McGill Calibrated Color Image Database\Textures\Textures\pippin_RS_YachtClub007.tif,0.40374481678009033,0.3971296548843384,-0.006615161895751953,0.006615161895751953,0.0,0.0,4.0946852325771905,265,
C:\Users\Hamada.MSI\Desktop\Hamada\lab\data\raw\images\McGill Calibrated Color Image Database\Textures\Textures\pippin_Mex07_011.tif,C:\Users\Hamada.MSI\Desktop\Hamada\lab\data\raw\images\McGill Calibrated Color Image Database\Textures\Textures\pippin_Biodome030.tif,0.4475342631340027,0.4409233331680298,-0.0066109299659729,0.0066109299659729,0.0,3.814697265625e-06,4.0946852325771905,265,
C:\Users\Hamada.MSI\Desktop\Hamada\lab\data\raw\images\McGill Calibrated Color Image Database\Textures\Textures\merry_mexico0154.tif,C:\Users\Hamada.MSI\Desktop\Hamada\lab\data\raw\images\McGill Calibrated Color Image Database\Textures\Textures\pippin_park0052.tif,0.3365808129310608,0.3299882411956787,-0.00659257173538208,0.00659257173538208,0.0,0.0,4.0946852325771905,265,
C:\Users\Hamada.MSI\Desktop\Hamada\lab\data\raw\images\McGill Calibrated Color Image Database\Textures\Textures\merry_mexico0154.tif,C:\Users\Hamada.MSI\Desktop\Hamada\lab\data\raw\images\McGill Calibrated Color Image Database\Textures\Textures\pippin_Peel018.tif,0.4186971187591553,0.4121066927909851,-0.006590425968170166,0.006590425968170166,0.0,0.0,4.0946852325771905,265,
C:\Users\Hamada.MSI\Desktop\Hamada\lab\data\raw\images\McGill Calibrated Color Image Database\Textures\Textures\merry_mtl07_005.tif,C:\Users\Hamada.MSI\Desktop\Hamada\lab\data\raw\images\McGill Calibrated Color Image Database\Textures\Textures\pippin_Peel109.tif,0.32647648453712463,0.3198932409286499,-0.0065832436084747314,0.0065832436084747314,0.0,1.52587890625e-05,4.0946852325771905,265,
C:\Users\Hamada.MSI\Desktop\Hamada\lab\data\raw\images\McGill Calibrated Color Image Database\Textures\Textures\pippin_UniStrt024.tif,C:\Users\Hamada.MSI\Desktop\Hamada\lab\data\raw\images\McGill Calibrated Color Image Database\Textures\Textures\merry_mtl07_033.tif,0.48964357376098633,0.48306649923324585,-0.0065770745277404785,0.0065770745277404785,0.0,2.288818359375e-05,4.0946852325771905,265,
C:\Users\Hamada.MSI\Desktop\Hamada\lab\data\raw\images\McGill Calibrated Color Image Database\Textures\Textures\merry_mtl07_025.tif,C:\Users\Hamada.MSI\Desktop\Hamada\lab\data\raw\images\McGill Calibrated Color Image Database\Textures\Textures\pippin0178.tif,0.5515998005867004,0.5450336933135986,-0.006566107273101807,0.006566107273101807,0.0,0.0,4.0946852325771905,265,
C:\Users\Hamada.MSI\Desktop\Hamada\lab\data\raw\images\McGill Calibrated Color Image Database\Textures\Textures\merry_mtl07_034.tif,C:\Users\Hamada.MSI\Desktop\Hamada\lab\data\raw\images\McGill Calibrated Color Image Database\Textures\Textures\merry_mtl07_037.tif,0.2388923019170761,0.2323448657989502,-0.0065474361181259155,0.0065474361181259155,0.0,1.1444091796875e-05,4.0946852325771905,265,
C:\Users\Hamada.MSI\Desktop\Hamada\lab\data\raw\images\McGill Calibrated Color Image Database\Textures\Textures\merry_mexico0154.tif,C:\Users\Hamada.MSI\Desktop\Hamada\lab\data\raw\images\McGill Calibrated Color Image Database\Textures\Textures\pippin_park0038.tif,0.34144270420074463,0.33490192890167236,-0.006540775299072266,0.006540775299072266,0.0,0.0,4.0946852325771905,265,
C:\Users\Hamada.MSI\Desktop\Hamada\lab\data\raw\images\McGill Calibrated Color Image Database\Textures\Textures\merry_mtl07_005.tif,C:\Users\Hamada.MSI\Desktop\Hamada\lab\data\raw\images\McGill Calibrated Color Image Database\Textures\Textures\pippin_RVHtexture012.tif,0.3320499062538147,0.3255186080932617,-0.0065312981605529785,0.0065312981605529785,0.0,1.52587890625e-05,4.0946852325771905,265,
C:\Users\Hamada.MSI\Desktop\Hamada\lab\data\raw\images\McGill Calibrated Color Image Database\Textures\Textures\pippin_RVHtexture023.tif,C:\Users\Hamada.MSI\Desktop\Hamada\lab\data\raw\images\McGill Calibrated Color Image Database\Textures\Textures\pippin_park0039.tif,0.33100706338882446,0.32447659969329834,-0.006530463695526123,0.006530463695526123,0.0,0.0,4.0946852325771905,265,
C:\Users\Hamada.MSI\Desktop\Hamada\lab\data\raw\images\McGill Calibrated Color Image Database\Textures\Textures\merry_mexico0219.tif,C:\Users\Hamada.MSI\Desktop\Hamada\lab\data\raw\images\McGill Calibrated Color Image Database\Textures\Textures\merry_flor0019.tif,0.15036937594413757,0.14384829998016357,-0.006521075963973999,0.006521075963973999,0.0,0.0,4.0946852325771905,265,
C:\Users\Hamada.MSI\Desktop\Hamada\lab\data\raw\images\McGill Calibrated Color Image Database\Textures\Textures\pippin_RVHtexture023.tif,C:\Users\Hamada.MSI\Desktop\Hamada\lab\data\raw\images\McGill Calibrated Color Image Database\Textures\Textures\pippin_Peel109.tif,0.3755376935005188,0.36901968717575073,-0.006518006324768066,0.006518006324768066,0.0,0.0,4.0946852325771905,265,
C:\Users\Hamada.MSI\Desktop\Hamada\lab\data\raw\images\McGill Calibrated Color Image Database\Textures\Textures\pippin_adirondacks0025.tif,C:\Users\Hamada.MSI\Desktop\Hamada\lab\data\raw\images\McGill Calibrated Color Image Database\Textures\Textures\merry_mexico0140.tif,0.3722221255302429,0.36570584774017334,-0.00651627779006958,0.00651627779006958,0.0,0.0,4.0946852325771905,265,
C:\Users\Hamada.MSI\Desktop\Hamada\lab\data\raw\images\McGill Calibrated Color Image Database\Textures\Textures\pippin_RVHtexture023.tif,C:\Users\Hamada.MSI\Desktop\Hamada\lab\data\raw\images\McGill Calibrated Color Image Database\Textures\Textures\merry_mexico0140.tif,0.29001402854919434,0.28350937366485596,-0.006504654884338379,0.006504654884338379,0.0,0.0,4.0946852325771905,265,
C:\Users\Hamada.MSI\Desktop\Hamada\lab\data\raw\images\McGill Calibrated Color Image Database\Textures\Textures\merry_mexico0219.tif,C:\Users\Hamada.MSI\Desktop\Hamada\lab\data\raw\images\McGill Calibrated Color Image Database\Textures\Textures\pippin_RS_YachtClub006.tif,0.14915823936462402,0.1426631063222885,-0.00649513304233551,0.00649513304233551,0.0,0.0,4.0946852325771905,265,
C:\Users\Hamada.MSI\Desktop\Hamada\lab\data\raw\images\McGill Calibrated Color Image Database\Textures\Textures\pippin_Mex07_011.tif,C:\Users\Hamada.MSI\Desktop\Hamada\lab\data\raw\images\McGill Calibrated Color Image Database\Textures\Textures\pippin_RVHtexture003.tif,0.41273486614227295,0.41922950744628906,0.006494641304016113,0.006494641304016113,0.0,3.814697265625e-06,4.0946852325771905,265,
C:\Users\Hamada.MSI\Desktop\Hamada\lab\data\raw\images\McGill Calibrated Color Image Database\Textures\Textures\pippin_adirondacks0025.tif,C:\Users\Hamada.MSI\Desktop\Hamada\lab\data\raw\images\McGill Calibrated Color Image Database\Textures\Textures\pippin0225.tif,0.4240620732307434,0.41757091879844666,-0.006491154432296753,0.006491154432296753,0.0,0.0,4.0946852325771905,265,
C:\Users\Hamada.MSI\Desktop\Hamada\lab\data\raw\images\McGill Calibrated Color Image Database\Textures\Textures\pippin_RVHtexture023.tif,C:\Users\Hamada.MSI\Desktop\Hamada\lab\data\raw\images\McGill Calibrated Color Image Database\Textures\Textures\pippin_RVHtexture018.tif,0.30802810192108154,0.3015412986278534,-0.006486803293228149,0.006486803293228149,0.0,0.0,4.0946852325771905,265,
C:\Users\Hamada.MSI\Desktop\Hamada\lab\data\raw\images\McGill Calibrated Color Image Database\Textures\Textures\merry_mtl07_025.tif,C:\Users\Hamada.MSI\Desktop\Hamada\lab\data\raw\images\McGill Calibrated Color Image Database\Textures\Textures\pippin_RS_YachtClub055.tif,0.49992629885673523,0.4934396743774414,-0.006486624479293823,0.006486624479293823,0.0,0.0,4.0946852325771905,265,
C:\Users\Hamada.MSI\Desktop\Hamada\lab\data\raw\images\McGill Calibrated Color Image Database\Textures\Textures\pippin_UniStrt024.tif,C:\Users\Hamada.MSI\Desktop\Hamada\lab\data\raw\images\McGill Calibrated Color Image Database\Textures\Textures\merry_mtl07_003.tif,0.6117136478424072,0.6052281856536865,-0.006485462188720703,0.006485462188720703,0.0,0.0,4.0946852325771905,265,
C:\Users\Hamada.MSI\Desktop\Hamada\lab\data\raw\images\McGill Calibrated Color Image Database\Textures\Textures\pippin_Mex07_011.tif,C:\Users\Hamada.MSI\Desktop\Hamada\lab\data\raw\images\McGill Calibrated Color Image Database\Textures\Textures\pippin_park0035.tif,0.3944336771965027,0.3879486918449402,-0.0064849853515625,0.0064849853515625,0.0,3.814697265625e-06,4.0946852325771905,265,
C:\Users\Hamada.MSI\Desktop\Hamada\lab\data\raw\images\McGill Calibrated Color Image Database\Textures\Textures\pippin_Mex07_011.tif,C:\Users\Hamada.MSI\Desktop\Hamada\lab\data\raw\images\McGill Calibrated Color Image Database\Textures\Textures\merry_mtl07_033.tif,0.30510687828063965,0.2986493408679962,-0.006457537412643433,0.006457537412643433,0.0,3.814697265625e-06,4.0946852325771905,265,
C:\Users\Hamada.MSI\Desktop\Hamada\lab\data\raw\images\McGill Calibrated Color Image Database\Textures\Textures\merry_mexico0118.tif,C:\Users\Hamada.MSI\Desktop\Hamada\lab\data\raw\images\McGill Calibrated Color Image Database\Textures\Textures\pippin_RS_YachtClub030.tif,0.4450293779373169,0.43857473134994507,-0.006454646587371826,0.006454646587371826,0.0,0.0,4.0946852325771905,265,
C:\Users\Hamada.MSI\Desktop\Hamada\lab\data\raw\images\McGill Calibrated Color Image Database\Textures\Textures\merry_mexico0154.tif,C:\Users\Hamada.MSI\Desktop\Hamada\lab\data\raw\images\McGill Calibrated Color Image Database\Textures\Textures\pippin_park0019.tif,0.3413904309272766,0.3349393606185913,-0.006451070308685303,0.006451070308685303,0.0,0.0,4.0946852325771905,265,
C:\Users\Hamada.MSI\Desktop\Hamada\lab\data\raw\images\McGill Calibrated Color Image Database\Textures\Textures\merry_mtl07_008.tif,C:\Users\Hamada.MSI\Desktop\Hamada\lab\data\raw\images\McGill Calibrated Color Image Database\Textures\Textures\merry_mexico0140.tif,0.3854244351387024,0.37898221611976624,-0.006442219018936157,0.006442219018936157,0.0,0.0,4.0946852325771905,265,
C:\Users\Hamada.MSI\Desktop\Hamada\lab\data\raw\images\McGill Calibrated Color Image Database\Textures\Textures\pippin_adirondacks0025.tif,C:\Users\Hamada.MSI\Desktop\Hamada\lab\data\raw\images\McGill Calibrated Color Image Database\Textures\Textures\pippin_Peel109.tif,0.45333945751190186,0.4469074606895447,-0.006431996822357178,0.006431996822357178,2.6702880859375e-05,1.52587890625e-05,4.0946852325771905,265,
C:\Users\Hamada.MSI\Desktop\Hamada\lab\data\raw\images\McGill Calibrated Color Image Database\Textures\Textures\merry_mexico0121.tif,C:\Users\Hamada.MSI\Desktop\Hamada\lab\data\raw\images\McGill Calibrated Color Image Database\Textures\Textures\pippin_park0043.tif,0.3730688989162445,0.3666369318962097,-0.00643196702003479,0.00643196702003479,0.0,0.0,4.0946852325771905,265,
C:\Users\Hamada.MSI\Desktop\Hamada\lab\data\raw\images\McGill Calibrated Color Image Database\Textures\Textures\merry_mtl07_034.tif,C:\Users\Hamada.MSI\Desktop\Hamada\lab\data\raw\images\McGill Calibrated Color Image Database\Textures\Textures\pippin_RVHtexture025.tif,0.2129884660243988,0.21941760182380676,0.006429135799407959,0.006429135799407959,0.0,1.1444091796875e-05,4.0946852325771905,265,
C:\Users\Hamada.MSI\Desktop\Hamada\lab\data\raw\images\McGill Calibrated Color Image Database\Textures\Textures\pippin_park0035.tif,C:\Users\Hamada.MSI\Desktop\Hamada\lab\data\raw\images\McGill Calibrated Color Image Database\Textures\Textures\merry_mtl07_037.tif,0.3306594789028168,0.32424110174179077,-0.006418377161026001,0.006418377161026001,0.0,0.0,4.0946852325771905,265,
C:\Users\Hamada.MSI\Desktop\Hamada\lab\data\raw\images\McGill Calibrated Color Image Database\Textures\Textures\merry_mtl07_008.tif,C:\Users\Hamada.MSI\Desktop\Hamada\lab\data\raw\images\McGill Calibrated Color Image Database\Textures\Textures\merry_mtl07_037.tif,0.35317376255989075,0.34675633907318115,-0.006417423486709595,0.006417423486709595,0.0,0.0,4.0946852325771905,265,
C:\Users\Hamada.MSI\Desktop\Hamada\lab\data\raw\images\McGill Calibrated Color Image Database\Textures\Textures\merry_mtl07_005.tif,C:\Users\Hamada.MSI\Desktop\Hamada\lab\data\raw\images\McGill Calibrated Color Image Database\Textures\Textures\pippin0223.tif,0.28920796513557434,0.2828042805194855,-0.006403684616088867,0.006403684616088867,0.0,1.52587890625e-05,4.0946852325771905,265,
C:\Users\Hamada.MSI\Desktop\Hamada\lab\data\raw\images\McGill Calibrated Color Image Database\Textures\Textures\merry_mexico0118.tif,C:\Users\Hamada.MSI\Desktop\Hamada\lab\data\raw\images\McGill Calibrated Color Image Database\Textures\Textures\merry_mexico0140.tif,0.361741840839386,0.35535603761672974,-0.00638580322265625,0.00638580322265625,0.0,0.0,4.0946852325771905,265,
C:\Users\Hamada.MSI\Desktop\Hamada\lab\data\raw\images\McGill Calibrated Color Image Database\Textures\Textures\merry_mexico0219.tif,C:\Users\Hamada.MSI\Desktop\Hamada\lab\data\raw\images\McGill Calibrated Color Image Database\Textures\Textures\pippin_UniStrt029.tif,0.19667449593544006,0.19029279053211212,-0.006381705403327942,0.006381705403327942,0.0,0.0,4.0946852325771905,265,
C:\Users\Hamada.MSI\Desktop\Hamada\lab\data\raw\images\McGill Calibrated Color Image Database\Textures\Textures\pippin_adirondacks0025.tif,C:\Users\Hamada.MSI\Desktop\Hamada\lab\data\raw\images\McGill Calibrated Color Image Database\Textures\Textures\pippin_UniStrt022.tif,0.4775843322277069,0.47120606899261475,-0.006378263235092163,0.006378263235092163,0.0,0.0,4.0946852325771905,265,
C:\Users\Hamada.MSI\Desktop\Hamada\lab\data\raw\images\McGill Calibrated Color Image Database\Textures\Textures\pippin_adirondacks0025.tif,C:\Users\Hamada.MSI\Desktop\Hamada\lab\data\raw\images\McGill Calibrated Color Image Database\Textures\Textures\pippin_RVHtexture018.tif,0.38889676332473755,0.3825226426124573,-0.0063741207122802734,0.0063741207122802734,5.7220458984375e-05,3.0517578125e-05,4.0946852325771905,265,
C:\Users\Hamada.MSI\Desktop\Hamada\lab\data\raw\images\McGill Calibrated Color Image Database\Textures\Textures\merry_mtl07_025.tif,C:\Users\Hamada.MSI\Desktop\Hamada\lab\data\raw\images\McGill Calibrated Color Image Database\Textures\Textures\pippin_Mex07_011.tif,0.5351405143737793,0.5287679433822632,-0.006372570991516113,0.006372570991516113,0.0,1.9073486328125e-05,4.0946852325771905,265,
C:\Users\Hamada.MSI\Desktop\Hamada\lab\data\raw\images\McGill Calibrated Color Image Database\Textures\Textures\pippin_RVHtexture023.tif,C:\Users\Hamada.MSI\Desktop\Hamada\lab\data\raw\images\McGill Calibrated Color Image Database\Textures\Textures\pippin_RS_YachtClub006.tif,0.32103070616722107,0.314664363861084,-0.006366342306137085,0.006366342306137085,0.0,0.0,4.0946852325771905,265,
C:\Users\Hamada.MSI\Desktop\Hamada\lab\data\raw\images\McGill Calibrated Color Image Database\Textures\Textures\merry_mtl07_025.tif,C:\Users\Hamada.MSI\Desktop\Hamada\lab\data\raw\images\McGill Calibrated Color Image Database\Textures\Textures\pippin_RS_YachtClub019.tif,0.4634075164794922,0.45704180002212524,-0.006365716457366943,0.006365716457366943,0.015254974365234375,0.011676788330078125,4.0946852325771905,265,
C:\Users\Hamada.MSI\Desktop\Hamada\lab\data\raw\images\McGill Calibrated Color Image Database\Textures\Textures\merry_mtl07_008.tif,C:\Users\Hamada.MSI\Desktop\Hamada\lab\data\raw\images\McGill Calibrated Color Image Database\Textures\Textures\pippin_Peel109.tif,0.44523027539253235,0.43886661529541016,-0.006363660097122192,0.006363660097122192,0.0,0.0,4.0946852325771905,265,
C:\Users\Hamada.MSI\Desktop\Hamada\lab\data\raw\images\McGill Calibrated Color Image Database\Textures\Textures\pippin_park0035.tif,C:\Users\Hamada.MSI\Desktop\Hamada\lab\data\raw\images\McGill Calibrated Color Image Database\Textures\Textures\pippin0178.tif,0.48667773604393005,0.4803158640861511,-0.006361871957778931,0.006361871957778931,0.0,0.0,4.0946852325771905,265,
C:\Users\Hamada.MSI\Desktop\Hamada\lab\data\raw\images\McGill Calibrated Color Image Database\Textures\Textures\merry_mtl07_034.tif,C:\Users\Hamada.MSI\Desktop\Hamada\lab\data\raw\images\McGill Calibrated Color Image Database\Textures\Textures\pippin_RVHtexture012.tif,0.3270666003227234,0.32071253657341003,-0.0063540637493133545,0.0063540637493133545,0.0,1.1444091796875e-05,4.0946852325771905,265,
C:\Users\Hamada.MSI\Desktop\Hamada\lab\data\raw\images\McGill Calibrated Color Image Database\Textures\Textures\merry_mexico0118.tif,C:\Users\Hamada.MSI\Desktop\Hamada\lab\data\raw\images\McGill Calibrated Color Image Database\Textures\Textures\merry_mtl07_009.tif,0.45090600848197937,0.4445682168006897,-0.006337791681289673,0.006337791681289673,0.0,0.0,4.0946852325771905,265,
C:\Users\Hamada.MSI\Desktop\Hamada\lab\data\raw\images\McGill Calibrated Color Image Database\Textures\Textures\pippin_UniStrt024.tif,C:\Users\Hamada.MSI\Desktop\Hamada\lab\data\raw\images\McGill Calibrated Color Image Database\Textures\Textures\pippin_RVHtexture026.tif,0.530107855796814,0.5237712860107422,-0.006336569786071777,0.006336569786071777,0.0,0.0,4.0946852325771905,265,
C:\Users\Hamada.MSI\Desktop\Hamada\lab\data\raw\images\McGill Calibrated Color Image Database\Textures\Textures\pippin_UniStrt024.tif,C:\Users\Hamada.MSI\Desktop\Hamada\lab\data\raw\images\McGill Calibrated Color Image Database\Textures\Textures\merry_mexico0219.tif,0.6415783166885376,0.6479059457778931,0.006327629089355469,0.006327629089355469,0.0,0.0,4.0946852325771905,265,
C:\Users\Hamada.MSI\Desktop\Hamada\lab\data\raw\images\McGill Calibrated Color Image Database\Textures\Textures\merry_mexico0121.tif,C:\Users\Hamada.MSI\Desktop\Hamada\lab\data\raw\images\McGill Calibrated Color Image Database\Textures\Textures\pippin_park0010.tif,0.3567503094673157,0.35042622685432434,-0.006324082612991333,0.006324082612991333,0.0,0.0,4.0946852325771905,265,
C:\Users\Hamada.MSI\Desktop\Hamada\lab\data\raw\images\McGill Calibrated Color Image Database\Textures\Textures\merry_mtl07_008.tif,C:\Users\Hamada.MSI\Desktop\Hamada\lab\data\raw\images\McGill Calibrated Color Image Database\Textures\Textures\pippin_RS_YachtClub047.tif,0.41372090578079224,0.4074028730392456,-0.006318032741546631,0.006318032741546631,0.0,0.0,4.0946852325771905,265,
C:\Users\Hamada.MSI\Desktop\Hamada\lab\data\raw\images\McGill Calibrated Color Image Database\Textures\Textures\pippin_adirondacks0025.tif,C:\Users\Hamada.MSI\Desktop\Hamada\lab\data\raw\images\McGill Calibrated Color Image Database\Textures\Textures\pippin0223.tif,0.41240209341049194,0.4060971140861511,-0.00630497932434082,0.00630497932434082,0.0,0.0,4.0946852325771905,265,
C:\Users\Hamada.MSI\Desktop\Hamada\lab\data\raw\images\McGill Calibrated Color Image Database\Textures\Textures\merry_mexico0121.tif,C:\Users\Hamada.MSI\Desktop\Hamada\lab\data\raw\images\McGill Calibrated Color Image Database\Textures\Textures\merry_mtl07_041.tif,0.39747726917266846,0.39118319749832153,-0.006294071674346924,0.006294071674346924,0.0,0.0,4.0946852325771905,265,
C:\Users\Hamada.MSI\Desktop\Hamada\lab\data\raw\images\McGill Calibrated Color Image Database\Textures\Textures\pippin_UniStrt024.tif,C:\Users\Hamada.MSI\Desktop\Hamada\lab\data\raw\images\McGill Calibrated Color Image Database\Textures\Textures\pippin_park0060.tif,0.5298986434936523,0.5361878871917725,0.006289243698120117,0.006289243698120117,0.0,7.62939453125e-06,4.0946852325771905,265,
C:\Users\Hamada.MSI\Desktop\Hamada\lab\data\raw\images\McGill Calibrated Color Image Database\Textures\Textures\merry_mexico0154.tif,C:\Users\Hamada.MSI\Desktop\Hamada\lab\data\raw\images\McGill Calibrated Color Image Database\Textures\Textures\pippin0223.tif,0.36085954308509827,0.3545793890953064,-0.00628015398979187,0.00628015398979187,0.0,0.0,4.0946852325771905,265,
C:\Users\Hamada.MSI\Desktop\Hamada\lab\data\raw\images\McGill Calibrated Color Image Database\Textures\Textures\merry_mtl07_008.tif,C:\Users\Hamada.MSI\Desktop\Hamada\lab\data\raw\images\McGill Calibrated Color Image Database\Textures\Textures\pippin_Peel065.tif,0.3793678879737854,0.38564687967300415,0.00627899169921875,0.00627899169921875,0.0,0.0,4.0946852325771905,265,
C:\Users\Hamada.MSI\Desktop\Hamada\lab\data\raw\images\McGill Calibrated Color Image Database\Textures\Textures\merry_mexico0154.tif,C:\Users\Hamada.MSI\Desktop\Hamada\lab\data\raw\images\McGill Calibrated Color Image Database\Textures\Textures\pippin0224.tif,0.3544766306877136,0.3482024669647217,-0.006274163722991943,0.006274163722991943,0.0,0.0,4.0946852325771905,265,
C:\Users\Hamada.MSI\Desktop\Hamada\lab\data\raw\images\McGill Calibrated Color Image Database\Textures\Textures\pippin_Mex07_011.tif,C:\Users\Hamada.MSI\Desktop\Hamada\lab\data\raw\images\McGill Calibrated Color Image Database\Textures\Textures\merry_mexico0121.tif,0.4286508858203888,0.4349234402179718,0.006272554397583008,0.006272554397583008,0.0,3.814697265625e-06,4.0946852325771905,265,
C:\Users\Hamada.MSI\Desktop\Hamada\lab\data\raw\images\McGill Calibrated Color Image Database\Textures\Textures\merry_mtl07_025.tif,C:\Users\Hamada.MSI\Desktop\Hamada\lab\data\raw\images\McGill Calibrated Color Image Database\Textures\Textures\pippin_Peel043.tif,0.5101915597915649,0.5039303302764893,-0.006261229515075684,0.006261229515075684,1.1444091796875e-05,3.814697265625e-06,4.0946852325771905,265,
C:\Users\Hamada.MSI\Desktop\Hamada\lab\data\raw\images\McGill Calibrated Color Image Database\Textures\Textures\merry_mtl07_034.tif,C:\Users\Hamada.MSI\Desktop\Hamada\lab\data\raw\images\McGill Calibrated Color Image Database\Textures\Textures\pippin0178.tif,0.3597162961959839,0.35345685482025146,-0.006259441375732422,0.006259441375732422,0.0,1.1444091796875e-05,4.0946852325771905,265,
C:\Users\Hamada.MSI\Desktop\Hamada\lab\data\raw\images\McGill Calibrated Color Image Database\Textures\Textures\merry_mtl07_005.tif,C:\Users\Hamada.MSI\Desktop\Hamada\lab\data\raw\images\McGill Calibrated Color Image Database\Textures\Textures\pippin_park0044.tif,0.3690706491470337,0.3628142178058624,-0.006256431341171265,0.006256431341171265,0.0,1.52587890625e-05,4.0946852325771905,265,
C:\Users\Hamada.MSI\Desktop\Hamada\lab\data\raw\images\McGill Calibrated Color Image Database\Textures\Textures\merry_mtl07_034.tif,C:\Users\Hamada.MSI\Desktop\Hamada\lab\data\raw\images\McGill Calibrated Color Image Database\Textures\Textures\pippin_RVHtexture008.tif,0.30354970693588257,0.2972981929779053,-0.006251513957977295,0.006251513957977295,0.0,1.1444091796875e-05,4.0946852325771905,265,
C:\Users\Hamada.MSI\Desktop\Hamada\lab\data\raw\images\McGill Calibrated Color Image Database\Textures\Textures\pippin_adirondacks0025.tif,C:\Users\Hamada.MSI\Desktop\Hamada\lab\data\raw\images\McGill Calibrated Color Image Database\Textures\Textures\merry_mexico0219.tif,0.5228912830352783,0.5166537761688232,-0.006237506866455078,0.006237506866455078,0.0,0.0,4.0946852325771905,265,
C:\Users\Hamada.MSI\Desktop\Hamada\lab\data\raw\images\McGill Calibrated Color Image Database\Textures\Textures\pippin_RVHtexture023.tif,C:\Users\Hamada.MSI\Desktop\Hamada\lab\data\raw\images\McGill Calibrated Color Image Database\Textures\Textures\pippin_park0050.tif,0.3697684407234192,0.3635324239730835,-0.006236016750335693,0.006236016750335693,0.0,0.0,4.0946852325771905,265,
C:\Users\Hamada.MSI\Desktop\Hamada\lab\data\raw\images\McGill Calibrated Color Image Database\Textures\Textures\pippin_RVHtexture023.tif,C:\Users\Hamada.MSI\Desktop\Hamada\lab\data\raw\images\McGill Calibrated Color Image Database\Textures\Textures\merry_mtl07_003.tif,0.4225332736968994,0.41630297899246216,-0.006230294704437256,0.006230294704437256,0.0,0.0,4.0946852325771905,265,
C:\Users\Hamada.MSI\Desktop\Hamada\lab\data\raw\images\McGill Calibrated Color Image Database\Textures\Textures\pippin_UniStrt024.tif,C:\Users\Hamada.MSI\Desktop\Hamada\lab\data\raw\images\McGill Calibrated Color Image Database\Textures\Textures\pippin_RVHtexture003.tif,0.5546351671218872,0.5608199834823608,0.006184816360473633,0.006184816360473633,1.1444091796875e-05,0.0,4.0946852325771905,265,
C:\Users\Hamada.MSI\Desktop\Hamada\lab\data\raw\images\McGill Calibrated Color Image Database\Textures\Textures\pippin_park0035.tif,C:\Users\Hamada.MSI\Desktop\Hamada\lab\data\raw\images\McGill Calibrated Color Image Database\Textures\Textures\merry_mtl07_003.tif,0.504635751247406,0.49845749139785767,-0.00617825984954834,0.00617825984954834,0.0,0.0,4.0946852325771905,265,
C:\Users\Hamada.MSI\Desktop\Hamada\lab\data\raw\images\McGill Calibrated Color Image Database\Textures\Textures\merry_mexico0118.tif,C:\Users\Hamada.MSI\Desktop\Hamada\lab\data\raw\images\McGill Calibrated Color Image Database\Textures\Textures\pippin_RVHtexture012.tif,0.4533853828907013,0.4472152590751648,-0.006170123815536499,0.006170123815536499,0.0,0.0,4.0946852325771905,265,
C:\Users\Hamada.MSI\Desktop\Hamada\lab\data\raw\images\McGill Calibrated Color Image Database\Textures\Textures\merry_mexico0118.tif,C:\Users\Hamada.MSI\Desktop\Hamada\lab\data\raw\images\McGill Calibrated Color Image Database\Textures\Textures\pippin_UniStrt024.tif,0.3986080288887024,0.39244282245635986,-0.006165206432342529,0.006165206432342529,0.0,0.0,4.0946852325771905,265,
C:\Users\Hamada.MSI\Desktop\Hamada\lab\data\raw\images\McGill Calibrated Color Image Database\Textures\Textures\merry_mexico0121.tif,C:\Users\Hamada.MSI\Desktop\Hamada\lab\data\raw\images\McGill Calibrated Color Image Database\Textures\Textures\pippin_RVHtexture017.tif,0.38030487298965454,0.3741469979286194,-0.006157875061035156,0.006157875061035156,0.0,0.0,4.0946852325771905,265,
C:\Users\Hamada.MSI\Desktop\Hamada\lab\data\raw\images\McGill Calibrated Color Image Database\Textures\Textures\pippin_park0035.tif,C:\Users\Hamada.MSI\Desktop\Hamada\lab\data\raw\images\McGill Calibrated Color Image Database\Textures\Textures\pippin_RVHtexture026.tif,0.4043284058570862,0.39817097783088684,-0.006157428026199341,0.006157428026199341,0.0,0.0,4.0946852325771905,265,
C:\Users\Hamada.MSI\Desktop\Hamada\lab\data\raw\images\McGill Calibrated Color Image Database\Textures\Textures\pippin_RVHtexture023.tif,C:\Users\Hamada.MSI\Desktop\Hamada\lab\data\raw\images\McGill Calibrated Color Image Database\Textures\Textures\pippin_park0040.tif,0.3656017780303955,0.35944631695747375,-0.006155461072921753,0.006155461072921753,0.0,0.0,4.0946852325771905,265,
C:\Users\Hamada.MSI\Desktop\Hamada\lab\data\raw\images\McGill Calibrated Color Image Database\Textures\Textures\merry_mtl07_034.tif,C:\Users\Hamada.MSI\Desktop\Hamada\lab\data\raw\images\McGill Calibrated Color Image Database\Textures\Textures\merry_mexico0219.tif,0.39335519075393677,0.3872110843658447,-0.006144106388092041,0.006144106388092041,0.0,1.1444091796875e-05,4.0946852325771905,265,
C:\Users\Hamada.MSI\Desktop\Hamada\lab\data\raw\images\McGill Calibrated Color Image Database\Textures\Textures\merry_mexico0121.tif,C:\Users\Hamada.MSI\Desktop\Hamada\lab\data\raw\images\McGill Calibrated Color Image Database\Textures\Textures\pippin_RS_YachtClub055.tif,0.35384756326675415,0.34771016240119934,-0.00613740086555481,0.00613740086555481,0.0,0.0,4.0946852325771905,265,
C:\Users\Hamada.MSI\Desktop\Hamada\lab\data\raw\images\McGill Calibrated Color Image Database\Textures\Textures\pippin_Mex07_011.tif,C:\Users\Hamada.MSI\Desktop\Hamada\lab\data\raw\images\McGill Calibrated Color Image Database\Textures\Textures\pippin_park0043.tif,0.41032570600509644,0.404193639755249,-0.006132066249847412,0.006132066249847412,0.0,3.814697265625e-06,4.0946852325771905,265,
C:\Users\Hamada.MSI\Desktop\Hamada\lab\data\raw\images\McGill Calibrated Color Image Database\Textures\Textures\merry_mtl07_008.tif,C:\Users\Hamada.MSI\Desktop\Hamada\lab\data\raw\images\McGill Calibrated Color Image Database\Textures\Textures\pippin_Peel018.tif,0.4575711190700531,0.45144709944725037,-0.006124019622802734,0.006124019622802734,0.0,0.0,4.0946852325771905,265,
C:\Users\Hamada.MSI\Desktop\Hamada\lab\data\raw\images\McGill Calibrated Color Image Database\Textures\Textures\pippin_RVHtexture023.tif,C:\Users\Hamada.MSI\Desktop\Hamada\lab\data\raw\images\McGill Calibrated Color Image Database\Textures\Textures\pippin_Biodome030.tif,0.35665977001190186,0.3505465090274811,-0.006113260984420776,0.006113260984420776,0.0,0.0,4.0946852325771905,265,
C:\Users\Hamada.MSI\Desktop\Hamada\lab\data\raw\images\McGill Calibrated Color Image Database\Textures\Textures\pippin_RVHtexture023.tif,C:\Users\Hamada.MSI\Desktop\Hamada\lab\data\raw\images\McGill Calibrated Color Image Database\Textures\Textures\pippin_spring0006.tif,0.29673638939857483,0.3028450012207031,0.006108611822128296,0.006108611822128296,0.0,0.0,4.0946852325771905,265,
C:\Users\Hamada.MSI\Desktop\Hamada\lab\data\raw\images\McGill Calibrated Color Image Database\Textures\Textures\merry_mexico0118.tif,C:\Users\Hamada.MSI\Desktop\Hamada\lab\data\raw\images\McGill Calibrated Color Image Database\Textures\Textures\pippin_park0050.tif,0.4529552459716797,0.4468715190887451,-0.00608372688293457,0.00608372688293457,0.0,0.0,4.0946852325771905,265,
C:\Users\Hamada.MSI\Desktop\Hamada\lab\data\raw\images\McGill Calibrated Color Image Database\Textures\Textures\merry_mtl07_008.tif,C:\Users\Hamada.MSI\Desktop\Hamada\lab\data\raw\images\McGill Calibrated Color Image Database\Textures\Textures\pippin_park0054.tif,0.4380439519882202,0.43196919560432434,-0.006074756383895874,0.006074756383895874,0.0,0.0,4.0946852325771905,265,
C:\Users\Hamada.MSI\Desktop\Hamada\lab\data\raw\images\McGill Calibrated Color Image Database\Textures\Textures\merry_mtl07_025.tif,C:\Users\Hamada.MSI\Desktop\Hamada\lab\data\raw\images\McGill Calibrated Color Image Database\Textures\Textures\pippin0063.tif,0.4993475675582886,0.493277907371521,-0.006069660186767578,0.006069660186767578,0.0,0.0,4.0946852325771905,265,
C:\Users\Hamada.MSI\Desktop\Hamada\lab\data\raw\images\McGill Calibrated Color Image Database\Textures\Textures\merry_mtl07_005.tif,C:\Users\Hamada.MSI\Desktop\Hamada\lab\data\raw\images\McGill Calibrated Color Image Database\Textures\Textures\pippin_spring0006.tif,0.2243981659412384,0.23046274483203888,0.006064578890800476,0.006064578890800476,0.0,1.52587890625e-05,4.0946852325771905,265,
C:\Users\Hamada.MSI\Desktop\Hamada\lab\data\raw\images\McGill Calibrated Color Image Database\Textures\Textures\merry_mtl07_005.tif,C:\Users\Hamada.MSI\Desktop\Hamada\lab\data\raw\images\McGill Calibrated Color Image Database\Textures\Textures\pippin0224.tif,0.28852856159210205,0.28246650099754333,-0.006062060594558716,0.006062060594558716,0.0,1.52587890625e-05,4.0946852325771905,265,
C:\Users\Hamada.MSI\Desktop\Hamada\lab\data\raw\images\McGill Calibrated Color Image Database\Textures\Textures\merry_mtl07_008.tif,C:\Users\Hamada.MSI\Desktop\Hamada\lab\data\raw\images\McGill Calibrated Color Image Database\Textures\Textures\pippin0223.tif,0.4052930474281311,0.39923906326293945,-0.00605398416519165,0.00605398416519165,0.0,0.0,4.0946852325771905,265,
C:\Users\Hamada.MSI\Desktop\Hamada\lab\data\raw\images\McGill Calibrated Color Image Database\Textures\Textures\pippin_Mex07_011.tif,C:\Users\Hamada.MSI\Desktop\Hamada\lab\data\raw\images\McGill Calibrated Color Image Database\Textures\Textures\pippin0225.tif,0.4033922553062439,0.3973390460014343,-0.00605320930480957,0.00605320930480957,0.0,3.814697265625e-06,4.0946852325771905,265,
C:\Users\Hamada.MSI\Desktop\Hamada\lab\data\raw\images\McGill Calibrated Color Image Database\Textures\Textures\merry_mtl07_025.tif,C:\Users\Hamada.MSI\Desktop\Hamada\lab\data\raw\images\McGill Calibrated Color Image Database\Textures\Textures\pippin_Biodome044.tif,0.4966963827610016,0.49064627289772034,-0.00605010986328125,0.00605010986328125,0.0,0.0,4.0946852325771905,265,
C:\Users\Hamada.MSI\Desktop\Hamada\lab\data\raw\images\McGill Calibrated Color Image Database\Textures\Textures\merry_mtl07_008.tif,C:\Users\Hamada.MSI\Desktop\Hamada\lab\data\raw\images\McGill Calibrated Color Image Database\Textures\Textures\pippin_RS_YachtClub026.tif,0.44823533296585083,0.4421892762184143,-0.0060460567474365234,0.0060460567474365234,0.0,0.0,4.0946852325771905,265,
C:\Users\Hamada.MSI\Desktop\Hamada\lab\data\raw\images\McGill Calibrated Color Image Database\Textures\Textures\merry_mexico0219.tif,C:\Users\Hamada.MSI\Desktop\Hamada\lab\data\raw\images\McGill Calibrated Color Image Database\Textures\Textures\pippin_park0054.tif,0.18293336033821106,0.1768922507762909,-0.006041109561920166,0.006041109561920166,0.0,0.0,4.0946852325771905,265,
C:\Users\Hamada.MSI\Desktop\Hamada\lab\data\raw\images\McGill Calibrated Color Image Database\Textures\Textures\pippin_RVHtexture023.tif,C:\Users\Hamada.MSI\Desktop\Hamada\lab\data\raw\images\McGill Calibrated Color Image Database\Textures\Textures\merry_mtl07_037.tif,0.2601745128631592,0.25413447618484497,-0.006040036678314209,0.006040036678314209,0.0,0.0,4.0946852325771905,265,
C:\Users\Hamada.MSI\Desktop\Hamada\lab\data\raw\images\McGill Calibrated Color Image Database\Textures\Textures\merry_mexico0154.tif,C:\Users\Hamada.MSI\Desktop\Hamada\lab\data\raw\images\McGill Calibrated Color Image Database\Textures\Textures\merry_mtl07_009.tif,0.40244680643081665,0.3964143395423889,-0.006032466888427734,0.006032466888427734,0.0,0.0,4.0946852325771905,265,
C:\Users\Hamada.MSI\Desktop\Hamada\lab\data\raw\images\McGill Calibrated Color Image Database\Textures\Textures\pippin_Mex07_011.tif,C:\Users\Hamada.MSI\Desktop\Hamada\lab\data\raw\images\McGill Calibrated Color Image Database\Textures\Textures\merry_mtl07_037.tif,0.3339293897151947,0.3279168903827667,-0.0060124993324279785,0.0060124993324279785,0.0,3.814697265625e-06,4.0946852325771905,265,
C:\Users\Hamada.MSI\Desktop\Hamada\lab\data\raw\images\McGill Calibrated Color Image Database\Textures\Textures\merry_mtl07_005.tif,C:\Users\Hamada.MSI\Desktop\Hamada\lab\data\raw\images\McGill Calibrated Color Image Database\Textures\Textures\merry_mtl07_009.tif,0.3237293064594269,0.3177352547645569,-0.005994051694869995,0.005994051694869995,0.0,1.52587890625e-05,4.0946852325771905,265,
C:\Users\Hamada.MSI\Desktop\Hamada\lab\data\raw\images\McGill Calibrated Color Image Database\Textures\Textures\merry_mexico0118.tif,C:\Users\Hamada.MSI\Desktop\Hamada\lab\data\raw\images\McGill Calibrated Color Image Database\Textures\Textures\pippin_Peel018.tif,0.45641499757766724,0.45043179392814636,-0.005983203649520874,0.005983203649520874,0.0,0.0,4.0946852325771905,265,
C:\Users\Hamada.MSI\Desktop\Hamada\lab\data\raw\images\McGill Calibrated Color Image Database\Textures\Textures\merry_mtl07_005.tif,C:\Users\Hamada.MSI\Desktop\Hamada\lab\data\raw\images\McGill Calibrated Color Image Database\Textures\Textures\pippin_UniStrt024.tif,0.2888605296611786,0.28287965059280396,-0.005980879068374634,0.005980879068374634,0.0,1.52587890625e-05,4.0946852325771905,265,
C:\Users\Hamada.MSI\Desktop\Hamada\lab\data\raw\images\McGill Calibrated Color Image Database\Textures\Textures\merry_mexico0154.tif,C:\Users\Hamada.MSI\Desktop\Hamada\lab\data\raw\images\McGill Calibrated Color Image Database\Textures\Textures\pippin_jtalon0015.tif,0.43890655040740967,0.4329339265823364,-0.005972623825073242,0.005972623825073242,0.0,0.0,4.0946852325771905,265,
C:\Users\Hamada.MSI\Desktop\Hamada\lab\data\raw\images\McGill Calibrated Color Image Database\Textures\Textures\pippin_park0035.tif,C:\Users\Hamada.MSI\Desktop\Hamada\lab\data\raw\images\McGill Calibrated Color Image Database\Textures\Textures\pippin_RVHtexture025.tif,0.284232497215271,0.2901999354362488,0.005967438220977783,0.005967438220977783,0.0,0.0,4.0946852325771905,265,
C:\Users\Hamada.MSI\Desktop\Hamada\lab\data\raw\images\McGill Calibrated Color Image Database\Textures\Textures\pippin_Mex07_011.tif,C:\Users\Hamada.MSI\Desktop\Hamada\lab\data\raw\images\McGill Calibrated Color Image Database\Textures\Textures\pippin_RVHtexture025.tif,0.28421804308891296,0.290181040763855,0.005962997674942017,0.005962997674942017,0.0,3.814697265625e-06,4.0946852325771905,265,
C:\Users\Hamada.MSI\Desktop\Hamada\lab\data\raw\images\McGill Calibrated Color Image Database\Textures\Textures\merry_mtl07_008.tif,C:\Users\Hamada.MSI\Desktop\Hamada\lab\data\raw\images\McGill Calibrated Color Image Database\Textures\Textures\pippin_park0043.tif,0.41886043548583984,0.41289809346199036,-0.005962342023849487,0.005962342023849487,0.0,0.0,4.0946852325771905,265,
C:\Users\Hamada.MSI\Desktop\Hamada\lab\data\raw\images\McGill Calibrated Color Image Database\Textures\Textures\pippin_park0035.tif,C:\Users\Hamada.MSI\Desktop\Hamada\lab\data\raw\images\McGill Calibrated Color Image Database\Textures\Textures\pippin_Biodome044.tif,0.40829524397850037,0.4023391902446747,-0.005956053733825684,0.005956053733825684,0.0,0.0,4.0946852325771905,265,
C:\Users\Hamada.MSI\Desktop\Hamada\lab\data\raw\images\McGill Calibrated Color Image Database\Textures\Textures\merry_mtl07_005.tif,C:\Users\Hamada.MSI\Desktop\Hamada\lab\data\raw\images\McGill Calibrated Color Image Database\Textures\Textures\merry_italy0171.tif,0.34956681728363037,0.3555157780647278,0.005948960781097412,0.005948960781097412,0.0,1.52587890625e-05,4.0946852325771905,265,
C:\Users\Hamada.MSI\Desktop\Hamada\lab\data\raw\images\McGill Calibrated Color Image Database\Textures\Textures\pippin_UniStrt024.tif,C:\Users\Hamada.MSI\Desktop\Hamada\lab\data\raw\images\McGill Calibrated Color Image Database\Textures\Textures\pippin_RVHtexture014.tif,0.4487950801849365,0.4428471624851227,-0.005947917699813843,0.005947917699813843,2.6702880859375e-05,3.814697265625e-06,4.0946852325771905,265,
C:\Users\Hamada.MSI\Desktop\Hamada\lab\data\raw\images\McGill Calibrated Color Image Database\Textures\Textures\merry_mtl07_025.tif,C:\Users\Hamada.MSI\Desktop\Hamada\lab\data\raw\images\McGill Calibrated Color Image Database\Textures\Textures\pippin_UniStrt029.tif,0.5132274627685547,0.5073214769363403,-0.0059059858322143555,0.0059059858322143555,0.0,0.0,4.0946852325771905,265,
C:\Users\Hamada.MSI\Desktop\Hamada\lab\data\raw\images\McGill Calibrated Color Image Database\Textures\Textures\pippin_park0035.tif,C:\Users\Hamada.MSI\Desktop\Hamada\lab\data\raw\images\McGill Calibrated Color Image Database\Textures\Textures\merry_mexico0123.tif,0.43316248059272766,0.42725875973701477,-0.005903720855712891,0.005903720855712891,0.0,0.0,4.0946852325771905,265,
C:\Users\Hamada.MSI\Desktop\Hamada\lab\data\raw\images\McGill Calibrated Color Image Database\Textures\Textures\merry_mtl07_025.tif,C:\Users\Hamada.MSI\Desktop\Hamada\lab\data\raw\images\McGill Calibrated Color Image Database\Textures\Textures\merry_mtl07_003.tif,0.5725741386413574,0.566685676574707,-0.005888462066650391,0.005888462066650391,0.0,0.0,4.0946852325771905,265,
C:\Users\Hamada.MSI\Desktop\Hamada\lab\data\raw\images\McGill Calibrated Color Image Database\Textures\Textures\pippin_adirondacks0025.tif,C:\Users\Hamada.MSI\Desktop\Hamada\lab\data\raw\images\McGill Calibrated Color Image Database\Textures\Textures\pippin_UniStrt010.tif,0.4308941960334778,0.4250137209892273,-0.005880475044250488,0.005880475044250488,0.0,0.0,4.0946852325771905,265,
C:\Users\Hamada.MSI\Desktop\Hamada\lab\data\raw\images\McGill Calibrated Color Image Database\Textures\Textures\merry_mexico0118.tif,C:\Users\Hamada.MSI\Desktop\Hamada\lab\data\raw\images\McGill Calibrated Color Image Database\Textures\Textures\pippin_park0019.tif,0.3856114149093628,0.379744291305542,-0.005867123603820801,0.005867123603820801,0.0,0.0,4.0946852325771905,265,
C:\Users\Hamada.MSI\Desktop\Hamada\lab\data\raw\images\McGill Calibrated Color Image Database\Textures\Textures\pippin_UniStrt024.tif,C:\Users\Hamada.MSI\Desktop\Hamada\lab\data\raw\images\McGill Calibrated Color Image Database\Textures\Textures\pippin0223.tif,0.5307849645614624,0.5249229669570923,-0.005861997604370117,0.005861997604370117,0.0,0.0,4.0946852325771905,265,
C:\Users\Hamada.MSI\Desktop\Hamada\lab\data\raw\images\McGill Calibrated Color Image Database\Textures\Textures\merry_mexico0121.tif,C:\Users\Hamada.MSI\Desktop\Hamada\lab\data\raw\images\McGill Calibrated Color Image Database\Textures\Textures\pippin_ParcSafari005.tif,0.4165489673614502,0.41068732738494873,-0.005861639976501465,0.005861639976501465,0.0,0.0,4.0946852325771905,265,
C:\Users\Hamada.MSI\Desktop\Hamada\lab\data\raw\images\McGill Calibrated Color Image Database\Textures\Textures\pippin_park0035.tif,C:\Users\Hamada.MSI\Desktop\Hamada\lab\data\raw\images\McGill Calibrated Color Image Database\Textures\Textures\merry_mtl07_019.tif,0.44412147998809814,0.43826165795326233,-0.005859822034835815,0.005859822034835815,0.0,0.0,4.0946852325771905,265,
C:\Users\Hamada.MSI\Desktop\Hamada\lab\data\raw\images\McGill Calibrated Color Image Database\Textures\Textures\merry_mtl07_034.tif,C:\Users\Hamada.MSI\Desktop\Hamada\lab\data\raw\images\McGill Calibrated Color Image Database\Textures\Textures\pippin_RVHtexture011.tif,0.33778032660484314,0.34362104535102844,0.005840718746185303,0.005840718746185303,0.0,1.1444091796875e-05,4.0946852325771905,265,
C:\Users\Hamada.MSI\Desktop\Hamada\lab\data\raw\images\McGill Calibrated Color Image Database\Textures\Textures\pippin_Mex07_011.tif,C:\Users\Hamada.MSI\Desktop\Hamada\lab\data\raw\images\McGill Calibrated Color Image Database\Textures\Textures\pippin_RS_YachtClub016.tif,0.3819531202316284,0.3761194050312042,-0.005833715200424194,0.005833715200424194,0.0,3.814697265625e-06,4.0946852325771905,265,
C:\Users\Hamada.MSI\Desktop\Hamada\lab\data\raw\images\McGill Calibrated Color Image Database\Textures\Textures\merry_mexico0118.tif,C:\Users\Hamada.MSI\Desktop\Hamada\lab\data\raw\images\McGill Calibrated Color Image Database\Textures\Textures\merry_mexico0123.tif,0.42272913455963135,0.41690075397491455,-0.005828380584716797,0.005828380584716797,0.0,0.0,4.0946852325771905,265,
C:\Users\Hamada.MSI\Desktop\Hamada\lab\data\raw\images\McGill Calibrated Color Image Database\Textures\Textures\pippin_Mex07_011.tif,C:\Users\Hamada.MSI\Desktop\Hamada\lab\data\raw\images\McGill Calibrated Color Image Database\Textures\Textures\pippin_park0049.tif,0.3647124767303467,0.3588898181915283,-0.005822658538818359,0.005822658538818359,0.0,1.9073486328125e-05,4.0946852325771905,265,
C:\Users\Hamada.MSI\Desktop\Hamada\lab\data\raw\images\McGill Calibrated Color Image Database\Textures\Textures\merry_mtl07_005.tif,C:\Users\Hamada.MSI\Desktop\Hamada\lab\data\raw\images\McGill Calibrated Color Image Database\Textures\Textures\pippin0063.tif,0.2707371413707733,0.2649388611316681,-0.005798280239105225,0.005798280239105225,0.0,1.52587890625e-05,4.0946852325771905,265,
C:\Users\Hamada.MSI\Desktop\Hamada\lab\data\raw\images\McGill Calibrated Color Image Database\Textures\Textures\merry_mexico0154.tif,C:\Users\Hamada.MSI\Desktop\Hamada\lab\data\raw\images\McGill Calibrated Color Image Database\Textures\Textures\pippin_RVHtexture026.tif,0.3498959541320801,0.3441169261932373,-0.0057790279388427734,0.0057790279388427734,0.0,0.0,4.0946852325771905,265,
C:\Users\Hamada.MSI\Desktop\Hamada\lab\data\raw\images\McGill Calibrated Color Image Database\Textures\Textures\merry_mtl07_005.tif,C:\Users\Hamada.MSI\Desktop\Hamada\lab\data\raw\images\McGill Calibrated Color Image Database\Textures\Textures\merry_mtl07_033.tif,0.19811199605464935,0.1923394501209259,-0.00577254593372345,0.00577254593372345,0.0,1.52587890625e-05,4.0946852325771905,265,
C:\Users\Hamada.MSI\Desktop\Hamada\lab\data\raw\images\McGill Calibrated Color Image Database\Textures\Textures\merry_mexico0219.tif,C:\Users\Hamada.MSI\Desktop\Hamada\lab\data\raw\images\McGill Calibrated Color Image Database\Textures\Textures\pippin_RVHtexture002.tif,0.18575754761695862,0.17999210953712463,-0.005765438079833984,0.005765438079833984,0.0,0.0,4.0946852325771905,265,
C:\Users\Hamada.MSI\Desktop\Hamada\lab\data\raw\images\McGill Calibrated Color Image Database\Textures\Textures\merry_mexico0121.tif,C:\Users\Hamada.MSI\Desktop\Hamada\lab\data\raw\images\McGill Calibrated Color Image Database\Textures\Textures\merry_mexico0122.tif,0.33443760871887207,0.3286740779876709,-0.005763530731201172,0.005763530731201172,0.0,0.0,4.0946852325771905,265,
C:\Users\Hamada.MSI\Desktop\Hamada\lab\data\raw\images\McGill Calibrated Color Image Database\Textures\Textures\pippin_park0035.tif,C:\Users\Hamada.MSI\Desktop\Hamada\lab\data\raw\images\McGill Calibrated Color Image Database\Textures\Textures\pippin_Peel097.tif,0.46977031230926514,0.4640175700187683,-0.005752742290496826,0.005752742290496826,0.001617431640625,0.00127410888671875,4.0946852325771905,265,
C:\Users\Hamada.MSI\Desktop\Hamada\lab\data\raw\images\McGill Calibrated Color Image Database\Textures\Textures\merry_mexico0154.tif,C:\Users\Hamada.MSI\Desktop\Hamada\lab\data\raw\images\McGill Calibrated Color Image Database\Textures\Textures\merry_mtl07_041.tif,0.3906988501548767,0.38496100902557373,-0.0057378411293029785,0.0057378411293029785,0.0,0.0,4.0946852325771905,265,
C:\Users\Hamada.MSI\Desktop\Hamada\lab\data\raw\images\McGill Calibrated Color Image Database\Textures\Textures\pippin_park0035.tif,C:\Users\Hamada.MSI\Desktop\Hamada\lab\data\raw\images\McGill Calibrated Color Image Database\Textures\Textures\pippin_RVHtexture019.tif,0.3047875761985779,0.29905614256858826,-0.005731433629989624,0.005731433629989624,0.0,0.0,4.0946852325771905,265,
C:\Users\Hamada.MSI\Desktop\Hamada\lab\data\raw\images\McGill Calibrated Color Image Database\Textures\Textures\pippin_adirondacks0025.tif,C:\Users\Hamada.MSI\Desktop\Hamada\lab\data\raw\images\McGill Calibrated Color Image Database\Textures\Textures\pippin_ParcSafari050.tif,0.4050470292568207,0.3993184268474579,-0.005728602409362793,0.005728602409362793,2.6702880859375e-05,0.000888824462890625,4.0946852325771905,265,
C:\Users\Hamada.MSI\Desktop\Hamada\lab\data\raw\images\McGill Calibrated Color Image Database\Textures\Textures\merry_mtl07_008.tif,C:\Users\Hamada.MSI\Desktop\Hamada\lab\data\raw\images\McGill Calibrated Color Image Database\Textures\Textures\merry_mtl07_034.tif,0.46595728397369385,0.4602419137954712,-0.005715370178222656,0.005715370178222656,0.0,0.0,4.0946852325771905,265,
C:\Users\Hamada.MSI\Desktop\Hamada\lab\data\raw\images\McGill Calibrated Color Image Database\Textures\Textures\merry_mtl07_008.tif,C:\Users\Hamada.MSI\Desktop\Hamada\lab\data\raw\images\McGill Calibrated Color Image Database\Textures\Textures\pippin_UniStrt024.tif,0.40111324191093445,0.39539894461631775,-0.005714297294616699,0.005714297294616699,0.0,0.0,4.0946852325771905,265,
C:\Users\Hamada.MSI\Desktop\Hamada\lab\data\raw\images\McGill Calibrated Color Image Database\Textures\Textures\merry_mtl07_005.tif,C:\Users\Hamada.MSI\Desktop\Hamada\lab\data\raw\images\McGill Calibrated Color Image Database\Textures\Textures\pippin_Peel018.tif,0.34156733751296997,0.3358534872531891,-0.005713850259780884,0.005713850259780884,0.0,1.52587890625e-05,4.0946852325771905,265,
C:\Users\Hamada.MSI\Desktop\Hamada\lab\data\raw\images\McGill Calibrated Color Image Database\Textures\Textures\pippin_Mex07_011.tif,C:\Users\Hamada.MSI\Desktop\Hamada\lab\data\raw\images\McGill Calibrated Color Image Database\Textures\Textures\merry_mtl07_041.tif,0.432463675737381,0.4267767667770386,-0.005686908960342407,0.005686908960342407,0.0,3.814697265625e-06,4.0946852325771905,265,
C:\Users\Hamada.MSI\Desktop\Hamada\lab\data\raw\images\McGill Calibrated Color Image Database\Textures\Textures\pippin_Mex07_011.tif,C:\Users\Hamada.MSI\Desktop\Hamada\lab\data\raw\images\McGill Calibrated Color Image Database\Textures\Textures\pippin_jtalon0016.tif,0.43964916467666626,0.44533073902130127,0.00568157434463501,0.00568157434463501,0.0,3.814697265625e-06,4.0946852325771905,265,
C:\Users\Hamada.MSI\Desktop\Hamada\lab\data\raw\images\McGill Calibrated Color Image Database\Textures\Textures\merry_mtl07_008.tif,C:\Users\Hamada.MSI\Desktop\Hamada\lab\data\raw\images\McGill Calibrated Color Image Database\Textures\Textures\merry_mtl07_021.tif,0.4213399589061737,0.4156605005264282,-0.005679458379745483,0.005679458379745483,0.0,0.0,4.0946852325771905,265,
C:\Users\Hamada.MSI\Desktop\Hamada\lab\data\raw\images\McGill Calibrated Color Image Database\Textures\Textures\pippin_RVHtexture023.tif,C:\Users\Hamada.MSI\Desktop\Hamada\lab\data\raw\images\McGill Calibrated Color Image Database\Textures\Textures\pippin_RVHtexture017.tif,0.35294511914253235,0.3472714424133301,-0.0056736767292022705,0.0056736767292022705,0.0,0.0,4.0946852325771905,265,
C:\Users\Hamada.MSI\Desktop\Hamada\lab\data\raw\images\McGill Calibrated Color Image Database\Textures\Textures\pippin_UniStrt024.tif,C:\Users\Hamada.MSI\Desktop\Hamada\lab\data\raw\images\McGill Calibrated Color Image Database\Textures\Textures\merry_mexico0140.tif,0.4564642608165741,0.4507978856563568,-0.005666375160217285,0.005666375160217285,0.0,0.0,4.0946852325771905,265,
C:\Users\Hamada.MSI\Desktop\Hamada\lab\data\raw\images\McGill Calibrated Color Image Database\Textures\Textures\merry_mexico0121.tif,C:\Users\Hamada.MSI\Desktop\Hamada\lab\data\raw\images\McGill Calibrated Color Image Database\Textures\Textures\pippin0224.tif,0.3564023971557617,0.3507417142391205,-0.005660682916641235,0.005660682916641235,0.0,0.0,4.0946852325771905,265,
C:\Users\Hamada.MSI\Desktop\Hamada\lab\data\raw\images\McGill Calibrated Color Image Database\Textures\Textures\pippin_UniStrt024.tif,C:\Users\Hamada.MSI\Desktop\Hamada\lab\data\raw\images\McGill Calibrated Color Image Database\Textures\Textures\pippin0063.tif,0.5279501676559448,0.5223088264465332,-0.005641341209411621,0.005641341209411621,0.0,0.0,4.0946852325771905,265,
C:\Users\Hamada.MSI\Desktop\Hamada\lab\data\raw\images\McGill Calibrated Color Image Database\Textures\Textures\merry_mexico0121.tif,C:\Users\Hamada.MSI\Desktop\Hamada\lab\data\raw\images\McGill Calibrated Color Image Database\Textures\Textures\pippin_RS_YachtClub026.tif,0.4085426926612854,0.4029045104980469,-0.005638182163238525,0.005638182163238525,0.0,0.0,4.0946852325771905,265,
C:\Users\Hamada.MSI\Desktop\Hamada\lab\data\raw\images\McGill Calibrated Color Image Database\Textures\Textures\pippin_Mex07_011.tif,C:\Users\Hamada.MSI\Desktop\Hamada\lab\data\raw\images\McGill Calibrated Color Image Database\Textures\Textures\merry_mexico0122.tif,0.3699687719345093,0.36434441804885864,-0.005624353885650635,0.005624353885650635,0.0,3.814697265625e-06,4.0946852325771905,265,
C:\Users\Hamada.MSI\Desktop\Hamada\lab\data\raw\images\McGill Calibrated Color Image Database\Textures\Textures\merry_mexico0121.tif,C:\Users\Hamada.MSI\Desktop\Hamada\lab\data\raw\images\McGill Calibrated Color Image Database\Textures\Textures\pippin_park0038.tif,0.3486964702606201,0.34307461977005005,-0.005621850490570068,0.005621850490570068,0.0,0.0,4.0946852325771905,265,
C:\Users\Hamada.MSI\Desktop\Hamada\lab\data\raw\images\McGill Calibrated Color Image Database\Textures\Textures\merry_mtl07_005.tif,C:\Users\Hamada.MSI\Desktop\Hamada\lab\data\raw\images\McGill Calibrated Color Image Database\Textures\Textures\pippin_park0039.tif,0.2493116557598114,0.24371078610420227,-0.005600869655609131,0.005600869655609131,0.0,1.52587890625e-05,4.0946852325771905,265,
C:\Users\Hamada.MSI\Desktop\Hamada\lab\data\raw\images\McGill Calibrated Color Image Database\Textures\Textures\merry_mexico0121.tif,C:\Users\Hamada.MSI\Desktop\Hamada\lab\data\raw\images\McGill Calibrated Color Image Database\Textures\Textures\pippin_RS_YachtClub047.tif,0.3827143609523773,0.3771185278892517,-0.00559583306312561,0.00559583306312561,0.0,0.0,4.0946852325771905,265,
C:\Users\Hamada.MSI\Desktop\Hamada\lab\data\raw\images\McGill Calibrated Color Image Database\Textures\Textures\merry_mexico0219.tif,C:\Users\Hamada.MSI\Desktop\Hamada\lab\data\raw\images\McGill Calibrated Color Image Database\Textures\Textures\merry_mtl07_001.tif,0.20765283703804016,0.20205911993980408,-0.005593717098236084,0.005593717098236084,0.0,0.0,4.0946852325771905,265,
C:\Users\Hamada.MSI\Desktop\Hamada\lab\data\raw\images\McGill Calibrated Color Image Database\Textures\Textures\merry_mexico0121.tif,C:\Users\Hamada.MSI\Desktop\Hamada\lab\data\raw\images\McGill Calibrated Color Image Database\Textures\Textures\pippin_park0052.tif,0.33736658096313477,0.33178913593292236,-0.005577445030212402,0.005577445030212402,0.0,0.0,4.0946852325771905,265,
C:\Users\Hamada.MSI\Desktop\Hamada\lab\data\raw\images\McGill Calibrated Color Image Database\Textures\Textures\merry_mtl07_025.tif,C:\Users\Hamada.MSI\Desktop\Hamada\lab\data\raw\images\McGill Calibrated Color Image Database\Textures\Textures\pippin_RVHtexture022.tif,0.5269291400909424,0.5213556885719299,-0.005573451519012451,0.005573451519012451,0.0,0.0,4.0946852325771905,265,
C:\Users\Hamada.MSI\Desktop\Hamada\lab\data\raw\images\McGill Calibrated Color Image Database\Textures\Textures\merry_mexico0121.tif,C:\Users\Hamada.MSI\Desktop\Hamada\lab\data\raw\images\McGill Calibrated Color Image Database\Textures\Textures\merry_mtl07_037.tif,0.2821539640426636,0.2765957713127136,-0.005558192729949951,0.005558192729949951,0.0,0.0,4.0946852325771905,265,
C:\Users\Hamada.MSI\Desktop\Hamada\lab\data\raw\images\McGill Calibrated Color Image Database\Textures\Textures\pippin_Mex07_011.tif,C:\Users\Hamada.MSI\Desktop\Hamada\lab\data\raw\images\McGill Calibrated Color Image Database\Textures\Textures\merry_mtl07_009.tif,0.44864407181739807,0.4430893659591675,-0.005554705858230591,0.005554705858230591,0.0,3.814697265625e-06,4.0946852325771905,265,
C:\Users\Hamada.MSI\Desktop\Hamada\lab\data\raw\images\McGill Calibrated Color Image Database\Textures\Textures\merry_mtl07_034.tif,C:\Users\Hamada.MSI\Desktop\Hamada\lab\data\raw\images\McGill Calibrated Color Image Database\Textures\Textures\pippin_park0039.tif,0.2801259756088257,0.2745774984359741,-0.0055484771728515625,0.0055484771728515625,0.0,1.1444091796875e-05,4.0946852325771905,265,
C:\Users\Hamada.MSI\Desktop\Hamada\lab\data\raw\images\McGill Calibrated Color Image Database\Textures\Textures\merry_mexico0219.tif,C:\Users\Hamada.MSI\Desktop\Hamada\lab\data\raw\images\McGill Calibrated Color Image Database\Textures\Textures\pippin_RVHtexture023.tif,0.11823400855064392,0.12378121167421341,0.0055472031235694885,0.0055472031235694885,0.0,0.0,4.0946852325771905,265,
C:\Users\Hamada.MSI\Desktop\Hamada\lab\data\raw\images\McGill Calibrated Color Image Database\Textures\Textures\merry_mtl07_034.tif,C:\Users\Hamada.MSI\Desktop\Hamada\lab\data\raw\images\McGill Calibrated Color Image Database\Textures\Textures\pippin_RS_YachtClub016.tif,0.2784954607486725,0.272948682308197,-0.005546778440475464,0.005546778440475464,0.0,1.1444091796875e-05,4.0946852325771905,265,
C:\Users\Hamada.MSI\Desktop\Hamada\lab\data\raw\images\McGill Calibrated Color Image Database\Textures\Textures\merry_mtl07_005.tif,C:\Users\Hamada.MSI\Desktop\Hamada\lab\data\raw\images\McGill Calibrated Color Image Database\Textures\Textures\merry_mexico0122.tif,0.22764240205287933,0.22211509943008423,-0.005527302622795105,0.005527302622795105,0.0,1.52587890625e-05,4.0946852325771905,265,
C:\Users\Hamada.MSI\Desktop\Hamada\lab\data\raw\images\McGill Calibrated Color Image Database\Textures\Textures\pippin_UniStrt024.tif,C:\Users\Hamada.MSI\Desktop\Hamada\lab\data\raw\images\McGill Calibrated Color Image Database\Textures\Textures\merry_mtl07_037.tif,0.48050636053085327,0.47498321533203125,-0.0055231451988220215,0.0055231451988220215,3.4332275390625e-05,3.814697265625e-06,4.0946852325771905,265,
C:\Users\Hamada.MSI\Desktop\Hamada\lab\data\raw\images\McGill Calibrated Color Image Database\Textures\Textures\merry_mexico0118.tif,C:\Users\Hamada.MSI\Desktop\Hamada\lab\data\raw\images\McGill Calibrated Color Image Database\Textures\Textures\pippin_Biodome030.tif,0.4287260174751282,0.42320674657821655,-0.005519270896911621,0.005519270896911621,0.0,0.0,4.0946852325771905,265,
C:\Users\Hamada.MSI\Desktop\Hamada\lab\data\raw\images\McGill Calibrated Color Image Database\Textures\Textures\merry_mtl07_025.tif,C:\Users\Hamada.MSI\Desktop\Hamada\lab\data\raw\images\McGill Calibrated Color Image Database\Textures\Textures\pippin_park0043.tif,0.5198687314987183,0.5143527984619141,-0.005515933036804199,0.005515933036804199,0.0,0.0,4.0946852325771905,265,
C:\Users\Hamada.MSI\Desktop\Hamada\lab\data\raw\images\McGill Calibrated Color Image Database\Textures\Textures\merry_mexico0154.tif,C:\Users\Hamada.MSI\Desktop\Hamada\lab\data\raw\images\McGill Calibrated Color Image Database\Textures\Textures\pippin_Peel109.tif,0.4067191481590271,0.40120357275009155,-0.005515575408935547,0.005515575408935547,0.0,0.0,4.0946852325771905,265,
C:\Users\Hamada.MSI\Desktop\Hamada\lab\data\raw\images\McGill Calibrated Color Image Database\Textures\Textures\pippin_park0035.tif,C:\Users\Hamada.MSI\Desktop\Hamada\lab\data\raw\images\McGill Calibrated Color Image Database\Textures\Textures\pippin_RVHtexture024.tif,0.3214572072029114,0.31595566868782043,-0.005501538515090942,0.005501538515090942,0.0,0.0,4.0946852325771905,265,
C:\Users\Hamada.MSI\Desktop\Hamada\lab\data\raw\images\McGill Calibrated Color Image Database\Textures\Textures\merry_mtl07_005.tif,C:\Users\Hamada.MSI\Desktop\Hamada\lab\data\raw\images\McGill Calibrated Color Image Database\Textures\Textures\pippin_RVHtexture018.tif,0.23647579550743103,0.23097819089889526,-0.005497604608535767,0.005497604608535767,0.0,1.52587890625e-05,4.0946852325771905,265,
C:\Users\Hamada.MSI\Desktop\Hamada\lab\data\raw\images\McGill Calibrated Color Image Database\Textures\Textures\merry_mtl07_005.tif,C:\Users\Hamada.MSI\Desktop\Hamada\lab\data\raw\images\McGill Calibrated Color Image Database\Textures\Textures\pippin_UniStrt005.tif,0.24765491485595703,0.2531454265117645,0.005490511655807495,0.005490511655807495,0.0,1.52587890625e-05,4.0946852325771905,265,
C:\Users\Hamada.MSI\Desktop\Hamada\lab\data\raw\images\McGill Calibrated Color Image Database\Textures\Textures\pippin_adirondacks0025.tif,C:\Users\Hamada.MSI\Desktop\Hamada\lab\data\raw\images\McGill Calibrated Color Image Database\Textures\Textures\merry_mexico0121.tif,0.4326349198818207,0.4381207823753357,0.005485862493515015,0.005485862493515015,0.0,0.0,4.0946852325771905,265,
C:\Users\Hamada.MSI\Desktop\Hamada\lab\data\raw\images\McGill Calibrated Color Image Database\Textures\Textures\pippin_RVHtexture023.tif,C:\Users\Hamada.MSI\Desktop\Hamada\lab\data\raw\images\McGill Calibrated Color Image Database\Textures\Textures\merry_mexico0121.tif,0.3448946475982666,0.3503788411617279,0.005484193563461304,0.005484193563461304,0.0,0.0,4.0946852325771905,265,
C:\Users\Hamada.MSI\Desktop\Hamada\lab\data\raw\images\McGill Calibrated Color Image Database\Textures\Textures\merry_mtl07_025.tif,C:\Users\Hamada.MSI\Desktop\Hamada\lab\data\raw\images\McGill Calibrated Color Image Database\Textures\Textures\pippin0224.tif,0.4937710165977478,0.4882897734642029,-0.005481243133544922,0.005481243133544922,0.0,0.0,4.0946852325771905,265,
C:\Users\Hamada.MSI\Desktop\Hamada\lab\data\raw\images\McGill Calibrated Color Image Database\Textures\Textures\merry_mtl07_005.tif,C:\Users\Hamada.MSI\Desktop\Hamada\lab\data\raw\images\McGill Calibrated Color Image Database\Textures\Textures\pippin_park0052.tif,0.22558674216270447,0.2201082855463028,-0.005478456616401672,0.005478456616401672,0.0,1.52587890625e-05,4.0946852325771905,265,
C:\Users\Hamada.MSI\Desktop\Hamada\lab\data\raw\images\McGill Calibrated Color Image Database\Textures\Textures\merry_mtl07_034.tif,C:\Users\Hamada.MSI\Desktop\Hamada\lab\data\raw\images\McGill Calibrated Color Image Database\Textures\Textures\pippin0063.tif,0.2649352550506592,0.25946328043937683,-0.005471974611282349,0.005471974611282349,0.0,1.1444091796875e-05,4.0946852325771905,265,
C:\Users\Hamada.MSI\Desktop\Hamada\lab\data\raw\images\McGill Calibrated Color Image Database\Textures\Textures\merry_mexico0154.tif,C:\Users\Hamada.MSI\Desktop\Hamada\lab\data\raw\images\McGill Calibrated Color Image Database\Textures\Textures\pippin_park0010.tif,0.35531097650527954,0.34984511137008667,-0.005465865135192871,0.005465865135192871,0.0,0.0,4.0946852325771905,265,
C:\Users\Hamada.MSI\Desktop\Hamada\lab\data\raw\images\McGill Calibrated Color Image Database\Textures\Textures\merry_mtl07_008.tif,C:\Users\Hamada.MSI\Desktop\Hamada\lab\data\raw\images\McGill Calibrated Color Image Database\Textures\Textures\pippin_RS_YachtClub016.tif,0.3891010284423828,0.38363850116729736,-0.005462527275085449,0.005462527275085449,0.0,0.0,4.0946852325771905,265,
C:\Users\Hamada.MSI\Desktop\Hamada\lab\data\raw\images\McGill Calibrated Color Image Database\Textures\Textures\pippin_Mex07_011.tif,C:\Users\Hamada.MSI\Desktop\Hamada\lab\data\raw\images\McGill Calibrated Color Image Database\Textures\Textures\merry_mtl07_003.tif,0.48263388872146606,0.47718802094459534,-0.0054458677768707275,0.0054458677768707275,0.0,3.814697265625e-06,4.0946852325771905,265,
C:\Users\Hamada.MSI\Desktop\Hamada\lab\data\raw\images\McGill Calibrated Color Image Database\Textures\Textures\pippin_park0035.tif,C:\Users\Hamada.MSI\Desktop\Hamada\lab\data\raw\images\McGill Calibrated Color Image Database\Textures\Textures\pippin_Biodome030.tif,0.4494430720806122,0.4440004527568817,-0.005442619323730469,0.005442619323730469,0.0,0.0,4.0946852325771905,265,
C:\Users\Hamada.MSI\Desktop\Hamada\lab\data\raw\images\McGill Calibrated Color Image Database\Textures\Textures\pippin_adirondacks0025.tif,C:\Users\Hamada.MSI\Desktop\Hamada\lab\data\raw\images\McGill Calibrated Color Image Database\Textures\Textures\merry_mtl07_019.tif,0.4435840845108032,0.4381418824195862,-0.005442202091217041,0.005442202091217041,0.0,0.0,4.0946852325771905,265,
C:\Users\Hamada.MSI\Desktop\Hamada\lab\data\raw\images\McGill Calibrated Color Image Database\Textures\Textures\merry_mtl07_034.tif,C:\Users\Hamada.MSI\Desktop\Hamada\lab\data\raw\images\McGill Calibrated Color Image Database\Textures\Textures\merry_mtl07_019.tif,0.30919551849365234,0.303753525018692,-0.005441993474960327,0.005441993474960327,0.0,1.1444091796875e-05,4.0946852325771905,265,
C:\Users\Hamada.MSI\Desktop\Hamada\lab\data\raw\images\McGill Calibrated Color Image Database\Textures\Textures\pippin_park0035.tif,C:\Users\Hamada.MSI\Desktop\Hamada\lab\data\raw\images\McGill Calibrated Color Image Database\Textures\Textures\merry_mtl07_009.tif,0.46299663186073303,0.45755475759506226,-0.005441874265670776,0.005441874265670776,0.0,0.0,4.0946852325771905,265,
C:\Users\Hamada.MSI\Desktop\Hamada\lab\data\raw\images\McGill Calibrated Color Image Database\Textures\Textures\pippin_Mex07_011.tif,C:\Users\Hamada.MSI\Desktop\Hamada\lab\data\raw\images\McGill Calibrated Color Image Database\Textures\Textures\pippin_park0038.tif,0.3740200698375702,0.3685787320137024,-0.005441337823867798,0.005441337823867798,0.0,3.814697265625e-06,4.0946852325771905,265,
C:\Users\Hamada.MSI\Desktop\Hamada\lab\data\raw\images\McGill Calibrated Color Image Database\Textures\Textures\pippin_UniStrt024.tif,C:\Users\Hamada.MSI\Desktop\Hamada\lab\data\raw\images\McGill Calibrated Color Image Database\Textures\Textures\pippin0178.tif,0.5830680131912231,0.5776519775390625,-0.0054160356521606445,0.0054160356521606445,0.0,0.0,4.0946852325771905,265,
C:\Users\Hamada.MSI\Desktop\Hamada\lab\data\raw\images\McGill Calibrated Color Image Database\Textures\Textures\merry_mtl07_034.tif,C:\Users\Hamada.MSI\Desktop\Hamada\lab\data\raw\images\McGill Calibrated Color Image Database\Textures\Textures\pippin_park0058.tif,0.2655855715274811,0.26017671823501587,-0.00540885329246521,0.00540885329246521,0.0,1.1444091796875e-05,4.0946852325771905,265,
C:\Users\Hamada.MSI\Desktop\Hamada\lab\data\raw\images\McGill Calibrated Color Image Database\Textures\Textures\pippin_RVHtexture023.tif,C:\Users\Hamada.MSI\Desktop\Hamada\lab\data\raw\images\McGill Calibrated Color Image Database\Textures\Textures\pippin_RS_YachtClub007.tif,0.3744303584098816,0.369026780128479,-0.005403578281402588,0.005403578281402588,0.0,0.0,4.0946852325771905,265,
C:\Users\Hamada.MSI\Desktop\Hamada\lab\data\raw\images\McGill Calibrated Color Image Database\Textures\Textures\pippin_park0035.tif,C:\Users\Hamada.MSI\Desktop\Hamada\lab\data\raw\images\McGill Calibrated Color Image Database\Textures\Textures\pippin_RVHtexture021.tif,0.37111955881118774,0.36572059988975525,-0.005398958921432495,0.005398958921432495,0.0,0.0,4.0946852325771905,265,
C:\Users\Hamada.MSI\Desktop\Hamada\lab\data\raw\images\McGill Calibrated Color Image Database\Textures\Textures\merry_mtl07_005.tif,C:\Users\Hamada.MSI\Desktop\Hamada\lab\data\raw\images\McGill Calibrated Color Image Database\Textures\Textures\merry_mexico0154.tif,0.2736249268054962,0.26823705434799194,-0.0053878724575042725,0.0053878724575042725,1.52587890625e-05,3.0517578125e-05,4.0946852325771905,265,
C:\Users\Hamada.MSI\Desktop\Hamada\lab\data\raw\images\McGill Calibrated Color Image Database\Textures\Textures\merry_mtl07_005.tif,C:\Users\Hamada.MSI\Desktop\Hamada\lab\data\raw\images\McGill Calibrated Color Image Database\Textures\Textures\merry_mexico0121.tif,0.2659490704536438,0.2713218331336975,0.005372762680053711,0.005372762680053711,0.0,1.52587890625e-05,4.0946852325771905,265,
C:\Users\Hamada.MSI\Desktop\Hamada\lab\data\raw\images\McGill Calibrated Color Image Database\Textures\Textures\pippin_Mex07_011.tif,C:\Users\Hamada.MSI\Desktop\Hamada\lab\data\raw\images\McGill Calibrated Color Image Database\Textures\Textures\pippin_RVHtexture026.tif,0.39171773195266724,0.38634535670280457,-0.005372375249862671,0.005372375249862671,0.0,3.814697265625e-06,4.0946852325771905,265,
C:\Users\Hamada.MSI\Desktop\Hamada\lab\data\raw\images\McGill Calibrated Color Image Database\Textures\Textures\merry_mexico0121.tif,C:\Users\Hamada.MSI\Desktop\Hamada\lab\data\raw\images\McGill Calibrated Color Image Database\Textures\Textures\pippin_jtalon0016.tif,0.405082643032074,0.41044968366622925,0.0053670406341552734,0.0053670406341552734,0.0,0.0,4.0946852325771905,265,
C:\Users\Hamada.MSI\Desktop\Hamada\lab\data\raw\images\McGill Calibrated Color Image Database\Textures\Textures\pippin_UniStrt024.tif,C:\Users\Hamada.MSI\Desktop\Hamada\lab\data\raw\images\McGill Calibrated Color Image Database\Textures\Textures\pippin_RVHtexture010.tif,0.5209984183311462,0.5156342387199402,-0.005364179611206055,0.005364179611206055,3.814697265625e-06,3.814697265625e-06,4.0946852325771905,265,
C:\Users\Hamada.MSI\Desktop\Hamada\lab\data\raw\images\McGill Calibrated Color Image Database\Textures\Textures\pippin_park0035.tif,C:\Users\Hamada.MSI\Desktop\Hamada\lab\data\raw\images\McGill Calibrated Color Image Database\Textures\Textures\pippin_RS_YachtClub007.tif,0.4528602957725525,0.44751033186912537,-0.005349963903427124,0.005349963903427124,0.0,0.0,4.0946852325771905,265,
C:\Users\Hamada.MSI\Desktop\Hamada\lab\data\raw\images\McGill Calibrated Color Image Database\Textures\Textures\pippin_Mex07_011.tif,C:\Users\Hamada.MSI\Desktop\Hamada\lab\data\raw\images\McGill Calibrated Color Image Database\Textures\Textures\pippin_park0044.tif,0.47771555185317993,0.4723665118217468,-0.0053490400314331055,0.0053490400314331055,0.0,3.814697265625e-06,4.0946852325771905,265,
C:\Users\Hamada.MSI\Desktop\Hamada\lab\data\raw\images\McGill Calibrated Color Image Database\Textures\Textures\merry_mtl07_008.tif,C:\Users\Hamada.MSI\Desktop\Hamada\lab\data\raw\images\McGill Calibrated Color Image Database\Textures\Textures\pippin_park0019.tif,0.3925001621246338,0.38716253638267517,-0.005337625741958618,0.005337625741958618,0.0,0.0,4.0946852325771905,265,
C:\Users\Hamada.MSI\Desktop\Hamada\lab\data\raw\images\McGill Calibrated Color Image Database\Textures\Textures\merry_mexico0118.tif,C:\Users\Hamada.MSI\Desktop\Hamada\lab\data\raw\images\McGill Calibrated Color Image Database\Textures\Textures\pippin_RVHtexture021.tif,0.3632934093475342,0.3579806089401245,-0.005312800407409668,0.005312800407409668,0.0,0.0,4.0946852325771905,265,
C:\Users\Hamada.MSI\Desktop\Hamada\lab\data\raw\images\McGill Calibrated Color Image Database\Textures\Textures\merry_mtl07_005.tif,C:\Users\Hamada.MSI\Desktop\Hamada\lab\data\raw\images\McGill Calibrated Color Image Database\Textures\Textures\merry_mexico0140.tif,0.2661967873573303,0.26089775562286377,-0.005299031734466553,0.005299031734466553,2.6702880859375e-05,2.288818359375e-05,4.0946852325771905,265,
C:\Users\Hamada.MSI\Desktop\Hamada\lab\data\raw\images\McGill Calibrated Color Image Database\Textures\Textures\merry_mexico0118.tif,C:\Users\Hamada.MSI\Desktop\Hamada\lab\data\raw\images\McGill Calibrated Color Image Database\Textures\Textures\pippin0224.tif,0.3980215787887573,0.39272916316986084,-0.005292415618896484,0.005292415618896484,0.0,0.0,4.0946852325771905,265,
C:\Users\Hamada.MSI\Desktop\Hamada\lab\data\raw\images\McGill Calibrated Color Image Database\Textures\Textures\merry_mexico0121.tif,C:\Users\Hamada.MSI\Desktop\Hamada\lab\data\raw\images\McGill Calibrated Color Image Database\Textures\Textures\pippin_RS_YachtClub016.tif,0.34026557207107544,0.3349910378456116,-0.005274534225463867,0.005274534225463867,0.0,0.0,4.0946852325771905,265,
C:\Users\Hamada.MSI\Desktop\Hamada\lab\data\raw\images\McGill Calibrated Color Image Database\Textures\Textures\pippin_adirondacks0025.tif,C:\Users\Hamada.MSI\Desktop\Hamada\lab\data\raw\images\McGill Calibrated Color Image Database\Textures\Textures\merry_mtl07_003.tif,0.4896606504917145,0.4843888580799103,-0.005271792411804199,0.005271792411804199,0.0,0.0,4.0946852325771905,265,
C:\Users\Hamada.MSI\Desktop\Hamada\lab\data\raw\images\McGill Calibrated Color Image Database\Textures\Textures\merry_mtl07_034.tif,C:\Users\Hamada.MSI\Desktop\Hamada\lab\data\raw\images\McGill Calibrated Color Image Database\Textures\Textures\pippin_RVHtexture001.tif,0.23852410912513733,0.2437926083803177,0.005268499255180359,0.005268499255180359,0.0,1.1444091796875e-05,4.0946852325771905,265,
C:\Users\Hamada.MSI\Desktop\Hamada\lab\data\raw\images\McGill Calibrated Color Image Database\Textures\Textures\merry_mtl07_005.tif,C:\Users\Hamada.MSI\Desktop\Hamada\lab\data\raw\images\McGill Calibrated Color Image Database\Textures\Textures\merry_mexico0219.tif,0.4349377155303955,0.4296696186065674,-0.005268096923828125,0.005268096923828125,0.0,1.52587890625e-05,4.0946852325771905,265,
C:\Users\Hamada.MSI\Desktop\Hamada\lab\data\raw\images\McGill Calibrated Color Image Database\Textures\Textures\merry_mtl07_005.tif,C:\Users\Hamada.MSI\Desktop\Hamada\lab\data\raw\images\McGill Calibrated Color Image Database\Textures\Textures\pippin_ParcSafari050.tif,0.27188611030578613,0.26662200689315796,-0.005264103412628174,0.005264103412628174,0.0,1.52587890625e-05,4.0946852325771905,265,
C:\Users\Hamada.MSI\Desktop\Hamada\lab\data\raw\images\McGill Calibrated Color Image Database\Textures\Textures\pippin_adirondacks0025.tif,C:\Users\Hamada.MSI\Desktop\Hamada\lab\data\raw\images\McGill Calibrated Color Image Database\Textures\Textures\pippin_park0058.tif,0.37204647064208984,0.36678823828697205,-0.005258232355117798,0.005258232355117798,0.0,0.0,4.0946852325771905,265,
C:\Users\Hamada.MSI\Desktop\Hamada\lab\data\raw\images\McGill Calibrated Color Image Database\Textures\Textures\merry_mtl07_034.tif,C:\Users\Hamada.MSI\Desktop\Hamada\lab\data\raw\images\McGill Calibrated Color Image Database\Textures\Textures\merry_mtl07_008.tif,0.29174569249153137,0.28649085760116577,-0.005254834890365601,0.005254834890365601,0.0,0.00020599365234375,4.0946852325771905,265,
C:\Users\Hamada.MSI\Desktop\Hamada\lab\data\raw\images\McGill Calibrated Color Image Database\Textures\Textures\pippin_park0035.tif,C:\Users\Hamada.MSI\Desktop\Hamada\lab\data\raw\images\McGill Calibrated Color Image Database\Textures\Textures\pippin_park0059.tif,0.44767481088638306,0.44242575764656067,-0.005249053239822388,0.005249053239822388,0.0,0.0,4.0946852325771905,265,
C:\Users\Hamada.MSI\Desktop\Hamada\lab\data\raw\images\McGill Calibrated Color Image Database\Textures\Textures\merry_mexico0154.tif,C:\Users\Hamada.MSI\Desktop\Hamada\lab\data\raw\images\McGill Calibrated Color Image Database\Textures\Textures\merry_mtl07_003.tif,0.43713873624801636,0.4319080710411072,-0.00523066520690918,0.00523066520690918,0.0,0.0,4.0946852325771905,265,
C:\Users\Hamada.MSI\Desktop\Hamada\lab\data\raw\images\McGill Calibrated Color Image Database\Textures\Textures\merry_mtl07_008.tif,C:\Users\Hamada.MSI\Desktop\Hamada\lab\data\raw\images\McGill Calibrated Color Image Database\Textures\Textures\pippin_RS_YachtClub055.tif,0.4006335139274597,0.3954102098941803,-0.005223304033279419,0.005223304033279419,0.0,0.0,4.0946852325771905,265,
C:\Users\Hamada.MSI\Desktop\Hamada\lab\data\raw\images\McGill Calibrated Color Image Database\Textures\Textures\pippin_RVHtexture023.tif,C:\Users\Hamada.MSI\Desktop\Hamada\lab\data\raw\images\McGill Calibrated Color Image Database\Textures\Textures\pippin_UniStrt022.tif,0.4126264452934265,0.40740442276000977,-0.005222022533416748,0.005222022533416748,0.0,0.0,4.0946852325771905,265,
C:\Users\Hamada.MSI\Desktop\Hamada\lab\data\raw\images\McGill Calibrated Color Image Database\Textures\Textures\merry_mexico0219.tif,C:\Users\Hamada.MSI\Desktop\Hamada\lab\data\raw\images\McGill Calibrated Color Image Database\Textures\Textures\pippin_spring0003.tif,0.14389997720718384,0.13868509232997894,-0.005214884877204895,0.005214884877204895,0.0,0.0,4.0946852325771905,265,
C:\Users\Hamada.MSI\Desktop\Hamada\lab\data\raw\images\McGill Calibrated Color Image Database\Textures\Textures\pippin_Mex07_011.tif,C:\Users\Hamada.MSI\Desktop\Hamada\lab\data\raw\images\McGill Calibrated Color Image Database\Textures\Textures\pippin_park0019.tif,0.3800405263900757,0.37482714653015137,-0.005213379859924316,0.005213379859924316,0.0,3.814697265625e-06,4.0946852325771905,265,
C:\Users\Hamada.MSI\Desktop\Hamada\lab\data\raw\images\McGill Calibrated Color Image Database\Textures\Textures\pippin_adirondacks0025.tif,C:\Users\Hamada.MSI\Desktop\Hamada\lab\data\raw\images\McGill Calibrated Color Image Database\Textures\Textures\pippin_RVHtexture006.tif,0.3652063310146332,0.37041738629341125,0.005211055278778076,0.005211055278778076,4.1961669921875e-05,1.52587890625e-05,4.0946852325771905,265,
C:\Users\Hamada.MSI\Desktop\Hamada\lab\data\raw\images\McGill Calibrated Color Image Database\Textures\Textures\merry_mtl07_025.tif,C:\Users\Hamada.MSI\Desktop\Hamada\lab\data\raw\images\McGill Calibrated Color Image Database\Textures\Textures\pippin_park0047.tif,0.5359364748001099,0.5411454439163208,0.0052089691162109375,0.0052089691162109375,0.0,0.0,4.0946852325771905,265,
C:\Users\Hamada.MSI\Desktop\Hamada\lab\data\raw\images\McGill Calibrated Color Image Database\Textures\Textures\pippin_Mex07_011.tif,C:\Users\Hamada.MSI\Desktop\Hamada\lab\data\raw\images\McGill Calibrated Color Image Database\Textures\Textures\merry_flor0019.tif,0.40816205739974976,0.40295472741127014,-0.005207329988479614,0.005207329988479614,0.0,3.814697265625e-06,4.0946852325771905,265,
C:\Users\Hamada.MSI\Desktop\Hamada\lab\data\raw\images\McGill Calibrated Color Image Database\Textures\Textures\merry_mexico0121.tif,C:\Users\Hamada.MSI\Desktop\Hamada\lab\data\raw\images\McGill Calibrated Color Image Database\Textures\Textures\pippin0223.tif,0.37120968103408813,0.3660064935684204,-0.005203187465667725,0.005203187465667725,0.0,0.0,4.0946852325771905,265,
C:\Users\Hamada.MSI\Desktop\Hamada\lab\data\raw\images\McGill Calibrated Color Image Database\Textures\Textures\merry_mexico0219.tif,C:\Users\Hamada.MSI\Desktop\Hamada\lab\data\raw\images\McGill Calibrated Color Image Database\Textures\Textures\merry_mtl07_053.tif,0.13641439378261566,0.14161407947540283,0.00519968569278717,0.00519968569278717,0.0,0.0,4.0946852325771905,265,
C:\Users\Hamada.MSI\Desktop\Hamada\lab\data\raw\images\McGill Calibrated Color Image Database\Textures\Textures\pippin_UniStrt024.tif,C:\Users\Hamada.MSI\Desktop\Hamada\lab\data\raw\images\McGill Calibrated Color Image Database\Textures\Textures\pippin_UniStrt024.tif,0.5464190244674683,0.5412523746490479,-0.00516664981842041,0.00516664981842041,2.6702880859375e-05,8.392333984375e-05,4.0946852325771905,265,
C:\Users\Hamada.MSI\Desktop\Hamada\lab\data\raw\images\McGill Calibrated Color Image Database\Textures\Textures\pippin_adirondacks0025.tif,C:\Users\Hamada.MSI\Desktop\Hamada\lab\data\raw\images\McGill Calibrated Color Image Database\Textures\Textures\pippin_Peel071.tif,0.33522310853004456,0.3300568461418152,-0.00516626238822937,0.00516626238822937,4.9591064453125e-05,0.0001220703125,4.0946852325771905,265,
C:\Users\Hamada.MSI\Desktop\Hamada\lab\data\raw\images\McGill Calibrated Color Image Database\Textures\Textures\merry_mexico0118.tif,C:\Users\Hamada.MSI\Desktop\Hamada\lab\data\raw\images\McGill Calibrated Color Image Database\Textures\Textures\pippin0223.tif,0.404840350151062,0.39969155192375183,-0.005148798227310181,0.005148798227310181,0.0,0.0,4.0946852325771905,265,
C:\Users\Hamada.MSI\Desktop\Hamada\lab\data\raw\images\McGill Calibrated Color Image Database\Textures\Textures\merry_mexico0118.tif,C:\Users\Hamada.MSI\Desktop\Hamada\lab\data\raw\images\McGill Calibrated Color Image Database\Textures\Textures\pippin_ParcSafari050.tif,0.39693862199783325,0.3918078541755676,-0.005130767822265625,0.005130767822265625,0.0,0.0,4.0946852325771905,265,
C:\Users\Hamada.MSI\Desktop\Hamada\lab\data\raw\images\McGill Calibrated Color Image Database\Textures\Textures\pippin_park0035.tif,C:\Users\Hamada.MSI\Desktop\Hamada\lab\data\raw\images\McGill Calibrated Color Image Database\Textures\Textures\pippin_UniStrt010.tif,0.4343937039375305,0.42927539348602295,-0.005118310451507568,0.005118310451507568,0.0,0.0,4.0946852325771905,265,
C:\Users\Hamada.MSI\Desktop\Hamada\lab\data\raw\images\McGill Calibrated Color Image Database\Textures\Textures\pippin_adirondacks0025.tif,C:\Users\Hamada.MSI\Desktop\Hamada\lab\data\raw\images\McGill Calibrated Color Image Database\Textures\Textures\pippin_park0038.tif,0.4026091694831848,0.3974912166595459,-0.005117952823638916,0.005117952823638916,0.0,0.0,4.0946852325771905,265,
C:\Users\Hamada.MSI\Desktop\Hamada\lab\data\raw\images\McGill Calibrated Color Image Database\Textures\Textures\merry_mtl07_034.tif,C:\Users\Hamada.MSI\Desktop\Hamada\lab\data\raw\images\McGill Calibrated Color Image Database\Textures\Textures\pippin0223.tif,0.2799341082572937,0.27481698989868164,-0.0051171183586120605,0.0051171183586120605,0.0,1.1444091796875e-05,4.0946852325771905,265,
C:\Users\Hamada.MSI\Desktop\Hamada\lab\data\raw\images\McGill Calibrated Color Image Database\Textures\Textures\merry_mtl07_034.tif,C:\Users\Hamada.MSI\Desktop\Hamada\lab\data\raw\images\McGill Calibrated Color Image Database\Textures\Textures\pippin_park0049.tif,0.2372666597366333,0.23215413093566895,-0.0051125288009643555,0.0051125288009643555,0.0,1.1444091796875e-05,4.0946852325771905,265,
C:\Users\Hamada.MSI\Desktop\Hamada\lab\data\raw\images\McGill Calibrated Color Image Database\Textures\Textures\merry_mtl07_005.tif,C:\Users\Hamada.MSI\Desktop\Hamada\lab\data\raw\images\McGill Calibrated Color Image Database\Textures\Textures\pippin_Biodome030.tif,0.32466429471969604,0.31958121061325073,-0.0050830841064453125,0.0050830841064453125,0.0,1.52587890625e-05,4.0946852325771905,265,
C:\Users\Hamada.MSI\Desktop\Hamada\lab\data\raw\images\McGill Calibrated Color Image Database\Textures\Textures\pippin_RVHtexture023.tif,C:\Users\Hamada.MSI\Desktop\Hamada\lab\data\raw\images\McGill Calibrated Color Image Database\Textures\Textures\pippin0063.tif,0.32165268063545227,0.31657421588897705,-0.00507846474647522,0.00507846474647522,0.0,0.0,4.0946852325771905,265,
C:\Users\Hamada.MSI\Desktop\Hamada\lab\data\raw\images\McGill Calibrated Color Image Database\Textures\Textures\pippin_RVHtexture023.tif,C:\Users\Hamada.MSI\Desktop\Hamada\lab\data\raw\images\McGill Calibrated Color Image Database\Textures\Textures\merry_mtl07_009.tif,0.37936508655548096,0.37428808212280273,-0.005077004432678223,0.005077004432678223,0.0,0.0,4.0946852325771905,265,
C:\Users\Hamada.MSI\Desktop\Hamada\lab\data\raw\images\McGill Calibrated Color Image Database\Textures\Textures\pippin_RVHtexture023.tif,C:\Users\Hamada.MSI\Desktop\Hamada\lab\data\raw\images\McGill Calibrated Color Image Database\Textures\Textures\pippin_ParcSafari050.tif,0.3228600323200226,0.3177892863750458,-0.005070745944976807,0.005070745944976807,0.0,0.0,4.0946852325771905,265,
C:\Users\Hamada.MSI\Desktop\Hamada\lab\data\raw\images\McGill Calibrated Color Image Database\Textures\Textures\merry_mtl07_034.tif,C:\Users\Hamada.MSI\Desktop\Hamada\lab\data\raw\images\McGill Calibrated Color Image Database\Textures\Textures\pippin_Peel095.tif,0.303266316652298,0.29819613695144653,-0.00507017970085144,0.00507017970085144,0.0,1.1444091796875e-05,4.0946852325771905,265,
C:\Users\Hamada.MSI\Desktop\Hamada\lab\data\raw\images\McGill Calibrated Color Image Database\Textures\Textures\merry_mtl07_008.tif,C:\Users\Hamada.MSI\Desktop\Hamada\lab\data\raw\images\McGill Calibrated Color Image Database\Textures\Textures\pippin_park0010.tif,0.40965431928634644,0.40458881855010986,-0.005065500736236572,0.005065500736236572,0.0,0.0,4.0946852325771905,265,
C:\Users\Hamada.MSI\Desktop\Hamada\lab\data\raw\images\McGill Calibrated Color Image Database\Textures\Textures\merry_mexico0118.tif,C:\Users\Hamada.MSI\Desktop\Hamada\lab\data\raw\images\McGill Calibrated Color Image Database\Textures\Textures\merry_flor0019.tif,0.4046173691749573,0.39955657720565796,-0.005060791969299316,0.005060791969299316,0.0,0.0,4.0946852325771905,265,
C:\Users\Hamada.MSI\Desktop\Hamada\lab\data\raw\images\McGill Calibrated Color Image Database\Textures\Textures\merry_mexico0121.tif,C:\Users\Hamada.MSI\Desktop\Hamada\lab\data\raw\images\McGill Calibrated Color Image Database\Textures\Textures\merry_flor0019.tif,0.3716866970062256,0.36664602160453796,-0.005040675401687622,0.005040675401687622,0.0,0.0,4.0946852325771905,265,
C:\Users\Hamada.MSI\Desktop\Hamada\lab\data\raw\images\McGill Calibrated Color Image Database\Textures\Textures\pippin_Mex07_011.tif,C:\Users\Hamada.MSI\Desktop\Hamada\lab\data\raw\images\McGill Calibrated Color Image Database\Textures\Textures\pippin_RS_YachtClub055.tif,0.396422415971756,0.39139020442962646,-0.005032211542129517,0.005032211542129517,0.0,3.814697265625e-06,4.0946852325771905,265,
C:\Users\Hamada.MSI\Desktop\Hamada\lab\data\raw\images\McGill Calibrated Color Image Database\Textures\Textures\pippin_Mex07_011.tif,C:\Users\Hamada.MSI\Desktop\Hamada\lab\data\raw\images\McGill Calibrated Color Image Database\Textures\Textures\pippin0223.tif,0.40007132291793823,0.39504164457321167,-0.0050296783447265625,0.0050296783447265625,0.0,3.814697265625e-06,4.0946852325771905,265,
C:\Users\Hamada.MSI\Desktop\Hamada\lab\data\raw\images\McGill Calibrated Color Image Database\Textures\Textures\pippin_RVHtexture023.tif,C:\Users\Hamada.MSI\Desktop\Hamada\lab\data\raw\images\McGill Calibrated Color Image Database\Textures\Textures\pippin_park0010.tif,0.31902846693992615,0.31400784850120544,-0.005020618438720703,0.005020618438720703,0.0,0.0,4.0946852325771905,265,
C:\Users\Hamada.MSI\Desktop\Hamada\lab\data\raw\images\McGill Calibrated Color Image Database\Textures\Textures\merry_mexico0219.tif,C:\Users\Hamada.MSI\Desktop\Hamada\lab\data\raw\images\McGill Calibrated Color Image Database\Textures\Textures\pippin_park0060.tif,0.1213887557387352,0.12639585137367249,0.005007095634937286,0.005007095634937286,0.0,0.0,4.0946852325771905,265,
C:\Users\Hamada.MSI\Desktop\Hamada\lab\data\raw\images\McGill Calibrated Color Image Database\Textures\Textures\merry_mexico0154.tif,C:\Users\Hamada.MSI\Desktop\Hamada\lab\data\raw\images\McGill Calibrated Color Image Database\Textures\Textures\merry_mtl07_034.tif,0.4118571877479553,0.40686488151550293,-0.004992306232452393,0.004992306232452393,0.0,0.0,4.0946852325771905,265,
C:\Users\Hamada.MSI\Desktop\Hamada\lab\data\raw\images\McGill Calibrated Color Image Database\Textures\Textures\merry_mtl07_005.tif,C:\Users\Hamada.MSI\Desktop\Hamada\lab\data\raw\images\McGill Calibrated Color Image Database\Textures\Textures\pippin_RS_YachtClub055.tif,0.23680336773395538,0.23182106018066406,-0.004982307553291321,0.004982307553291321,0.0,1.52587890625e-05,4.0946852325771905,265,
C:\Users\Hamada.MSI\Desktop\Hamada\lab\data\raw\images\McGill Calibrated Color Image Database\Textures\Textures\pippin_adirondacks0025.tif,C:\Users\Hamada.MSI\Desktop\Hamada\lab\data\raw\images\McGill Calibrated Color Image Database\Textures\Textures\pippin_Peel069.tif,0.44462358951568604,0.43964409828186035,-0.004979491233825684,0.004979491233825684,0.0,0.0,4.0946852325771905,265,
C:\Users\Hamada.MSI\Desktop\Hamada\lab\data\raw\images\McGill Calibrated Color Image Database\Textures\Textures\merry_mtl07_008.tif,C:\Users\Hamada.MSI\Desktop\Hamada\lab\data\raw\images\McGill Calibrated Color Image Database\Textures\Textures\merry_mtl07_009.tif,0.4441036581993103,0.4391258955001831,-0.004977762699127197,0.004977762699127197,0.0,0.0,4.0946852325771905,265,
C:\Users\Hamada.MSI\Desktop\Hamada\lab\data\raw\images\McGill Calibrated Color Image Database\Textures\Textures\merry_mexico0121.tif,C:\Users\Hamada.MSI\Desktop\Hamada\lab\data\raw\images\McGill Calibrated Color Image Database\Textures\Textures\pippin_Biodome044.tif,0.3552936315536499,0.3503165543079376,-0.00497707724571228,0.00497707724571228,0.0,0.0,4.0946852325771905,265,
C:\Users\Hamada.MSI\Desktop\Hamada\lab\data\raw\images\McGill Calibrated Color Image Database\Textures\Textures\merry_mtl07_034.tif,C:\Users\Hamada.MSI\Desktop\Hamada\lab\data\raw\images\McGill Calibrated Color Image Database\Textures\Textures\merry_flor0019.tif,0.2768933176994324,0.2719225585460663,-0.004970759153366089,0.004970759153366089,0.0,1.1444091796875e-05,4.0946852325771905,265,
C:\Users\Hamada.MSI\Desktop\Hamada\lab\data\raw\images\McGill Calibrated Color Image Database\Textures\Textures\pippin_UniStrt024.tif,C:\Users\Hamada.MSI\Desktop\Hamada\lab\data\raw\images\McGill Calibrated Color Image Database\Textures\Textures\merry_mtl07_041.tif,0.5744826793670654,0.5695146322250366,-0.004968047142028809,0.004968047142028809,0.0,0.0,4.0946852325771905,265,
C:\Users\Hamada.MSI\Desktop\Hamada\lab\data\raw\images\McGill Calibrated Color Image Database\Textures\Textures\merry_mtl07_034.tif,C:\Users\Hamada.MSI\Desktop\Hamada\lab\data\raw\images\McGill Calibrated Color Image Database\Textures\Textures\merry_mtl07_021.tif,0.29865390062332153,0.2936897575855255,-0.0049641430377960205,0.0049641430377960205,0.0,1.1444091796875e-05,4.0946852325771905,265,
C:\Users\Hamada.MSI\Desktop\Hamada\lab\data\raw\images\McGill Calibrated Color Image Database\Textures\Textures\pippin_park0035.tif,C:\Users\Hamada.MSI\Desktop\Hamada\lab\data\raw\images\McGill Calibrated Color Image Database\Textures\Textures\pippin_RVHtexture022.tif,0.4565865993499756,0.451634019613266,-0.004952579736709595,0.004952579736709595,0.0,0.0,4.0946852325771905,265,
C:\Users\Hamada.MSI\Desktop\Hamada\lab\data\raw\images\McGill Calibrated Color Image Database\Textures\Textures\pippin_park0035.tif,C:\Users\Hamada.MSI\Desktop\Hamada\lab\data\raw\images\McGill Calibrated Color Image Database\Textures\Textures\merry_italy0171.tif,0.499472439289093,0.5044116973876953,0.004939258098602295,0.004939258098602295,0.0,0.0,4.0946852325771905,265,
C:\Users\Hamada.MSI\Desktop\Hamada\lab\data\raw\images\McGill Calibrated Color Image Database\Textures\Textures\pippin_Mex07_011.tif,C:\Users\Hamada.MSI\Desktop\Hamada\lab\data\raw\images\McGill Calibrated Color Image Database\Textures\Textures\pippin_ParcSafari005.tif,0.4787687361240387,0.48370781540870667,0.004939079284667969,0.004939079284667969,0.0,3.814697265625e-06,4.0946852325771905,265,
C:\Users\Hamada.MSI\Desktop\Hamada\lab\data\raw\images\McGill Calibrated Color Image Database\Textures\Textures\merry_mtl07_034.tif,C:\Users\Hamada.MSI\Desktop\Hamada\lab\data\raw\images\McGill Calibrated Color Image Database\Textures\Textures\pippin_RVHtexture026.tif,0.2821767330169678,0.27725011110305786,-0.004926621913909912,0.004926621913909912,0.0,1.1444091796875e-05,4.0946852325771905,265,
C:\Users\Hamada.MSI\Desktop\Hamada\lab\data\raw\images\McGill Calibrated Color Image Database\Textures\Textures\merry_mtl07_005.tif,C:\Users\Hamada.MSI\Desktop\Hamada\lab\data\raw\images\McGill Calibrated Color Image Database\Textures\Textures\merry_mexico0123.tif,0.27887389063835144,0.273959755897522,-0.004914134740829468,0.004914134740829468,0.0,1.52587890625e-05,4.0946852325771905,265,
C:\Users\Hamada.MSI\Desktop\Hamada\lab\data\raw\images\McGill Calibrated Color Image Database\Textures\Textures\merry_mtl07_034.tif,C:\Users\Hamada.MSI\Desktop\Hamada\lab\data\raw\images\McGill Calibrated Color Image Database\Textures\Textures\merry_mexico0123.tif,0.2899114787578583,0.2849995493888855,-0.004911929368972778,0.004911929368972778,0.0,1.1444091796875e-05,4.0946852325771905,265,
C:\Users\Hamada.MSI\Desktop\Hamada\lab\data\raw\images\McGill Calibrated Color Image Database\Textures\Textures\pippin_Mex07_011.tif,C:\Users\Hamada.MSI\Desktop\Hamada\lab\data\raw\images\McGill Calibrated Color Image Database\Textures\Textures\pippin_UniStrt022.tif,0.4780882000923157,0.4731903076171875,-0.004897892475128174,0.004897892475128174,0.0,3.814697265625e-06,4.0946852325771905,265,
C:\Users\Hamada.MSI\Desktop\Hamada\lab\data\raw\images\McGill Calibrated Color Image Database\Textures\Textures\merry_mexico0121.tif,C:\Users\Hamada.MSI\Desktop\Hamada\lab\data\raw\images\McGill Calibrated Color Image Database\Textures\Textures\pippin_UniStrt029.tif,0.39898937940597534,0.3940959572792053,-0.0048934221267700195,0.0048934221267700195,0.0,0.0,4.0946852325771905,265,
C:\Users\Hamada.MSI\Desktop\Hamada\lab\data\raw\images\McGill Calibrated Color Image Database\Textures\Textures\pippin_RVHtexture023.tif,C:\Users\Hamada.MSI\Desktop\Hamada\lab\data\raw\images\McGill Calibrated Color Image Database\Textures\Textures\pippin_park0059.tif,0.34112751483917236,0.33624067902565,-0.004886835813522339,0.004886835813522339,0.0,0.0,4.0946852325771905,265,
C:\Users\Hamada.MSI\Desktop\Hamada\lab\data\raw\images\McGill Calibrated Color Image Database\Textures\Textures\merry_mtl07_025.tif,C:\Users\Hamada.MSI\Desktop\Hamada\lab\data\raw\images\McGill Calibrated Color Image Database\Textures\Textures\pippin_Biodome030.tif,0.5113795399665833,0.5064960718154907,-0.004883468151092529,0.004883468151092529,0.0,0.0,4.0946852325771905,265,
C:\Users\Hamada.MSI\Desktop\Hamada\lab\data\raw\images\McGill Calibrated Color Image Database\Textures\Textures\merry_mtl07_008.tif,C:\Users\Hamada.MSI\Desktop\Hamada\lab\data\raw\images\McGill Calibrated Color Image Database\Textures\Textures\merry_mtl07_019.tif,0.4189525842666626,0.41407376527786255,-0.004878818988800049,0.004878818988800049,0.0,0.0,4.0946852325771905,265,
C:\Users\Hamada.MSI\Desktop\Hamada\lab\data\raw\images\McGill Calibrated Color Image Database\Textures\Textures\merry_mexico0118.tif,C:\Users\Hamada.MSI\Desktop\Hamada\lab\data\raw\images\McGill Calibrated Color Image Database\Textures\Textures\pippin_RS_YachtClub016.tif,0.3813909888267517,0.3765212297439575,-0.0048697590827941895,0.0048697590827941895,0.0,0.0,4.0946852325771905,265,
C:\Users\Hamada.MSI\Desktop\Hamada\lab\data\raw\images\McGill Calibrated Color Image Database\Textures\Textures\pippin_Mex07_011.tif,C:\Users\Hamada.MSI\Desktop\Hamada\lab\data\raw\images\McGill Calibrated Color Image Database\Textures\Textures\merry_mexico0067.tif,0.4333643913269043,0.4284971058368683,-0.004867285490036011,0.004867285490036011,0.0,3.814697265625e-06,4.0946852325771905,265,
C:\Users\Hamada.MSI\Desktop\Hamada\lab\data\raw\images\McGill Calibrated Color Image Database\Textures\Textures\merry_mexico0154.tif,C:\Users\Hamada.MSI\Desktop\Hamada\lab\data\raw\images\McGill Calibrated Color Image Database\Textures\Textures\pippin_park0050.tif,0.4071401059627533,0.40227627754211426,-0.004863828420639038,0.004863828420639038,0.0,0.0,4.0946852325771905,265,
C:\Users\Hamada.MSI\Desktop\Hamada\lab\data\raw\images\McGill Calibrated Color Image Database\Textures\Textures\merry_mexico0154.tif,C:\Users\Hamada.MSI\Desktop\Hamada\lab\data\raw\images\McGill Calibrated Color Image Database\Textures\Textures\pippin_RVHtexture004.tif,0.21385113894939423,0.20899297297000885,-0.004858165979385376,0.004858165979385376,0.0,0.0,4.0946852325771905,265,
C:\Users\Hamada.MSI\Desktop\Hamada\lab\data\raw\images\McGill Calibrated Color Image Database\Textures\Textures\merry_mexico0154.tif,C:\Users\Hamada.MSI\Desktop\Hamada\lab\data\raw\images\McGill Calibrated Color Image Database\Textures\Textures\pippin_park0035.tif,0.3402843177318573,0.3354305624961853,-0.004853755235671997,0.004853755235671997,0.0,0.0,4.0946852325771905,265,
C:\Users\Hamada.MSI\Desktop\Hamada\lab\data\raw\images\McGill Calibrated Color Image Database\Textures\Textures\merry_mtl07_025.tif,C:\Users\Hamada.MSI\Desktop\Hamada\lab\data\raw\images\McGill Calibrated Color Image Database\Textures\Textures\pippin_UniStrt024.tif,0.4977574646472931,0.4929071068763733,-0.0048503577709198,0.0048503577709198,7.62939453125e-06,2.6702880859375e-05,4.0946852325771905,265,
C:\Users\Hamada.MSI\Desktop\Hamada\lab\data\raw\images\McGill Calibrated Color Image Database\Textures\Textures\pippin_RVHtexture023.tif,C:\Users\Hamada.MSI\Desktop\Hamada\lab\data\raw\images\McGill Calibrated Color Image Database\Textures\Textures\pippin0225.tif,0.3431946039199829,0.33834487199783325,-0.004849731922149658,0.004849731922149658,0.0,0.0,4.0946852325771905,265,
C:\Users\Hamada.MSI\Desktop\Hamada\lab\data\raw\images\McGill Calibrated Color Image Database\Textures\Textures\merry_mtl07_005.tif,C:\Users\Hamada.MSI\Desktop\Hamada\lab\data\raw\images\McGill Calibrated Color Image Database\Textures\Textures\merry_mtl07_003.tif,0.3955833911895752,0.39074400067329407,-0.004839390516281128,0.004839390516281128,0.0,1.52587890625e-05,4.0946852325771905,265,
C:\Users\Hamada.MSI\Desktop\Hamada\lab\data\raw\images\McGill Calibrated Color Image Database\Textures\Textures\pippin_UniStrt024.tif,C:\Users\Hamada.MSI\Desktop\Hamada\lab\data\raw\images\McGill Calibrated Color Image Database\Textures\Textures\pippin_RVHtexture021.tif,0.5047024488449097,0.49986976385116577,-0.0048326849937438965,0.0048326849937438965,0.0,1.52587890625e-05,4.0946852325771905,265,
C:\Users\Hamada.MSI\Desktop\Hamada\lab\data\raw\images\McGill Calibrated Color Image Database\Textures\Textures\merry_mexico0154.tif,C:\Users\Hamada.MSI\Desktop\Hamada\lab\data\raw\images\McGill Calibrated Color Image Database\Textures\Textures\merry_mexico0140.tif,0.32565808296203613,0.32083404064178467,-0.004824042320251465,0.004824042320251465,0.0,0.0,4.0946852325771905,265,
C:\Users\Hamada.MSI\Desktop\Hamada\lab\data\raw\images\McGill Calibrated Color Image Database\Textures\Textures\pippin_Mex07_011.tif,C:\Users\Hamada.MSI\Desktop\Hamada\lab\data\raw\images\McGill Calibrated Color Image Database\Textures\Textures\pippin_Peel095.tif,0.4207454323768616,0.41593337059020996,-0.004812061786651611,0.004812061786651611,0.0,3.814697265625e-06,4.0946852325771905,265,
C:\Users\Hamada.MSI\Desktop\Hamada\lab\data\raw\images\McGill Calibrated Color Image Database\Textures\Textures\merry_mtl07_005.tif,C:\Users\Hamada.MSI\Desktop\Hamada\lab\data\raw\images\McGill Calibrated Color Image Database\Textures\Textures\pippin_park0010.tif,0.24805378913879395,0.24324503540992737,-0.004808753728866577,0.004808753728866577,0.0,1.52587890625e-05,4.0946852325771905,265,
C:\Users\Hamada.MSI\Desktop\Hamada\lab\data\raw\images\McGill Calibrated Color Image Database\Textures\Textures\merry_mtl07_034.tif,C:\Users\Hamada.MSI\Desktop\Hamada\lab\data\raw\images\McGill Calibrated Color Image Database\Textures\Textures\pippin_RVHtexture018.tif,0.2668408751487732,0.26203563809394836,-0.004805237054824829,0.004805237054824829,0.0,1.1444091796875e-05,4.0946852325771905,265,
C:\Users\Hamada.MSI\Desktop\Hamada\lab\data\raw\images\McGill Calibrated Color Image Database\Textures\Textures\merry_mtl07_008.tif,C:\Users\Hamada.MSI\Desktop\Hamada\lab\data\raw\images\McGill Calibrated Color Image Database\Textures\Textures\pippin0224.tif,0.3991546332836151,0.39437341690063477,-0.004781216382980347,0.004781216382980347,0.0,0.0,4.0946852325771905,265,
C:\Users\Hamada.MSI\Desktop\Hamada\lab\data\raw\images\McGill Calibrated Color Image Database\Textures\Textures\merry_mtl07_005.tif,C:\Users\Hamada.MSI\Desktop\Hamada\lab\data\raw\images\McGill Calibrated Color Image Database\Textures\Textures\pippin_jtalon0016.tif,0.3155338168144226,0.3203139901161194,0.004780173301696777,0.004780173301696777,0.0,1.52587890625e-05,4.0946852325771905,265,
C:\Users\Hamada.MSI\Desktop\Hamada\lab\data\raw\images\McGill Calibrated Color Image Database\Textures\Textures\merry_mexico0118.tif,C:\Users\Hamada.MSI\Desktop\Hamada\lab\data\raw\images\McGill Calibrated Color Image Database\Textures\Textures\pippin_park0010.tif,0.40195232629776,0.39717376232147217,-0.004778563976287842,0.004778563976287842,0.0,0.0,4.0946852325771905,265,
C:\Users\Hamada.MSI\Desktop\Hamada\lab\data\raw\images\McGill Calibrated Color Image Database\Textures\Textures\pippin_RVHtexture023.tif,C:\Users\Hamada.MSI\Desktop\Hamada\lab\data\raw\images\McGill Calibrated Color Image Database\Textures\Textures\pippin_RS_YachtClub026.tif,0.3748769760131836,0.3701125979423523,-0.004764378070831299,0.004764378070831299,0.0,0.0,4.0946852325771905,265,
C:\Users\Hamada.MSI\Desktop\Hamada\lab\data\raw\images\McGill Calibrated Color Image Database\Textures\Textures\merry_mtl07_034.tif,C:\Users\Hamada.MSI\Desktop\Hamada\lab\data\raw\images\McGill Calibrated Color Image Database\Textures\Textures\merry_mtl07_009.tif,0.3260614275932312,0.32129883766174316,-0.004762589931488037,0.004762589931488037,0.0,1.1444091796875e-05,4.0946852325771905,265,
C:\Users\Hamada.MSI\Desktop\Hamada\lab\data\raw\images\McGill Calibrated Color Image Database\Textures\Textures\merry_mexico0219.tif,C:\Users\Hamada.MSI\Desktop\Hamada\lab\data\raw\images\McGill Calibrated Color Image Database\Textures\Textures\pippin_RVHtexture013.tif,0.1837415099143982,0.17900696396827698,-0.004734545946121216,0.004734545946121216,0.0,0.0,4.0946852325771905,265,
C:\Users\Hamada.MSI\Desktop\Hamada\lab\data\raw\images\McGill Calibrated Color Image Database\Textures\Textures\pippin_Mex07_011.tif,C:\Users\Hamada.MSI\Desktop\Hamada\lab\data\raw\images\McGill Calibrated Color Image Database\Textures\Textures\pippin_RVHtexture017.tif,0.4067200720310211,0.40198782086372375,-0.004732251167297363,0.004732251167297363,0.0,3.814697265625e-06,4.0946852325771905,265,
C:\Users\Hamada.MSI\Desktop\Hamada\lab\data\raw\images\McGill Calibrated Color Image Database\Textures\Textures\pippin_adirondacks0025.tif,C:\Users\Hamada.MSI\Desktop\Hamada\lab\data\raw\images\McGill Calibrated Color Image Database\Textures\Textures\pippin_Peel095.tif,0.433472216129303,0.42875534296035767,-0.0047168731689453125,0.0047168731689453125,0.0,0.0,4.0946852325771905,265,
C:\Users\Hamada.MSI\Desktop\Hamada\lab\data\raw\images\McGill Calibrated Color Image Database\Textures\Textures\pippin_Mex07_011.tif,C:\Users\Hamada.MSI\Desktop\Hamada\lab\data\raw\images\McGill Calibrated Color Image Database\Textures\Textures\pippin_RVHtexture010.tif,0.37671715021133423,0.3720068633556366,-0.004710286855697632,0.004710286855697632,0.0,3.814697265625e-06,4.0946852325771905,265,
C:\Users\Hamada.MSI\Desktop\Hamada\lab\data\raw\images\McGill Calibrated Color Image Database\Textures\Textures\merry_mexico0154.tif,C:\Users\Hamada.MSI\Desktop\Hamada\lab\data\raw\images\McGill Calibrated Color Image Database\Textures\Textures\pippin_Peel069.tif,0.4008007049560547,0.3961023688316345,-0.004698336124420166,0.004698336124420166,0.0,0.0,4.0946852325771905,265,
C:\Users\Hamada.MSI\Desktop\Hamada\lab\data\raw\images\McGill Calibrated Color Image Database\Textures\Textures\merry_mtl07_034.tif,C:\Users\Hamada.MSI\Desktop\Hamada\lab\data\raw\images\McGill Calibrated Color Image Database\Textures\Textures\pippin_ParcSafari050.tif,0.26390644907951355,0.2592097520828247,-0.004696696996688843,0.004696696996688843,0.0,1.1444091796875e-05,4.0946852325771905,265,
C:\Users\Hamada.MSI\Desktop\Hamada\lab\data\raw\images\McGill Calibrated Color Image Database\Textures\Textures\merry_mtl07_025.tif,C:\Users\Hamada.MSI\Desktop\Hamada\lab\data\raw\images\McGill Calibrated Color Image Database\Textures\Textures\pippin_Peel095.tif,0.5183402299880981,0.5136523842811584,-0.004687845706939697,0.004687845706939697,0.0,0.0,4.0946852325771905,265,
C:\Users\Hamada.MSI\Desktop\Hamada\lab\data\raw\images\McGill Calibrated Color Image Database\Textures\Textures\merry_mtl07_034.tif,C:\Users\Hamada.MSI\Desktop\Hamada\lab\data\raw\images\McGill Calibrated Color Image Database\Textures\Textures\pippin_park0040.tif,0.31616663932800293,0.31150686740875244,-0.004659771919250488,0.004659771919250488,0.0,1.1444091796875e-05,4.0946852325771905,265,
C:\Users\Hamada.MSI\Desktop\Hamada\lab\data\raw\images\McGill Calibrated Color Image Database\Textures\Textures\pippin_RVHtexture023.tif,C:\Users\Hamada.MSI\Desktop\Hamada\lab\data\raw\images\McGill Calibrated Color Image Database\Textures\Textures\pippin_RS_YachtClub030.tif,0.38107532262802124,0.37642669677734375,-0.00464862585067749,0.00464862585067749,0.0,0.0,4.0946852325771905,265,
C:\Users\Hamada.MSI\Desktop\Hamada\lab\data\raw\images\McGill Calibrated Color Image Database\Textures\Textures\merry_mexico0154.tif,C:\Users\Hamada.MSI\Desktop\Hamada\lab\data\raw\images\McGill Calibrated Color Image Database\Textures\Textures\pippin_RS_YachtClub030.tif,0.4048728942871094,0.4002264738082886,-0.004646420478820801,0.004646420478820801,0.0,0.0,4.0946852325771905,265,
C:\Users\Hamada.MSI\Desktop\Hamada\lab\data\raw\images\McGill Calibrated Color Image Database\Textures\Textures\merry_mexico0118.tif,C:\Users\Hamada.MSI\Desktop\Hamada\lab\data\raw\images\McGill Calibrated Color Image Database\Textures\Textures\pippin_RS_YachtClub047.tif,0.41722866892814636,0.41258275508880615,-0.00464591383934021,0.00464591383934021,0.0,0.0,4.0946852325771905,265,
C:\Users\Hamada.MSI\Desktop\Hamada\lab\data\raw\images\McGill Calibrated Color Image Database\Textures\Textures\merry_mtl07_008.tif,C:\Users\Hamada.MSI\Desktop\Hamada\lab\data\raw\images\McGill Calibrated Color Image Database\Textures\Textures\merry_mexico0122.tif,0.3880801796913147,0.3834352493286133,-0.004644930362701416,0.004644930362701416,0.0,0.0,4.0946852325771905,265,
C:\Users\Hamada.MSI\Desktop\Hamada\lab\data\raw\images\McGill Calibrated Color Image Database\Textures\Textures\merry_mtl07_005.tif,C:\Users\Hamada.MSI\Desktop\Hamada\lab\data\raw\images\McGill Calibrated Color Image Database\Textures\Textures\pippin_Peel037.tif,0.21500003337860107,0.2196376770734787,0.0046376436948776245,0.0046376436948776245,0.0,1.52587890625e-05,4.0946852325771905,265,
C:\Users\Hamada.MSI\Desktop\Hamada\lab\data\raw\images\McGill Calibrated Color Image Database\Textures\Textures\merry_mtl07_005.tif,C:\Users\Hamada.MSI\Desktop\Hamada\lab\data\raw\images\McGill Calibrated Color Image Database\Textures\Textures\pippin_RVHtexture006.tif,0.20815323293209076,0.21278555691242218,0.004632323980331421,0.004632323980331421,0.0,1.52587890625e-05,4.0946852325771905,265,
C:\Users\Hamada.MSI\Desktop\Hamada\lab\data\raw\images\McGill Calibrated Color Image Database\Textures\Textures\merry_mexico0121.tif,C:\Users\Hamada.MSI\Desktop\Hamada\lab\data\raw\images\McGill Calibrated Color Image Database\Textures\Textures\pippin_Peel109.tif,0.4091837406158447,0.4045558571815491,-0.004627883434295654,0.004627883434295654,0.0,0.0,4.0946852325771905,265,
C:\Users\Hamada.MSI\Desktop\Hamada\lab\data\raw\images\McGill Calibrated Color Image Database\Textures\Textures\merry_mexico0118.tif,C:\Users\Hamada.MSI\Desktop\Hamada\lab\data\raw\images\McGill Calibrated Color Image Database\Textures\Textures\pippin_UniStrt022.tif,0.4783901870250702,0.4737657904624939,-0.004624396562576294,0.004624396562576294,0.0,0.0,4.0946852325771905,265,
C:\Users\Hamada.MSI\Desktop\Hamada\lab\data\raw\images\McGill Calibrated Color Image Database\Textures\Textures\merry_mexico0219.tif,C:\Users\Hamada.MSI\Desktop\Hamada\lab\data\raw\images\McGill Calibrated Color Image Database\Textures\Textures\pippin_park0040.tif,0.15083017945289612,0.14620718359947205,-0.004622995853424072,0.004622995853424072,0.0,0.0,4.0946852325771905,265,
C:\Users\Hamada.MSI\Desktop\Hamada\lab\data\raw\images\McGill Calibrated Color Image Database\Textures\Textures\merry_mexico0154.tif,C:\Users\Hamada.MSI\Desktop\Hamada\lab\data\raw\images\McGill Calibrated Color Image Database\Textures\Textures\merry_mtl07_037.tif,0.29096272587776184,0.2863437235355377,-0.004619002342224121,0.004619002342224121,0.0,0.0,4.0946852325771905,265,
C:\Users\Hamada.MSI\Desktop\Hamada\lab\data\raw\images\McGill Calibrated Color Image Database\Textures\Textures\pippin_adirondacks0025.tif,C:\Users\Hamada.MSI\Desktop\Hamada\lab\data\raw\images\McGill Calibrated Color Image Database\Textures\Textures\pippin_RVHtexture022.tif,0.44996970891952515,0.445356160402298,-0.004613548517227173,0.004613548517227173,7.62939453125e-06,0.0,4.0946852325771905,265,
C:\Users\Hamada.MSI\Desktop\Hamada\lab\data\raw\images\McGill Calibrated Color Image Database\Textures\Textures\merry_mexico0219.tif,C:\Users\Hamada.MSI\Desktop\Hamada\lab\data\raw\images\McGill Calibrated Color Image Database\Textures\Textures\merry_mtl07_033.tif,0.12796790897846222,0.12335442006587982,-0.0046134889125823975,0.0046134889125823975,0.0,0.0,4.0946852325771905,265,
C:\Users\Hamada.MSI\Desktop\Hamada\lab\data\raw\images\McGill Calibrated Color Image Database\Textures\Textures\merry_mtl07_034.tif,C:\Users\Hamada.MSI\Desktop\Hamada\lab\data\raw\images\McGill Calibrated Color Image Database\Textures\Textures\merry_mtl07_034.tif,0.319097638130188,0.31449320912361145,-0.004604429006576538,0.004604429006576538,0.0,1.1444091796875e-05,4.0946852325771905,265,
C:\Users\Hamada.MSI\Desktop\Hamada\lab\data\raw\images\McGill Calibrated Color Image Database\Textures\Textures\merry_mtl07_005.tif,C:\Users\Hamada.MSI\Desktop\Hamada\lab\data\raw\images\McGill Calibrated Color Image Database\Textures\Textures\pippin_RVHtexture026.tif,0.2696079909801483,0.2650138735771179,-0.0045941174030303955,0.0045941174030303955,0.0,1.52587890625e-05,4.0946852325771905,265,
C:\Users\Hamada.MSI\Desktop\Hamada\lab\data\raw\images\McGill Calibrated Color Image Database\Textures\Textures\pippin_Mex07_011.tif,C:\Users\Hamada.MSI\Desktop\Hamada\lab\data\raw\images\McGill Calibrated Color Image Database\Textures\Textures\pippin_UniStrt024.tif,0.4110391139984131,0.4064452052116394,-0.004593908786773682,0.004593908786773682,0.0,3.814697265625e-06,4.0946852325771905,265,
C:\Users\Hamada.MSI\Desktop\Hamada\lab\data\raw\images\McGill Calibrated Color Image Database\Textures\Textures\merry_mtl07_025.tif,C:\Users\Hamada.MSI\Desktop\Hamada\lab\data\raw\images\McGill Calibrated Color Image Database\Textures\Textures\pippin_RS_YachtClub007.tif,0.5285338759422302,0.5239424705505371,-0.004591405391693115,0.004591405391693115,0.0,0.0,4.0946852325771905,265,
C:\Users\Hamada.MSI\Desktop\Hamada\lab\data\raw\images\McGill Calibrated Color Image Database\Textures\Textures\pippin_Mex07_011.tif,C:\Users\Hamada.MSI\Desktop\Hamada\lab\data\raw\images\McGill Calibrated Color Image Database\Textures\Textures\pippin_RVHtexture021.tif,0.36085736751556396,0.3562701344490051,-0.004587233066558838,0.004587233066558838,0.0,3.814697265625e-06,4.0946852325771905,265,
C:\Users\Hamada.MSI\Desktop\Hamada\lab\data\raw\images\McGill Calibrated Color Image Database\Textures\Textures\merry_mexico0118.tif,C:\Users\Hamada.MSI\Desktop\Hamada\lab\data\raw\images\McGill Calibrated Color Image Database\Textures\Textures\pippin_RVHtexture003.tif,0.4265454411506653,0.4311215281486511,0.00457608699798584,0.00457608699798584,0.0,0.0,4.0946852325771905,265,
C:\Users\Hamada.MSI\Desktop\Hamada\lab\data\raw\images\McGill Calibrated Color Image Database\Textures\Textures\merry_mtl07_005.tif,C:\Users\Hamada.MSI\Desktop\Hamada\lab\data\raw\images\McGill Calibrated Color Image Database\Textures\Textures\pippin_park0019.tif,0.23011274635791779,0.22554293274879456,-0.00456981360912323,0.00456981360912323,0.0,1.52587890625e-05,4.0946852325771905,265,
C:\Users\Hamada.MSI\Desktop\Hamada\lab\data\raw\images\McGill Calibrated Color Image Database\Textures\Textures\merry_mtl07_008.tif,C:\Users\Hamada.MSI\Desktop\Hamada\lab\data\raw\images\McGill Calibrated Color Image Database\Textures\Textures\pippin_Biodome044.tif,0.4039686322212219,0.39940446615219116,-0.004564166069030762,0.004564166069030762,0.0,0.0,4.0946852325771905,265,
C:\Users\Hamada.MSI\Desktop\Hamada\lab\data\raw\images\McGill Calibrated Color Image Database\Textures\Textures\pippin_Mex07_011.tif,C:\Users\Hamada.MSI\Desktop\Hamada\lab\data\raw\images\McGill Calibrated Color Image Database\Textures\Textures\pippin_park0059.tif,0.44619035720825195,0.44163376092910767,-0.004556596279144287,0.004556596279144287,0.0,3.814697265625e-06,4.0946852325771905,265,
C:\Users\Hamada.MSI\Desktop\Hamada\lab\data\raw\images\McGill Calibrated Color Image Database\Textures\Textures\pippin_park0035.tif,C:\Users\Hamada.MSI\Desktop\Hamada\lab\data\raw\images\McGill Calibrated Color Image Database\Textures\Textures\merry_flor0019.tif,0.41793447732925415,0.4133799970149994,-0.004554480314254761,0.004554480314254761,0.0,0.0,4.0946852325771905,265,
C:\Users\Hamada.MSI\Desktop\Hamada\lab\data\raw\images\McGill Calibrated Color Image Database\Textures\Textures\merry_mtl07_008.tif,C:\Users\Hamada.MSI\Desktop\Hamada\lab\data\raw\images\McGill Calibrated Color Image Database\Textures\Textures\pippin_RVHtexture022.tif,0.428943395614624,0.42438897490501404,-0.004554420709609985,0.004554420709609985,0.0,0.0,4.0946852325771905,265,
C:\Users\Hamada.MSI\Desktop\Hamada\lab\data\raw\images\McGill Calibrated Color Image Database\Textures\Textures\merry_mtl07_034.tif,C:\Users\Hamada.MSI\Desktop\Hamada\lab\data\raw\images\McGill Calibrated Color Image Database\Textures\Textures\merry_mtl07_003.tif,0.36466389894485474,0.3601158857345581,-0.004548013210296631,0.004548013210296631,0.0,1.1444091796875e-05,4.0946852325771905,265,
C:\Users\Hamada.MSI\Desktop\Hamada\lab\data\raw\images\McGill Calibrated Color Image Database\Textures\Textures\merry_mexico0121.tif,C:\Users\Hamada.MSI\Desktop\Hamada\lab\data\raw\images\McGill Calibrated Color Image Database\Textures\Textures\pippin_RVHtexture024.tif,0.2738037705421448,0.2692674696445465,-0.004536300897598267,0.004536300897598267,0.0,0.0,4.0946852325771905,265,
C:\Users\Hamada.MSI\Desktop\Hamada\lab\data\raw\images\McGill Calibrated Color Image Database\Textures\Textures\merry_mexico0121.tif,C:\Users\Hamada.MSI\Desktop\Hamada\lab\data\raw\images\McGill Calibrated Color Image Database\Textures\Textures\pippin_park0058.tif,0.32251593470573425,0.3179839253425598,-0.0045320093631744385,0.0045320093631744385,0.0,0.0,4.0946852325771905,265,
C:\Users\Hamada.MSI\Desktop\Hamada\lab\data\raw\images\McGill Calibrated Color Image Database\Textures\Textures\pippin_adirondacks0025.tif,C:\Users\Hamada.MSI\Desktop\Hamada\lab\data\raw\images\McGill Calibrated Color Image Database\Textures\Textures\pippin_RVHtexture021.tif,0.3829897344112396,0.37845879793167114,-0.0045309364795684814,0.0045309364795684814,7.62939453125e-06,5.340576171875e-05,4.0946852325771905,265,
C:\Users\Hamada.MSI\Desktop\Hamada\lab\data\raw\images\McGill Calibrated Color Image Database\Textures\Textures\merry_mtl07_025.tif,C:\Users\Hamada.MSI\Desktop\Hamada\lab\data\raw\images\McGill Calibrated Color Image Database\Textures\Textures\pippin_Peel069.tif,0.5315245389938354,0.5270019769668579,-0.004522562026977539,0.004522562026977539,0.0,0.0,4.0946852325771905,265,
C:\Users\Hamada.MSI\Desktop\Hamada\lab\data\raw\images\McGill Calibrated Color Image Database\Textures\Textures\pippin_park0035.tif,C:\Users\Hamada.MSI\Desktop\Hamada\lab\data\raw\images\McGill Calibrated Color Image Database\Textures\Textures\pippin_RVHtexture003.tif,0.4331474006175995,0.4376524090766907,0.0045050084590911865,0.0045050084590911865,0.0,0.0,4.0946852325771905,265,
C:\Users\Hamada.MSI\Desktop\Hamada\lab\data\raw\images\McGill Calibrated Color Image Database\Textures\Textures\merry_mtl07_025.tif,C:\Users\Hamada.MSI\Desktop\Hamada\lab\data\raw\images\McGill Calibrated Color Image Database\Textures\Textures\pippin_UniStrt020.tif,0.513407826423645,0.5089043378829956,-0.004503488540649414,0.004503488540649414,0.0,0.0,4.0946852325771905,265,
C:\Users\Hamada.MSI\Desktop\Hamada\lab\data\raw\images\McGill Calibrated Color Image Database\Textures\Textures\merry_mexico0154.tif,C:\Users\Hamada.MSI\Desktop\Hamada\lab\data\raw\images\McGill Calibrated Color Image Database\Textures\Textures\pippin_ParcSafari005.tif,0.41151663661003113,0.4070146679878235,-0.004501968622207642,0.004501968622207642,0.0,0.0,4.0946852325771905,265,
C:\Users\Hamada.MSI\Desktop\Hamada\lab\data\raw\images\McGill Calibrated Color Image Database\Textures\Textures\pippin_adirondacks0025.tif,C:\Users\Hamada.MSI\Desktop\Hamada\lab\data\raw\images\McGill Calibrated Color Image Database\Textures\Textures\merry_italy0171.tif,0.4814373254776001,0.4859362244606018,0.004498898983001709,0.004498898983001709,0.0,0.0,4.0946852325771905,265,
C:\Users\Hamada.MSI\Desktop\Hamada\lab\data\raw\images\McGill Calibrated Color Image Database\Textures\Textures\merry_mtl07_025.tif,C:\Users\Hamada.MSI\Desktop\Hamada\lab\data\raw\images\McGill Calibrated Color Image Database\Textures\Textures\pippin_RVHtexture010.tif,0.48200416564941406,0.47751155495643616,-0.004492610692977905,0.004492610692977905,3.814697265625e-06,0.0,4.0946852325771905,265,
C:\Users\Hamada.MSI\Desktop\Hamada\lab\data\raw\images\McGill Calibrated Color Image Database\Textures\Textures\pippin_adirondacks0025.tif,C:\Users\Hamada.MSI\Desktop\Hamada\lab\data\raw\images\McGill Calibrated Color Image Database\Textures\Textures\merry_mtl07_023.tif,0.3135313391685486,0.31802353262901306,0.0044921934604644775,0.0044921934604644775,1.1444091796875e-05,3.814697265625e-06,4.0946852325771905,265,
C:\Users\Hamada.MSI\Desktop\Hamada\lab\data\raw\images\McGill Calibrated Color Image Database\Textures\Textures\merry_mexico0121.tif,C:\Users\Hamada.MSI\Desktop\Hamada\lab\data\raw\images\McGill Calibrated Color Image Database\Textures\Textures\pippin_RVHtexture022.tif,0.40738579630851746,0.4029195308685303,-0.004466265439987183,0.004466265439987183,0.0,0.0,4.0946852325771905,265,
C:\Users\Hamada.MSI\Desktop\Hamada\lab\data\raw\images\McGill Calibrated Color Image Database\Textures\Textures\merry_mexico0219.tif,C:\Users\Hamada.MSI\Desktop\Hamada\lab\data\raw\images\McGill Calibrated Color Image Database\Textures\Textures\merry_mtl07_009.tif,0.16922591626644135,0.16476017236709595,-0.004465743899345398,0.004465743899345398,0.0,0.0,4.0946852325771905,265,
C:\Users\Hamada.MSI\Desktop\Hamada\lab\data\raw\images\McGill Calibrated Color Image Database\Textures\Textures\merry_mtl07_005.tif,C:\Users\Hamada.MSI\Desktop\Hamada\lab\data\raw\images\McGill Calibrated Color Image Database\Textures\Textures\pippin_RVHtexture014.tif,0.18864084780216217,0.18417838215827942,-0.0044624656438827515,0.0044624656438827515,0.0,1.52587890625e-05,4.0946852325771905,265,
C:\Users\Hamada.MSI\Desktop\Hamada\lab\data\raw\images\McGill Calibrated Color Image Database\Textures\Textures\merry_mexico0118.tif,C:\Users\Hamada.MSI\Desktop\Hamada\lab\data\raw\images\McGill Calibrated Color Image Database\Textures\Textures\pippin_RVHtexture007.tif,0.39021721482276917,0.3857637047767639,-0.004453510046005249,0.004453510046005249,0.0,0.0,4.0946852325771905,265,
C:\Users\Hamada.MSI\Desktop\Hamada\lab\data\raw\images\McGill Calibrated Color Image Database\Textures\Textures\merry_mtl07_008.tif,C:\Users\Hamada.MSI\Desktop\Hamada\lab\data\raw\images\McGill Calibrated Color Image Database\Textures\Textures\pippin_park0058.tif,0.37705108523368835,0.372599720954895,-0.004451364278793335,0.004451364278793335,0.0,0.0,4.0946852325771905,265,
C:\Users\Hamada.MSI\Desktop\Hamada\lab\data\raw\images\McGill Calibrated Color Image Database\Textures\Textures\merry_mtl07_008.tif,C:\Users\Hamada.MSI\Desktop\Hamada\lab\data\raw\images\McGill Calibrated Color Image Database\Textures\Textures\pippin_RVHtexture003.tif,0.41836732625961304,0.4228081703186035,0.0044408440589904785,0.0044408440589904785,0.0,0.0,4.0946852325771905,265,
C:\Users\Hamada.MSI\Desktop\Hamada\lab\data\raw\images\McGill Calibrated Color Image Database\Textures\Textures\merry_mexico0219.tif,C:\Users\Hamada.MSI\Desktop\Hamada\lab\data\raw\images\McGill Calibrated Color Image Database\Textures\Textures\pippin_adirondacks0013.tif,0.13277235627174377,0.12834127247333527,-0.004431083798408508,0.004431083798408508,0.0,0.0,4.0946852325771905,265,
C:\Users\Hamada.MSI\Desktop\Hamada\lab\data\raw\images\McGill Calibrated Color Image Database\Textures\Textures\pippin_Mex07_011.tif,C:\Users\Hamada.MSI\Desktop\Hamada\lab\data\raw\images\McGill Calibrated Color Image Database\Textures\Textures\pippin_Biodome044.tif,0.3941067159175873,0.38968926668167114,-0.004417449235916138,0.004417449235916138,0.0,3.814697265625e-06,4.0946852325771905,265,
C:\Users\Hamada.MSI\Desktop\Hamada\lab\data\raw\images\McGill Calibrated Color Image Database\Textures\Textures\merry_mtl07_034.tif,C:\Users\Hamada.MSI\Desktop\Hamada\lab\data\raw\images\McGill Calibrated Color Image Database\Textures\Textures\pippin_UniStrt029.tif,0.3061516284942627,0.3017401099205017,-0.004411518573760986,0.004411518573760986,0.0,1.1444091796875e-05,4.0946852325771905,265,
C:\Users\Hamada.MSI\Desktop\Hamada\lab\data\raw\images\McGill Calibrated Color Image Database\Textures\Textures\merry_mexico0121.tif,C:\Users\Hamada.MSI\Desktop\Hamada\lab\data\raw\images\McGill Calibrated Color Image Database\Textures\Textures\pippin_UniStrt022.tif,0.44272321462631226,0.43831437826156616,-0.004408836364746094,0.004408836364746094,0.0,0.0,4.0946852325771905,265,
C:\Users\Hamada.MSI\Desktop\Hamada\lab\data\raw\images\McGill Calibrated Color Image Database\Textures\Textures\merry_mtl07_008.tif,C:\Users\Hamada.MSI\Desktop\Hamada\lab\data\raw\images\McGill Calibrated Color Image Database\Textures\Textures\pippin_ParcSafari005.tif,0.45882558822631836,0.4544190466403961,-0.004406541585922241,0.004406541585922241,0.0,0.0,4.0946852325771905,265,
C:\Users\Hamada.MSI\Desktop\Hamada\lab\data\raw\images\McGill Calibrated Color Image Database\Textures\Textures\merry_mtl07_025.tif,C:\Users\Hamada.MSI\Desktop\Hamada\lab\data\raw\images\McGill Calibrated Color Image Database\Textures\Textures\pippin_Peel096.tif,0.49476778507232666,0.49036461114883423,-0.004403173923492432,0.004403173923492432,0.0,0.0,4.0946852325771905,265,
C:\Users\Hamada.MSI\Desktop\Hamada\lab\data\raw\images\McGill Calibrated Color Image Database\Textures\Textures\merry_mtl07_025.tif,C:\Users\Hamada.MSI\Desktop\Hamada\lab\data\raw\images\McGill Calibrated Color Image Database\Textures\Textures\pippin0225.tif,0.5094597339630127,0.5050615072250366,-0.004398226737976074,0.004398226737976074,0.0,0.0,4.0946852325771905,265,
C:\Users\Hamada.MSI\Desktop\Hamada\lab\data\raw\images\McGill Calibrated Color Image Database\Textures\Textures\pippin_adirondacks0025.tif,C:\Users\Hamada.MSI\Desktop\Hamada\lab\data\raw\images\McGill Calibrated Color Image Database\Textures\Textures\pippin_RVHtexture014.tif,0.3313536047935486,0.32695767283439636,-0.004395931959152222,0.004395931959152222,0.000125885009765625,5.340576171875e-05,4.0946852325771905,265,
C:\Users\Hamada.MSI\Desktop\Hamada\lab\data\raw\images\McGill Calibrated Color Image Database\Textures\Textures\merry_mtl07_008.tif,C:\Users\Hamada.MSI\Desktop\Hamada\lab\data\raw\images\McGill Calibrated Color Image Database\Textures\Textures\pippin_RVHtexture026.tif,0.39570167660713196,0.3913084864616394,-0.004393190145492554,0.004393190145492554,0.0,0.0,4.0946852325771905,265,
C:\Users\Hamada.MSI\Desktop\Hamada\lab\data\raw\images\McGill Calibrated Color Image Database\Textures\Textures\pippin_adirondacks0025.tif,C:\Users\Hamada.MSI\Desktop\Hamada\lab\data\raw\images\McGill Calibrated Color Image Database\Textures\Textures\pippin_RVHtexture026.tif,0.4083760380744934,0.4039880335330963,-0.004388004541397095,0.004388004541397095,0.0,0.0,4.0946852325771905,265,
C:\Users\Hamada.MSI\Desktop\Hamada\lab\data\raw\images\McGill Calibrated Color Image Database\Textures\Textures\merry_mtl07_008.tif,C:\Users\Hamada.MSI\Desktop\Hamada\lab\data\raw\images\McGill Calibrated Color Image Database\Textures\Textures\pippin_park0042.tif,0.4522366523742676,0.4478500187397003,-0.004386633634567261,0.004386633634567261,0.0,0.0,4.0946852325771905,265,
C:\Users\Hamada.MSI\Desktop\Hamada\lab\data\raw\images\McGill Calibrated Color Image Database\Textures\Textures\merry_mtl07_025.tif,C:\Users\Hamada.MSI\Desktop\Hamada\lab\data\raw\images\McGill Calibrated Color Image Database\Textures\Textures\pippin_RS_YachtClub016.tif,0.47921356558799744,0.47483307123184204,-0.0043804943561553955,0.0043804943561553955,0.0,0.0,4.0946852325771905,265,
C:\Users\Hamada.MSI\Desktop\Hamada\lab\data\raw\images\McGill Calibrated Color Image Database\Textures\Textures\merry_mtl07_034.tif,C:\Users\Hamada.MSI\Desktop\Hamada\lab\data\raw\images\McGill Calibrated Color Image Database\Textures\Textures\pippin_park0010.tif,0.2801688611507416,0.2757948637008667,-0.004373997449874878,0.004373997449874878,0.0,1.1444091796875e-05,4.0946852325771905,265,
C:\Users\Hamada.MSI\Desktop\Hamada\lab\data\raw\images\McGill Calibrated Color Image Database\Textures\Textures\merry_mexico0118.tif,C:\Users\Hamada.MSI\Desktop\Hamada\lab\data\raw\images\McGill Calibrated Color Image Database\Textures\Textures\pippin_RVHtexture022.tif,0.446630597114563,0.44227153062820435,-0.004359066486358643,0.004359066486358643,0.0,0.0,4.0946852325771905,265,
C:\Users\Hamada.MSI\Desktop\Hamada\lab\data\raw\images\McGill Calibrated Color Image Database\Textures\Textures\merry_mexico0154.tif,C:\Users\Hamada.MSI\Desktop\Hamada\lab\data\raw\images\McGill Calibrated Color Image Database\Textures\Textures\pippin_UniStrt021.tif,0.3422197997570038,0.3465662896633148,0.004346489906311035,0.004346489906311035,0.0,0.0,4.0946852325771905,265,
C:\Users\Hamada.MSI\Desktop\Hamada\lab\data\raw\images\McGill Calibrated Color Image Database\Textures\Textures\merry_mtl07_008.tif,C:\Users\Hamada.MSI\Desktop\Hamada\lab\data\raw\images\McGill Calibrated Color Image Database\Textures\Textures\merry_win07_009.tif,0.47429734468460083,0.4786231517791748,0.004325807094573975,0.004325807094573975,0.0,0.0,4.0946852325771905,265,
C:\Users\Hamada.MSI\Desktop\Hamada\lab\data\raw\images\McGill Calibrated Color Image Database\Textures\Textures\merry_mexico0219.tif,C:\Users\Hamada.MSI\Desktop\Hamada\lab\data\raw\images\McGill Calibrated Color Image Database\Textures\Textures\merry_mexico0122.tif,0.12656454741954803,0.12224878370761871,-0.004315763711929321,0.004315763711929321,0.0,0.0,4.0946852325771905,265,
C:\Users\Hamada.MSI\Desktop\Hamada\lab\data\raw\images\McGill Calibrated Color Image Database\Textures\Textures\pippin_RVHtexture023.tif,C:\Users\Hamada.MSI\Desktop\Hamada\lab\data\raw\images\McGill Calibrated Color Image Database\Textures\Textures\pippin_RS_YachtClub016.tif,0.31450921297073364,0.3101937770843506,-0.004315435886383057,0.004315435886383057,0.0,0.0,4.0946852325771905,265,
C:\Users\Hamada.MSI\Desktop\Hamada\lab\data\raw\images\McGill Calibrated Color Image Database\Textures\Textures\pippin_RVHtexture023.tif,C:\Users\Hamada.MSI\Desktop\Hamada\lab\data\raw\images\McGill Calibrated Color Image Database\Textures\Textures\pippin_RVHtexture021.tif,0.2989192306995392,0.2946048974990845,-0.004314333200454712,0.004314333200454712,0.0,0.0,4.0946852325771905,265,
C:\Users\Hamada.MSI\Desktop\Hamada\lab\data\raw\images\McGill Calibrated Color Image Database\Textures\Textures\pippin_adirondacks0025.tif,C:\Users\Hamada.MSI\Desktop\Hamada\lab\data\raw\images\McGill Calibrated Color Image Database\Textures\Textures\pippin_RVHtexture007.tif,0.40515628457069397,0.40088725090026855,-0.004269033670425415,0.004269033670425415,4.9591064453125e-05,0.0,4.0946852325771905,265,
C:\Users\Hamada.MSI\Desktop\Hamada\lab\data\raw\images\McGill Calibrated Color Image Database\Textures\Textures\merry_mtl07_005.tif,C:\Users\Hamada.MSI\Desktop\Hamada\lab\data\raw\images\McGill Calibrated Color Image Database\Textures\Textures\pippin0225.tif,0.29904693365097046,0.29478582739830017,-0.004261106252670288,0.004261106252670288,0.0,1.52587890625e-05,4.0946852325771905,265,
C:\Users\Hamada.MSI\Desktop\Hamada\lab\data\raw\images\McGill Calibrated Color Image Database\Textures\Textures\merry_mexico0121.tif,C:\Users\Hamada.MSI\Desktop\Hamada\lab\data\raw\images\McGill Calibrated Color Image Database\Textures\Textures\pippin_Biodome030.tif,0.3847372531890869,0.3804801106452942,-0.004257142543792725,0.004257142543792725,0.0,0.0,4.0946852325771905,265,
C:\Users\Hamada.MSI\Desktop\Hamada\lab\data\raw\images\McGill Calibrated Color Image Database\Textures\Textures\merry_mexico0118.tif,C:\Users\Hamada.MSI\Desktop\Hamada\lab\data\raw\images\McGill Calibrated Color Image Database\Textures\Textures\merry_mtl07_023.tif,0.29769837856292725,0.30195462703704834,0.004256248474121094,0.004256248474121094,0.0,7.62939453125e-06,4.0946852325771905,265,
C:\Users\Hamada.MSI\Desktop\Hamada\lab\data\raw\images\McGill Calibrated Color Image Database\Textures\Textures\pippin_park0035.tif,C:\Users\Hamada.MSI\Desktop\Hamada\lab\data\raw\images\McGill Calibrated Color Image Database\Textures\Textures\pippin_UniStrt020.tif,0.42622634768486023,0.4219740033149719,-0.004252344369888306,0.004252344369888306,0.0,0.0,4.0946852325771905,265,
C:\Users\Hamada.MSI\Desktop\Hamada\lab\data\raw\images\McGill Calibrated Color Image Database\Textures\Textures\merry_mtl07_005.tif,C:\Users\Hamada.MSI\Desktop\Hamada\lab\data\raw\images\McGill Calibrated Color Image Database\Textures\Textures\pippin_park0050.tif,0.3157978057861328,0.3115495443344116,-0.004248261451721191,0.004248261451721191,0.0,1.52587890625e-05,4.0946852325771905,265,
C:\Users\Hamada.MSI\Desktop\Hamada\lab\data\raw\images\McGill Calibrated Color Image Database\Textures\Textures\merry_mexico0118.tif,C:\Users\Hamada.MSI\Desktop\Hamada\lab\data\raw\images\McGill Calibrated Color Image Database\Textures\Textures\merry_mtl07_022.tif,0.4366658926010132,0.43242424726486206,-0.004241645336151123,0.004241645336151123,0.0,0.0,4.0946852325771905,265,
C:\Users\Hamada.MSI\Desktop\Hamada\lab\data\raw\images\McGill Calibrated Color Image Database\Textures\Textures\merry_mexico0219.tif,C:\Users\Hamada.MSI\Desktop\Hamada\lab\data\raw\images\McGill Calibrated Color Image Database\Textures\Textures\pippin_adirondacks0025.tif,0.12746672332286835,0.13170671463012695,0.004239991307258606,0.004239991307258606,0.0,0.0,4.0946852325771905,265,
C:\Users\Hamada.MSI\Desktop\Hamada\lab\data\raw\images\McGill Calibrated Color Image Database\Textures\Textures\merry_mtl07_005.tif,C:\Users\Hamada.MSI\Desktop\Hamada\lab\data\raw\images\McGill Calibrated Color Image Database\Textures\Textures\pippin_park0048.tif,0.1778990775346756,0.17368322610855103,-0.004215851426124573,0.004215851426124573,0.0,1.52587890625e-05,4.0946852325771905,265,
C:\Users\Hamada.MSI\Desktop\Hamada\lab\data\raw\images\McGill Calibrated Color Image Database\Textures\Textures\merry_mtl07_005.tif,C:\Users\Hamada.MSI\Desktop\Hamada\lab\data\raw\images\McGill Calibrated Color Image Database\Textures\Textures\pippin_RVHtexture011.tif,0.3566174805164337,0.3608187437057495,0.004201263189315796,0.004201263189315796,0.0,1.52587890625e-05,4.0946852325771905,265,
C:\Users\Hamada.MSI\Desktop\Hamada\lab\data\raw\images\McGill Calibrated Color Image Database\Textures\Textures\pippin_park0035.tif,C:\Users\Hamada.MSI\Desktop\Hamada\lab\data\raw\images\McGill Calibrated Color Image Database\Textures\Textures\pippin_park0044.tif,0.48445412516593933,0.4802589416503906,-0.004195183515548706,0.004195183515548706,0.0,0.0,4.0946852325771905,265,
C:\Users\Hamada.MSI\Desktop\Hamada\lab\data\raw\images\McGill Calibrated Color Image Database\Textures\Textures\merry_mexico0118.tif,C:\Users\Hamada.MSI\Desktop\Hamada\lab\data\raw\images\McGill Calibrated Color Image Database\Textures\Textures\merry_italy0171.tif,0.48598724603652954,0.4901755452156067,0.0041882991790771484,0.0041882991790771484,0.0,0.0,4.0946852325771905,265,
C:\Users\Hamada.MSI\Desktop\Hamada\lab\data\raw\images\McGill Calibrated Color Image Database\Textures\Textures\pippin_RVHtexture023.tif,C:\Users\Hamada.MSI\Desktop\Hamada\lab\data\raw\images\McGill Calibrated Color Image Database\Textures\Textures\merry_flor0019.tif,0.3282567262649536,0.3240691125392914,-0.0041876137256622314,0.0041876137256622314,0.0,0.0,4.0946852325771905,265,
C:\Users\Hamada.MSI\Desktop\Hamada\lab\data\raw\images\McGill Calibrated Color Image Database\Textures\Textures\pippin_adirondacks0025.tif,C:\Users\Hamada.MSI\Desktop\Hamada\lab\data\raw\images\McGill Calibrated Color Image Database\Textures\Textures\pippin_park0047.tif,0.44788068532943726,0.45206716656684875,0.004186481237411499,0.004186481237411499,0.0,0.0,4.0946852325771905,265,
C:\Users\Hamada.MSI\Desktop\Hamada\lab\data\raw\images\McGill Calibrated Color Image Database\Textures\Textures\pippin_Mex07_011.tif,C:\Users\Hamada.MSI\Desktop\Hamada\lab\data\raw\images\McGill Calibrated Color Image Database\Textures\Textures\pippin_RS_YachtClub023.tif,0.4074241518974304,0.4115980565547943,0.004173904657363892,0.004173904657363892,0.0,3.814697265625e-06,4.0946852325771905,265,
C:\Users\Hamada.MSI\Desktop\Hamada\lab\data\raw\images\McGill Calibrated Color Image Database\Textures\Textures\pippin_RVHtexture023.tif,C:\Users\Hamada.MSI\Desktop\Hamada\lab\data\raw\images\McGill Calibrated Color Image Database\Textures\Textures\pippin_Peel095.tif,0.34877893328666687,0.3446064591407776,-0.004172474145889282,0.004172474145889282,0.0,0.0,4.0946852325771905,265,
C:\Users\Hamada.MSI\Desktop\Hamada\lab\data\raw\images\McGill Calibrated Color Image Database\Textures\Textures\pippin_park0035.tif,C:\Users\Hamada.MSI\Desktop\Hamada\lab\data\raw\images\McGill Calibrated Color Image Database\Textures\Textures\pippin_park0035.tif,0.3979024291038513,0.39374223351478577,-0.004160195589065552,0.004160195589065552,0.0,0.0,4.0946852325771905,265,
C:\Users\Hamada.MSI\Desktop\Hamada\lab\data\raw\images\McGill Calibrated Color Image Database\Textures\Textures\merry_mexico0154.tif,C:\Users\Hamada.MSI\Desktop\Hamada\lab\data\raw\images\McGill Calibrated Color Image Database\Textures\Textures\pippin_Peel095.tif,0.38083675503730774,0.37668630480766296,-0.004150450229644775,0.004150450229644775,0.0,0.0,4.0946852325771905,265,
C:\Users\Hamada.MSI\Desktop\Hamada\lab\data\raw\images\McGill Calibrated Color Image Database\Textures\Textures\pippin_park0035.tif,C:\Users\Hamada.MSI\Desktop\Hamada\lab\data\raw\images\McGill Calibrated Color Image Database\Textures\Textures\merry_mtl07_021.tif,0.43859660625457764,0.43444621562957764,-0.004150390625,0.004150390625,0.0,0.0,4.0946852325771905,265,
C:\Users\Hamada.MSI\Desktop\Hamada\lab\data\raw\images\McGill Calibrated Color Image Database\Textures\Textures\merry_mtl07_025.tif,C:\Users\Hamada.MSI\Desktop\Hamada\lab\data\raw\images\McGill Calibrated Color Image Database\Textures\Textures\pippin_park0059.tif,0.5167965888977051,0.5126471519470215,-0.004149436950683594,0.004149436950683594,0.0,0.0,4.0946852325771905,265,
C:\Users\Hamada.MSI\Desktop\Hamada\lab\data\raw\images\McGill Calibrated Color Image Database\Textures\Textures\merry_mexico0154.tif,C:\Users\Hamada.MSI\Desktop\Hamada\lab\data\raw\images\McGill Calibrated Color Image Database\Textures\Textures\pippin_RVHtexture020.tif,0.3454868793487549,0.34135884046554565,-0.0041280388832092285,0.0041280388832092285,0.0,0.0,4.0946852325771905,265,
C:\Users\Hamada.MSI\Desktop\Hamada\lab\data\raw\images\McGill Calibrated Color Image Database\Textures\Textures\pippin_adirondacks0025.tif,C:\Users\Hamada.MSI\Desktop\Hamada\lab\data\raw\images\McGill Calibrated Color Image Database\Textures\Textures\pippin_RVHtexture001.tif,0.3427567481994629,0.3468794524669647,0.004122704267501831,0.004122704267501831,0.00023651123046875,3.814697265625e-06,4.0946852325771905,265,
C:\Users\Hamada.MSI\Desktop\Hamada\lab\data\raw\images\McGill Calibrated Color Image Database\Textures\Textures\merry_mtl07_034.tif,C:\Users\Hamada.MSI\Desktop\Hamada\lab\data\raw\images\McGill Calibrated Color Image Database\Textures\Textures\pippin_Peel109.tif,0.3272472023963928,0.32312506437301636,-0.004122138023376465,0.004122138023376465,0.0,1.1444091796875e-05,4.0946852325771905,265,
C:\Users\Hamada.MSI\Desktop\Hamada\lab\data\raw\images\McGill Calibrated Color Image Database\Textures\Textures\merry_mtl07_025.tif,C:\Users\Hamada.MSI\Desktop\Hamada\lab\data\raw\images\McGill Calibrated Color Image Database\Textures\Textures\merry_mtl07_041.tif,0.5359774231910706,0.5318571925163269,-0.004120230674743652,0.004120230674743652,0.0,0.0,4.0946852325771905,265,
C:\Users\Hamada.MSI\Desktop\Hamada\lab\data\raw\images\McGill Calibrated Color Image Database\Textures\Textures\merry_mexico0154.tif,C:\Users\Hamada.MSI\Desktop\Hamada\lab\data\raw\images\McGill Calibrated Color Image Database\Textures\Textures\pippin0225.tif,0.36918890476226807,0.3650705814361572,-0.00411832332611084,0.00411832332611084,0.0,0.0,4.0946852325771905,265,
C:\Users\Hamada.MSI\Desktop\Hamada\lab\data\raw\images\McGill Calibrated Color Image Database\Textures\Textures\pippin_adirondacks0025.tif,C:\Users\Hamada.MSI\Desktop\Hamada\lab\data\raw\images\McGill Calibrated Color Image Database\Textures\Textures\merry_mtl07_005.tif,0.49414288997650146,0.4900248050689697,-0.004118084907531738,0.004118084907531738,1.52587890625e-05,0.0,4.0946852325771905,265,
C:\Users\Hamada.MSI\Desktop\Hamada\lab\data\raw\images\McGill Calibrated Color Image Database\Textures\Textures\merry_mexico0219.tif,C:\Users\Hamada.MSI\Desktop\Hamada\lab\data\raw\images\McGill Calibrated Color Image Database\Textures\Textures\merry_mtl07_012.tif,0.1290265917778015,0.1331416219472885,0.0041150301694869995,0.0041150301694869995,0.0,0.0,4.0946852325771905,265,
C:\Users\Hamada.MSI\Desktop\Hamada\lab\data\raw\images\McGill Calibrated Color Image Database\Textures\Textures\merry_mtl07_034.tif,C:\Users\Hamada.MSI\Desktop\Hamada\lab\data\raw\images\McGill Calibrated Color Image Database\Textures\Textures\pippin_RVHtexture022.tif,0.3248431086540222,0.32072925567626953,-0.0041138529777526855,0.0041138529777526855,0.0,1.1444091796875e-05,4.0946852325771905,265,
C:\Users\Hamada.MSI\Desktop\Hamada\lab\data\raw\images\McGill Calibrated Color Image Database\Textures\Textures\merry_mtl07_034.tif,C:\Users\Hamada.MSI\Desktop\Hamada\lab\data\raw\images\McGill Calibrated Color Image Database\Textures\Textures\pippin_UniStrt020.tif,0.2802272140979767,0.28433799743652344,0.004110783338546753,0.004110783338546753,0.0,1.1444091796875e-05,4.0946852325771905,265,
C:\Users\Hamada.MSI\Desktop\Hamada\lab\data\raw\images\McGill Calibrated Color Image Database\Textures\Textures\pippin_UniStrt024.tif,C:\Users\Hamada.MSI\Desktop\Hamada\lab\data\raw\images\McGill Calibrated Color Image Database\Textures\Textures\merry_mtl07_023.tif,0.44801902770996094,0.4521213173866272,0.00410228967666626,0.00410228967666626,9.918212890625e-05,0.000171661376953125,4.0946852325771905,265,
C:\Users\Hamada.MSI\Desktop\Hamada\lab\data\raw\images\McGill Calibrated Color Image Database\Textures\Textures\merry_mexico0121.tif,C:\Users\Hamada.MSI\Desktop\Hamada\lab\data\raw\images\McGill Calibrated Color Image Database\Textures\Textures\pippin_RVHtexture014.tif,0.274649977684021,0.2705724835395813,-0.004077494144439697,0.004077494144439697,0.0,0.0,4.0946852325771905,265,
C:\Users\Hamada.MSI\Desktop\Hamada\lab\data\raw\images\McGill Calibrated Color Image Database\Textures\Textures\merry_mtl07_025.tif,C:\Users\Hamada.MSI\Desktop\Hamada\lab\data\raw\images\McGill Calibrated Color Image Database\Textures\Textures\pippin_RVHtexture003.tif,0.5154227018356323,0.5194931030273438,0.004070401191711426,0.004070401191711426,0.0,0.0,4.0946852325771905,265,
C:\Users\Hamada.MSI\Desktop\Hamada\lab\data\raw\images\McGill Calibrated Color Image Database\Textures\Textures\merry_mexico0121.tif,C:\Users\Hamada.MSI\Desktop\Hamada\lab\data\raw\images\McGill Calibrated Color Image Database\Textures\Textures\pippin_park0059.tif,0.38633060455322266,0.38228872418403625,-0.004041880369186401,0.004041880369186401,0.0,0.0,4.0946852325771905,265,
C:\Users\Hamada.MSI\Desktop\Hamada\lab\data\raw\images\McGill Calibrated Color Image Database\Textures\Textures\merry_mtl07_008.tif,C:\Users\Hamada.MSI\Desktop\Hamada\lab\data\raw\images\McGill Calibrated Color Image Database\Textures\Textures\pippin_RVHtexture018.tif,0.3724859356880188,0.3684568405151367,-0.00402909517288208,0.00402909517288208,0.0,0.0,4.0946852325771905,265,
C:\Users\Hamada.MSI\Desktop\Hamada\lab\data\raw\images\McGill Calibrated Color Image Database\Textures\Textures\merry_mtl07_034.tif,C:\Users\Hamada.MSI\Desktop\Hamada\lab\data\raw\images\McGill Calibrated Color Image Database\Textures\Textures\pippin_park0035.tif,0.27891528606414795,0.27490147948265076,-0.004013806581497192,0.004013806581497192,0.0,1.1444091796875e-05,4.0946852325771905,265,
C:\Users\Hamada.MSI\Desktop\Hamada\lab\data\raw\images\McGill Calibrated Color Image Database\Textures\Textures\pippin_UniStrt024.tif,C:\Users\Hamada.MSI\Desktop\Hamada\lab\data\raw\images\McGill Calibrated Color Image Database\Textures\Textures\pippin_park0047.tif,0.5763782262802124,0.5803889036178589,0.004010677337646484,0.004010677337646484,0.0,0.0,4.0946852325771905,265,
C:\Users\Hamada.MSI\Desktop\Hamada\lab\data\raw\images\McGill Calibrated Color Image Database\Textures\Textures\pippin_adirondacks0025.tif,C:\Users\Hamada.MSI\Desktop\Hamada\lab\data\raw\images\McGill Calibrated Color Image Database\Textures\Textures\pippin_park0059.tif,0.42844223976135254,0.4244444966316223,-0.003997743129730225,0.003997743129730225,0.0,0.0,4.0946852325771905,265,
C:\Users\Hamada.MSI\Desktop\Hamada\lab\data\raw\images\McGill Calibrated Color Image Database\Textures\Textures\merry_mexico0219.tif,C:\Users\Hamada.MSI\Desktop\Hamada\lab\data\raw\images\McGill Calibrated Color Image Database\Textures\Textures\pippin_RVHtexture022.tif,0.18919149041175842,0.18519431352615356,-0.003997176885604858,0.003997176885604858,0.0,0.0,4.0946852325771905,265,
C:\Users\Hamada.MSI\Desktop\Hamada\lab\data\raw\images\McGill Calibrated Color Image Database\Textures\Textures\merry_mtl07_034.tif,C:\Users\Hamada.MSI\Desktop\Hamada\lab\data\raw\images\McGill Calibrated Color Image Database\Textures\Textures\pippin_Peel096.tif,0.27253708243370056,0.2765336334705353,0.003996551036834717,0.003996551036834717,0.0,1.1444091796875e-05,4.0946852325771905,265,
C:\Users\Hamada.MSI\Desktop\Hamada\lab\data\raw\images\McGill Calibrated Color Image Database\Textures\Textures\merry_mtl07_034.tif,C:\Users\Hamada.MSI\Desktop\Hamada\lab\data\raw\images\McGill Calibrated Color Image Database\Textures\Textures\merry_mtl07_033.tif,0.21853390336036682,0.21453823149204254,-0.00399567186832428,0.00399567186832428,0.0,1.1444091796875e-05,4.0946852325771905,265,
C:\Users\Hamada.MSI\Desktop\Hamada\lab\data\raw\images\McGill Calibrated Color Image Database\Textures\Textures\merry_mtl07_008.tif,C:\Users\Hamada.MSI\Desktop\Hamada\lab\data\raw\images\McGill Calibrated Color Image Database\Textures\Textures\pippin_RVHtexture017.tif,0.40900683403015137,0.4050236642360687,-0.003983169794082642,0.003983169794082642,0.0,0.0,4.0946852325771905,265,
C:\Users\Hamada.MSI\Desktop\Hamada\lab\data\raw\images\McGill Calibrated Color Image Database\Textures\Textures\merry_mexico0154.tif,C:\Users\Hamada.MSI\Desktop\Hamada\lab\data\raw\images\McGill Calibrated Color Image Database\Textures\Textures\pippin_Mex07_011.tif,0.37756383419036865,0.3735838532447815,-0.003979980945587158,0.003979980945587158,7.62939453125e-06,0.0,4.0946852325771905,265,
C:\Users\Hamada.MSI\Desktop\Hamada\lab\data\raw\images\McGill Calibrated Color Image Database\Textures\Textures\merry_mexico0219.tif,C:\Users\Hamada.MSI\Desktop\Hamada\lab\data\raw\images\McGill Calibrated Color Image Database\Textures\Textures\pippin0223.tif,0.1655714064836502,0.1615927815437317,-0.003978624939918518,0.003978624939918518,0.0,0.0,4.0946852325771905,265,
C:\Users\Hamada.MSI\Desktop\Hamada\lab\data\raw\images\McGill Calibrated Color Image Database\Textures\Textures\merry_mexico0121.tif,C:\Users\Hamada.MSI\Desktop\Hamada\lab\data\raw\images\McGill Calibrated Color Image Database\Textures\Textures\pippin0225.tif,0.37519803643226624,0.3712213635444641,-0.003976672887802124,0.003976672887802124,0.0,0.0,4.0946852325771905,265,
C:\Users\Hamada.MSI\Desktop\Hamada\lab\data\raw\images\McGill Calibrated Color Image Database\Textures\Textures\merry_mexico0118.tif,C:\Users\Hamada.MSI\Desktop\Hamada\lab\data\raw\images\McGill Calibrated Color Image Database\Textures\Textures\pippin_RS_YachtClub055.tif,0.3962878882884979,0.39231210947036743,-0.003975778818130493,0.003975778818130493,0.0,0.0,4.0946852325771905,265,
C:\Users\Hamada.MSI\Desktop\Hamada\lab\data\raw\images\McGill Calibrated Color Image Database\Textures\Textures\merry_mexico0118.tif,C:\Users\Hamada.MSI\Desktop\Hamada\lab\data\raw\images\McGill Calibrated Color Image Database\Textures\Textures\pippin_Peel097.tif,0.43363156914711,0.42966410517692566,-0.003967463970184326,0.003967463970184326,4.57763671875e-05,0.000156402587890625,4.0946852325771905,265,
C:\Users\Hamada.MSI\Desktop\Hamada\lab\data\raw\images\McGill Calibrated Color Image Database\Textures\Textures\merry_mtl07_025.tif,C:\Users\Hamada.MSI\Desktop\Hamada\lab\data\raw\images\McGill Calibrated Color Image Database\Textures\Textures\pippin_RS_YachtClub023.tif,0.49684473872184753,0.5008062124252319,0.003961473703384399,0.003961473703384399,0.0,0.0,4.0946852325771905,265,
C:\Users\Hamada.MSI\Desktop\Hamada\lab\data\raw\images\McGill Calibrated Color Image Database\Textures\Textures\pippin_UniStrt024.tif,C:\Users\Hamada.MSI\Desktop\Hamada\lab\data\raw\images\McGill Calibrated Color Image Database\Textures\Textures\pippin_park0059.tif,0.5615171790122986,0.5575609803199768,-0.003956198692321777,0.003956198692321777,0.0,0.0,4.0946852325771905,265,
C:\Users\Hamada.MSI\Desktop\Hamada\lab\data\raw\images\McGill Calibrated Color Image Database\Textures\Textures\pippin_adirondacks0025.tif,C:\Users\Hamada.MSI\Desktop\Hamada\lab\data\raw\images\McGill Calibrated Color Image Database\Textures\Textures\merry_flor0019.tif,0.4123268127441406,0.4083735942840576,-0.003953218460083008,0.003953218460083008,0.0,0.0,4.0946852325771905,265,
C:\Users\Hamada.MSI\Desktop\Hamada\lab\data\raw\images\McGill Calibrated Color Image Database\Textures\Textures\pippin_adirondacks0025.tif,C:\Users\Hamada.MSI\Desktop\Hamada\lab\data\raw\images\McGill Calibrated Color Image Database\Textures\Textures\pippin_park0049.tif,0.36408424377441406,0.36013197898864746,-0.0039522647857666016,0.0039522647857666016,0.0,1.1444091796875e-05,4.0946852325771905,265,
C:\Users\Hamada.MSI\Desktop\Hamada\lab\data\raw\images\McGill Calibrated Color Image Database\Textures\Textures\merry_mexico0118.tif,C:\Users\Hamada.MSI\Desktop\Hamada\lab\data\raw\images\McGill Calibrated Color Image Database\Textures\Textures\merry_mtl07_034.tif,0.4663838744163513,0.46243220567703247,-0.003951668739318848,0.003951668739318848,0.0,0.0,4.0946852325771905,265,
C:\Users\Hamada.MSI\Desktop\Hamada\lab\data\raw\images\McGill Calibrated Color Image Database\Textures\Textures\pippin_Mex07_011.tif,C:\Users\Hamada.MSI\Desktop\Hamada\lab\data\raw\images\McGill Calibrated Color Image Database\Textures\Textures\pippin_RVHtexture022.tif,0.4306749105453491,0.4267285466194153,-0.003946363925933838,0.003946363925933838,0.0,3.814697265625e-06,4.0946852325771905,265,
C:\Users\Hamada.MSI\Desktop\Hamada\lab\data\raw\images\McGill Calibrated Color Image Database\Textures\Textures\merry_mtl07_008.tif,C:\Users\Hamada.MSI\Desktop\Hamada\lab\data\raw\images\McGill Calibrated Color Image Database\Textures\Textures\pippin_jtalon0016.tif,0.44416332244873047,0.44810327887535095,0.003939956426620483,0.003939956426620483,0.0,0.0,4.0946852325771905,265,
C:\Users\Hamada.MSI\Desktop\Hamada\lab\data\raw\images\McGill Calibrated Color Image Database\Textures\Textures\pippin_Mex07_011.tif,C:\Users\Hamada.MSI\Desktop\Hamada\lab\data\raw\images\McGill Calibrated Color Image Database\Textures\Textures\pippin_RVHtexture006.tif,0.34415197372436523,0.34808745980262756,0.003935486078262329,0.003935486078262329,0.0,3.814697265625e-06,4.0946852325771905,265,
C:\Users\Hamada.MSI\Desktop\Hamada\lab\data\raw\images\McGill Calibrated Color Image Database\Textures\Textures\pippin_park0035.tif,C:\Users\Hamada.MSI\Desktop\Hamada\lab\data\raw\images\McGill Calibrated Color Image Database\Textures\Textures\pippin_ParcSafari005.tif,0.49013781547546387,0.4940640330314636,0.003926217555999756,0.003926217555999756,0.0,0.0,4.0946852325771905,265,
C:\Users\Hamada.MSI\Desktop\Hamada\lab\data\raw\images\McGill Calibrated Color Image Database\Textures\Textures\merry_mtl07_008.tif,C:\Users\Hamada.MSI\Desktop\Hamada\lab\data\raw\images\McGill Calibrated Color Image Database\Textures\Textures\pippin0226.tif,0.4067537486553192,0.4028276205062866,-0.003926128149032593,0.003926128149032593,0.0,0.0,4.0946852325771905,265,
C:\Users\Hamada.MSI\Desktop\Hamada\lab\data\raw\images\McGill Calibrated Color Image Database\Textures\Textures\merry_mexico0118.tif,C:\Users\Hamada.MSI\Desktop\Hamada\lab\data\raw\images\McGill Calibrated Color Image Database\Textures\Textures\merry_win07_009.tif,0.48640817403793335,0.49033123254776,0.00392305850982666,0.00392305850982666,0.0,0.0,4.0946852325771905,265,
C:\Users\Hamada.MSI\Desktop\Hamada\lab\data\raw\images\McGill Calibrated Color Image Database\Textures\Textures\pippin_Mex07_011.tif,C:\Users\Hamada.MSI\Desktop\Hamada\lab\data\raw\images\McGill Calibrated Color Image Database\Textures\Textures\merry_mexico0123.tif,0.42375075817108154,0.4198322892189026,-0.003918468952178955,0.003918468952178955,0.0,3.814697265625e-06,4.0946852325771905,265,
C:\Users\Hamada.MSI\Desktop\Hamada\lab\data\raw\images\McGill Calibrated Color Image Database\Textures\Textures\pippin_Mex07_011.tif,C:\Users\Hamada.MSI\Desktop\Hamada\lab\data\raw\images\McGill Calibrated Color Image Database\Textures\Textures\pippin_Mex07_011.tif,0.43349137902259827,0.4295822083950043,-0.003909170627593994,0.003909170627593994,0.000164031982421875,6.4849853515625e-05,4.0946852325771905,265,
C:\Users\Hamada.MSI\Desktop\Hamada\lab\data\raw\images\McGill Calibrated Color Image Database\Textures\Textures\pippin_RVHtexture023.tif,C:\Users\Hamada.MSI\Desktop\Hamada\lab\data\raw\images\McGill Calibrated Color Image Database\Textures\Textures\pippin_jtalon0016.tif,0.3701438903808594,0.37404489517211914,0.0039010047912597656,0.0039010047912597656,0.0,0.0,4.0946852325771905,265,
C:\Users\Hamada.MSI\Desktop\Hamada\lab\data\raw\images\McGill Calibrated Color Image Database\Textures\Textures\pippin_adirondacks0025.tif,C:\Users\Hamada.MSI\Desktop\Hamada\lab\data\raw\images\McGill Calibrated Color Image Database\Textures\Textures\merry_mtl07_034.tif,0.4612864851951599,0.4574143886566162,-0.003872096538543701,0.003872096538543701,0.0,0.0,4.0946852325771905,265,
C:\Users\Hamada.MSI\Desktop\Hamada\lab\data\raw\images\McGill Calibrated Color Image Database\Textures\Textures\merry_mtl07_025.tif,C:\Users\Hamada.MSI\Desktop\Hamada\lab\data\raw\images\McGill Calibrated Color Image Database\Textures\Textures\pippin_Peel071.tif,0.4153142273426056,0.41144365072250366,-0.0038705766201019287,0.0038705766201019287,0.0,0.0,4.0946852325771905,265,
C:\Users\Hamada.MSI\Desktop\Hamada\lab\data\raw\images\McGill Calibrated Color Image Database\Textures\Textures\merry_mtl07_008.tif,C:\Users\Hamada.MSI\Desktop\Hamada\lab\data\raw\images\McGill Calibrated Color Image Database\Textures\Textures\pippin_Mex07_011.tif,0.4265103340148926,0.42264148592948914,-0.0038688480854034424,0.0038688480854034424,2.288818359375e-05,4.57763671875e-05,4.0946852325771905,265,
C:\Users\Hamada.MSI\Desktop\Hamada\lab\data\raw\images\McGill Calibrated Color Image Database\Textures\Textures\merry_mtl07_034.tif,C:\Users\Hamada.MSI\Desktop\Hamada\lab\data\raw\images\McGill Calibrated Color Image Database\Textures\Textures\pippin_ParcSafari005.tif,0.33632326126098633,0.33245691657066345,-0.003866344690322876,0.003866344690322876,0.0,1.1444091796875e-05,4.0946852325771905,265,
C:\Users\Hamada.MSI\Desktop\Hamada\lab\data\raw\images\McGill Calibrated Color Image Database\Textures\Textures\merry_mtl07_034.tif,C:\Users\Hamada.MSI\Desktop\Hamada\lab\data\raw\images\McGill Calibrated Color Image Database\Textures\Textures\pippin_RS_YachtClub047.tif,0.3086506128311157,0.3047938942909241,-0.0038567185401916504,0.0038567185401916504,0.0,1.1444091796875e-05,4.0946852325771905,265,
C:\Users\Hamada.MSI\Desktop\Hamada\lab\data\raw\images\McGill Calibrated Color Image Database\Textures\Textures\merry_mexico0219.tif,C:\Users\Hamada.MSI\Desktop\Hamada\lab\data\raw\images\McGill Calibrated Color Image Database\Textures\Textures\pippin_UniStrt005.tif,0.11928492784500122,0.12314014136791229,0.0038552135229110718,0.0038552135229110718,0.0,0.0,4.0946852325771905,265,
C:\Users\Hamada.MSI\Desktop\Hamada\lab\data\raw\images\McGill Calibrated Color Image Database\Textures\Textures\merry_mexico0219.tif,C:\Users\Hamada.MSI\Desktop\Hamada\lab\data\raw\images\McGill Calibrated Color Image Database\Textures\Textures\merry_mexico0118.tif,0.13721321523189545,0.13336041569709778,-0.0038527995347976685,0.0038527995347976685,0.0,0.0,4.0946852325771905,265,
C:\Users\Hamada.MSI\Desktop\Hamada\lab\data\raw\images\McGill Calibrated Color Image Database\Textures\Textures\merry_mtl07_005.tif,C:\Users\Hamada.MSI\Desktop\Hamada\lab\data\raw\images\McGill Calibrated Color Image Database\Textures\Textures\pippin_park0059.tif,0.30428317189216614,0.3004413843154907,-0.003841787576675415,0.003841787576675415,0.0,1.52587890625e-05,4.0946852325771905,265,
C:\Users\Hamada.MSI\Desktop\Hamada\lab\data\raw\images\McGill Calibrated Color Image Database\Textures\Textures\merry_mexico0219.tif,C:\Users\Hamada.MSI\Desktop\Hamada\lab\data\raw\images\McGill Calibrated Color Image Database\Textures\Textures\pippin_park0050.tif,0.16065555810928345,0.15681716799736023,-0.0038383901119232178,0.0038383901119232178,0.0,0.0,4.0946852325771905,265,
C:\Users\Hamada.MSI\Desktop\Hamada\lab\data\raw\images\McGill Calibrated Color Image Database\Textures\Textures\pippin_UniStrt024.tif,C:\Users\Hamada.MSI\Desktop\Hamada\lab\data\raw\images\McGill Calibrated Color Image Database\Textures\Textures\pippin_park0010.tif,0.5397816896438599,0.5359433889389038,-0.0038383007049560547,0.0038383007049560547,0.0,0.0,4.0946852325771905,265,
C:\Users\Hamada.MSI\Desktop\Hamada\lab\data\raw\images\McGill Calibrated Color Image Database\Textures\Textures\merry_mtl07_005.tif,C:\Users\Hamada.MSI\Desktop\Hamada\lab\data\raw\images\McGill Calibrated Color Image Database\Textures\Textures\pippin_jtalon0015.tif,0.3772067725658417,0.3733765482902527,-0.0038302242755889893,0.0038302242755889893,0.0,1.52587890625e-05,4.0946852325771905,265,
C:\Users\Hamada.MSI\Desktop\Hamada\lab\data\raw\images\McGill Calibrated Color Image Database\Textures\Textures\pippin_RVHtexture023.tif,C:\Users\Hamada.MSI\Desktop\Hamada\lab\data\raw\images\McGill Calibrated Color Image Database\Textures\Textures\pippin_RS_YachtClub023.tif,0.3144792318344116,0.318293035030365,0.003813803195953369,0.003813803195953369,0.0,0.0,4.0946852325771905,265,
C:\Users\Hamada.MSI\Desktop\Hamada\lab\data\raw\images\McGill Calibrated Color Image Database\Textures\Textures\merry_mexico0154.tif,C:\Users\Hamada.MSI\Desktop\Hamada\lab\data\raw\images\McGill Calibrated Color Image Database\Textures\Textures\pippin_Peel043.tif,0.3912353813648224,0.3874228000640869,-0.0038125813007354736,0.0038125813007354736,0.0,0.0,4.0946852325771905,265,
C:\Users\Hamada.MSI\Desktop\Hamada\lab\data\raw\images\McGill Calibrated Color Image Database\Textures\Textures\merry_mexico0118.tif,C:\Users\Hamada.MSI\Desktop\Hamada\lab\data\raw\images\McGill Calibrated Color Image Database\Textures\Textures\merry_mtl07_021.tif,0.4248960614204407,0.42109328508377075,-0.003802776336669922,0.003802776336669922,0.0,0.0,4.0946852325771905,265,
C:\Users\Hamada.MSI\Desktop\Hamada\lab\data\raw\images\McGill Calibrated Color Image Database\Textures\Textures\merry_mexico0121.tif,C:\Users\Hamada.MSI\Desktop\Hamada\lab\data\raw\images\McGill Calibrated Color Image Database\Textures\Textures\pippin_RS_YachtClub007.tif,0.40099695324897766,0.39720600843429565,-0.003790944814682007,0.003790944814682007,0.0,0.0,4.0946852325771905,265,
C:\Users\Hamada.MSI\Desktop\Hamada\lab\data\raw\images\McGill Calibrated Color Image Database\Textures\Textures\merry_mtl07_008.tif,C:\Users\Hamada.MSI\Desktop\Hamada\lab\data\raw\images\McGill Calibrated Color Image Database\Textures\Textures\pippin_Peel069.tif,0.4396400451660156,0.4358513653278351,-0.003788679838180542,0.003788679838180542,0.0,0.0,4.0946852325771905,265,
C:\Users\Hamada.MSI\Desktop\Hamada\lab\data\raw\images\McGill Calibrated Color Image Database\Textures\Textures\merry_mtl07_025.tif,C:\Users\Hamada.MSI\Desktop\Hamada\lab\data\raw\images\McGill Calibrated Color Image Database\Textures\Textures\pippin_Peel037.tif,0.4122174382209778,0.408433198928833,-0.0037842392921447754,0.0037842392921447754,0.0,3.814697265625e-06,4.0946852325771905,265,
C:\Users\Hamada.MSI\Desktop\Hamada\lab\data\raw\images\McGill Calibrated Color Image Database\Textures\Textures\pippin_UniStrt024.tif,C:\Users\Hamada.MSI\Desktop\Hamada\lab\data\raw\images\McGill Calibrated Color Image Database\Textures\Textures\pippin_RS_YachtClub030.tif,0.5612256526947021,0.5650028586387634,0.0037772059440612793,0.0037772059440612793,0.0,0.0,4.0946852325771905,265,
C:\Users\Hamada.MSI\Desktop\Hamada\lab\data\raw\images\McGill Calibrated Color Image Database\Textures\Textures\pippin_Mex07_011.tif,C:\Users\Hamada.MSI\Desktop\Hamada\lab\data\raw\images\McGill Calibrated Color Image Database\Textures\Textures\pippin_RVHtexture005.tif,0.30917680263519287,0.31294184923171997,0.0037650465965270996,0.0037650465965270996,0.0,3.814697265625e-06,4.0946852325771905,265,
C:\Users\Hamada.MSI\Desktop\Hamada\lab\data\raw\images\McGill Calibrated Color Image Database\Textures\Textures\merry_mtl07_034.tif,C:\Users\Hamada.MSI\Desktop\Hamada\lab\data\raw\images\McGill Calibrated Color Image Database\Textures\Textures\pippin_UniStrt024.tif,0.2810339331626892,0.2772746980190277,-0.003759235143661499,0.003759235143661499,0.0,1.1444091796875e-05,4.0946852325771905,265,
C:\Users\Hamada.MSI\Desktop\Hamada\lab\data\raw\images\McGill Calibrated Color Image Database\Textures\Textures\merry_mtl07_008.tif,C:\Users\Hamada.MSI\Desktop\Hamada\lab\data\raw\images\McGill Calibrated Color Image Database\Textures\Textures\merry_mtl07_041.tif,0.436552494764328,0.43279364705085754,-0.003758847713470459,0.003758847713470459,0.0,0.0,4.0946852325771905,265,
C:\Users\Hamada.MSI\Desktop\Hamada\lab\data\raw\images\McGill Calibrated Color Image Database\Textures\Textures\merry_mtl07_005.tif,C:\Users\Hamada.MSI\Desktop\Hamada\lab\data\raw\images\McGill Calibrated Color Image Database\Textures\Textures\merry_mtl07_041.tif,0.284648060798645,0.28090041875839233,-0.0037476420402526855,0.0037476420402526855,0.0,1.52587890625e-05,4.0946852325771905,265,
C:\Users\Hamada.MSI\Desktop\Hamada\lab\data\raw\images\McGill Calibrated Color Image Database\Textures\Textures\merry_mtl07_005.tif,C:\Users\Hamada.MSI\Desktop\Hamada\lab\data\raw\images\McGill Calibrated Color Image Database\Textures\Textures\pippin_park0058.tif,0.21810650825500488,0.21436463296413422,-0.0037418752908706665,0.0037418752908706665,0.0,1.52587890625e-05,4.0946852325771905,265,
C:\Users\Hamada.MSI\Desktop\Hamada\lab\data\raw\images\McGill Calibrated Color Image Database\Textures\Textures\merry_mexico0154.tif,C:\Users\Hamada.MSI\Desktop\Hamada\lab\data\raw\images\McGill Calibrated Color Image Database\Textures\Textures\merry_flor0019.tif,0.3584147095680237,0.3546811044216156,-0.003733605146408081,0.003733605146408081,0.0,0.0,4.0946852325771905,265,
C:\Users\Hamada.MSI\Desktop\Hamada\lab\data\raw\images\McGill Calibrated Color Image Database\Textures\Textures\merry_mtl07_008.tif,C:\Users\Hamada.MSI\Desktop\Hamada\lab\data\raw\images\McGill Calibrated Color Image Database\Textures\Textures\pippin_Peel095.tif,0.4214494824409485,0.4177202582359314,-0.00372922420501709,0.00372922420501709,0.0,0.0,4.0946852325771905,265,
C:\Users\Hamada.MSI\Desktop\Hamada\lab\data\raw\images\McGill Calibrated Color Image Database\Textures\Textures\merry_mexico0121.tif,C:\Users\Hamada.MSI\Desktop\Hamada\lab\data\raw\images\McGill Calibrated Color Image Database\Textures\Textures\pippin_RVHtexture021.tif,0.3212524950504303,0.31754186749458313,-0.003710627555847168,0.003710627555847168,0.0,0.0,4.0946852325771905,265,
C:\Users\Hamada.MSI\Desktop\Hamada\lab\data\raw\images\McGill Calibrated Color Image Database\Textures\Textures\merry_mexico0118.tif,C:\Users\Hamada.MSI\Desktop\Hamada\lab\data\raw\images\McGill Calibrated Color Image Database\Textures\Textures\pippin_UniStrt005.tif,0.40870165824890137,0.41241151094436646,0.003709852695465088,0.003709852695465088,0.0,0.0,4.0946852325771905,265,
C:\Users\Hamada.MSI\Desktop\Hamada\lab\data\raw\images\McGill Calibrated Color Image Database\Textures\Textures\merry_mexico0118.tif,C:\Users\Hamada.MSI\Desktop\Hamada\lab\data\raw\images\McGill Calibrated Color Image Database\Textures\Textures\pippin_RVHtexture005.tif,0.3198201358318329,0.31611180305480957,-0.0037083327770233154,0.0037083327770233154,0.0,0.0,4.0946852325771905,265,
C:\Users\Hamada.MSI\Desktop\Hamada\lab\data\raw\images\McGill Calibrated Color Image Database\Textures\Textures\pippin_UniStrt024.tif,C:\Users\Hamada.MSI\Desktop\Hamada\lab\data\raw\images\McGill Calibrated Color Image Database\Textures\Textures\merry_mexico0123.tif,0.5523840188980103,0.5486776828765869,-0.00370633602142334,0.00370633602142334,0.0,0.0,4.0946852325771905,265,
C:\Users\Hamada.MSI\Desktop\Hamada\lab\data\raw\images\McGill Calibrated Color Image Database\Textures\Textures\pippin_park0035.tif,C:\Users\Hamada.MSI\Desktop\Hamada\lab\data\raw\images\McGill Calibrated Color Image Database\Textures\Textures\pippin_park0042.tif,0.4722440242767334,0.4685400128364563,-0.0037040114402770996,0.0037040114402770996,0.0,0.0,4.0946852325771905,265,
C:\Users\Hamada.MSI\Desktop\Hamada\lab\data\raw\images\McGill Calibrated Color Image Database\Textures\Textures\pippin_Mex07_011.tif,C:\Users\Hamada.MSI\Desktop\Hamada\lab\data\raw\images\McGill Calibrated Color Image Database\Textures\Textures\pippin_park0052.tif,0.37269872426986694,0.3690003752708435,-0.0036983489990234375,0.0036983489990234375,0.0,3.814697265625e-06,4.0946852325771905,265,
C:\Users\Hamada.MSI\Desktop\Hamada\lab\data\raw\images\McGill Calibrated Color Image Database\Textures\Textures\pippin_adirondacks0025.tif,C:\Users\Hamada.MSI\Desktop\Hamada\lab\data\raw\images\McGill Calibrated Color Image Database\Textures\Textures\pippin_RVHtexture025.tif,0.29543131589889526,0.2991259694099426,0.0036946535110473633,0.0036946535110473633,0.00052642822265625,0.00028228759765625,4.0946852325771905,265,
C:\Users\Hamada.MSI\Desktop\Hamada\lab\data\raw\images\McGill Calibrated Color Image Database\Textures\Textures\merry_mtl07_034.tif,C:\Users\Hamada.MSI\Desktop\Hamada\lab\data\raw\images\McGill Calibrated Color Image Database\Textures\Textures\merry_win07_009.tif,0.377983421087265,0.3742896616458893,-0.0036937594413757324,0.0036937594413757324,0.0,1.1444091796875e-05,4.0946852325771905,265,
C:\Users\Hamada.MSI\Desktop\Hamada\lab\data\raw\images\McGill Calibrated Color Image Database\Textures\Textures\pippin_adirondacks0025.tif,C:\Users\Hamada.MSI\Desktop\Hamada\lab\data\raw\images\McGill Calibrated Color Image Database\Textures\Textures\pippin_RVHtexture017.tif,0.4267122745513916,0.4230266213417053,-0.0036856532096862793,0.0036856532096862793,0.0,1.52587890625e-05,4.0946852325771905,265,
C:\Users\Hamada.MSI\Desktop\Hamada\lab\data\raw\images\McGill Calibrated Color Image Database\Textures\Textures\merry_mexico0219.tif,C:\Users\Hamada.MSI\Desktop\Hamada\lab\data\raw\images\McGill Calibrated Color Image Database\Textures\Textures\pippin_RVHtexture010.tif,0.13805130124092102,0.14171341061592102,0.003662109375,0.003662109375,0.0,0.0,4.0946852325771905,265,
C:\Users\Hamada.MSI\Desktop\Hamada\lab\data\raw\images\McGill Calibrated Color Image Database\Textures\Textures\pippin_park0035.tif,C:\Users\Hamada.MSI\Desktop\Hamada\lab\data\raw\images\McGill Calibrated Color Image Database\Textures\Textures\merry_mtl07_022.tif,0.45319849252700806,0.44953641295433044,-0.0036620795726776123,0.0036620795726776123,0.0,0.0,4.0946852325771905,265,
C:\Users\Hamada.MSI\Desktop\Hamada\lab\data\raw\images\McGill Calibrated Color Image Database\Textures\Textures\pippin_RVHtexture023.tif,C:\Users\Hamada.MSI\Desktop\Hamada\lab\data\raw\images\McGill Calibrated Color Image Database\Textures\Textures\pippin_RVHtexture005.tif,0.25019216537475586,0.25384998321533203,0.003657817840576172,0.003657817840576172,0.0,0.0,4.0946852325771905,265,
C:\Users\Hamada.MSI\Desktop\Hamada\lab\data\raw\images\McGill Calibrated Color Image Database\Textures\Textures\pippin_adirondacks0025.tif,C:\Users\Hamada.MSI\Desktop\Hamada\lab\data\raw\images\McGill Calibrated Color Image Database\Textures\Textures\pippin_RVHtexture009.tif,0.4238382577896118,0.42018190026283264,-0.003656357526779175,0.003656357526779175,0.0,0.0,4.0946852325771905,265,
C:\Users\Hamada.MSI\Desktop\Hamada\lab\data\raw\images\McGill Calibrated Color Image Database\Textures\Textures\merry_mtl07_034.tif,C:\Users\Hamada.MSI\Desktop\Hamada\lab\data\raw\images\McGill Calibrated Color Image Database\Textures\Textures\pippin_jtalon0015.tif,0.35513976216316223,0.35149091482162476,-0.0036488473415374756,0.0036488473415374756,0.0,1.1444091796875e-05,4.0946852325771905,265,
C:\Users\Hamada.MSI\Desktop\Hamada\lab\data\raw\images\McGill Calibrated Color Image Database\Textures\Textures\merry_mexico0219.tif,C:\Users\Hamada.MSI\Desktop\Hamada\lab\data\raw\images\McGill Calibrated Color Image Database\Textures\Textures\pippin_park0055.tif,0.18451693654060364,0.1808786690235138,-0.0036382675170898438,0.0036382675170898438,0.0,0.0,4.0946852325771905,265,
C:\Users\Hamada.MSI\Desktop\Hamada\lab\data\raw\images\McGill Calibrated Color Image Database\Textures\Textures\pippin_UniStrt024.tif,C:\Users\Hamada.MSI\Desktop\Hamada\lab\data\raw\images\McGill Calibrated Color Image Database\Textures\Textures\pippin_park0052.tif,0.5278640985488892,0.5242305994033813,-0.0036334991455078125,0.0036334991455078125,0.0,3.814697265625e-06,4.0946852325771905,265,
C:\Users\Hamada.MSI\Desktop\Hamada\lab\data\raw\images\McGill Calibrated Color Image Database\Textures\Textures\merry_mexico0154.tif,C:\Users\Hamada.MSI\Desktop\Hamada\lab\data\raw\images\McGill Calibrated Color Image Database\Textures\Textures\pippin_Peel065.tif,0.3340124487876892,0.3376445472240448,0.003632098436355591,0.003632098436355591,0.0,0.0,4.0946852325771905,265,
C:\Users\Hamada.MSI\Desktop\Hamada\lab\data\raw\images\McGill Calibrated Color Image Database\Textures\Textures\merry_mexico0219.tif,C:\Users\Hamada.MSI\Desktop\Hamada\lab\data\raw\images\McGill Calibrated Color Image Database\Textures\Textures\pippin_park0047.tif,0.1603488326072693,0.15671834349632263,-0.0036304891109466553,0.0036304891109466553,0.0,0.0,4.0946852325771905,265,
C:\Users\Hamada.MSI\Desktop\Hamada\lab\data\raw\images\McGill Calibrated Color Image Database\Textures\Textures\merry_mtl07_034.tif,C:\Users\Hamada.MSI\Desktop\Hamada\lab\data\raw\images\McGill Calibrated Color Image Database\Textures\Textures\pippin_adirondacks0025.tif,0.2274380475282669,0.2310638427734375,0.0036257952451705933,0.0036257952451705933,0.0,1.1444091796875e-05,4.0946852325771905,265,
C:\Users\Hamada.MSI\Desktop\Hamada\lab\data\raw\images\McGill Calibrated Color Image Database\Textures\Textures\merry_mtl07_025.tif,C:\Users\Hamada.MSI\Desktop\Hamada\lab\data\raw\images\McGill Calibrated Color Image Database\Textures\Textures\pippin_RVHtexture018.tif,0.4686753749847412,0.4650510549545288,-0.0036243200302124023,0.0036243200302124023,0.0,0.0,4.0946852325771905,265,
C:\Users\Hamada.MSI\Desktop\Hamada\lab\data\raw\images\McGill Calibrated Color Image Database\Textures\Textures\merry_mtl07_008.tif,C:\Users\Hamada.MSI\Desktop\Hamada\lab\data\raw\images\McGill Calibrated Color Image Database\Textures\Textures\pippin_UniStrt013.tif,0.4333723783493042,0.4297482967376709,-0.0036240816116333008,0.0036240816116333008,0.0,0.0,4.0946852325771905,265,
C:\Users\Hamada.MSI\Desktop\Hamada\lab\data\raw\images\McGill Calibrated Color Image Database\Textures\Textures\merry_mtl07_005.tif,C:\Users\Hamada.MSI\Desktop\Hamada\lab\data\raw\images\McGill Calibrated Color Image Database\Textures\Textures\pippin_park0043.tif,0.2693740725517273,0.2657538056373596,-0.0036202669143676758,0.0036202669143676758,0.0,1.52587890625e-05,4.0946852325771905,265,
C:\Users\Hamada.MSI\Desktop\Hamada\lab\data\raw\images\McGill Calibrated Color Image Database\Textures\Textures\pippin_Mex07_011.tif,C:\Users\Hamada.MSI\Desktop\Hamada\lab\data\raw\images\McGill Calibrated Color Image Database\Textures\Textures\pippin_UniStrt020.tif,0.4114173352718353,0.40779900550842285,-0.0036183297634124756,0.0036183297634124756,0.0,3.814697265625e-06,4.0946852325771905,265,
C:\Users\Hamada.MSI\Desktop\Hamada\lab\data\raw\images\McGill Calibrated Color Image Database\Textures\Textures\merry_mtl07_034.tif,C:\Users\Hamada.MSI\Desktop\Hamada\lab\data\raw\images\McGill Calibrated Color Image Database\Textures\Textures\pippin_RVHtexture010.tif,0.2743103802204132,0.2706952393054962,-0.003615140914916992,0.003615140914916992,0.0,1.1444091796875e-05,4.0946852325771905,265,
C:\Users\Hamada.MSI\Desktop\Hamada\lab\data\raw\images\McGill Calibrated Color Image Database\Textures\Textures\merry_mtl07_008.tif,C:\Users\Hamada.MSI\Desktop\Hamada\lab\data\raw\images\McGill Calibrated Color Image Database\Textures\Textures\pippin0178.tif,0.45924893021583557,0.45564156770706177,-0.0036073625087738037,0.0036073625087738037,0.0,0.0,4.0946852325771905,265,
C:\Users\Hamada.MSI\Desktop\Hamada\lab\data\raw\images\McGill Calibrated Color Image Database\Textures\Textures\merry_mtl07_025.tif,C:\Users\Hamada.MSI\Desktop\Hamada\lab\data\raw\images\McGill Calibrated Color Image Database\Textures\Textures\merry_mexico0123.tif,0.5139635801315308,0.5103643536567688,-0.003599226474761963,0.003599226474761963,0.0,0.0,4.0946852325771905,265,
C:\Users\Hamada.MSI\Desktop\Hamada\lab\data\raw\images\McGill Calibrated Color Image Database\Textures\Textures\pippin_UniStrt024.tif,C:\Users\Hamada.MSI\Desktop\Hamada\lab\data\raw\images\McGill Calibrated Color Image Database\Textures\Textures\pippin_Peel065.tif,0.5090996026992798,0.5126979947090149,0.0035983920097351074,0.0035983920097351074,1.1444091796875e-05,2.6702880859375e-05,4.0946852325771905,265,
C:\Users\Hamada.MSI\Desktop\Hamada\lab\data\raw\images\McGill Calibrated Color Image Database\Textures\Textures\merry_mexico0219.tif,C:\Users\Hamada.MSI\Desktop\Hamada\lab\data\raw\images\McGill Calibrated Color Image Database\Textures\Textures\pippin_park0048.tif,0.11629951000213623,0.11271511763334274,-0.0035843923687934875,0.0035843923687934875,0.0,0.0,4.0946852325771905,265,
C:\Users\Hamada.MSI\Desktop\Hamada\lab\data\raw\images\McGill Calibrated Color Image Database\Textures\Textures\merry_mtl07_005.tif,C:\Users\Hamada.MSI\Desktop\Hamada\lab\data\raw\images\McGill Calibrated Color Image Database\Textures\Textures\merry_mtl07_005.tif,0.4277551770210266,0.42417851090431213,-0.0035766661167144775,0.0035766661167144775,3.0517578125e-05,3.0517578125e-05,4.0946852325771905,265,
C:\Users\Hamada.MSI\Desktop\Hamada\lab\data\raw\images\McGill Calibrated Color Image Database\Textures\Textures\merry_mexico0219.tif,C:\Users\Hamada.MSI\Desktop\Hamada\lab\data\raw\images\McGill Calibrated Color Image Database\Textures\Textures\pippin_ParcSafari050.tif,0.16028593480587006,0.1567099690437317,-0.0035759657621383667,0.0035759657621383667,0.0,0.0,4.0946852325771905,265,
C:\Users\Hamada.MSI\Desktop\Hamada\lab\data\raw\images\McGill Calibrated Color Image Database\Textures\Textures\pippin_RVHtexture023.tif,C:\Users\Hamada.MSI\Desktop\Hamada\lab\data\raw\images\McGill Calibrated Color Image Database\Textures\Textures\pippin_Peel096.tif,0.3129633069038391,0.316527783870697,0.00356447696685791,0.00356447696685791,0.0,0.0,4.0946852325771905,265,
C:\Users\Hamada.MSI\Desktop\Hamada\lab\data\raw\images\McGill Calibrated Color Image Database\Textures\Textures\pippin_RVHtexture023.tif,C:\Users\Hamada.MSI\Desktop\Hamada\lab\data\raw\images\McGill Calibrated Color Image Database\Textures\Textures\pippin_Biodome044.tif,0.3194350302219391,0.31587547063827515,-0.0035595595836639404,0.0035595595836639404,0.0,0.0,4.0946852325771905,265,
C:\Users\Hamada.MSI\Desktop\Hamada\lab\data\raw\images\McGill Calibrated Color Image Database\Textures\Textures\merry_mexico0154.tif,C:\Users\Hamada.MSI\Desktop\Hamada\lab\data\raw\images\McGill Calibrated Color Image Database\Textures\Textures\pippin_park0043.tif,0.3741942048072815,0.370640367269516,-0.003553837537765503,0.003553837537765503,0.0,0.0,4.0946852325771905,265,
C:\Users\Hamada.MSI\Desktop\Hamada\lab\data\raw\images\McGill Calibrated Color Image Database\Textures\Textures\pippin_UniStrt024.tif,C:\Users\Hamada.MSI\Desktop\Hamada\lab\data\raw\images\McGill Calibrated Color Image Database\Textures\Textures\pippin_park0043.tif,0.5500695705413818,0.5465196967124939,-0.0035498738288879395,0.0035498738288879395,0.0,0.0,4.0946852325771905,265,
C:\Users\Hamada.MSI\Desktop\Hamada\lab\data\raw\images\McGill Calibrated Color Image Database\Textures\Textures\pippin_UniStrt024.tif,C:\Users\Hamada.MSI\Desktop\Hamada\lab\data\raw\images\McGill Calibrated Color Image Database\Textures\Textures\merry_mtl07_019.tif,0.5610376596450806,0.5574918985366821,-0.0035457611083984375,0.0035457611083984375,0.0,0.0,4.0946852325771905,265,
C:\Users\Hamada.MSI\Desktop\Hamada\lab\data\raw\images\McGill Calibrated Color Image Database\Textures\Textures\merry_mexico0118.tif,C:\Users\Hamada.MSI\Desktop\Hamada\lab\data\raw\images\McGill Calibrated Color Image Database\Textures\Textures\pippin_Peel071.tif,0.3181743621826172,0.31462934613227844,-0.003545016050338745,0.003545016050338745,0.0,0.0,4.0946852325771905,265,
C:\Users\Hamada.MSI\Desktop\Hamada\lab\data\raw\images\McGill Calibrated Color Image Database\Textures\Textures\pippin_UniStrt024.tif,C:\Users\Hamada.MSI\Desktop\Hamada\lab\data\raw\images\McGill Calibrated Color Image Database\Textures\Textures\pippin_ParcSafari050.tif,0.5251872539520264,0.5216432809829712,-0.0035439729690551758,0.0035439729690551758,3.814697265625e-05,0.00025177001953125,4.0946852325771905,265,
C:\Users\Hamada.MSI\Desktop\Hamada\lab\data\raw\images\McGill Calibrated Color Image Database\Textures\Textures\pippin_RVHtexture023.tif,C:\Users\Hamada.MSI\Desktop\Hamada\lab\data\raw\images\McGill Calibrated Color Image Database\Textures\Textures\merry_mtl07_022.tif,0.36644914746284485,0.36291569471359253,-0.0035334527492523193,0.0035334527492523193,0.0,0.0,4.0946852325771905,265,
C:\Users\Hamada.MSI\Desktop\Hamada\lab\data\raw\images\McGill Calibrated Color Image Database\Textures\Textures\merry_mexico0219.tif,C:\Users\Hamada.MSI\Desktop\Hamada\lab\data\raw\images\McGill Calibrated Color Image Database\Textures\Textures\pippin_Peel109.tif,0.15851959586143494,0.1549912989139557,-0.003528296947479248,0.003528296947479248,0.0,0.0,4.0946852325771905,265,
C:\Users\Hamada.MSI\Desktop\Hamada\lab\data\raw\images\McGill Calibrated Color Image Database\Textures\Textures\pippin_RVHtexture023.tif,C:\Users\Hamada.MSI\Desktop\Hamada\lab\data\raw\images\McGill Calibrated Color Image Database\Textures\Textures\pippin_RVHtexture001.tif,0.2686672806739807,0.27219414710998535,0.0035268664360046387,0.0035268664360046387,0.0,0.0,4.0946852325771905,265,
C:\Users\Hamada.MSI\Desktop\Hamada\lab\data\raw\images\McGill Calibrated Color Image Database\Textures\Textures\pippin_adirondacks0025.tif,C:\Users\Hamada.MSI\Desktop\Hamada\lab\data\raw\images\McGill Calibrated Color Image Database\Textures\Textures\pippin_UniStrt024.tif,0.4140143394470215,0.41049623489379883,-0.0035181045532226562,0.0035181045532226562,0.000476837158203125,0.0,4.0946852325771905,265,
C:\Users\Hamada.MSI\Desktop\Hamada\lab\data\raw\images\McGill Calibrated Color Image Database\Textures\Textures\pippin_UniStrt024.tif,C:\Users\Hamada.MSI\Desktop\Hamada\lab\data\raw\images\McGill Calibrated Color Image Database\Textures\Textures\pippin_Peel095.tif,0.5527725219726562,0.549267053604126,-0.0035054683685302734,0.0035054683685302734,0.0,0.0,4.0946852325771905,265,
C:\Users\Hamada.MSI\Desktop\Hamada\lab\data\raw\images\McGill Calibrated Color Image Database\Textures\Textures\pippin_adirondacks0025.tif,C:\Users\Hamada.MSI\Desktop\Hamada\lab\data\raw\images\McGill Calibrated Color Image Database\Textures\Textures\pippin0224.tif,0.4099794626235962,0.4064939022064209,-0.003485560417175293,0.003485560417175293,0.0,0.0,4.0946852325771905,265,
C:\Users\Hamada.MSI\Desktop\Hamada\lab\data\raw\images\McGill Calibrated Color Image Database\Textures\Textures\merry_mtl07_034.tif,C:\Users\Hamada.MSI\Desktop\Hamada\lab\data\raw\images\McGill Calibrated Color Image Database\Textures\Textures\pippin_RVHtexture014.tif,0.22995762526988983,0.22648635506629944,-0.003471270203590393,0.003471270203590393,0.0,1.1444091796875e-05,4.0946852325771905,265,
C:\Users\Hamada.MSI\Desktop\Hamada\lab\data\raw\images\McGill Calibrated Color Image Database\Textures\Textures\merry_mtl07_005.tif,C:\Users\Hamada.MSI\Desktop\Hamada\lab\data\raw\images\McGill Calibrated Color Image Database\Textures\Textures\pippin_RVHtexture025.tif,0.16108977794647217,0.16454455256462097,0.0034547746181488037,0.0034547746181488037,0.0,1.52587890625e-05,4.0946852325771905,265,
C:\Users\Hamada.MSI\Desktop\Hamada\lab\data\raw\images\McGill Calibrated Color Image Database\Textures\Textures\pippin_park0035.tif,C:\Users\Hamada.MSI\Desktop\Hamada\lab\data\raw\images\McGill Calibrated Color Image Database\Textures\Textures\pippin_RVHtexture014.tif,0.31749576330184937,0.3140448331832886,-0.003450930118560791,0.003450930118560791,0.0,0.0,4.0946852325771905,265,
C:\Users\Hamada.MSI\Desktop\Hamada\lab\data\raw\images\McGill Calibrated Color Image Database\Textures\Textures\pippin_UniStrt024.tif,C:\Users\Hamada.MSI\Desktop\Hamada\lab\data\raw\images\McGill Calibrated Color Image Database\Textures\Textures\pippin_RVHtexture020.tif,0.5195091962814331,0.5229539275169373,0.0034447312355041504,0.0034447312355041504,1.9073486328125e-05,1.1444091796875e-05,4.0946852325771905,265,
C:\Users\Hamada.MSI\Desktop\Hamada\lab\data\raw\images\McGill Calibrated Color Image Database\Textures\Textures\pippin_RVHtexture023.tif,C:\Users\Hamada.MSI\Desktop\Hamada\lab\data\raw\images\McGill Calibrated Color Image Database\Textures\Textures\pippin_RVHtexture026.tif,0.3245713710784912,0.32114851474761963,-0.003422856330871582,0.003422856330871582,0.0,0.0,4.0946852325771905,265,
C:\Users\Hamada.MSI\Desktop\Hamada\lab\data\raw\images\McGill Calibrated Color Image Database\Textures\Textures\pippin_Mex07_011.tif,C:\Users\Hamada.MSI\Desktop\Hamada\lab\data\raw\images\McGill Calibrated Color Image Database\Textures\Textures\merry_win07_009.tif,0.48723798990249634,0.49063098430633545,0.0033929944038391113,0.0033929944038391113,0.0,3.814697265625e-06,4.0946852325771905,265,
C:\Users\Hamada.MSI\Desktop\Hamada\lab\data\raw\images\McGill Calibrated Color Image Database\Textures\Textures\pippin_RVHtexture023.tif,C:\Users\Hamada.MSI\Desktop\Hamada\lab\data\raw\images\McGill Calibrated Color Image Database\Textures\Textures\merry_mtl07_019.tif,0.3702545166015625,0.3668971657752991,-0.0033573508262634277,0.0033573508262634277,0.0,0.0,4.0946852325771905,265,
C:\Users\Hamada.MSI\Desktop\Hamada\lab\data\raw\images\McGill Calibrated Color Image Database\Textures\Textures\pippin_RVHtexture023.tif,C:\Users\Hamada.MSI\Desktop\Hamada\lab\data\raw\images\McGill Calibrated Color Image Database\Textures\Textures\pippin_park0052.tif,0.29702383279800415,0.2936699390411377,-0.003353893756866455,0.003353893756866455,0.0,0.0,4.0946852325771905,265,
C:\Users\Hamada.MSI\Desktop\Hamada\lab\data\raw\images\McGill Calibrated Color Image Database\Textures\Textures\pippin_Mex07_011.tif,C:\Users\Hamada.MSI\Desktop\Hamada\lab\data\raw\images\McGill Calibrated Color Image Database\Textures\Textures\pippin_Peel065.tif,0.3707631230354309,0.3741011619567871,0.003338038921356201,0.003338038921356201,0.0,3.814697265625e-06,4.0946852325771905,265,
C:\Users\Hamada.MSI\Desktop\Hamada\lab\data\raw\images\McGill Calibrated Color Image Database\Textures\Textures\merry_mtl07_025.tif,C:\Users\Hamada.MSI\Desktop\Hamada\lab\data\raw\images\McGill Calibrated Color Image Database\Textures\Textures\merry_mtl07_023.tif,0.4004046618938446,0.4037224054336548,0.0033177435398101807,0.0033177435398101807,7.62939453125e-06,1.1444091796875e-05,4.0946852325771905,265,
C:\Users\Hamada.MSI\Desktop\Hamada\lab\data\raw\images\McGill Calibrated Color Image Database\Textures\Textures\pippin_park0035.tif,C:\Users\Hamada.MSI\Desktop\Hamada\lab\data\raw\images\McGill Calibrated Color Image Database\Textures\Textures\pippin_UniStrt028.tif,0.4134557545185089,0.4167712330818176,0.003315478563308716,0.003315478563308716,0.0,0.0,4.0946852325771905,265,
C:\Users\Hamada.MSI\Desktop\Hamada\lab\data\raw\images\McGill Calibrated Color Image Database\Textures\Textures\merry_mtl07_008.tif,C:\Users\Hamada.MSI\Desktop\Hamada\lab\data\raw\images\McGill Calibrated Color Image Database\Textures\Textures\pippin_RVHtexture006.tif,0.3568183183670044,0.36013364791870117,0.0033153295516967773,0.0033153295516967773,0.0,0.0,4.0946852325771905,265,
C:\Users\Hamada.MSI\Desktop\Hamada\lab\data\raw\images\McGill Calibrated Color Image Database\Textures\Textures\pippin_park0035.tif,C:\Users\Hamada.MSI\Desktop\Hamada\lab\data\raw\images\McGill Calibrated Color Image Database\Textures\Textures\pippin0226.tif,0.4290790557861328,0.4257737994194031,-0.0033052563667297363,0.0033052563667297363,0.0,0.0,4.0946852325771905,265,
C:\Users\Hamada.MSI\Desktop\Hamada\lab\data\raw\images\McGill Calibrated Color Image Database\Textures\Textures\pippin_UniStrt024.tif,C:\Users\Hamada.MSI\Desktop\Hamada\lab\data\raw\images\McGill Calibrated Color Image Database\Textures\Textures\pippin_UniStrt028.tif,0.540092945098877,0.5433969497680664,0.003304004669189453,0.003304004669189453,0.0,1.52587890625e-05,4.0946852325771905,265,
C:\Users\Hamada.MSI\Desktop\Hamada\lab\data\raw\images\McGill Calibrated Color Image Database\Textures\Textures\merry_mtl07_005.tif,C:\Users\Hamada.MSI\Desktop\Hamada\lab\data\raw\images\McGill Calibrated Color Image Database\Textures\Textures\merry_mtl07_023.tif,0.21348294615745544,0.2167815864086151,0.003298640251159668,0.003298640251159668,0.000782012939453125,0.000732421875,4.0946852325771905,265,
C:\Users\Hamada.MSI\Desktop\Hamada\lab\data\raw\images\McGill Calibrated Color Image Database\Textures\Textures\merry_mexico0219.tif,C:\Users\Hamada.MSI\Desktop\Hamada\lab\data\raw\images\McGill Calibrated Color Image Database\Textures\Textures\pippin0178.tif,0.21418288350105286,0.21089954674243927,-0.0032833367586135864,0.0032833367586135864,0.0,0.0,4.0946852325771905,265,
C:\Users\Hamada.MSI\Desktop\Hamada\lab\data\raw\images\McGill Calibrated Color Image Database\Textures\Textures\pippin_adirondacks0025.tif,C:\Users\Hamada.MSI\Desktop\Hamada\lab\data\raw\images\McGill Calibrated Color Image Database\Textures\Textures\pippin_RS_YachtClub030.tif,0.4485607445240021,0.44528359174728394,-0.0032771527767181396,0.0032771527767181396,0.0,0.0,4.0946852325771905,265,
C:\Users\Hamada.MSI\Desktop\Hamada\lab\data\raw\images\McGill Calibrated Color Image Database\Textures\Textures\merry_mexico0219.tif,C:\Users\Hamada.MSI\Desktop\Hamada\lab\data\raw\images\McGill Calibrated Color Image Database\Textures\Textures\pippin_RS_YachtClub016.tif,0.141408771276474,0.1381325125694275,-0.003276258707046509,0.003276258707046509,0.0,0.0,4.0946852325771905,265,
C:\Users\Hamada.MSI\Desktop\Hamada\lab\data\raw\images\McGill Calibrated Color Image Database\Textures\Textures\merry_mtl07_034.tif,C:\Users\Hamada.MSI\Desktop\Hamada\lab\data\raw\images\McGill Calibrated Color Image Database\Textures\Textures\pippin_park0059.tif,0.31321099400520325,0.30994564294815063,-0.0032653510570526123,0.0032653510570526123,0.0,1.1444091796875e-05,4.0946852325771905,265,
C:\Users\Hamada.MSI\Desktop\Hamada\lab\data\raw\images\McGill Calibrated Color Image Database\Textures\Textures\pippin_Mex07_011.tif,C:\Users\Hamada.MSI\Desktop\Hamada\lab\data\raw\images\McGill Calibrated Color Image Database\Textures\Textures\merry_mtl07_021.tif,0.41897547245025635,0.4157138466835022,-0.0032616257667541504,0.0032616257667541504,0.0,3.814697265625e-06,4.0946852325771905,265,
C:\Users\Hamada.MSI\Desktop\Hamada\lab\data\raw\images\McGill Calibrated Color Image Database\Textures\Textures\merry_mtl07_025.tif,C:\Users\Hamada.MSI\Desktop\Hamada\lab\data\raw\images\McGill Calibrated Color Image Database\Textures\Textures\pippin_RS_YachtClub030.tif,0.5279188752174377,0.5246613621711731,-0.0032575130462646484,0.0032575130462646484,0.0,0.0,4.0946852325771905,265,
C:\Users\Hamada.MSI\Desktop\Hamada\lab\data\raw\images\McGill Calibrated Color Image Database\Textures\Textures\pippin_adirondacks0025.tif,C:\Users\Hamada.MSI\Desktop\Hamada\lab\data\raw\images\McGill Calibrated Color Image Database\Textures\Textures\pippin_RS_YachtClub016.tif,0.3984508514404297,0.39520156383514404,-0.0032492876052856445,0.0032492876052856445,0.0,0.0,4.0946852325771905,265,
C:\Users\Hamada.MSI\Desktop\Hamada\lab\data\raw\images\McGill Calibrated Color Image Database\Textures\Textures\merry_mtl07_005.tif,C:\Users\Hamada.MSI\Desktop\Hamada\lab\data\raw\images\McGill Calibrated Color Image Database\Textures\Textures\merry_mtl07_019.tif,0.31462475657463074,0.3113805055618286,-0.003244251012802124,0.003244251012802124,0.0,1.52587890625e-05,4.0946852325771905,265,
C:\Users\Hamada.MSI\Desktop\Hamada\lab\data\raw\images\McGill Calibrated Color Image Database\Textures\Textures\merry_mexico0219.tif,C:\Users\Hamada.MSI\Desktop\Hamada\lab\data\raw\images\McGill Calibrated Color Image Database\Textures\Textures\merry_mexico0219.tif,0.1860850304365158,0.18931953608989716,0.0032345056533813477,0.0032345056533813477,0.0,0.0,4.0946852325771905,265,
C:\Users\Hamada.MSI\Desktop\Hamada\lab\data\raw\images\McGill Calibrated Color Image Database\Textures\Textures\merry_mtl07_025.tif,C:\Users\Hamada.MSI\Desktop\Hamada\lab\data\raw\images\McGill Calibrated Color Image Database\Textures\Textures\merry_mexico0219.tif,0.6025831699371338,0.6058096885681152,0.0032265186309814453,0.0032265186309814453,0.0,0.0,4.0946852325771905,265,
C:\Users\Hamada.MSI\Desktop\Hamada\lab\data\raw\images\McGill Calibrated Color Image Database\Textures\Textures\pippin_RVHtexture023.tif,C:\Users\Hamada.MSI\Desktop\Hamada\lab\data\raw\images\McGill Calibrated Color Image Database\Textures\Textures\merry_mtl07_021.tif,0.3527960181236267,0.3495885133743286,-0.0032075047492980957,0.0032075047492980957,0.0,0.0,4.0946852325771905,265,
C:\Users\Hamada.MSI\Desktop\Hamada\lab\data\raw\images\McGill Calibrated Color Image Database\Textures\Textures\merry_mexico0121.tif,C:\Users\Hamada.MSI\Desktop\Hamada\lab\data\raw\images\McGill Calibrated Color Image Database\Textures\Textures\pippin_Peel095.tif,0.37916645407676697,0.37596040964126587,-0.0032060444355010986,0.0032060444355010986,0.0,0.0,4.0946852325771905,265,
C:\Users\Hamada.MSI\Desktop\Hamada\lab\data\raw\images\McGill Calibrated Color Image Database\Textures\Textures\pippin_UniStrt024.tif,C:\Users\Hamada.MSI\Desktop\Hamada\lab\data\raw\images\McGill Calibrated Color Image Database\Textures\Textures\pippin_Peel018.tif,0.557560384273529,0.5543743371963501,-0.003186047077178955,0.003186047077178955,0.0,0.0,4.0946852325771905,265,
C:\Users\Hamada.MSI\Desktop\Hamada\lab\data\raw\images\McGill Calibrated Color Image Database\Textures\Textures\pippin_UniStrt024.tif,C:\Users\Hamada.MSI\Desktop\Hamada\lab\data\raw\images\McGill Calibrated Color Image Database\Textures\Textures\merry_mtl07_022.tif,0.5759700536727905,0.5727853775024414,-0.003184676170349121,0.003184676170349121,0.0,0.0,4.0946852325771905,265,
C:\Users\Hamada.MSI\Desktop\Hamada\lab\data\raw\images\McGill Calibrated Color Image Database\Textures\Textures\merry_mexico0118.tif,C:\Users\Hamada.MSI\Desktop\Hamada\lab\data\raw\images\McGill Calibrated Color Image Database\Textures\Textures\pippin_park0059.tif,0.4178512692451477,0.4146727919578552,-0.0031784772872924805,0.0031784772872924805,0.0,0.0,4.0946852325771905,265,
C:\Users\Hamada.MSI\Desktop\Hamada\lab\data\raw\images\McGill Calibrated Color Image Database\Textures\Textures\pippin_park0035.tif,C:\Users\Hamada.MSI\Desktop\Hamada\lab\data\raw\images\McGill Calibrated Color Image Database\Textures\Textures\pippin_Peel018.tif,0.47300177812576294,0.46982789039611816,-0.0031738877296447754,0.0031738877296447754,0.0,0.0,4.0946852325771905,265,
C:\Users\Hamada.MSI\Desktop\Hamada\lab\data\raw\images\McGill Calibrated Color Image Database\Textures\Textures\merry_mexico0118.tif,C:\Users\Hamada.MSI\Desktop\Hamada\lab\data\raw\images\McGill Calibrated Color Image Database\Textures\Textures\pippin_Biodome044.tif,0.39570948481559753,0.3925442695617676,-0.003165215253829956,0.003165215253829956,0.0,0.0,4.0946852325771905,265,
C:\Users\Hamada.MSI\Desktop\Hamada\lab\data\raw\images\McGill Calibrated Color Image Database\Textures\Textures\pippin_RVHtexture023.tif,C:\Users\Hamada.MSI\Desktop\Hamada\lab\data\raw\images\McGill Calibrated Color Image Database\Textures\Textures\pippin_RVHtexture014.tif,0.25614646077156067,0.2529922127723694,-0.003154247999191284,0.003154247999191284,0.0,0.0,4.0946852325771905,265,
C:\Users\Hamada.MSI\Desktop\Hamada\lab\data\raw\images\McGill Calibrated Color Image Database\Textures\Textures\merry_mexico0121.tif,C:\Users\Hamada.MSI\Desktop\Hamada\lab\data\raw\images\McGill Calibrated Color Image Database\Textures\Textures\pippin_park0035.tif,0.359341025352478,0.35619765520095825,-0.0031433701515197754,0.0031433701515197754,0.0,0.0,4.0946852325771905,265,
C:\Users\Hamada.MSI\Desktop\Hamada\lab\data\raw\images\McGill Calibrated Color Image Database\Textures\Textures\merry_mtl07_025.tif,C:\Users\Hamada.MSI\Desktop\Hamada\lab\data\raw\images\McGill Calibrated Color Image Database\Textures\Textures\pippin_RVHtexture024.tif,0.4101824164390564,0.40704545378685,-0.003136962652206421,0.003136962652206421,1.52587890625e-05,4.1961669921875e-05,4.0946852325771905,265,
C:\Users\Hamada.MSI\Desktop\Hamada\lab\data\raw\images\McGill Calibrated Color Image Database\Textures\Textures\merry_mtl07_008.tif,C:\Users\Hamada.MSI\Desktop\Hamada\lab\data\raw\images\McGill Calibrated Color Image Database\Textures\Textures\merry_mexico0123.tif,0.42274314165115356,0.4196107089519501,-0.003132432699203491,0.003132432699203491,0.0,0.0,4.0946852325771905,265,
C:\Users\Hamada.MSI\Desktop\Hamada\lab\data\raw\images\McGill Calibrated Color Image Database\Textures\Textures\pippin_park0035.tif,C:\Users\Hamada.MSI\Desktop\Hamada\lab\data\raw\images\McGill Calibrated Color Image Database\Textures\Textures\merry_win07_009.tif,0.5000789165496826,0.5032046437263489,0.0031257271766662598,0.0031257271766662598,0.0,0.0,4.0946852325771905,265,
C:\Users\Hamada.MSI\Desktop\Hamada\lab\data\raw\images\McGill Calibrated Color Image Database\Textures\Textures\merry_mtl07_008.tif,C:\Users\Hamada.MSI\Desktop\Hamada\lab\data\raw\images\McGill Calibrated Color Image Database\Textures\Textures\pippin_RVHtexture014.tif,0.32529494166374207,0.32217544317245483,-0.0031194984912872314,0.0031194984912872314,0.0,0.0,4.0946852325771905,265,
C:\Users\Hamada.MSI\Desktop\Hamada\lab\data\raw\images\McGill Calibrated Color Image Database\Textures\Textures\merry_mexico0219.tif,C:\Users\Hamada.MSI\Desktop\Hamada\lab\data\raw\images\McGill Calibrated Color Image Database\Textures\Textures\pippin_RS_YachtClub047.tif,0.17366665601730347,0.1705503761768341,-0.0031162798404693604,0.0031162798404693604,0.0,0.0,4.0946852325771905,265,
C:\Users\Hamada.MSI\Desktop\Hamada\lab\data\raw\images\McGill Calibrated Color Image Database\Textures\Textures\merry_mtl07_008.tif,C:\Users\Hamada.MSI\Desktop\Hamada\lab\data\raw\images\McGill Calibrated Color Image Database\Textures\Textures\pippin_park0035.tif,0.40545108914375305,0.40233832597732544,-0.0031127631664276123,0.0031127631664276123,0.0,0.0,4.0946852325771905,265,
C:\Users\Hamada.MSI\Desktop\Hamada\lab\data\raw\images\McGill Calibrated Color Image Database\Textures\Textures\merry_mexico0154.tif,C:\Users\Hamada.MSI\Desktop\Hamada\lab\data\raw\images\McGill Calibrated Color Image Database\Textures\Textures\pippin_UniStrt022.tif,0.43894070386886597,0.4358288049697876,-0.003111898899078369,0.003111898899078369,0.0,0.0,4.0946852325771905,265,
C:\Users\Hamada.MSI\Desktop\Hamada\lab\data\raw\images\McGill Calibrated Color Image Database\Textures\Textures\pippin_RVHtexture023.tif,C:\Users\Hamada.MSI\Desktop\Hamada\lab\data\raw\images\McGill Calibrated Color Image Database\Textures\Textures\pippin_Peel018.tif,0.3832864463329315,0.38017696142196655,-0.003109484910964966,0.003109484910964966,0.0,0.0,4.0946852325771905,265,
C:\Users\Hamada.MSI\Desktop\Hamada\lab\data\raw\images\McGill Calibrated Color Image Database\Textures\Textures\merry_mexico0121.tif,C:\Users\Hamada.MSI\Desktop\Hamada\lab\data\raw\images\McGill Calibrated Color Image Database\Textures\Textures\pippin_ParcSafari050.tif,0.36071085929870605,0.35761475563049316,-0.0030961036682128906,0.0030961036682128906,0.0,0.0,4.0946852325771905,265,
C:\Users\Hamada.MSI\Desktop\Hamada\lab\data\raw\images\McGill Calibrated Color Image Database\Textures\Textures\pippin_UniStrt024.tif,C:\Users\Hamada.MSI\Desktop\Hamada\lab\data\raw\images\McGill Calibrated Color Image Database\Textures\Textures\pippin_park0058.tif,0.5158945322036743,0.5127992630004883,-0.003095269203186035,0.003095269203186035,0.0,0.0,4.0946852325771905,265,
C:\Users\Hamada.MSI\Desktop\Hamada\lab\data\raw\images\McGill Calibrated Color Image Database\Textures\Textures\merry_mexico0219.tif,C:\Users\Hamada.MSI\Desktop\Hamada\lab\data\raw\images\McGill Calibrated Color Image Database\Textures\Textures\pippin_RVHtexture014.tif,0.13029029965400696,0.12719543278217316,-0.0030948668718338013,0.0030948668718338013,0.0,0.0,4.0946852325771905,265,
C:\Users\Hamada.MSI\Desktop\Hamada\lab\data\raw\images\McGill Calibrated Color Image Database\Textures\Textures\merry_mexico0219.tif,C:\Users\Hamada.MSI\Desktop\Hamada\lab\data\raw\images\McGill Calibrated Color Image Database\Textures\Textures\merry_mtl07_003.tif,0.21729281544685364,0.21420274674892426,-0.0030900686979293823,0.0030900686979293823,0.0,0.0,4.0946852325771905,265,
C:\Users\Hamada.MSI\Desktop\Hamada\lab\data\raw\images\McGill Calibrated Color Image Database\Textures\Textures\pippin_UniStrt024.tif,C:\Users\Hamada.MSI\Desktop\Hamada\lab\data\raw\images\McGill Calibrated Color Image Database\Textures\Textures\pippin_RVHtexture009.tif,0.5418776273727417,0.5387905836105347,-0.0030870437622070312,0.0030870437622070312,0.0,0.0,4.0946852325771905,265,
C:\Users\Hamada.MSI\Desktop\Hamada\lab\data\raw\images\McGill Calibrated Color Image Database\Textures\Textures\merry_mexico0154.tif,C:\Users\Hamada.MSI\Desktop\Hamada\lab\data\raw\images\McGill Calibrated Color Image Database\Textures\Textures\merry_mtl07_019.tif,0.381777822971344,0.3786908984184265,-0.0030869245529174805,0.0030869245529174805,0.0,0.0,4.0946852325771905,265,
C:\Users\Hamada.MSI\Desktop\Hamada\lab\data\raw\images\McGill Calibrated Color Image Database\Textures\Textures\merry_mtl07_005.tif,C:\Users\Hamada.MSI\Desktop\Hamada\lab\data\raw\images\McGill Calibrated Color Image Database\Textures\Textures\pippin_park0035.tif,0.24466723203659058,0.24158161878585815,-0.003085613250732422,0.003085613250732422,0.0,1.52587890625e-05,4.0946852325771905,265,
C:\Users\Hamada.MSI\Desktop\Hamada\lab\data\raw\images\McGill Calibrated Color Image Database\Textures\Textures\merry_mexico0219.tif,C:\Users\Hamada.MSI\Desktop\Hamada\lab\data\raw\images\McGill Calibrated Color Image Database\Textures\Textures\pippin_RVHtexture003.tif,0.143983393907547,0.14090260863304138,-0.0030807852745056152,0.0030807852745056152,0.0,0.0,4.0946852325771905,265,
C:\Users\Hamada.MSI\Desktop\Hamada\lab\data\raw\images\McGill Calibrated Color Image Database\Textures\Textures\merry_mexico0154.tif,C:\Users\Hamada.MSI\Desktop\Hamada\lab\data\raw\images\McGill Calibrated Color Image Database\Textures\Textures\merry_mexico0123.tif,0.37628328800201416,0.3732060194015503,-0.003077268600463867,0.003077268600463867,0.0,0.0,4.0946852325771905,265,
C:\Users\Hamada.MSI\Desktop\Hamada\lab\data\raw\images\McGill Calibrated Color Image Database\Textures\Textures\merry_mtl07_034.tif,C:\Users\Hamada.MSI\Desktop\Hamada\lab\data\raw\images\McGill Calibrated Color Image Database\Textures\Textures\pippin_RVHtexture019.tif,0.2237083613872528,0.22065691649913788,-0.003051444888114929,0.003051444888114929,0.0,1.1444091796875e-05,4.0946852325771905,265,
C:\Users\Hamada.MSI\Desktop\Hamada\lab\data\raw\images\McGill Calibrated Color Image Database\Textures\Textures\merry_mexico0154.tif,C:\Users\Hamada.MSI\Desktop\Hamada\lab\data\raw\images\McGill Calibrated Color Image Database\Textures\Textures\pippin_RVHtexture021.tif,0.32277601957321167,0.3197246789932251,-0.0030513405799865723,0.0030513405799865723,0.0,0.0,4.0946852325771905,265,
C:\Users\Hamada.MSI\Desktop\Hamada\lab\data\raw\images\McGill Calibrated Color Image Database\Textures\Textures\pippin_adirondacks0025.tif,C:\Users\Hamada.MSI\Desktop\Hamada\lab\data\raw\images\McGill Calibrated Color Image Database\Textures\Textures\pippin_Mex07_011.tif,0.4287645220756531,0.4318157732486725,0.003051251173019409,0.003051251173019409,1.52587890625e-05,0.0,4.0946852325771905,265,
C:\Users\Hamada.MSI\Desktop\Hamada\lab\data\raw\images\McGill Calibrated Color Image Database\Textures\Textures\merry_mexico0121.tif,C:\Users\Hamada.MSI\Desktop\Hamada\lab\data\raw\images\McGill Calibrated Color Image Database\Textures\Textures\merry_mtl07_019.tif,0.3943115770816803,0.39127859473228455,-0.003032982349395752,0.003032982349395752,0.0,0.0,4.0946852325771905,265,
C:\Users\Hamada.MSI\Desktop\Hamada\lab\data\raw\images\McGill Calibrated Color Image Database\Textures\Textures\merry_mtl07_025.tif,C:\Users\Hamada.MSI\Desktop\Hamada\lab\data\raw\images\McGill Calibrated Color Image Database\Textures\Textures\pippin_RVHtexture019.tif,0.3986910581588745,0.3956610858440399,-0.0030299723148345947,0.0030299723148345947,2.6702880859375e-05,3.814697265625e-05,4.0946852325771905,265,
C:\Users\Hamada.MSI\Desktop\Hamada\lab\data\raw\images\McGill Calibrated Color Image Database\Textures\Textures\pippin_Mex07_011.tif,C:\Users\Hamada.MSI\Desktop\Hamada\lab\data\raw\images\McGill Calibrated Color Image Database\Textures\Textures\pippin_park0042.tif,0.46450862288475037,0.4614887833595276,-0.0030198395252227783,0.0030198395252227783,0.0,3.814697265625e-06,4.0946852325771905,265,
C:\Users\Hamada.MSI\Desktop\Hamada\lab\data\raw\images\McGill Calibrated Color Image Database\Textures\Textures\merry_mexico0219.tif,C:\Users\Hamada.MSI\Desktop\Hamada\lab\data\raw\images\McGill Calibrated Color Image Database\Textures\Textures\pippin_Peel013.tif,0.12597209215164185,0.12898901104927063,0.003016918897628784,0.003016918897628784,0.0,0.0,4.0946852325771905,265,
C:\Users\Hamada.MSI\Desktop\Hamada\lab\data\raw\images\McGill Calibrated Color Image Database\Textures\Textures\pippin_adirondacks0025.tif,C:\Users\Hamada.MSI\Desktop\Hamada\lab\data\raw\images\McGill Calibrated Color Image Database\Textures\Textures\pippin_RS_YachtClub007.tif,0.4454527795314789,0.4424459934234619,-0.0030067861080169678,0.0030067861080169678,0.0,0.0,4.0946852325771905,265,
C:\Users\Hamada.MSI\Desktop\Hamada\lab\data\raw\images\McGill Calibrated Color Image Database\Textures\Textures\pippin_park0035.tif,C:\Users\Hamada.MSI\Desktop\Hamada\lab\data\raw\images\McGill Calibrated Color Image Database\Textures\Textures\pippin_RVHtexture006.tif,0.35368430614471436,0.35668522119522095,0.003000915050506592,0.003000915050506592,0.0,0.0,4.0946852325771905,265,
C:\Users\Hamada.MSI\Desktop\Hamada\lab\data\raw\images\McGill Calibrated Color Image Database\Textures\Textures\merry_mtl07_034.tif,C:\Users\Hamada.MSI\Desktop\Hamada\lab\data\raw\images\McGill Calibrated Color Image Database\Textures\Textures\pippin_RVHtexture017.tif,0.30309849977493286,0.3001139163970947,-0.0029845833778381348,0.0029845833778381348,0.0,1.1444091796875e-05,4.0946852325771905,265,
C:\Users\Hamada.MSI\Desktop\Hamada\lab\data\raw\images\McGill Calibrated Color Image Database\Textures\Textures\pippin_UniStrt024.tif,C:\Users\Hamada.MSI\Desktop\Hamada\lab\data\raw\images\McGill Calibrated Color Image Database\Textures\Textures\pippin_UniStrt005.tif,0.5422083735466003,0.5451785326004028,0.0029701590538024902,0.0029701590538024902,0.0,0.0,4.0946852325771905,265,
C:\Users\Hamada.MSI\Desktop\Hamada\lab\data\raw\images\McGill Calibrated Color Image Database\Textures\Textures\pippin_adirondacks0025.tif,C:\Users\Hamada.MSI\Desktop\Hamada\lab\data\raw\images\McGill Calibrated Color Image Database\Textures\Textures\pippin_park0050.tif,0.452372670173645,0.44940632581710815,-0.0029663443565368652,0.0029663443565368652,3.814697265625e-05,0.0,4.0946852325771905,265,
C:\Users\Hamada.MSI\Desktop\Hamada\lab\data\raw\images\McGill Calibrated Color Image Database\Textures\Textures\merry_mtl07_034.tif,C:\Users\Hamada.MSI\Desktop\Hamada\lab\data\raw\images\McGill Calibrated Color Image Database\Textures\Textures\pippin_RVHtexture024.tif,0.23179788887500763,0.22883577644824982,-0.0029621124267578125,0.0029621124267578125,0.0,1.1444091796875e-05,4.0946852325771905,265,
C:\Users\Hamada.MSI\Desktop\Hamada\lab\data\raw\images\McGill Calibrated Color Image Database\Textures\Textures\merry_mexico0154.tif,C:\Users\Hamada.MSI\Desktop\Hamada\lab\data\raw\images\McGill Calibrated Color Image Database\Textures\Textures\pippin_RS_YachtClub023.tif,0.3633202612400055,0.3662784993648529,0.002958238124847412,0.002958238124847412,0.0,0.0,4.0946852325771905,265,
C:\Users\Hamada.MSI\Desktop\Hamada\lab\data\raw\images\McGill Calibrated Color Image Database\Textures\Textures\merry_mtl07_034.tif,C:\Users\Hamada.MSI\Desktop\Hamada\lab\data\raw\images\McGill Calibrated Color Image Database\Textures\Textures\pippin_UniStrt005.tif,0.28578421473503113,0.2887357175350189,0.002951502799987793,0.002951502799987793,0.0,1.1444091796875e-05,4.0946852325771905,265,
C:\Users\Hamada.MSI\Desktop\Hamada\lab\data\raw\images\McGill Calibrated Color Image Database\Textures\Textures\pippin_adirondacks0025.tif,C:\Users\Hamada.MSI\Desktop\Hamada\lab\data\raw\images\McGill Calibrated Color Image Database\Textures\Textures\pippin_Peel065.tif,0.3788655996322632,0.38181620836257935,0.002950608730316162,0.002950608730316162,7.62939453125e-06,0.0,4.0946852325771905,265,
C:\Users\Hamada.MSI\Desktop\Hamada\lab\data\raw\images\McGill Calibrated Color Image Database\Textures\Textures\merry_mexico0219.tif,C:\Users\Hamada.MSI\Desktop\Hamada\lab\data\raw\images\McGill Calibrated Color Image Database\Textures\Textures\pippin_Peel069.tif,0.16255232691764832,0.15961292386054993,-0.0029394030570983887,0.0029394030570983887,0.0,0.0,4.0946852325771905,265,
C:\Users\Hamada.MSI\Desktop\Hamada\lab\data\raw\images\McGill Calibrated Color Image Database\Textures\Textures\merry_mtl07_025.tif,C:\Users\Hamada.MSI\Desktop\Hamada\lab\data\raw\images\McGill Calibrated Color Image Database\Textures\Textures\pippin_park0048.tif,0.39872926473617554,0.39580029249191284,-0.0029289722442626953,0.0029289722442626953,7.62939453125e-06,0.0,4.0946852325771905,265,
C:\Users\Hamada.MSI\Desktop\Hamada\lab\data\raw\images\McGill Calibrated Color Image Database\Textures\Textures\merry_mtl07_005.tif,C:\Users\Hamada.MSI\Desktop\Hamada\lab\data\raw\images\McGill Calibrated Color Image Database\Textures\Textures\pippin_Peel096.tif,0.24467667937278748,0.2476043403148651,0.0029276609420776367,0.0029276609420776367,0.0,1.52587890625e-05,4.0946852325771905,265,
C:\Users\Hamada.MSI\Desktop\Hamada\lab\data\raw\images\McGill Calibrated Color Image Database\Textures\Textures\merry_mexico0154.tif,C:\Users\Hamada.MSI\Desktop\Hamada\lab\data\raw\images\McGill Calibrated Color Image Database\Textures\Textures\pippin_park0049.tif,0.31474798917770386,0.3118230998516083,-0.002924889326095581,0.002924889326095581,0.0,0.0,4.0946852325771905,265,
C:\Users\Hamada.MSI\Desktop\Hamada\lab\data\raw\images\McGill Calibrated Color Image Database\Textures\Textures\merry_mexico0219.tif,C:\Users\Hamada.MSI\Desktop\Hamada\lab\data\raw\images\McGill Calibrated Color Image Database\Textures\Textures\merry_mtl07_041.tif,0.13741722702980042,0.13449817895889282,-0.0029190480709075928,0.0029190480709075928,0.0,0.0,4.0946852325771905,265,
C:\Users\Hamada.MSI\Desktop\Hamada\lab\data\raw\images\McGill Calibrated Color Image Database\Textures\Textures\pippin_park0035.tif,C:\Users\Hamada.MSI\Desktop\Hamada\lab\data\raw\images\McGill Calibrated Color Image Database\Textures\Textures\pippin_RS_YachtClub023.tif,0.419369637966156,0.416459858417511,-0.0029097795486450195,0.0029097795486450195,0.0,0.0,4.0946852325771905,265,
C:\Users\Hamada.MSI\Desktop\Hamada\lab\data\raw\images\McGill Calibrated Color Image Database\Textures\Textures\pippin_RVHtexture023.tif,C:\Users\Hamada.MSI\Desktop\Hamada\lab\data\raw\images\McGill Calibrated Color Image Database\Textures\Textures\pippin_park0035.tif,0.31878378987312317,0.31588417291641235,-0.0028996169567108154,0.0028996169567108154,0.0,0.0,4.0946852325771905,265,
C:\Users\Hamada.MSI\Desktop\Hamada\lab\data\raw\images\McGill Calibrated Color Image Database\Textures\Textures\merry_mexico0118.tif,C:\Users\Hamada.MSI\Desktop\Hamada\lab\data\raw\images\McGill Calibrated Color Image Database\Textures\Textures\pippin0225.tif,0.407717764377594,0.4048216938972473,-0.0028960704803466797,0.0028960704803466797,0.0,0.0,4.0946852325771905,265,
C:\Users\Hamada.MSI\Desktop\Hamada\lab\data\raw\images\McGill Calibrated Color Image Database\Textures\Textures\merry_mexico0118.tif,C:\Users\Hamada.MSI\Desktop\Hamada\lab\data\raw\images\McGill Calibrated Color Image Database\Textures\Textures\pippin_park0052.tif,0.3832392692565918,0.38034358620643616,-0.0028956830501556396,0.0028956830501556396,0.0,0.0,4.0946852325771905,265,
C:\Users\Hamada.MSI\Desktop\Hamada\lab\data\raw\images\McGill Calibrated Color Image Database\Textures\Textures\pippin_park0035.tif,C:\Users\Hamada.MSI\Desktop\Hamada\lab\data\raw\images\McGill Calibrated Color Image Database\Textures\Textures\pippin_Peel037.tif,0.3206773102283478,0.3177831768989563,-0.0028941333293914795,0.0028941333293914795,0.0,0.0,4.0946852325771905,265,
C:\Users\Hamada.MSI\Desktop\Hamada\lab\data\raw\images\McGill Calibrated Color Image Database\Textures\Textures\pippin_RVHtexture023.tif,C:\Users\Hamada.MSI\Desktop\Hamada\lab\data\raw\images\McGill Calibrated Color Image Database\Textures\Textures\pippin_park0054.tif,0.35250264406204224,0.34960854053497314,-0.002894103527069092,0.002894103527069092,0.0,0.0,4.0946852325771905,265,
C:\Users\Hamada.MSI\Desktop\Hamada\lab\data\raw\images\McGill Calibrated Color Image Database\Textures\Textures\merry_mtl07_034.tif,C:\Users\Hamada.MSI\Desktop\Hamada\lab\data\raw\images\McGill Calibrated Color Image Database\Textures\Textures\pippin_RVHtexture021.tif,0.2587144672870636,0.2558249831199646,-0.002889484167098999,0.002889484167098999,0.0,1.1444091796875e-05,4.0946852325771905,265,
C:\Users\Hamada.MSI\Desktop\Hamada\lab\data\raw\images\McGill Calibrated Color Image Database\Textures\Textures\merry_mtl07_005.tif,C:\Users\Hamada.MSI\Desktop\Hamada\lab\data\raw\images\McGill Calibrated Color Image Database\Textures\Textures\pippin_RVHtexture003.tif,0.27360770106315613,0.2764962613582611,0.0028885602951049805,0.0028885602951049805,0.0,1.52587890625e-05,4.0946852325771905,265,
C:\Users\Hamada.MSI\Desktop\Hamada\lab\data\raw\images\McGill Calibrated Color Image Database\Textures\Textures\pippin_Mex07_011.tif,C:\Users\Hamada.MSI\Desktop\Hamada\lab\data\raw\images\McGill Calibrated Color Image Database\Textures\Textures\pippin_RVHtexture011.tif,0.4601699113845825,0.4572867155075073,-0.0028831958770751953,0.0028831958770751953,0.0,3.814697265625e-06,4.0946852325771905,265,
C:\Users\Hamada.MSI\Desktop\Hamada\lab\data\raw\images\McGill Calibrated Color Image Database\Textures\Textures\pippin_Mex07_011.tif,C:\Users\Hamada.MSI\Desktop\Hamada\lab\data\raw\images\McGill Calibrated Color Image Database\Textures\Textures\pippin_Peel013.tif,0.3802719712257385,0.38315293192863464,0.002880960702896118,0.002880960702896118,0.0,3.814697265625e-06,4.0946852325771905,265,
C:\Users\Hamada.MSI\Desktop\Hamada\lab\data\raw\images\McGill Calibrated Color Image Database\Textures\Textures\merry_mexico0219.tif,C:\Users\Hamada.MSI\Desktop\Hamada\lab\data\raw\images\McGill Calibrated Color Image Database\Textures\Textures\pippin_RS_YachtClub019.tif,0.15319275856018066,0.15031516551971436,-0.0028775930404663086,0.0028775930404663086,0.0,0.0,4.0946852325771905,265,
C:\Users\Hamada.MSI\Desktop\Hamada\lab\data\raw\images\McGill Calibrated Color Image Database\Textures\Textures\merry_mtl07_034.tif,C:\Users\Hamada.MSI\Desktop\Hamada\lab\data\raw\images\McGill Calibrated Color Image Database\Textures\Textures\pippin_RS_YachtClub007.tif,0.3275410234928131,0.3246660530567169,-0.0028749704360961914,0.0028749704360961914,0.0,1.1444091796875e-05,4.0946852325771905,265,
C:\Users\Hamada.MSI\Desktop\Hamada\lab\data\raw\images\McGill Calibrated Color Image Database\Textures\Textures\pippin_Mex07_011.tif,C:\Users\Hamada.MSI\Desktop\Hamada\lab\data\raw\images\McGill Calibrated Color Image Database\Textures\Textures\pippin_RVHtexture014.tif,0.3107137084007263,0.30784687399864197,-0.0028668344020843506,0.0028668344020843506,0.0,3.814697265625e-06,4.0946852325771905,265,
C:\Users\Hamada.MSI\Desktop\Hamada\lab\data\raw\images\McGill Calibrated Color Image Database\Textures\Textures\merry_mtl07_008.tif,C:\Users\Hamada.MSI\Desktop\Hamada\lab\data\raw\images\McGill Calibrated Color Image Database\Textures\Textures\merry_mtl07_003.tif,0.4716038703918457,0.46874916553497314,-0.0028547048568725586,0.0028547048568725586,0.0,0.0,4.0946852325771905,265,
C:\Users\Hamada.MSI\Desktop\Hamada\lab\data\raw\images\McGill Calibrated Color Image Database\Textures\Textures\merry_mexico0118.tif,C:\Users\Hamada.MSI\Desktop\Hamada\lab\data\raw\images\McGill Calibrated Color Image Database\Textures\Textures\pippin_RVHtexture011.tif,0.46052002906799316,0.4576830267906189,-0.0028370022773742676,0.0028370022773742676,0.0,0.0,4.0946852325771905,265,
C:\Users\Hamada.MSI\Desktop\Hamada\lab\data\raw\images\McGill Calibrated Color Image Database\Textures\Textures\merry_mtl07_025.tif,C:\Users\Hamada.MSI\Desktop\Hamada\lab\data\raw\images\McGill Calibrated Color Image Database\Textures\Textures\pippin_RVHtexture009.tif,0.507245659828186,0.504412055015564,-0.0028336048126220703,0.0028336048126220703,0.0,0.0,4.0946852325771905,265,
C:\Users\Hamada.MSI\Desktop\Hamada\lab\data\raw\images\McGill Calibrated Color Image Database\Textures\Textures\merry_mtl07_034.tif,C:\Users\Hamada.MSI\Desktop\Hamada\lab\data\raw\images\McGill Calibrated Color Image Database\Textures\Textures\pippin_Peel065.tif,0.24642497301101685,0.2492397278547287,0.002814754843711853,0.002814754843711853,0.0,1.1444091796875e-05,4.0946852325771905,265,
C:\Users\Hamada.MSI\Desktop\Hamada\lab\data\raw\images\McGill Calibrated Color Image Database\Textures\Textures\pippin_RVHtexture023.tif,C:\Users\Hamada.MSI\Desktop\Hamada\lab\data\raw\images\McGill Calibrated Color Image Database\Textures\Textures\pippin_RVHtexture006.tif,0.28342610597610474,0.28623515367507935,0.0028090476989746094,0.0028090476989746094,0.0,0.0,4.0946852325771905,265,
C:\Users\Hamada.MSI\Desktop\Hamada\lab\data\raw\images\McGill Calibrated Color Image Database\Textures\Textures\pippin_adirondacks0025.tif,C:\Users\Hamada.MSI\Desktop\Hamada\lab\data\raw\images\McGill Calibrated Color Image Database\Textures\Textures\pippin0226.tif,0.41763514280319214,0.4148268401622772,-0.002808302640914917,0.002808302640914917,0.0,0.0,4.0946852325771905,265,
C:\Users\Hamada.MSI\Desktop\Hamada\lab\data\raw\images\McGill Calibrated Color Image Database\Textures\Textures\merry_mtl07_034.tif,C:\Users\Hamada.MSI\Desktop\Hamada\lab\data\raw\images\McGill Calibrated Color Image Database\Textures\Textures\pippin0225.tif,0.2829822301864624,0.28017574548721313,-0.0028064846992492676,0.0028064846992492676,0.0,1.1444091796875e-05,4.0946852325771905,265,
C:\Users\Hamada.MSI\Desktop\Hamada\lab\data\raw\images\McGill Calibrated Color Image Database\Textures\Textures\merry_mexico0154.tif,C:\Users\Hamada.MSI\Desktop\Hamada\lab\data\raw\images\McGill Calibrated Color Image Database\Textures\Textures\pippin_RVHtexture017.tif,0.3763601779937744,0.3735693693161011,-0.00279080867767334,0.00279080867767334,0.0,0.0,4.0946852325771905,265,
C:\Users\Hamada.MSI\Desktop\Hamada\lab\data\raw\images\McGill Calibrated Color Image Database\Textures\Textures\merry_mexico0154.tif,C:\Users\Hamada.MSI\Desktop\Hamada\lab\data\raw\images\McGill Calibrated Color Image Database\Textures\Textures\pippin_park0059.tif,0.37217044830322266,0.36938220262527466,-0.002788245677947998,0.002788245677947998,0.0,0.0,4.0946852325771905,265,
C:\Users\Hamada.MSI\Desktop\Hamada\lab\data\raw\images\McGill Calibrated Color Image Database\Textures\Textures\merry_mexico0154.tif,C:\Users\Hamada.MSI\Desktop\Hamada\lab\data\raw\images\McGill Calibrated Color Image Database\Textures\Textures\pippin_UniStrt010.tif,0.38008466362953186,0.37730154395103455,-0.0027831196784973145,0.0027831196784973145,0.0,0.0,4.0946852325771905,265,
C:\Users\Hamada.MSI\Desktop\Hamada\lab\data\raw\images\McGill Calibrated Color Image Database\Textures\Textures\merry_mexico0219.tif,C:\Users\Hamada.MSI\Desktop\Hamada\lab\data\raw\images\McGill Calibrated Color Image Database\Textures\Textures\pippin_park0038.tif,0.16889512538909912,0.16611680388450623,-0.0027783215045928955,0.0027783215045928955,0.0,0.0,4.0946852325771905,265,
C:\Users\Hamada.MSI\Desktop\Hamada\lab\data\raw\images\McGill Calibrated Color Image Database\Textures\Textures\pippin_UniStrt024.tif,C:\Users\Hamada.MSI\Desktop\Hamada\lab\data\raw\images\McGill Calibrated Color Image Database\Textures\Textures\pippin_Biodome030.tif,0.5045429468154907,0.5017656683921814,-0.002777278423309326,0.002777278423309326,0.0,0.0,4.0946852325771905,265,
C:\Users\Hamada.MSI\Desktop\Hamada\lab\data\raw\images\McGill Calibrated Color Image Database\Textures\Textures\pippin_UniStrt024.tif,C:\Users\Hamada.MSI\Desktop\Hamada\lab\data\raw\images\McGill Calibrated Color Image Database\Textures\Textures\pippin_Peel071.tif,0.47209104895591736,0.4693217873573303,-0.002769261598587036,0.002769261598587036,0.0,0.0,4.0946852325771905,265,
C:\Users\Hamada.MSI\Desktop\Hamada\lab\data\raw\images\McGill Calibrated Color Image Database\Textures\Textures\pippin_park0035.tif,C:\Users\Hamada.MSI\Desktop\Hamada\lab\data\raw\images\McGill Calibrated Color Image Database\Textures\Textures\merry_mtl07_023.tif,0.31309622526168823,0.31586432456970215,0.002768099308013916,0.002768099308013916,2.288818359375e-05,4.9591064453125e-05,4.0946852325771905,265,
C:\Users\Hamada.MSI\Desktop\Hamada\lab\data\raw\images\McGill Calibrated Color Image Database\Textures\Textures\pippin_adirondacks0025.tif,C:\Users\Hamada.MSI\Desktop\Hamada\lab\data\raw\images\McGill Calibrated Color Image Database\Textures\Textures\pippin_park0019.tif,0.3939785957336426,0.3912164270877838,-0.0027621686458587646,0.0027621686458587646,0.0,0.0,4.0946852325771905,265,
C:\Users\Hamada.MSI\Desktop\Hamada\lab\data\raw\images\McGill Calibrated Color Image Database\Textures\Textures\merry_mexico0121.tif,C:\Users\Hamada.MSI\Desktop\Hamada\lab\data\raw\images\McGill Calibrated Color Image Database\Textures\Textures\pippin_Peel096.tif,0.3456343412399292,0.3483884334564209,0.0027540922164916992,0.0027540922164916992,0.0,0.0,4.0946852325771905,265,
C:\Users\Hamada.MSI\Desktop\Hamada\lab\data\raw\images\McGill Calibrated Color Image Database\Textures\Textures\merry_mexico0118.tif,C:\Users\Hamada.MSI\Desktop\Hamada\lab\data\raw\images\McGill Calibrated Color Image Database\Textures\Textures\pippin_Peel095.tif,0.42418068647384644,0.42144009470939636,-0.0027405917644500732,0.0027405917644500732,0.0,0.0,4.0946852325771905,265,
C:\Users\Hamada.MSI\Desktop\Hamada\lab\data\raw\images\McGill Calibrated Color Image Database\Textures\Textures\merry_mexico0219.tif,C:\Users\Hamada.MSI\Desktop\Hamada\lab\data\raw\images\McGill Calibrated Color Image Database\Textures\Textures\merry_mtl07_037.tif,0.10863132774829865,0.10589469969272614,-0.0027366280555725098,0.0027366280555725098,0.0,0.0,4.0946852325771905,265,
C:\Users\Hamada.MSI\Desktop\Hamada\lab\data\raw\images\McGill Calibrated Color Image Database\Textures\Textures\pippin_adirondacks0025.tif,C:\Users\Hamada.MSI\Desktop\Hamada\lab\data\raw\images\McGill Calibrated Color Image Database\Textures\Textures\pippin_RVHtexture004.tif,0.2558557391166687,0.2531404495239258,-0.00271528959274292,0.00271528959274292,0.00022125244140625,0.000484466552734375,4.0946852325771905,265,
C:\Users\Hamada.MSI\Desktop\Hamada\lab\data\raw\images\McGill Calibrated Color Image Database\Textures\Textures\pippin_adirondacks0025.tif,C:\Users\Hamada.MSI\Desktop\Hamada\lab\data\raw\images\McGill Calibrated Color Image Database\Textures\Textures\pippin_Peel013.tif,0.3962245583534241,0.39352235198020935,-0.0027022063732147217,0.0027022063732147217,3.814697265625e-06,3.814697265625e-06,4.0946852325771905,265,
C:\Users\Hamada.MSI\Desktop\Hamada\lab\data\raw\images\McGill Calibrated Color Image Database\Textures\Textures\merry_mtl07_008.tif,C:\Users\Hamada.MSI\Desktop\Hamada\lab\data\raw\images\McGill Calibrated Color Image Database\Textures\Textures\pippin_RVHtexture021.tif,0.36996200680732727,0.36726367473602295,-0.0026983320713043213,0.0026983320713043213,0.0,0.0,4.0946852325771905,265,
C:\Users\Hamada.MSI\Desktop\Hamada\lab\data\raw\images\McGill Calibrated Color Image Database\Textures\Textures\merry_mtl07_034.tif,C:\Users\Hamada.MSI\Desktop\Hamada\lab\data\raw\images\McGill Calibrated Color Image Database\Textures\Textures\pippin_Biodome030.tif,0.3072422742843628,0.3045538067817688,-0.002688467502593994,0.002688467502593994,0.0,1.1444091796875e-05,4.0946852325771905,265,
C:\Users\Hamada.MSI\Desktop\Hamada\lab\data\raw\images\McGill Calibrated Color Image Database\Textures\Textures\pippin_park0035.tif,C:\Users\Hamada.MSI\Desktop\Hamada\lab\data\raw\images\McGill Calibrated Color Image Database\Textures\Textures\merry_mtl07_034.tif,0.4750845432281494,0.4724211096763611,-0.00266343355178833,0.00266343355178833,0.0,0.0,4.0946852325771905,265,
C:\Users\Hamada.MSI\Desktop\Hamada\lab\data\raw\images\McGill Calibrated Color Image Database\Textures\Textures\pippin_RVHtexture023.tif,C:\Users\Hamada.MSI\Desktop\Hamada\lab\data\raw\images\McGill Calibrated Color Image Database\Textures\Textures\merry_win07_009.tif,0.42258745431900024,0.4199484884738922,-0.0026389658451080322,0.0026389658451080322,0.0,0.0,4.0946852325771905,265,
C:\Users\Hamada.MSI\Desktop\Hamada\lab\data\raw\images\McGill Calibrated Color Image Database\Textures\Textures\merry_mexico0219.tif,C:\Users\Hamada.MSI\Desktop\Hamada\lab\data\raw\images\McGill Calibrated Color Image Database\Textures\Textures\pippin0063.tif,0.15209832787513733,0.1494608223438263,-0.002637505531311035,0.002637505531311035,0.0,0.0,4.0946852325771905,265,
C:\Users\Hamada.MSI\Desktop\Hamada\lab\data\raw\images\McGill Calibrated Color Image Database\Textures\Textures\merry_mexico0219.tif,C:\Users\Hamada.MSI\Desktop\Hamada\lab\data\raw\images\McGill Calibrated Color Image Database\Textures\Textures\pippin_Peel018.tif,0.18778084218502045,0.18514984846115112,-0.0026309937238693237,0.0026309937238693237,0.0,0.0,4.0946852325771905,265,
C:\Users\Hamada.MSI\Desktop\Hamada\lab\data\raw\images\McGill Calibrated Color Image Database\Textures\Textures\merry_mexico0121.tif,C:\Users\Hamada.MSI\Desktop\Hamada\lab\data\raw\images\McGill Calibrated Color Image Database\Textures\Textures\pippin_Peel097.tif,0.4024578332901001,0.39982879161834717,-0.0026290416717529297,0.0026290416717529297,0.000614166259765625,0.000522613525390625,4.0946852325771905,265,
C:\Users\Hamada.MSI\Desktop\Hamada\lab\data\raw\images\McGill Calibrated Color Image Database\Textures\Textures\pippin_park0035.tif,C:\Users\Hamada.MSI\Desktop\Hamada\lab\data\raw\images\McGill Calibrated Color Image Database\Textures\Textures\pippin_UniStrt024.tif,0.43008118867874146,0.42746078968048096,-0.002620398998260498,0.002620398998260498,0.0,0.0,4.0946852325771905,265,
C:\Users\Hamada.MSI\Desktop\Hamada\lab\data\raw\images\McGill Calibrated Color Image Database\Textures\Textures\merry_mexico0121.tif,C:\Users\Hamada.MSI\Desktop\Hamada\lab\data\raw\images\McGill Calibrated Color Image Database\Textures\Textures\pippin_park0047.tif,0.3935753405094147,0.3961922526359558,0.0026169121265411377,0.0026169121265411377,0.0,0.0,4.0946852325771905,265,
C:\Users\Hamada.MSI\Desktop\Hamada\lab\data\raw\images\McGill Calibrated Color Image Database\Textures\Textures\merry_mexico0219.tif,C:\Users\Hamada.MSI\Desktop\Hamada\lab\data\raw\images\McGill Calibrated Color Image Database\Textures\Textures\pippin_spring0006.tif,0.12793605029582977,0.12532034516334534,-0.002615705132484436,0.002615705132484436,0.0,0.0,4.0946852325771905,265,
C:\Users\Hamada.MSI\Desktop\Hamada\lab\data\raw\images\McGill Calibrated Color Image Database\Textures\Textures\merry_mtl07_008.tif,C:\Users\Hamada.MSI\Desktop\Hamada\lab\data\raw\images\McGill Calibrated Color Image Database\Textures\Textures\pippin_park0059.tif,0.43305134773254395,0.43044906854629517,-0.0026022791862487793,0.0026022791862487793,0.0,0.0,4.0946852325771905,265,
C:\Users\Hamada.MSI\Desktop\Hamada\lab\data\raw\images\McGill Calibrated Color Image Database\Textures\Textures\merry_mexico0121.tif,C:\Users\Hamada.MSI\Desktop\Hamada\lab\data\raw\images\McGill Calibrated Color Image Database\Textures\Textures\pippin_Mex07_011.tif,0.3955502510070801,0.3929499387741089,-0.0026003122329711914,0.0026003122329711914,2.6702880859375e-05,0.000209808349609375,4.0946852325771905,265,
C:\Users\Hamada.MSI\Desktop\Hamada\lab\data\raw\images\McGill Calibrated Color Image Database\Textures\Textures\merry_mexico0121.tif,C:\Users\Hamada.MSI\Desktop\Hamada\lab\data\raw\images\McGill Calibrated Color Image Database\Textures\Textures\pippin_RVHtexture006.tif,0.3073461949825287,0.3099428117275238,0.002596616744995117,0.002596616744995117,0.0,0.0,4.0946852325771905,265,
C:\Users\Hamada.MSI\Desktop\Hamada\lab\data\raw\images\McGill Calibrated Color Image Database\Textures\Textures\pippin_Mex07_011.tif,C:\Users\Hamada.MSI\Desktop\Hamada\lab\data\raw\images\McGill Calibrated Color Image Database\Textures\Textures\merry_mtl07_022.tif,0.44114017486572266,0.43854621052742004,-0.0025939643383026123,0.0025939643383026123,0.0,3.814697265625e-06,4.0946852325771905,265,
C:\Users\Hamada.MSI\Desktop\Hamada\lab\data\raw\images\McGill Calibrated Color Image Database\Textures\Textures\merry_mtl07_025.tif,C:\Users\Hamada.MSI\Desktop\Hamada\lab\data\raw\images\McGill Calibrated Color Image Database\Textures\Textures\pippin_RVHtexture007.tif,0.48972567915916443,0.4871356785297394,-0.002590000629425049,0.002590000629425049,0.0,0.0,4.0946852325771905,265,
C:\Users\Hamada.MSI\Desktop\Hamada\lab\data\raw\images\McGill Calibrated Color Image Database\Textures\Textures\merry_mtl07_008.tif,C:\Users\Hamada.MSI\Desktop\Hamada\lab\data\raw\images\McGill Calibrated Color Image Database\Textures\Textures\pippin_UniStrt022.tif,0.466869056224823,0.46430504322052,-0.0025640130043029785,0.0025640130043029785,0.0,0.0,4.0946852325771905,265,
C:\Users\Hamada.MSI\Desktop\Hamada\lab\data\raw\images\McGill Calibrated Color Image Database\Textures\Textures\merry_mexico0118.tif,C:\Users\Hamada.MSI\Desktop\Hamada\lab\data\raw\images\McGill Calibrated Color Image Database\Textures\Textures\pippin_park0035.tif,0.4018508195877075,0.3993152379989624,-0.002535581588745117,0.002535581588745117,0.0,0.0,4.0946852325771905,265,
C:\Users\Hamada.MSI\Desktop\Hamada\lab\data\raw\images\McGill Calibrated Color Image Database\Textures\Textures\merry_mtl07_025.tif,C:\Users\Hamada.MSI\Desktop\Hamada\lab\data\raw\images\McGill Calibrated Color Image Database\Textures\Textures\merry_mtl07_005.tif,0.5774620771408081,0.5749311447143555,-0.0025309324264526367,0.0025309324264526367,0.0,1.52587890625e-05,4.0946852325771905,265,
C:\Users\Hamada.MSI\Desktop\Hamada\lab\data\raw\images\McGill Calibrated Color Image Database\Textures\Textures\pippin_RVHtexture023.tif,C:\Users\Hamada.MSI\Desktop\Hamada\lab\data\raw\images\McGill Calibrated Color Image Database\Textures\Textures\merry_mexico0118.tif,0.3045070767402649,0.30703800916671753,0.0025309324264526367,0.0025309324264526367,0.0,0.0,4.0946852325771905,265,
C:\Users\Hamada.MSI\Desktop\Hamada\lab\data\raw\images\McGill Calibrated Color Image Database\Textures\Textures\pippin_RVHtexture023.tif,C:\Users\Hamada.MSI\Desktop\Hamada\lab\data\raw\images\McGill Calibrated Color Image Database\Textures\Textures\merry_mtl07_023.tif,0.24811497330665588,0.25064343214035034,0.002528458833694458,0.002528458833694458,1.1444091796875e-05,2.6702880859375e-05,4.0946852325771905,265,
C:\Users\Hamada.MSI\Desktop\Hamada\lab\data\raw\images\McGill Calibrated Color Image Database\Textures\Textures\pippin_RVHtexture023.tif,C:\Users\Hamada.MSI\Desktop\Hamada\lab\data\raw\images\McGill Calibrated Color Image Database\Textures\Textures\pippin_RS_YachtClub055.tif,0.3180115818977356,0.31549155712127686,-0.0025200247764587402,0.0025200247764587402,0.0,0.0,4.0946852325771905,265,
C:\Users\Hamada.MSI\Desktop\Hamada\lab\data\raw\images\McGill Calibrated Color Image Database\Textures\Textures\merry_mtl07_025.tif,C:\Users\Hamada.MSI\Desktop\Hamada\lab\data\raw\images\McGill Calibrated Color Image Database\Textures\Textures\pippin_RVHtexture006.tif,0.4483679533004761,0.4508873522281647,0.0025193989276885986,0.0025193989276885986,3.814697265625e-06,5.7220458984375e-05,4.0946852325771905,265,
C:\Users\Hamada.MSI\Desktop\Hamada\lab\data\raw\images\McGill Calibrated Color Image Database\Textures\Textures\merry_mexico0219.tif,C:\Users\Hamada.MSI\Desktop\Hamada\lab\data\raw\images\McGill Calibrated Color Image Database\Textures\Textures\pippin_RS_YachtClub023.tif,0.12282247841358185,0.12533880770206451,0.002516329288482666,0.002516329288482666,0.0,0.0,4.0946852325771905,265,
C:\Users\Hamada.MSI\Desktop\Hamada\lab\data\raw\images\McGill Calibrated Color Image Database\Textures\Textures\pippin_park0035.tif,C:\Users\Hamada.MSI\Desktop\Hamada\lab\data\raw\images\McGill Calibrated Color Image Database\Textures\Textures\pippin_Mex07_011.tif,0.4726090431213379,0.47009772062301636,-0.002511322498321533,0.002511322498321533,3.814697265625e-06,1.52587890625e-05,4.0946852325771905,265,
C:\Users\Hamada.MSI\Desktop\Hamada\lab\data\raw\images\McGill Calibrated Color Image Database\Textures\Textures\merry_mexico0219.tif,C:\Users\Hamada.MSI\Desktop\Hamada\lab\data\raw\images\McGill Calibrated Color Image Database\Textures\Textures\pippin_Peel071.tif,0.10842248052358627,0.11092361807823181,0.0025011375546455383,0.0025011375546455383,0.0,0.0,4.0946852325771905,265,
C:\Users\Hamada.MSI\Desktop\Hamada\lab\data\raw\images\McGill Calibrated Color Image Database\Textures\Textures\merry_mtl07_025.tif,C:\Users\Hamada.MSI\Desktop\Hamada\lab\data\raw\images\McGill Calibrated Color Image Database\Textures\Textures\pippin_UniStrt013.tif,0.5224318504333496,0.5199320912361145,-0.0024997591972351074,0.0024997591972351074,0.0,7.62939453125e-06,4.0946852325771905,265,
C:\Users\Hamada.MSI\Desktop\Hamada\lab\data\raw\images\McGill Calibrated Color Image Database\Textures\Textures\pippin_UniStrt024.tif,C:\Users\Hamada.MSI\Desktop\Hamada\lab\data\raw\images\McGill Calibrated Color Image Database\Textures\Textures\pippin_Biodome044.tif,0.5284994840621948,0.5260041952133179,-0.002495288848876953,0.002495288848876953,0.0,0.0,4.0946852325771905,265,
C:\Users\Hamada.MSI\Desktop\Hamada\lab\data\raw\images\McGill Calibrated Color Image Database\Textures\Textures\merry_mtl07_008.tif,C:\Users\Hamada.MSI\Desktop\Hamada\lab\data\raw\images\McGill Calibrated Color Image Database\Textures\Textures\pippin_Peel096.tif,0.3987956941127777,0.3963162899017334,-0.0024794042110443115,0.0024794042110443115,0.0,0.0,4.0946852325771905,265,
C:\Users\Hamada.MSI\Desktop\Hamada\lab\data\raw\images\McGill Calibrated Color Image Database\Textures\Textures\merry_mexico0154.tif,C:\Users\Hamada.MSI\Desktop\Hamada\lab\data\raw\images\McGill Calibrated Color Image Database\Textures\Textures\pippin_RVHtexture014.tif,0.2774624526500702,0.27499645948410034,-0.0024659931659698486,0.0024659931659698486,0.0,0.0,4.0946852325771905,265,
C:\Users\Hamada.MSI\Desktop\Hamada\lab\data\raw\images\McGill Calibrated Color Image Database\Textures\Textures\merry_mexico0219.tif,C:\Users\Hamada.MSI\Desktop\Hamada\lab\data\raw\images\McGill Calibrated Color Image Database\Textures\Textures\pippin_RS_YachtClub007.tif,0.17656013369560242,0.1740974634885788,-0.0024626702070236206,0.0024626702070236206,0.0,0.0,4.0946852325771905,265,
C:\Users\Hamada.MSI\Desktop\Hamada\lab\data\raw\images\McGill Calibrated Color Image Database\Textures\Textures\merry_mexico0121.tif,C:\Users\Hamada.MSI\Desktop\Hamada\lab\data\raw\images\McGill Calibrated Color Image Database\Textures\Textures\merry_mtl07_022.tif,0.40210920572280884,0.399658203125,-0.002451002597808838,0.002451002597808838,0.0,0.0,4.0946852325771905,265,
C:\Users\Hamada.MSI\Desktop\Hamada\lab\data\raw\images\McGill Calibrated Color Image Database\Textures\Textures\pippin_UniStrt024.tif,C:\Users\Hamada.MSI\Desktop\Hamada\lab\data\raw\images\McGill Calibrated Color Image Database\Textures\Textures\pippin0224.tif,0.5037640333175659,0.5013145208358765,-0.002449512481689453,0.002449512481689453,0.0,0.0,4.0946852325771905,265,
C:\Users\Hamada.MSI\Desktop\Hamada\lab\data\raw\images\McGill Calibrated Color Image Database\Textures\Textures\pippin_UniStrt024.tif,C:\Users\Hamada.MSI\Desktop\Hamada\lab\data\raw\images\McGill Calibrated Color Image Database\Textures\Textures\pippin_RVHtexture018.tif,0.5046957731246948,0.502255916595459,-0.00243985652923584,0.00243985652923584,0.0,2.288818359375e-05,4.0946852325771905,265,
C:\Users\Hamada.MSI\Desktop\Hamada\lab\data\raw\images\McGill Calibrated Color Image Database\Textures\Textures\merry_mtl07_034.tif,C:\Users\Hamada.MSI\Desktop\Hamada\lab\data\raw\images\McGill Calibrated Color Image Database\Textures\Textures\pippin_Biodome044.tif,0.26244670152664185,0.2648802697658539,0.002433568239212036,0.002433568239212036,0.0,1.1444091796875e-05,4.0946852325771905,265,
C:\Users\Hamada.MSI\Desktop\Hamada\lab\data\raw\images\McGill Calibrated Color Image Database\Textures\Textures\merry_mexico0154.tif,C:\Users\Hamada.MSI\Desktop\Hamada\lab\data\raw\images\McGill Calibrated Color Image Database\Textures\Textures\pippin_Biodome044.tif,0.35204654932022095,0.3496144115924835,-0.0024321377277374268,0.0024321377277374268,0.0,0.0,4.0946852325771905,265,
C:\Users\Hamada.MSI\Desktop\Hamada\lab\data\raw\images\McGill Calibrated Color Image Database\Textures\Textures\merry_mtl07_005.tif,C:\Users\Hamada.MSI\Desktop\Hamada\lab\data\raw\images\McGill Calibrated Color Image Database\Textures\Textures\pippin_park0038.tif,0.24788814783096313,0.24548488855361938,-0.00240325927734375,0.00240325927734375,0.0,1.52587890625e-05,4.0946852325771905,265,
C:\Users\Hamada.MSI\Desktop\Hamada\lab\data\raw\images\McGill Calibrated Color Image Database\Textures\Textures\pippin_UniStrt024.tif,C:\Users\Hamada.MSI\Desktop\Hamada\lab\data\raw\images\McGill Calibrated Color Image Database\Textures\Textures\pippin_UniStrt029.tif,0.5063387155532837,0.5039418935775757,-0.002396821975708008,0.002396821975708008,0.0,0.0,4.0946852325771905,265,
C:\Users\Hamada.MSI\Desktop\Hamada\lab\data\raw\images\McGill Calibrated Color Image Database\Textures\Textures\merry_mexico0219.tif,C:\Users\Hamada.MSI\Desktop\Hamada\lab\data\raw\images\McGill Calibrated Color Image Database\Textures\Textures\pippin_RVHtexture012.tif,0.1764078140258789,0.17401987314224243,-0.0023879408836364746,0.0023879408836364746,0.0,0.0,4.0946852325771905,265,
C:\Users\Hamada.MSI\Desktop\Hamada\lab\data\raw\images\McGill Calibrated Color Image Database\Textures\Textures\pippin_RVHtexture023.tif,C:\Users\Hamada.MSI\Desktop\Hamada\lab\data\raw\images\McGill Calibrated Color Image Database\Textures\Textures\merry_mtl07_034.tif,0.3773110806941986,0.3749346435070038,-0.0023764371871948242,0.0023764371871948242,0.0,0.0,4.0946852325771905,265,
C:\Users\Hamada.MSI\Desktop\Hamada\lab\data\raw\images\McGill Calibrated Color Image Database\Textures\Textures\merry_mexico0118.tif,C:\Users\Hamada.MSI\Desktop\Hamada\lab\data\raw\images\McGill Calibrated Color Image Database\Textures\Textures\merry_mtl07_005.tif,0.5063167214393616,0.5039514899253845,-0.0023652315139770508,0.0023652315139770508,0.0,0.0,4.0946852325771905,265,
C:\Users\Hamada.MSI\Desktop\Hamada\lab\data\raw\images\McGill Calibrated Color Image Database\Textures\Textures\merry_mexico0121.tif,C:\Users\Hamada.MSI\Desktop\Hamada\lab\data\raw\images\McGill Calibrated Color Image Database\Textures\Textures\pippin_park0049.tif,0.31617388129234314,0.31381723284721375,-0.0023566484451293945,0.0023566484451293945,0.0,0.0,4.0946852325771905,265,
C:\Users\Hamada.MSI\Desktop\Hamada\lab\data\raw\images\McGill Calibrated Color Image Database\Textures\Textures\merry_mexico0154.tif,C:\Users\Hamada.MSI\Desktop\Hamada\lab\data\raw\images\McGill Calibrated Color Image Database\Textures\Textures\pippin_park0047.tif,0.3880212903022766,0.3903582990169525,0.0023370087146759033,0.0023370087146759033,0.0,0.0,4.0946852325771905,265,
C:\Users\Hamada.MSI\Desktop\Hamada\lab\data\raw\images\McGill Calibrated Color Image Database\Textures\Textures\merry_mtl07_008.tif,C:\Users\Hamada.MSI\Desktop\Hamada\lab\data\raw\images\McGill Calibrated Color Image Database\Textures\Textures\pippin_RVHtexture007.tif,0.38952332735061646,0.3871995210647583,-0.0023238062858581543,0.0023238062858581543,0.0,0.0,4.0946852325771905,265,
C:\Users\Hamada.MSI\Desktop\Hamada\lab\data\raw\images\McGill Calibrated Color Image Database\Textures\Textures\merry_mexico0219.tif,C:\Users\Hamada.MSI\Desktop\Hamada\lab\data\raw\images\McGill Calibrated Color Image Database\Textures\Textures\merry_mtl07_019.tif,0.17227382957935333,0.1699526309967041,-0.002321198582649231,0.002321198582649231,0.0,0.0,4.0946852325771905,265,
C:\Users\Hamada.MSI\Desktop\Hamada\lab\data\raw\images\McGill Calibrated Color Image Database\Textures\Textures\merry_mtl07_025.tif,C:\Users\Hamada.MSI\Desktop\Hamada\lab\data\raw\images\McGill Calibrated Color Image Database\Textures\Textures\merry_mtl07_022.tif,0.5350610017776489,0.5327436923980713,-0.0023173093795776367,0.0023173093795776367,0.0,0.0,4.0946852325771905,265,
C:\Users\Hamada.MSI\Desktop\Hamada\lab\data\raw\images\McGill Calibrated Color Image Database\Textures\Textures\merry_mtl07_005.tif,C:\Users\Hamada.MSI\Desktop\Hamada\lab\data\raw\images\McGill Calibrated Color Image Database\Textures\Textures\merry_mtl07_037.tif,0.17541228234767914,0.17312277853488922,-0.002289503812789917,0.002289503812789917,0.0,1.52587890625e-05,4.0946852325771905,265,
C:\Users\Hamada.MSI\Desktop\Hamada\lab\data\raw\images\McGill Calibrated Color Image Database\Textures\Textures\pippin_RVHtexture023.tif,C:\Users\Hamada.MSI\Desktop\Hamada\lab\data\raw\images\McGill Calibrated Color Image Database\Textures\Textures\pippin_park0042.tif,0.37536299228668213,0.37307703495025635,-0.0022859573364257812,0.0022859573364257812,0.0,0.0,4.0946852325771905,265,
C:\Users\Hamada.MSI\Desktop\Hamada\lab\data\raw\images\McGill Calibrated Color Image Database\Textures\Textures\pippin_adirondacks0025.tif,C:\Users\Hamada.MSI\Desktop\Hamada\lab\data\raw\images\McGill Calibrated Color Image Database\Textures\Textures\pippin_UniStrt020.tif,0.4174947440624237,0.41520991921424866,-0.002284824848175049,0.002284824848175049,1.1444091796875e-05,0.0,4.0946852325771905,265,
C:\Users\Hamada.MSI\Desktop\Hamada\lab\data\raw\images\McGill Calibrated Color Image Database\Textures\Textures\merry_mtl07_005.tif,C:\Users\Hamada.MSI\Desktop\Hamada\lab\data\raw\images\McGill Calibrated Color Image Database\Textures\Textures\pippin_Peel065.tif,0.23740670084953308,0.239690899848938,0.0022841989994049072,0.0022841989994049072,0.0,1.52587890625e-05,4.0946852325771905,265,
C:\Users\Hamada.MSI\Desktop\Hamada\lab\data\raw\images\McGill Calibrated Color Image Database\Textures\Textures\merry_mexico0219.tif,C:\Users\Hamada.MSI\Desktop\Hamada\lab\data\raw\images\McGill Calibrated Color Image Database\Textures\Textures\pippin_park0049.tif,0.12942227721214294,0.12713885307312012,-0.002283424139022827,0.002283424139022827,0.0,0.0,4.0946852325771905,265,
C:\Users\Hamada.MSI\Desktop\Hamada\lab\data\raw\images\McGill Calibrated Color Image Database\Textures\Textures\merry_mexico0219.tif,C:\Users\Hamada.MSI\Desktop\Hamada\lab\data\raw\images\McGill Calibrated Color Image Database\Textures\Textures\pippin_RVHtexture020.tif,0.14722856879234314,0.1495082676410675,0.0022796988487243652,0.0022796988487243652,0.0,0.0,4.0946852325771905,265,
C:\Users\Hamada.MSI\Desktop\Hamada\lab\data\raw\images\McGill Calibrated Color Image Database\Textures\Textures\merry_mtl07_025.tif,C:\Users\Hamada.MSI\Desktop\Hamada\lab\data\raw\images\McGill Calibrated Color Image Database\Textures\Textures\pippin_Peel097.tif,0.5032107830047607,0.5009377002716064,-0.002273082733154297,0.002273082733154297,0.000774383544921875,0.00115966796875,4.0946852325771905,265,
C:\Users\Hamada.MSI\Desktop\Hamada\lab\data\raw\images\McGill Calibrated Color Image Database\Textures\Textures\merry_mtl07_005.tif,C:\Users\Hamada.MSI\Desktop\Hamada\lab\data\raw\images\McGill Calibrated Color Image Database\Textures\Textures\pippin_Peel013.tif,0.21733838319778442,0.2196076363325119,0.002269253134727478,0.002269253134727478,0.0,1.52587890625e-05,4.0946852325771905,265,
C:\Users\Hamada.MSI\Desktop\Hamada\lab\data\raw\images\McGill Calibrated Color Image Database\Textures\Textures\merry_mtl07_034.tif,C:\Users\Hamada.MSI\Desktop\Hamada\lab\data\raw\images\McGill Calibrated Color Image Database\Textures\Textures\pippin_Peel097.tif,0.318774938583374,0.31652864813804626,-0.002246290445327759,0.002246290445327759,0.000885009765625,0.000988006591796875,4.0946852325771905,265,
C:\Users\Hamada.MSI\Desktop\Hamada\lab\data\raw\images\McGill Calibrated Color Image Database\Textures\Textures\merry_mexico0118.tif,C:\Users\Hamada.MSI\Desktop\Hamada\lab\data\raw\images\McGill Calibrated Color Image Database\Textures\Textures\pippin_RVHtexture010.tif,0.3810879588127136,0.3788449764251709,-0.0022429823875427246,0.0022429823875427246,0.0,0.0,4.0946852325771905,265,
C:\Users\Hamada.MSI\Desktop\Hamada\lab\data\raw\images\McGill Calibrated Color Image Database\Textures\Textures\merry_mexico0154.tif,C:\Users\Hamada.MSI\Desktop\Hamada\lab\data\raw\images\McGill Calibrated Color Image Database\Textures\Textures\pippin_RVHtexture003.tif,0.376609742641449,0.3788509666919708,0.0022412240505218506,0.0022412240505218506,0.0,0.0,4.0946852325771905,265,
C:\Users\Hamada.MSI\Desktop\Hamada\lab\data\raw\images\McGill Calibrated Color Image Database\Textures\Textures\pippin_UniStrt024.tif,C:\Users\Hamada.MSI\Desktop\Hamada\lab\data\raw\images\McGill Calibrated Color Image Database\Textures\Textures\pippin_UniStrt022.tif,0.5870702266693115,0.5848380327224731,-0.002232193946838379,0.002232193946838379,0.0,0.0,4.0946852325771905,265,
C:\Users\Hamada.MSI\Desktop\Hamada\lab\data\raw\images\McGill Calibrated Color Image Database\Textures\Textures\merry_mtl07_025.tif,C:\Users\Hamada.MSI\Desktop\Hamada\lab\data\raw\images\McGill Calibrated Color Image Database\Textures\Textures\pippin_RVHtexture020.tif,0.48083168268203735,0.4786189794540405,-0.002212703227996826,0.002212703227996826,0.0,0.0,4.0946852325771905,265,
C:\Users\Hamada.MSI\Desktop\Hamada\lab\data\raw\images\McGill Calibrated Color Image Database\Textures\Textures\pippin_adirondacks0025.tif,C:\Users\Hamada.MSI\Desktop\Hamada\lab\data\raw\images\McGill Calibrated Color Image Database\Textures\Textures\pippin_park0052.tif,0.3887621760368347,0.38656193017959595,-0.0022002458572387695,0.0022002458572387695,0.0,0.0,4.0946852325771905,265,
C:\Users\Hamada.MSI\Desktop\Hamada\lab\data\raw\images\McGill Calibrated Color Image Database\Textures\Textures\merry_mtl07_025.tif,C:\Users\Hamada.MSI\Desktop\Hamada\lab\data\raw\images\McGill Calibrated Color Image Database\Textures\Textures\pippin_park0054.tif,0.5178963541984558,0.5200897455215454,0.0021933913230895996,0.0021933913230895996,0.0,0.0,4.0946852325771905,265,
C:\Users\Hamada.MSI\Desktop\Hamada\lab\data\raw\images\McGill Calibrated Color Image Database\Textures\Textures\merry_mexico0219.tif,C:\Users\Hamada.MSI\Desktop\Hamada\lab\data\raw\images\McGill Calibrated Color Image Database\Textures\Textures\pippin_RVHtexture011.tif,0.187917560338974,0.1900959312915802,0.002178370952606201,0.002178370952606201,0.0,0.0,4.0946852325771905,265,
C:\Users\Hamada.MSI\Desktop\Hamada\lab\data\raw\images\McGill Calibrated Color Image Database\Textures\Textures\merry_mtl07_005.tif,C:\Users\Hamada.MSI\Desktop\Hamada\lab\data\raw\images\McGill Calibrated Color Image Database\Textures\Textures\pippin_RVHtexture017.tif,0.2942408323287964,0.2920624911785126,-0.0021783411502838135,0.0021783411502838135,0.0,1.52587890625e-05,4.0946852325771905,265,
C:\Users\Hamada.MSI\Desktop\Hamada\lab\data\raw\images\McGill Calibrated Color Image Database\Textures\Textures\merry_mexico0154.tif,C:\Users\Hamada.MSI\Desktop\Hamada\lab\data\raw\images\McGill Calibrated Color Image Database\Textures\Textures\merry_mtl07_021.tif,0.37311941385269165,0.3709442615509033,-0.00217515230178833,0.00217515230178833,0.0,0.0,4.0946852325771905,265,
C:\Users\Hamada.MSI\Desktop\Hamada\lab\data\raw\images\McGill Calibrated Color Image Database\Textures\Textures\merry_mexico0154.tif,C:\Users\Hamada.MSI\Desktop\Hamada\lab\data\raw\images\McGill Calibrated Color Image Database\Textures\Textures\pippin_UniStrt024.tif,0.3483206033706665,0.34615278244018555,-0.002167820930480957,0.002167820930480957,7.62939453125e-06,0.0,4.0946852325771905,265,
C:\Users\Hamada.MSI\Desktop\Hamada\lab\data\raw\images\McGill Calibrated Color Image Database\Textures\Textures\merry_mexico0154.tif,C:\Users\Hamada.MSI\Desktop\Hamada\lab\data\raw\images\McGill Calibrated Color Image Database\Textures\Textures\merry_mexico0067.tif,0.39778947830200195,0.395626962184906,-0.0021625161170959473,0.0021625161170959473,0.0,0.0,4.0946852325771905,265,
C:\Users\Hamada.MSI\Desktop\Hamada\lab\data\raw\images\McGill Calibrated Color Image Database\Textures\Textures\merry_mtl07_005.tif,C:\Users\Hamada.MSI\Desktop\Hamada\lab\data\raw\images\McGill Calibrated Color Image Database\Textures\Textures\pippin_RS_YachtClub007.tif,0.32370397448539734,0.3215435743331909,-0.002160400152206421,0.002160400152206421,0.0,1.52587890625e-05,4.0946852325771905,265,
C:\Users\Hamada.MSI\Desktop\Hamada\lab\data\raw\images\McGill Calibrated Color Image Database\Textures\Textures\merry_mexico0121.tif,C:\Users\Hamada.MSI\Desktop\Hamada\lab\data\raw\images\McGill Calibrated Color Image Database\Textures\Textures\pippin_RVHtexture004.tif,0.21989506483078003,0.2220463752746582,0.002151310443878174,0.002151310443878174,1.52587890625e-05,0.0,4.0946852325771905,265,
C:\Users\Hamada.MSI\Desktop\Hamada\lab\data\raw\images\McGill Calibrated Color Image Database\Textures\Textures\merry_mtl07_034.tif,C:\Users\Hamada.MSI\Desktop\Hamada\lab\data\raw\images\McGill Calibrated Color Image Database\Textures\Textures\pippin_park0038.tif,0.28451007604599,0.28237175941467285,-0.0021383166313171387,0.0021383166313171387,0.0,1.1444091796875e-05,4.0946852325771905,265,
C:\Users\Hamada.MSI\Desktop\Hamada\lab\data\raw\images\McGill Calibrated Color Image Database\Textures\Textures\merry_mexico0219.tif,C:\Users\Hamada.MSI\Desktop\Hamada\lab\data\raw\images\McGill Calibrated Color Image Database\Textures\Textures\pippin_park0043.tif,0.13516995310783386,0.13305243849754333,-0.0021175146102905273,0.0021175146102905273,0.0,0.0,4.0946852325771905,265,
C:\Users\Hamada.MSI\Desktop\Hamada\lab\data\raw\images\McGill Calibrated Color Image Database\Textures\Textures\merry_mtl07_008.tif,C:\Users\Hamada.MSI\Desktop\Hamada\lab\data\raw\images\McGill Calibrated Color Image Database\Textures\Textures\pippin_Peel071.tif,0.3350886404514313,0.3330132067203522,-0.0020754337310791016,0.0020754337310791016,0.0,0.0,4.0946852325771905,265,
C:\Users\Hamada.MSI\Desktop\Hamada\lab\data\raw\images\McGill Calibrated Color Image Database\Textures\Textures\merry_mtl07_034.tif,C:\Users\Hamada.MSI\Desktop\Hamada\lab\data\raw\images\McGill Calibrated Color Image Database\Textures\Textures\pippin_RVHtexture003.tif,0.29886817932128906,0.30094218254089355,0.002074003219604492,0.002074003219604492,0.0,1.1444091796875e-05,4.0946852325771905,265,
C:\Users\Hamada.MSI\Desktop\Hamada\lab\data\raw\images\McGill Calibrated Color Image Database\Textures\Textures\merry_mexico0219.tif,C:\Users\Hamada.MSI\Desktop\Hamada\lab\data\raw\images\McGill Calibrated Color Image Database\Textures\Textures\pippin_park0010.tif,0.13032346963882446,0.12827064096927643,-0.0020528286695480347,0.0020528286695480347,0.0,0.0,4.0946852325771905,265,
C:\Users\Hamada.MSI\Desktop\Hamada\lab\data\raw\images\McGill Calibrated Color Image Database\Textures\Textures\pippin_Mex07_011.tif,C:\Users\Hamada.MSI\Desktop\Hamada\lab\data\raw\images\McGill Calibrated Color Image Database\Textures\Textures\pippin_RVHtexture024.tif,0.3214259147644043,0.3193816840648651,-0.0020442306995391846,0.0020442306995391846,0.0,3.814697265625e-06,4.0946852325771905,265,
C:\Users\Hamada.MSI\Desktop\Hamada\lab\data\raw\images\McGill Calibrated Color Image Database\Textures\Textures\merry_mexico0118.tif,C:\Users\Hamada.MSI\Desktop\Hamada\lab\data\raw\images\McGill Calibrated Color Image Database\Textures\Textures\pippin_park0044.tif,0.4421708583831787,0.4442138671875,0.002043008804321289,0.002043008804321289,0.0,0.0,4.0946852325771905,265,
C:\Users\Hamada.MSI\Desktop\Hamada\lab\data\raw\images\McGill Calibrated Color Image Database\Textures\Textures\pippin_UniStrt024.tif,C:\Users\Hamada.MSI\Desktop\Hamada\lab\data\raw\images\McGill Calibrated Color Image Database\Textures\Textures\pippin0226.tif,0.5109219551086426,0.5088865160942078,-0.0020354390144348145,0.0020354390144348145,0.0,0.0,4.0946852325771905,265,
C:\Users\Hamada.MSI\Desktop\Hamada\lab\data\raw\images\McGill Calibrated Color Image Database\Textures\Textures\merry_mexico0154.tif,C:\Users\Hamada.MSI\Desktop\Hamada\lab\data\raw\images\McGill Calibrated Color Image Database\Textures\Textures\pippin_Peel037.tif,0.27664798498153687,0.2786817252635956,0.002033740282058716,0.002033740282058716,0.0,0.0,4.0946852325771905,265,
C:\Users\Hamada.MSI\Desktop\Hamada\lab\data\raw\images\McGill Calibrated Color Image Database\Textures\Textures\merry_mtl07_025.tif,C:\Users\Hamada.MSI\Desktop\Hamada\lab\data\raw\images\McGill Calibrated Color Image Database\Textures\Textures\pippin_RVHtexture005.tif,0.4092595875263214,0.4112805128097534,0.002020925283432007,0.002020925283432007,0.0,0.0,4.0946852325771905,265,
C:\Users\Hamada.MSI\Desktop\Hamada\lab\data\raw\images\McGill Calibrated Color Image Database\Textures\Textures\pippin_adirondacks0025.tif,C:\Users\Hamada.MSI\Desktop\Hamada\lab\data\raw\images\McGill Calibrated Color Image Database\Textures\Textures\pippin_Peel037.tif,0.32559406757354736,0.3235803544521332,-0.0020137131214141846,0.0020137131214141846,1.1444091796875e-05,0.0001220703125,4.0946852325771905,265,
C:\Users\Hamada.MSI\Desktop\Hamada\lab\data\raw\images\McGill Calibrated Color Image Database\Textures\Textures\merry_mexico0219.tif,C:\Users\Hamada.MSI\Desktop\Hamada\lab\data\raw\images\McGill Calibrated Color Image Database\Textures\Textures\merry_mexico0123.tif,0.14570920169353485,0.14370010793209076,-0.002009093761444092,0.002009093761444092,0.0,0.0,4.0946852325771905,265,
C:\Users\Hamada.MSI\Desktop\Hamada\lab\data\raw\images\McGill Calibrated Color Image Database\Textures\Textures\pippin_park0035.tif,C:\Users\Hamada.MSI\Desktop\Hamada\lab\data\raw\images\McGill Calibrated Color Image Database\Textures\Textures\pippin_RS_YachtClub030.tif,0.45228636264801025,0.4502849578857422,-0.0020014047622680664,0.0020014047622680664,0.0,0.0,4.0946852325771905,265,
C:\Users\Hamada.MSI\Desktop\Hamada\lab\data\raw\images\McGill Calibrated Color Image Database\Textures\Textures\merry_mtl07_034.tif,C:\Users\Hamada.MSI\Desktop\Hamada\lab\data\raw\images\McGill Calibrated Color Image Database\Textures\Textures\pippin0226.tif,0.28622642159461975,0.28422811627388,-0.001998305320739746,0.001998305320739746,0.0,1.1444091796875e-05,4.0946852325771905,265,
C:\Users\Hamada.MSI\Desktop\Hamada\lab\data\raw\images\McGill Calibrated Color Image Database\Textures\Textures\merry_mtl07_005.tif,C:\Users\Hamada.MSI\Desktop\Hamada\lab\data\raw\images\McGill Calibrated Color Image Database\Textures\Textures\pippin_UniStrt028.tif,0.2517659068107605,0.2537601888179779,0.0019942820072174072,0.0019942820072174072,0.0,1.52587890625e-05,4.0946852325771905,265,
C:\Users\Hamada.MSI\Desktop\Hamada\lab\data\raw\images\McGill Calibrated Color Image Database\Textures\Textures\merry_mexico0219.tif,C:\Users\Hamada.MSI\Desktop\Hamada\lab\data\raw\images\McGill Calibrated Color Image Database\Textures\Textures\pippin_RS_YachtClub026.tif,0.1485675424337387,0.1465795338153839,-0.0019880086183547974,0.0019880086183547974,0.0,0.0,4.0946852325771905,265,
C:\Users\Hamada.MSI\Desktop\Hamada\lab\data\raw\images\McGill Calibrated Color Image Database\Textures\Textures\merry_mexico0219.tif,C:\Users\Hamada.MSI\Desktop\Hamada\lab\data\raw\images\McGill Calibrated Color Image Database\Textures\Textures\pippin_park0059.tif,0.16111232340335846,0.1591382771730423,-0.001974046230316162,0.001974046230316162,0.0,0.0,4.0946852325771905,265,
C:\Users\Hamada.MSI\Desktop\Hamada\lab\data\raw\images\McGill Calibrated Color Image Database\Textures\Textures\merry_mexico0154.tif,C:\Users\Hamada.MSI\Desktop\Hamada\lab\data\raw\images\McGill Calibrated Color Image Database\Textures\Textures\pippin_Peel071.tif,0.2840253710746765,0.28205204010009766,-0.0019733309745788574,0.0019733309745788574,0.0,0.0,4.0946852325771905,265,
C:\Users\Hamada.MSI\Desktop\Hamada\lab\data\raw\images\McGill Calibrated Color Image Database\Textures\Textures\pippin_UniStrt024.tif,C:\Users\Hamada.MSI\Desktop\Hamada\lab\data\raw\images\McGill Calibrated Color Image Database\Textures\Textures\pippin_RS_YachtClub007.tif,0.5601571798324585,0.5581924915313721,-0.0019646883010864258,0.0019646883010864258,0.0,0.0,4.0946852325771905,265,
C:\Users\Hamada.MSI\Desktop\Hamada\lab\data\raw\images\McGill Calibrated Color Image Database\Textures\Textures\merry_mexico0219.tif,C:\Users\Hamada.MSI\Desktop\Hamada\lab\data\raw\images\McGill Calibrated Color Image Database\Textures\Textures\pippin0225.tif,0.1739692986011505,0.17202378809452057,-0.0019455105066299438,0.0019455105066299438,0.0,0.0,4.0946852325771905,265,
C:\Users\Hamada.MSI\Desktop\Hamada\lab\data\raw\images\McGill Calibrated Color Image Database\Textures\Textures\pippin_RVHtexture023.tif,C:\Users\Hamada.MSI\Desktop\Hamada\lab\data\raw\images\McGill Calibrated Color Image Database\Textures\Textures\pippin_park0044.tif,0.36291569471359253,0.3609766662120819,-0.0019390285015106201,0.0019390285015106201,0.0,7.62939453125e-06,4.0946852325771905,265,
C:\Users\Hamada.MSI\Desktop\Hamada\lab\data\raw\images\McGill Calibrated Color Image Database\Textures\Textures\pippin_RVHtexture023.tif,C:\Users\Hamada.MSI\Desktop\Hamada\lab\data\raw\images\McGill Calibrated Color Image Database\Textures\Textures\pippin_Mex07_011.tif,0.3427548408508301,0.3446851372718811,0.0019302964210510254,0.0019302964210510254,0.0,1.9073486328125e-05,4.0946852325771905,265,
C:\Users\Hamada.MSI\Desktop\Hamada\lab\data\raw\images\McGill Calibrated Color Image Database\Textures\Textures\merry_mtl07_008.tif,C:\Users\Hamada.MSI\Desktop\Hamada\lab\data\raw\images\McGill Calibrated Color Image Database\Textures\Textures\pippin_RVHtexture010.tif,0.38276392221450806,0.3846903145313263,0.0019263923168182373,0.0019263923168182373,0.0,0.0,4.0946852325771905,265,
C:\Users\Hamada.MSI\Desktop\Hamada\lab\data\raw\images\McGill Calibrated Color Image Database\Textures\Textures\merry_mexico0118.tif,C:\Users\Hamada.MSI\Desktop\Hamada\lab\data\raw\images\McGill Calibrated Color Image Database\Textures\Textures\pippin_jtalon0016.tif,0.44617322087287903,0.44809582829475403,0.001922607421875,0.001922607421875,0.0,0.0,4.0946852325771905,265,
C:\Users\Hamada.MSI\Desktop\Hamada\lab\data\raw\images\McGill Calibrated Color Image Database\Textures\Textures\merry_mtl07_005.tif,C:\Users\Hamada.MSI\Desktop\Hamada\lab\data\raw\images\McGill Calibrated Color Image Database\Textures\Textures\pippin_park0042.tif,0.3752745985984802,0.3771950602531433,0.001920461654663086,0.001920461654663086,0.0,1.52587890625e-05,4.0946852325771905,265,
C:\Users\Hamada.MSI\Desktop\Hamada\lab\data\raw\images\McGill Calibrated Color Image Database\Textures\Textures\pippin_UniStrt024.tif,C:\Users\Hamada.MSI\Desktop\Hamada\lab\data\raw\images\McGill Calibrated Color Image Database\Textures\Textures\pippin_RS_YachtClub023.tif,0.5220485925674438,0.5201321840286255,-0.0019164085388183594,0.0019164085388183594,0.0,0.0,4.0946852325771905,265,
C:\Users\Hamada.MSI\Desktop\Hamada\lab\data\raw\images\McGill Calibrated Color Image Database\Textures\Textures\merry_mexico0219.tif,C:\Users\Hamada.MSI\Desktop\Hamada\lab\data\raw\images\McGill Calibrated Color Image Database\Textures\Textures\pippin_park0052.tif,0.12060534954071045,0.11868974566459656,-0.0019156038761138916,0.0019156038761138916,0.0,0.0,4.0946852325771905,265,
C:\Users\Hamada.MSI\Desktop\Hamada\lab\data\raw\images\McGill Calibrated Color Image Database\Textures\Textures\merry_mexico0219.tif,C:\Users\Hamada.MSI\Desktop\Hamada\lab\data\raw\images\McGill Calibrated Color Image Database\Textures\Textures\pippin_UniStrt024.tif,0.1593569666147232,0.1612640917301178,0.0019071251153945923,0.0019071251153945923,0.0,0.0,4.0946852325771905,265,
C:\Users\Hamada.MSI\Desktop\Hamada\lab\data\raw\images\McGill Calibrated Color Image Database\Textures\Textures\merry_mtl07_034.tif,C:\Users\Hamada.MSI\Desktop\Hamada\lab\data\raw\images\McGill Calibrated Color Image Database\Textures\Textures\pippin_RVHtexture006.tif,0.25035256147384644,0.2522503733634949,0.0018978118896484375,0.0018978118896484375,0.0,1.1444091796875e-05,4.0946852325771905,265,
C:\Users\Hamada.MSI\Desktop\Hamada\lab\data\raw\images\McGill Calibrated Color Image Database\Textures\Textures\merry_mtl07_005.tif,C:\Users\Hamada.MSI\Desktop\Hamada\lab\data\raw\images\McGill Calibrated Color Image Database\Textures\Textures\pippin_RS_YachtClub030.tif,0.3415547311306,0.34345245361328125,0.0018977224826812744,0.0018977224826812744,0.0,1.52587890625e-05,4.0946852325771905,265,
C:\Users\Hamada.MSI\Desktop\Hamada\lab\data\raw\images\McGill Calibrated Color Image Database\Textures\Textures\pippin_RVHtexture023.tif,C:\Users\Hamada.MSI\Desktop\Hamada\lab\data\raw\images\McGill Calibrated Color Image Database\Textures\Textures\pippin_RVHtexture007.tif,0.32221949100494385,0.3203360438346863,-0.0018834471702575684,0.0018834471702575684,0.0,0.0,4.0946852325771905,265,
C:\Users\Hamada.MSI\Desktop\Hamada\lab\data\raw\images\McGill Calibrated Color Image Database\Textures\Textures\merry_mexico0219.tif,C:\Users\Hamada.MSI\Desktop\Hamada\lab\data\raw\images\McGill Calibrated Color Image Database\Textures\Textures\pippin_park0039.tif,0.1402837485074997,0.13841032981872559,-0.0018734186887741089,0.0018734186887741089,0.0,0.0,4.0946852325771905,265,
C:\Users\Hamada.MSI\Desktop\Hamada\lab\data\raw\images\McGill Calibrated Color Image Database\Textures\Textures\pippin_adirondacks0025.tif,C:\Users\Hamada.MSI\Desktop\Hamada\lab\data\raw\images\McGill Calibrated Color Image Database\Textures\Textures\merry_mtl07_022.tif,0.4450896382331848,0.4469602704048157,0.0018706321716308594,0.0018706321716308594,0.0,0.0,4.0946852325771905,265,
C:\Users\Hamada.MSI\Desktop\Hamada\lab\data\raw\images\McGill Calibrated Color Image Database\Textures\Textures\pippin_park0035.tif,C:\Users\Hamada.MSI\Desktop\Hamada\lab\data\raw\images\McGill Calibrated Color Image Database\Textures\Textures\pippin_RVHtexture007.tif,0.39670443534851074,0.394840806722641,-0.001863628625869751,0.001863628625869751,0.0,0.0,4.0946852325771905,265,
C:\Users\Hamada.MSI\Desktop\Hamada\lab\data\raw\images\McGill Calibrated Color Image Database\Textures\Textures\merry_mtl07_034.tif,C:\Users\Hamada.MSI\Desktop\Hamada\lab\data\raw\images\McGill Calibrated Color Image Database\Textures\Textures\merry_italy0171.tif,0.33752262592315674,0.33937978744506836,0.001857161521911621,0.001857161521911621,0.0,1.1444091796875e-05,4.0946852325771905,265,
C:\Users\Hamada.MSI\Desktop\Hamada\lab\data\raw\images\McGill Calibrated Color Image Database\Textures\Textures\merry_mtl07_025.tif,C:\Users\Hamada.MSI\Desktop\Hamada\lab\data\raw\images\McGill Calibrated Color Image Database\Textures\Textures\pippin_RVHtexture011.tif,0.5415655374526978,0.5397147536277771,-0.0018507838249206543,0.0018507838249206543,0.0,0.0,4.0946852325771905,265,
C:\Users\Hamada.MSI\Desktop\Hamada\lab\data\raw\images\McGill Calibrated Color Image Database\Textures\Textures\pippin_Mex07_011.tif,C:\Users\Hamada.MSI\Desktop\Hamada\lab\data\raw\images\McGill Calibrated Color Image Database\Textures\Textures\pippin_RVHtexture004.tif,0.22660166025161743,0.22476540505886078,-0.0018362551927566528,0.0018362551927566528,0.0,3.814697265625e-06,4.0946852325771905,265,
C:\Users\Hamada.MSI\Desktop\Hamada\lab\data\raw\images\McGill Calibrated Color Image Database\Textures\Textures\merry_mexico0219.tif,C:\Users\Hamada.MSI\Desktop\Hamada\lab\data\raw\images\McGill Calibrated Color Image Database\Textures\Textures\merry_mtl07_005.tif,0.22869059443473816,0.22686147689819336,-0.0018291175365447998,0.0018291175365447998,0.0,0.0,4.0946852325771905,265,
C:\Users\Hamada.MSI\Desktop\Hamada\lab\data\raw\images\McGill Calibrated Color Image Database\Textures\Textures\merry_mtl07_034.tif,C:\Users\Hamada.MSI\Desktop\Hamada\lab\data\raw\images\McGill Calibrated Color Image Database\Textures\Textures\pippin_RS_YachtClub030.tif,0.3291454315185547,0.3273175358772278,-0.0018278956413269043,0.0018278956413269043,0.0,1.1444091796875e-05,4.0946852325771905,265,
C:\Users\Hamada.MSI\Desktop\Hamada\lab\data\raw\images\McGill Calibrated Color Image Database\Textures\Textures\merry_mexico0121.tif,C:\Users\Hamada.MSI\Desktop\Hamada\lab\data\raw\images\McGill Calibrated Color Image Database\Textures\Textures\pippin_Peel037.tif,0.281978577375412,0.2801557779312134,-0.0018227994441986084,0.0018227994441986084,0.0,0.0,4.0946852325771905,265,
C:\Users\Hamada.MSI\Desktop\Hamada\lab\data\raw\images\McGill Calibrated Color Image Database\Textures\Textures\merry_mtl07_005.tif,C:\Users\Hamada.MSI\Desktop\Hamada\lab\data\raw\images\McGill Calibrated Color Image Database\Textures\Textures\pippin_park0047.tif,0.30606335401535034,0.30424341559410095,-0.0018199384212493896,0.0018199384212493896,0.0,1.52587890625e-05,4.0946852325771905,265,
C:\Users\Hamada.MSI\Desktop\Hamada\lab\data\raw\images\McGill Calibrated Color Image Database\Textures\Textures\pippin_UniStrt024.tif,C:\Users\Hamada.MSI\Desktop\Hamada\lab\data\raw\images\McGill Calibrated Color Image Database\Textures\Textures\pippin_jtalon0016.tif,0.568320631980896,0.566504716873169,-0.0018159151077270508,0.0018159151077270508,0.0,0.0,4.0946852325771905,265,
C:\Users\Hamada.MSI\Desktop\Hamada\lab\data\raw\images\McGill Calibrated Color Image Database\Textures\Textures\merry_mtl07_034.tif,C:\Users\Hamada.MSI\Desktop\Hamada\lab\data\raw\images\McGill Calibrated Color Image Database\Textures\Textures\pippin_RS_YachtClub026.tif,0.3207550644874573,0.31894004344940186,-0.00181502103805542,0.00181502103805542,0.0,1.1444091796875e-05,4.0946852325771905,265,
C:\Users\Hamada.MSI\Desktop\Hamada\lab\data\raw\images\McGill Calibrated Color Image Database\Textures\Textures\merry_mexico0118.tif,C:\Users\Hamada.MSI\Desktop\Hamada\lab\data\raw\images\McGill Calibrated Color Image Database\Textures\Textures\pippin_park0049.tif,0.35219699144363403,0.35038965940475464,-0.0018073320388793945,0.0018073320388793945,0.0,0.0,4.0946852325771905,265,
C:\Users\Hamada.MSI\Desktop\Hamada\lab\data\raw\images\McGill Calibrated Color Image Database\Textures\Textures\merry_mexico0154.tif,C:\Users\Hamada.MSI\Desktop\Hamada\lab\data\raw\images\McGill Calibrated Color Image Database\Textures\Textures\pippin_RVHtexture006.tif,0.31165435910224915,0.3134614825248718,0.0018071234226226807,0.0018071234226226807,0.0,0.0,4.0946852325771905,265,
C:\Users\Hamada.MSI\Desktop\Hamada\lab\data\raw\images\McGill Calibrated Color Image Database\Textures\Textures\merry_mtl07_034.tif,C:\Users\Hamada.MSI\Desktop\Hamada\lab\data\raw\images\McGill Calibrated Color Image Database\Textures\Textures\pippin_RS_YachtClub055.tif,0.2722322642803192,0.2704373896121979,-0.0017948746681213379,0.0017948746681213379,0.0,1.1444091796875e-05,4.0946852325771905,265,
C:\Users\Hamada.MSI\Desktop\Hamada\lab\data\raw\images\McGill Calibrated Color Image Database\Textures\Textures\pippin_Mex07_011.tif,C:\Users\Hamada.MSI\Desktop\Hamada\lab\data\raw\images\McGill Calibrated Color Image Database\Textures\Textures\pippin_UniStrt013.tif,0.44427818059921265,0.4424881935119629,-0.0017899870872497559,0.0017899870872497559,7.62939453125e-05,2.288818359375e-05,4.0946852325771905,265,
C:\Users\Hamada.MSI\Desktop\Hamada\lab\data\raw\images\McGill Calibrated Color Image Database\Textures\Textures\pippin_UniStrt024.tif,C:\Users\Hamada.MSI\Desktop\Hamada\lab\data\raw\images\McGill Calibrated Color Image Database\Textures\Textures\merry_flor0019.tif,0.5508260726928711,0.5526026487350464,0.001776576042175293,0.001776576042175293,0.0,0.0,4.0946852325771905,265,
C:\Users\Hamada.MSI\Desktop\Hamada\lab\data\raw\images\McGill Calibrated Color Image Database\Textures\Textures\pippin_adirondacks0025.tif,C:\Users\Hamada.MSI\Desktop\Hamada\lab\data\raw\images\McGill Calibrated Color Image Database\Textures\Textures\pippin_RVHtexture005.tif,0.32433146238327026,0.32255616784095764,-0.001775294542312622,0.001775294542312622,0.0,0.0,4.0946852325771905,265,
C:\Users\Hamada.MSI\Desktop\Hamada\lab\data\raw\images\McGill Calibrated Color Image Database\Textures\Textures\merry_mtl07_034.tif,C:\Users\Hamada.MSI\Desktop\Hamada\lab\data\raw\images\McGill Calibrated Color Image Database\Textures\Textures\pippin_park0044.tif,0.3238822817802429,0.32565274834632874,0.0017704665660858154,0.0017704665660858154,0.0,1.1444091796875e-05,4.0946852325771905,265,
C:\Users\Hamada.MSI\Desktop\Hamada\lab\data\raw\images\McGill Calibrated Color Image Database\Textures\Textures\pippin_adirondacks0025.tif,C:\Users\Hamada.MSI\Desktop\Hamada\lab\data\raw\images\McGill Calibrated Color Image Database\Textures\Textures\pippin_park0044.tif,0.4473586976528168,0.44558829069137573,-0.00177040696144104,0.00177040696144104,0.000667572021484375,0.001697540283203125,4.0946852325771905,265,
C:\Users\Hamada.MSI\Desktop\Hamada\lab\data\raw\images\McGill Calibrated Color Image Database\Textures\Textures\pippin_RVHtexture023.tif,C:\Users\Hamada.MSI\Desktop\Hamada\lab\data\raw\images\McGill Calibrated Color Image Database\Textures\Textures\pippin0226.tif,0.34070509672164917,0.3389352262020111,-0.0017698705196380615,0.0017698705196380615,0.0,0.0,4.0946852325771905,265,
C:\Users\Hamada.MSI\Desktop\Hamada\lab\data\raw\images\McGill Calibrated Color Image Database\Textures\Textures\merry_mexico0118.tif,C:\Users\Hamada.MSI\Desktop\Hamada\lab\data\raw\images\McGill Calibrated Color Image Database\Textures\Textures\pippin_Peel096.tif,0.3914276361465454,0.3931916356086731,0.0017639994621276855,0.0017639994621276855,0.0,0.0,4.0946852325771905,265,
C:\Users\Hamada.MSI\Desktop\Hamada\lab\data\raw\images\McGill Calibrated Color Image Database\Textures\Textures\merry_mexico0154.tif,C:\Users\Hamada.MSI\Desktop\Hamada\lab\data\raw\images\McGill Calibrated Color Image Database\Textures\Textures\pippin_jtalon0016.tif,0.39748209714889526,0.3992433249950409,0.0017612278461456299,0.0017612278461456299,0.0,0.0,4.0946852325771905,265,
C:\Users\Hamada.MSI\Desktop\Hamada\lab\data\raw\images\McGill Calibrated Color Image Database\Textures\Textures\pippin_park0035.tif,C:\Users\Hamada.MSI\Desktop\Hamada\lab\data\raw\images\McGill Calibrated Color Image Database\Textures\Textures\pippin_RVHtexture005.tif,0.31914782524108887,0.3173878788948059,-0.001759946346282959,0.001759946346282959,0.0,0.0,4.0946852325771905,265,
C:\Users\Hamada.MSI\Desktop\Hamada\lab\data\raw\images\McGill Calibrated Color Image Database\Textures\Textures\merry_mtl07_005.tif,C:\Users\Hamada.MSI\Desktop\Hamada\lab\data\raw\images\McGill Calibrated Color Image Database\Textures\Textures\pippin_RVHtexture010.tif,0.2359309196472168,0.23768159747123718,0.0017506778240203857,0.0017506778240203857,0.0,1.52587890625e-05,4.0946852325771905,265,
C:\Users\Hamada.MSI\Desktop\Hamada\lab\data\raw\images\McGill Calibrated Color Image Database\Textures\Textures\merry_mtl07_025.tif,C:\Users\Hamada.MSI\Desktop\Hamada\lab\data\raw\images\McGill Calibrated Color Image Database\Textures\Textures\pippin_jtalon0016.tif,0.5459394454956055,0.5441932082176208,-0.0017462372779846191,0.0017462372779846191,0.0,0.0,4.0946852325771905,265,
C:\Users\Hamada.MSI\Desktop\Hamada\lab\data\raw\images\McGill Calibrated Color Image Database\Textures\Textures\merry_mtl07_008.tif,C:\Users\Hamada.MSI\Desktop\Hamada\lab\data\raw\images\McGill Calibrated Color Image Database\Textures\Textures\merry_mexico0067.tif,0.4317358732223511,0.43347564339637756,0.0017397701740264893,0.0017397701740264893,0.0,0.0,4.0946852325771905,265,
C:\Users\Hamada.MSI\Desktop\Hamada\lab\data\raw\images\McGill Calibrated Color Image Database\Textures\Textures\merry_mtl07_025.tif,C:\Users\Hamada.MSI\Desktop\Hamada\lab\data\raw\images\McGill Calibrated Color Image Database\Textures\Textures\pippin0226.tif,0.5001537799835205,0.5018836259841919,0.0017298460006713867,0.0017298460006713867,0.0,0.0,4.0946852325771905,265,
C:\Users\Hamada.MSI\Desktop\Hamada\lab\data\raw\images\McGill Calibrated Color Image Database\Textures\Textures\merry_mtl07_025.tif,C:\Users\Hamada.MSI\Desktop\Hamada\lab\data\raw\images\McGill Calibrated Color Image Database\Textures\Textures\pippin_UniStrt005.tif,0.5100097060203552,0.5082879662513733,-0.0017217397689819336,0.0017217397689819336,0.0,0.0,4.0946852325771905,265,
C:\Users\Hamada.MSI\Desktop\Hamada\lab\data\raw\images\McGill Calibrated Color Image Database\Textures\Textures\merry_mexico0154.tif,C:\Users\Hamada.MSI\Desktop\Hamada\lab\data\raw\images\McGill Calibrated Color Image Database\Textures\Textures\merry_win07_009.tif,0.44042539596557617,0.4387093782424927,-0.001716017723083496,0.001716017723083496,0.0,0.0,4.0946852325771905,265,
C:\Users\Hamada.MSI\Desktop\Hamada\lab\data\raw\images\McGill Calibrated Color Image Database\Textures\Textures\merry_mtl07_005.tif,C:\Users\Hamada.MSI\Desktop\Hamada\lab\data\raw\images\McGill Calibrated Color Image Database\Textures\Textures\pippin_RVHtexture004.tif,0.1450219601392746,0.14671358466148376,0.0016916245222091675,0.0016916245222091675,0.0,1.52587890625e-05,4.0946852325771905,265,
C:\Users\Hamada.MSI\Desktop\Hamada\lab\data\raw\images\McGill Calibrated Color Image Database\Textures\Textures\merry_mexico0154.tif,C:\Users\Hamada.MSI\Desktop\Hamada\lab\data\raw\images\McGill Calibrated Color Image Database\Textures\Textures\pippin0226.tif,0.3684261441230774,0.3667517602443695,-0.0016743838787078857,0.0016743838787078857,0.0,0.0,4.0946852325771905,265,
C:\Users\Hamada.MSI\Desktop\Hamada\lab\data\raw\images\McGill Calibrated Color Image Database\Textures\Textures\pippin_adirondacks0025.tif,C:\Users\Hamada.MSI\Desktop\Hamada\lab\data\raw\images\McGill Calibrated Color Image Database\Textures\Textures\pippin_ParcSafari005.tif,0.4590975344181061,0.4574267566204071,-0.0016707777976989746,0.0016707777976989746,0.0,0.0,4.0946852325771905,265,
C:\Users\Hamada.MSI\Desktop\Hamada\lab\data\raw\images\McGill Calibrated Color Image Database\Textures\Textures\pippin_UniStrt024.tif,C:\Users\Hamada.MSI\Desktop\Hamada\lab\data\raw\images\McGill Calibrated Color Image Database\Textures\Textures\merry_mtl07_021.tif,0.5517067909240723,0.5500560998916626,-0.001650691032409668,0.001650691032409668,0.0,0.0,4.0946852325771905,265,
C:\Users\Hamada.MSI\Desktop\Hamada\lab\data\raw\images\McGill Calibrated Color Image Database\Textures\Textures\pippin_adirondacks0025.tif,C:\Users\Hamada.MSI\Desktop\Hamada\lab\data\raw\images\McGill Calibrated Color Image Database\Textures\Textures\merry_mtl07_021.tif,0.43591994047164917,0.43427354097366333,-0.0016463994979858398,0.0016463994979858398,0.0,0.0,4.0946852325771905,265,
C:\Users\Hamada.MSI\Desktop\Hamada\lab\data\raw\images\McGill Calibrated Color Image Database\Textures\Textures\merry_mtl07_034.tif,C:\Users\Hamada.MSI\Desktop\Hamada\lab\data\raw\images\McGill Calibrated Color Image Database\Textures\Textures\merry_mtl07_041.tif,0.3028448224067688,0.3011992573738098,-0.0016455650329589844,0.0016455650329589844,0.0,1.1444091796875e-05,4.0946852325771905,265,
C:\Users\Hamada.MSI\Desktop\Hamada\lab\data\raw\images\McGill Calibrated Color Image Database\Textures\Textures\merry_mexico0219.tif,C:\Users\Hamada.MSI\Desktop\Hamada\lab\data\raw\images\McGill Calibrated Color Image Database\Textures\Textures\pippin_park0058.tif,0.14189785718917847,0.14025498926639557,-0.001642867922782898,0.001642867922782898,0.0,0.0,4.0946852325771905,265,
C:\Users\Hamada.MSI\Desktop\Hamada\lab\data\raw\images\McGill Calibrated Color Image Database\Textures\Textures\merry_mexico0121.tif,C:\Users\Hamada.MSI\Desktop\Hamada\lab\data\raw\images\McGill Calibrated Color Image Database\Textures\Textures\merry_mexico0219.tif,0.48608025908470154,0.487722247838974,0.001641988754272461,0.001641988754272461,0.0,0.0,4.0946852325771905,265,
C:\Users\Hamada.MSI\Desktop\Hamada\lab\data\raw\images\McGill Calibrated Color Image Database\Textures\Textures\merry_mexico0118.tif,C:\Users\Hamada.MSI\Desktop\Hamada\lab\data\raw\images\McGill Calibrated Color Image Database\Textures\Textures\pippin_UniStrt010.tif,0.42326927185058594,0.42162808775901794,-0.0016411840915679932,0.0016411840915679932,0.0,0.0,4.0946852325771905,265,
C:\Users\Hamada.MSI\Desktop\Hamada\lab\data\raw\images\McGill Calibrated Color Image Database\Textures\Textures\merry_mtl07_005.tif,C:\Users\Hamada.MSI\Desktop\Hamada\lab\data\raw\images\McGill Calibrated Color Image Database\Textures\Textures\pippin_RVHtexture021.tif,0.21783053874969482,0.2161942571401596,-0.0016362816095352173,0.0016362816095352173,0.0,1.52587890625e-05,4.0946852325771905,265,
C:\Users\Hamada.MSI\Desktop\Hamada\lab\data\raw\images\McGill Calibrated Color Image Database\Textures\Textures\pippin_RVHtexture023.tif,C:\Users\Hamada.MSI\Desktop\Hamada\lab\data\raw\images\McGill Calibrated Color Image Database\Textures\Textures\pippin_RVHtexture009.tif,0.3412151634693146,0.34285011887550354,0.0016349554061889648,0.0016349554061889648,0.0,0.0,4.0946852325771905,265,
C:\Users\Hamada.MSI\Desktop\Hamada\lab\data\raw\images\McGill Calibrated Color Image Database\Textures\Textures\merry_mexico0118.tif,C:\Users\Hamada.MSI\Desktop\Hamada\lab\data\raw\images\McGill Calibrated Color Image Database\Textures\Textures\pippin_RS_YachtClub007.tif,0.4402095675468445,0.4385829567909241,-0.0016266107559204102,0.0016266107559204102,0.0,0.0,4.0946852325771905,265,
C:\Users\Hamada.MSI\Desktop\Hamada\lab\data\raw\images\McGill Calibrated Color Image Database\Textures\Textures\merry_mexico0219.tif,C:\Users\Hamada.MSI\Desktop\Hamada\lab\data\raw\images\McGill Calibrated Color Image Database\Textures\Textures\pippin_Peel065.tif,0.12521272897720337,0.12358755618333817,-0.0016251727938652039,0.0016251727938652039,0.0,0.0,4.0946852325771905,265,
C:\Users\Hamada.MSI\Desktop\Hamada\lab\data\raw\images\McGill Calibrated Color Image Database\Textures\Textures\pippin_RVHtexture023.tif,C:\Users\Hamada.MSI\Desktop\Hamada\lab\data\raw\images\McGill Calibrated Color Image Database\Textures\Textures\merry_mtl07_008.tif,0.3379760980606079,0.33635151386260986,-0.0016245841979980469,0.0016245841979980469,2.6702880859375e-05,0.0,4.0946852325771905,265,
C:\Users\Hamada.MSI\Desktop\Hamada\lab\data\raw\images\McGill Calibrated Color Image Database\Textures\Textures\merry_mtl07_025.tif,C:\Users\Hamada.MSI\Desktop\Hamada\lab\data\raw\images\McGill Calibrated Color Image Database\Textures\Textures\pippin_UniStrt028.tif,0.5010225176811218,0.5026403069496155,0.0016177892684936523,0.0016177892684936523,0.0,0.0,4.0946852325771905,265,
C:\Users\Hamada.MSI\Desktop\Hamada\lab\data\raw\images\McGill Calibrated Color Image Database\Textures\Textures\merry_mexico0219.tif,C:\Users\Hamada.MSI\Desktop\Hamada\lab\data\raw\images\McGill Calibrated Color Image Database\Textures\Textures\pippin0226.tif,0.17950347065925598,0.17789563536643982,-0.0016078352928161621,0.0016078352928161621,0.0,0.0,4.0946852325771905,265,
C:\Users\Hamada.MSI\Desktop\Hamada\lab\data\raw\images\McGill Calibrated Color Image Database\Textures\Textures\pippin_RVHtexture023.tif,C:\Users\Hamada.MSI\Desktop\Hamada\lab\data\raw\images\McGill Calibrated Color Image Database\Textures\Textures\pippin_RVHtexture003.tif,0.35438036918640137,0.35597550868988037,0.001595139503479004,0.001595139503479004,0.0,0.0,4.0946852325771905,265,
C:\Users\Hamada.MSI\Desktop\Hamada\lab\data\raw\images\McGill Calibrated Color Image Database\Textures\Textures\pippin_adirondacks0025.tif,C:\Users\Hamada.MSI\Desktop\Hamada\lab\data\raw\images\McGill Calibrated Color Image Database\Textures\Textures\pippin_Peel096.tif,0.40362194180488586,0.40202754735946655,-0.0015943944454193115,0.0015943944454193115,0.0,0.0,4.0946852325771905,265,
C:\Users\Hamada.MSI\Desktop\Hamada\lab\data\raw\images\McGill Calibrated Color Image Database\Textures\Textures\pippin_park0035.tif,C:\Users\Hamada.MSI\Desktop\Hamada\lab\data\raw\images\McGill Calibrated Color Image Database\Textures\Textures\pippin_Peel096.tif,0.40935200452804565,0.40776121616363525,-0.0015907883644104004,0.0015907883644104004,0.0,0.0,4.0946852325771905,265,
C:\Users\Hamada.MSI\Desktop\Hamada\lab\data\raw\images\McGill Calibrated Color Image Database\Textures\Textures\merry_mtl07_034.tif,C:\Users\Hamada.MSI\Desktop\Hamada\lab\data\raw\images\McGill Calibrated Color Image Database\Textures\Textures\pippin_park0043.tif,0.2952377200126648,0.2936524450778961,-0.0015852749347686768,0.0015852749347686768,0.0,1.1444091796875e-05,4.0946852325771905,265,
C:\Users\Hamada.MSI\Desktop\Hamada\lab\data\raw\images\McGill Calibrated Color Image Database\Textures\Textures\merry_mexico0118.tif,C:\Users\Hamada.MSI\Desktop\Hamada\lab\data\raw\images\McGill Calibrated Color Image Database\Textures\Textures\pippin_RVHtexture004.tif,0.23466116189956665,0.23307612538337708,-0.0015850365161895752,0.0015850365161895752,0.0,0.0,4.0946852325771905,265,
C:\Users\Hamada.MSI\Desktop\Hamada\lab\data\raw\images\McGill Calibrated Color Image Database\Textures\Textures\merry_mexico0154.tif,C:\Users\Hamada.MSI\Desktop\Hamada\lab\data\raw\images\McGill Calibrated Color Image Database\Textures\Textures\pippin_RS_YachtClub055.tif,0.34863412380218506,0.34706711769104004,-0.0015670061111450195,0.0015670061111450195,0.0,0.0,4.0946852325771905,265,
C:\Users\Hamada.MSI\Desktop\Hamada\lab\data\raw\images\McGill Calibrated Color Image Database\Textures\Textures\merry_mexico0219.tif,C:\Users\Hamada.MSI\Desktop\Hamada\lab\data\raw\images\McGill Calibrated Color Image Database\Textures\Textures\pippin_UniStrt028.tif,0.13526415824890137,0.13683108985424042,0.0015669316053390503,0.0015669316053390503,0.0,0.0,4.0946852325771905,265,
C:\Users\Hamada.MSI\Desktop\Hamada\lab\data\raw\images\McGill Calibrated Color Image Database\Textures\Textures\merry_mexico0219.tif,C:\Users\Hamada.MSI\Desktop\Hamada\lab\data\raw\images\McGill Calibrated Color Image Database\Textures\Textures\pippin_RVHtexture026.tif,0.1533469706773758,0.15179744362831116,-0.0015495270490646362,0.0015495270490646362,0.0,0.0,4.0946852325771905,265,
C:\Users\Hamada.MSI\Desktop\Hamada\lab\data\raw\images\McGill Calibrated Color Image Database\Textures\Textures\merry_mtl07_034.tif,C:\Users\Hamada.MSI\Desktop\Hamada\lab\data\raw\images\McGill Calibrated Color Image Database\Textures\Textures\pippin_Peel071.tif,0.22710275650024414,0.2255547046661377,-0.0015480518341064453,0.0015480518341064453,0.0,1.1444091796875e-05,4.0946852325771905,265,
C:\Users\Hamada.MSI\Desktop\Hamada\lab\data\raw\images\McGill Calibrated Color Image Database\Textures\Textures\merry_mexico0219.tif,C:\Users\Hamada.MSI\Desktop\Hamada\lab\data\raw\images\McGill Calibrated Color Image Database\Textures\Textures\merry_mexico0121.tif,0.144013449549675,0.1424671709537506,-0.0015462785959243774,0.0015462785959243774,0.0,0.0,4.0946852325771905,265,
C:\Users\Hamada.MSI\Desktop\Hamada\lab\data\raw\images\McGill Calibrated Color Image Database\Textures\Textures\pippin_Mex07_011.tif,C:\Users\Hamada.MSI\Desktop\Hamada\lab\data\raw\images\McGill Calibrated Color Image Database\Textures\Textures\merry_mexico0219.tif,0.5318500995635986,0.5303144454956055,-0.001535654067993164,0.001535654067993164,0.0,3.814697265625e-06,4.0946852325771905,265,
C:\Users\Hamada.MSI\Desktop\Hamada\lab\data\raw\images\McGill Calibrated Color Image Database\Textures\Textures\merry_mtl07_005.tif,C:\Users\Hamada.MSI\Desktop\Hamada\lab\data\raw\images\McGill Calibrated Color Image Database\Textures\Textures\pippin_Peel097.tif,0.4139057993888855,0.4123726189136505,-0.0015331804752349854,0.0015331804752349854,0.01930999755859375,0.015239715576171875,4.0946852325771905,265,
C:\Users\Hamada.MSI\Desktop\Hamada\lab\data\raw\images\McGill Calibrated Color Image Database\Textures\Textures\merry_mtl07_025.tif,C:\Users\Hamada.MSI\Desktop\Hamada\lab\data\raw\images\McGill Calibrated Color Image Database\Textures\Textures\merry_flor0019.tif,0.5052438974380493,0.5037301778793335,-0.0015137195587158203,0.0015137195587158203,0.0,0.0,4.0946852325771905,265,
C:\Users\Hamada.MSI\Desktop\Hamada\lab\data\raw\images\McGill Calibrated Color Image Database\Textures\Textures\pippin_UniStrt024.tif,C:\Users\Hamada.MSI\Desktop\Hamada\lab\data\raw\images\McGill Calibrated Color Image Database\Textures\Textures\pippin_RVHtexture025.tif,0.4355660080909729,0.4370746314525604,0.0015086233615875244,0.0015086233615875244,0.000911712646484375,0.00066375732421875,4.0946852325771905,265,
C:\Users\Hamada.MSI\Desktop\Hamada\lab\data\raw\images\McGill Calibrated Color Image Database\Textures\Textures\pippin_RVHtexture023.tif,C:\Users\Hamada.MSI\Desktop\Hamada\lab\data\raw\images\McGill Calibrated Color Image Database\Textures\Textures\pippin_UniStrt005.tif,0.3265891671180725,0.328097403049469,0.0015082359313964844,0.0015082359313964844,0.0,0.0,4.0946852325771905,265,
C:\Users\Hamada.MSI\Desktop\Hamada\lab\data\raw\images\McGill Calibrated Color Image Database\Textures\Textures\merry_mexico0154.tif,C:\Users\Hamada.MSI\Desktop\Hamada\lab\data\raw\images\McGill Calibrated Color Image Database\Textures\Textures\pippin_Peel013.tif,0.335970938205719,0.3344631791114807,-0.0015077590942382812,0.0015077590942382812,0.0,0.0,4.0946852325771905,265,
C:\Users\Hamada.MSI\Desktop\Hamada\lab\data\raw\images\McGill Calibrated Color Image Database\Textures\Textures\merry_mexico0154.tif,C:\Users\Hamada.MSI\Desktop\Hamada\lab\data\raw\images\McGill Calibrated Color Image Database\Textures\Textures\merry_mtl07_023.tif,0.2664661407470703,0.26797252893447876,0.0015063881874084473,0.0015063881874084473,3.814697265625e-06,0.0,4.0946852325771905,265,
C:\Users\Hamada.MSI\Desktop\Hamada\lab\data\raw\images\McGill Calibrated Color Image Database\Textures\Textures\merry_mexico0219.tif,C:\Users\Hamada.MSI\Desktop\Hamada\lab\data\raw\images\McGill Calibrated Color Image Database\Textures\Textures\pippin_park0019.tif,0.11983843147754669,0.11833779513835907,-0.001500636339187622,0.001500636339187622,0.0,0.0,4.0946852325771905,265,
C:\Users\Hamada.MSI\Desktop\Hamada\lab\data\raw\images\McGill Calibrated Color Image Database\Textures\Textures\merry_mexico0118.tif,C:\Users\Hamada.MSI\Desktop\Hamada\lab\data\raw\images\McGill Calibrated Color Image Database\Textures\Textures\merry_mexico0219.tif,0.5269460082054138,0.5254484415054321,-0.0014975666999816895,0.0014975666999816895,0.0,0.0,4.0946852325771905,265,
C:\Users\Hamada.MSI\Desktop\Hamada\lab\data\raw\images\McGill Calibrated Color Image Database\Textures\Textures\merry_mexico0219.tif,C:\Users\Hamada.MSI\Desktop\Hamada\lab\data\raw\images\McGill Calibrated Color Image Database\Textures\Textures\pippin0224.tif,0.16431820392608643,0.16283202171325684,-0.0014861822128295898,0.0014861822128295898,0.0,0.0,4.0946852325771905,265,
C:\Users\Hamada.MSI\Desktop\Hamada\lab\data\raw\images\McGill Calibrated Color Image Database\Textures\Textures\pippin_UniStrt024.tif,C:\Users\Hamada.MSI\Desktop\Hamada\lab\data\raw\images\McGill Calibrated Color Image Database\Textures\Textures\pippin_park0044.tif,0.5579049587249756,0.5593901872634888,0.0014852285385131836,0.0014852285385131836,0.00090789794921875,0.00193023681640625,4.0946852325771905,265,
C:\Users\Hamada.MSI\Desktop\Hamada\lab\data\raw\images\McGill Calibrated Color Image Database\Textures\Textures\merry_mtl07_008.tif,C:\Users\Hamada.MSI\Desktop\Hamada\lab\data\raw\images\McGill Calibrated Color Image Database\Textures\Textures\pippin_RS_YachtClub023.tif,0.41008538007736206,0.41156136989593506,0.001475989818572998,0.001475989818572998,0.0,0.0,4.0946852325771905,265,
C:\Users\Hamada.MSI\Desktop\Hamada\lab\data\raw\images\McGill Calibrated Color Image Database\Textures\Textures\merry_mtl07_005.tif,C:\Users\Hamada.MSI\Desktop\Hamada\lab\data\raw\images\McGill Calibrated Color Image Database\Textures\Textures\pippin_UniStrt022.tif,0.3922181725502014,0.3907545804977417,-0.0014635920524597168,0.0014635920524597168,0.0,1.52587890625e-05,4.0946852325771905,265,
C:\Users\Hamada.MSI\Desktop\Hamada\lab\data\raw\images\McGill Calibrated Color Image Database\Textures\Textures\pippin_Mex07_011.tif,C:\Users\Hamada.MSI\Desktop\Hamada\lab\data\raw\images\McGill Calibrated Color Image Database\Textures\Textures\pippin_RVHtexture007.tif,0.38067626953125,0.37921562790870667,-0.001460641622543335,0.001460641622543335,0.0,3.814697265625e-06,4.0946852325771905,265,
C:\Users\Hamada.MSI\Desktop\Hamada\lab\data\raw\images\McGill Calibrated Color Image Database\Textures\Textures\pippin_park0035.tif,C:\Users\Hamada.MSI\Desktop\Hamada\lab\data\raw\images\McGill Calibrated Color Image Database\Textures\Textures\pippin_Peel071.tif,0.3205091059207916,0.31905102729797363,-0.0014580786228179932,0.0014580786228179932,0.0,0.0,4.0946852325771905,265,
C:\Users\Hamada.MSI\Desktop\Hamada\lab\data\raw\images\McGill Calibrated Color Image Database\Textures\Textures\merry_mexico0154.tif,C:\Users\Hamada.MSI\Desktop\Hamada\lab\data\raw\images\McGill Calibrated Color Image Database\Textures\Textures\pippin_UniStrt028.tif,0.3573558032512665,0.3558988571166992,-0.0014569461345672607,0.0014569461345672607,0.0,0.0,4.0946852325771905,265,
C:\Users\Hamada.MSI\Desktop\Hamada\lab\data\raw\images\McGill Calibrated Color Image Database\Textures\Textures\merry_mexico0118.tif,C:\Users\Hamada.MSI\Desktop\Hamada\lab\data\raw\images\McGill Calibrated Color Image Database\Textures\Textures\pippin_UniStrt020.tif,0.4029330015182495,0.401485800743103,-0.0014472007751464844,0.0014472007751464844,0.0,0.0,4.0946852325771905,265,
C:\Users\Hamada.MSI\Desktop\Hamada\lab\data\raw\images\McGill Calibrated Color Image Database\Textures\Textures\pippin_park0035.tif,C:\Users\Hamada.MSI\Desktop\Hamada\lab\data\raw\images\McGill Calibrated Color Image Database\Textures\Textures\pippin_Peel013.tif,0.3896068036556244,0.39105045795440674,0.0014436542987823486,0.0014436542987823486,0.0,0.0,4.0946852325771905,265,
C:\Users\Hamada.MSI\Desktop\Hamada\lab\data\raw\images\McGill Calibrated Color Image Database\Textures\Textures\merry_mexico0121.tif,C:\Users\Hamada.MSI\Desktop\Hamada\lab\data\raw\images\McGill Calibrated Color Image Database\Textures\Textures\pippin_RVHtexture011.tif,0.4195460081100464,0.42098018527030945,0.0014341771602630615,0.0014341771602630615,0.0,0.0,4.0946852325771905,265,
C:\Users\Hamada.MSI\Desktop\Hamada\lab\data\raw\images\McGill Calibrated Color Image Database\Textures\Textures\pippin_Mex07_011.tif,C:\Users\Hamada.MSI\Desktop\Hamada\lab\data\raw\images\McGill Calibrated Color Image Database\Textures\Textures\pippin_UniStrt028.tif,0.40006929636001587,0.3986387848854065,-0.001430511474609375,0.001430511474609375,0.0,3.814697265625e-06,4.0946852325771905,265,
C:\Users\Hamada.MSI\Desktop\Hamada\lab\data\raw\images\McGill Calibrated Color Image Database\Textures\Textures\merry_mtl07_008.tif,C:\Users\Hamada.MSI\Desktop\Hamada\lab\data\raw\images\McGill Calibrated Color Image Database\Textures\Textures\pippin_UniStrt020.tif,0.4029468595981598,0.40151894092559814,-0.0014279186725616455,0.0014279186725616455,0.0,0.0,4.0946852325771905,265,
C:\Users\Hamada.MSI\Desktop\Hamada\lab\data\raw\images\McGill Calibrated Color Image Database\Textures\Textures\pippin_UniStrt024.tif,C:\Users\Hamada.MSI\Desktop\Hamada\lab\data\raw\images\McGill Calibrated Color Image Database\Textures\Textures\pippin_Peel097.tif,0.49680399894714355,0.4953817129135132,-0.001422286033630371,0.001422286033630371,0.002704620361328125,0.0032958984375,4.0946852325771905,265,
C:\Users\Hamada.MSI\Desktop\Hamada\lab\data\raw\images\McGill Calibrated Color Image Database\Textures\Textures\pippin_park0035.tif,C:\Users\Hamada.MSI\Desktop\Hamada\lab\data\raw\images\McGill Calibrated Color Image Database\Textures\Textures\merry_mtl07_005.tif,0.5339189171791077,0.5325036644935608,-0.001415252685546875,0.001415252685546875,0.0,1.9073486328125e-05,4.0946852325771905,265,
C:\Users\Hamada.MSI\Desktop\Hamada\lab\data\raw\images\McGill Calibrated Color Image Database\Textures\Textures\merry_mexico0118.tif,C:\Users\Hamada.MSI\Desktop\Hamada\lab\data\raw\images\McGill Calibrated Color Image Database\Textures\Textures\pippin_RS_YachtClub023.tif,0.39876216650009155,0.3973469138145447,-0.001415252685546875,0.001415252685546875,0.0,0.0,4.0946852325771905,265,
C:\Users\Hamada.MSI\Desktop\Hamada\lab\data\raw\images\McGill Calibrated Color Image Database\Textures\Textures\merry_mtl07_005.tif,C:\Users\Hamada.MSI\Desktop\Hamada\lab\data\raw\images\McGill Calibrated Color Image Database\Textures\Textures\pippin_Mex07_011.tif,0.3305357098579407,0.32912611961364746,-0.0014095902442932129,0.0014095902442932129,0.000209808349609375,0.0002593994140625,4.0946852325771905,265,
C:\Users\Hamada.MSI\Desktop\Hamada\lab\data\raw\images\McGill Calibrated Color Image Database\Textures\Textures\merry_mexico0121.tif,C:\Users\Hamada.MSI\Desktop\Hamada\lab\data\raw\images\McGill Calibrated Color Image Database\Textures\Textures\merry_mtl07_005.tif,0.4616166353225708,0.4602135419845581,-0.0014030933380126953,0.0014030933380126953,0.0,0.0,4.0946852325771905,265,
C:\Users\Hamada.MSI\Desktop\Hamada\lab\data\raw\images\McGill Calibrated Color Image Database\Textures\Textures\merry_mexico0154.tif,C:\Users\Hamada.MSI\Desktop\Hamada\lab\data\raw\images\McGill Calibrated Color Image Database\Textures\Textures\pippin_RVHtexture024.tif,0.2829025089740753,0.2842981219291687,0.0013956129550933838,0.0013956129550933838,7.62939453125e-06,1.9073486328125e-05,4.0946852325771905,265,
C:\Users\Hamada.MSI\Desktop\Hamada\lab\data\raw\images\McGill Calibrated Color Image Database\Textures\Textures\merry_mtl07_008.tif,C:\Users\Hamada.MSI\Desktop\Hamada\lab\data\raw\images\McGill Calibrated Color Image Database\Textures\Textures\pippin_UniStrt010.tif,0.4289884567260742,0.42759969830513,-0.0013887584209442139,0.0013887584209442139,0.0,0.0,4.0946852325771905,265,
C:\Users\Hamada.MSI\Desktop\Hamada\lab\data\raw\images\McGill Calibrated Color Image Database\Textures\Textures\merry_mexico0219.tif,C:\Users\Hamada.MSI\Desktop\Hamada\lab\data\raw\images\McGill Calibrated Color Image Database\Textures\Textures\pippin_Peel037.tif,0.12328818440437317,0.1246677115559578,0.0013795271515846252,0.0013795271515846252,0.0,0.0,4.0946852325771905,265,
C:\Users\Hamada.MSI\Desktop\Hamada\lab\data\raw\images\McGill Calibrated Color Image Database\Textures\Textures\pippin_UniStrt024.tif,C:\Users\Hamada.MSI\Desktop\Hamada\lab\data\raw\images\McGill Calibrated Color Image Database\Textures\Textures\merry_mexico0067.tif,0.5463775992393494,0.5477441549301147,0.0013665556907653809,0.0013665556907653809,0.00019073486328125,3.814697265625e-06,4.0946852325771905,265,
C:\Users\Hamada.MSI\Desktop\Hamada\lab\data\raw\images\McGill Calibrated Color Image Database\Textures\Textures\merry_mexico0118.tif,C:\Users\Hamada.MSI\Desktop\Hamada\lab\data\raw\images\McGill Calibrated Color Image Database\Textures\Textures\pippin_UniStrt028.tif,0.40488356351852417,0.4035414457321167,-0.0013421177864074707,0.0013421177864074707,0.0,0.0,4.0946852325771905,265,
C:\Users\Hamada.MSI\Desktop\Hamada\lab\data\raw\images\McGill Calibrated Color Image Database\Textures\Textures\merry_mtl07_008.tif,C:\Users\Hamada.MSI\Desktop\Hamada\lab\data\raw\images\McGill Calibrated Color Image Database\Textures\Textures\merry_mtl07_022.tif,0.43521595001220703,0.4365565776824951,0.001340627670288086,0.001340627670288086,0.0,0.0,4.0946852325771905,265,
C:\Users\Hamada.MSI\Desktop\Hamada\lab\data\raw\images\McGill Calibrated Color Image Database\Textures\Textures\merry_mexico0219.tif,C:\Users\Hamada.MSI\Desktop\Hamada\lab\data\raw\images\McGill Calibrated Color Image Database\Textures\Textures\pippin_RVHtexture004.tif,0.10514912009239197,0.10648834705352783,0.0013392269611358643,0.0013392269611358643,0.0,0.0,4.0946852325771905,265,
C:\Users\Hamada.MSI\Desktop\Hamada\lab\data\raw\images\McGill Calibrated Color Image Database\Textures\Textures\pippin_UniStrt024.tif,C:\Users\Hamada.MSI\Desktop\Hamada\lab\data\raw\images\McGill Calibrated Color Image Database\Textures\Textures\merry_mtl07_008.tif,0.5259225368499756,0.5245856046676636,-0.0013369321823120117,0.0013369321823120117,0.00037384033203125,0.0,4.0946852325771905,265,
C:\Users\Hamada.MSI\Desktop\Hamada\lab\data\raw\images\McGill Calibrated Color Image Database\Textures\Textures\pippin_RVHtexture023.tif,C:\Users\Hamada.MSI\Desktop\Hamada\lab\data\raw\images\McGill Calibrated Color Image Database\Textures\Textures\pippin_Peel071.tif,0.2537112236022949,0.25237834453582764,-0.0013328790664672852,0.0013328790664672852,0.0,0.0,4.0946852325771905,265,
C:\Users\Hamada.MSI\Desktop\Hamada\lab\data\raw\images\McGill Calibrated Color Image Database\Textures\Textures\pippin_UniStrt024.tif,C:\Users\Hamada.MSI\Desktop\Hamada\lab\data\raw\images\McGill Calibrated Color Image Database\Textures\Textures\pippin_ParcSafari005.tif,0.570897102355957,0.5695760250091553,-0.0013210773468017578,0.0013210773468017578,0.0,0.0,4.0946852325771905,265,
C:\Users\Hamada.MSI\Desktop\Hamada\lab\data\raw\images\McGill Calibrated Color Image Database\Textures\Textures\merry_mexico0121.tif,C:\Users\Hamada.MSI\Desktop\Hamada\lab\data\raw\images\McGill Calibrated Color Image Database\Textures\Textures\pippin_RS_YachtClub023.tif,0.34985780715942383,0.34853991866111755,-0.0013178884983062744,0.0013178884983062744,0.0,0.0,4.0946852325771905,265,
C:\Users\Hamada.MSI\Desktop\Hamada\lab\data\raw\images\McGill Calibrated Color Image Database\Textures\Textures\merry_mexico0219.tif,C:\Users\Hamada.MSI\Desktop\Hamada\lab\data\raw\images\McGill Calibrated Color Image Database\Textures\Textures\pippin_park0037.tif,0.1275365650653839,0.12883996963500977,0.0013034045696258545,0.0013034045696258545,0.0,0.0,4.0946852325771905,265,
C:\Users\Hamada.MSI\Desktop\Hamada\lab\data\raw\images\McGill Calibrated Color Image Database\Textures\Textures\merry_mexico0118.tif,C:\Users\Hamada.MSI\Desktop\Hamada\lab\data\raw\images\McGill Calibrated Color Image Database\Textures\Textures\pippin_Mex07_011.tif,0.4290226697921753,0.4303249418735504,0.001302272081375122,0.001302272081375122,0.0,0.0,4.0946852325771905,265,
C:\Users\Hamada.MSI\Desktop\Hamada\lab\data\raw\images\McGill Calibrated Color Image Database\Textures\Textures\merry_mtl07_008.tif,C:\Users\Hamada.MSI\Desktop\Hamada\lab\data\raw\images\McGill Calibrated Color Image Database\Textures\Textures\pippin_RS_YachtClub007.tif,0.4320226311683655,0.4307217597961426,-0.0013008713722229004,0.0013008713722229004,0.0,0.0,4.0946852325771905,265,
C:\Users\Hamada.MSI\Desktop\Hamada\lab\data\raw\images\McGill Calibrated Color Image Database\Textures\Textures\merry_mexico0219.tif,C:\Users\Hamada.MSI\Desktop\Hamada\lab\data\raw\images\McGill Calibrated Color Image Database\Textures\Textures\pippin_RVHtexture007.tif,0.14193931221961975,0.1432373821735382,0.001298069953918457,0.001298069953918457,0.0,0.0,4.0946852325771905,265,
C:\Users\Hamada.MSI\Desktop\Hamada\lab\data\raw\images\McGill Calibrated Color Image Database\Textures\Textures\merry_mexico0219.tif,C:\Users\Hamada.MSI\Desktop\Hamada\lab\data\raw\images\McGill Calibrated Color Image Database\Textures\Textures\pippin_park0044.tif,0.18406251072883606,0.18277129530906677,-0.0012912154197692871,0.0012912154197692871,0.0,0.0,4.0946852325771905,265,
C:\Users\Hamada.MSI\Desktop\Hamada\lab\data\raw\images\McGill Calibrated Color Image Database\Textures\Textures\merry_mexico0154.tif,C:\Users\Hamada.MSI\Desktop\Hamada\lab\data\raw\images\McGill Calibrated Color Image Database\Textures\Textures\pippin_RVHtexture025.tif,0.2545197010040283,0.2558070421218872,0.0012873411178588867,0.0012873411178588867,1.9073486328125e-05,3.814697265625e-06,4.0946852325771905,265,
C:\Users\Hamada.MSI\Desktop\Hamada\lab\data\raw\images\McGill Calibrated Color Image Database\Textures\Textures\merry_mtl07_005.tif,C:\Users\Hamada.MSI\Desktop\Hamada\lab\data\raw\images\McGill Calibrated Color Image Database\Textures\Textures\pippin_Peel095.tif,0.27828165888786316,0.27699583768844604,-0.0012858211994171143,0.0012858211994171143,0.0,1.52587890625e-05,4.0946852325771905,265,
C:\Users\Hamada.MSI\Desktop\Hamada\lab\data\raw\images\McGill Calibrated Color Image Database\Textures\Textures\merry_mexico0154.tif,C:\Users\Hamada.MSI\Desktop\Hamada\lab\data\raw\images\McGill Calibrated Color Image Database\Textures\Textures\merry_mtl07_022.tif,0.39081135392189026,0.38952815532684326,-0.001283198595046997,0.001283198595046997,0.0,0.0,4.0946852325771905,265,
C:\Users\Hamada.MSI\Desktop\Hamada\lab\data\raw\images\McGill Calibrated Color Image Database\Textures\Textures\pippin_park0035.tif,C:\Users\Hamada.MSI\Desktop\Hamada\lab\data\raw\images\McGill Calibrated Color Image Database\Textures\Textures\pippin_jtalon0016.tif,0.45883411169052124,0.4601133167743683,0.001279205083847046,0.001279205083847046,0.0,0.0,4.0946852325771905,265,
C:\Users\Hamada.MSI\Desktop\Hamada\lab\data\raw\images\McGill Calibrated Color Image Database\Textures\Textures\merry_mexico0219.tif,C:\Users\Hamada.MSI\Desktop\Hamada\lab\data\raw\images\McGill Calibrated Color Image Database\Textures\Textures\pippin_UniStrt022.tif,0.21424993872642517,0.2155245840549469,0.0012746453285217285,0.0012746453285217285,0.0,0.0,4.0946852325771905,265,
C:\Users\Hamada.MSI\Desktop\Hamada\lab\data\raw\images\McGill Calibrated Color Image Database\Textures\Textures\merry_mexico0154.tif,C:\Users\Hamada.MSI\Desktop\Hamada\lab\data\raw\images\McGill Calibrated Color Image Database\Textures\Textures\pippin_ParcSafari050.tif,0.3437620997428894,0.34249013662338257,-0.001271963119506836,0.001271963119506836,0.0,0.0,4.0946852325771905,265,
C:\Users\Hamada.MSI\Desktop\Hamada\lab\data\raw\images\McGill Calibrated Color Image Database\Textures\Textures\pippin_RVHtexture023.tif,C:\Users\Hamada.MSI\Desktop\Hamada\lab\data\raw\images\McGill Calibrated Color Image Database\Textures\Textures\merry_italy0171.tif,0.39816588163375854,0.39943742752075195,0.0012715458869934082,0.0012715458869934082,0.0,0.0,4.0946852325771905,265,
C:\Users\Hamada.MSI\Desktop\Hamada\lab\data\raw\images\McGill Calibrated Color Image Database\Textures\Textures\merry_mexico0121.tif,C:\Users\Hamada.MSI\Desktop\Hamada\lab\data\raw\images\McGill Calibrated Color Image Database\Textures\Textures\merry_mexico0118.tif,0.33494216203689575,0.3362051546573639,0.0012629926204681396,0.0012629926204681396,0.0,0.0,4.0946852325771905,265,
C:\Users\Hamada.MSI\Desktop\Hamada\lab\data\raw\images\McGill Calibrated Color Image Database\Textures\Textures\pippin_RVHtexture023.tif,C:\Users\Hamada.MSI\Desktop\Hamada\lab\data\raw\images\McGill Calibrated Color Image Database\Textures\Textures\merry_mtl07_005.tif,0.4154126048088074,0.41415682435035706,-0.0012557804584503174,0.0012557804584503174,0.0,3.814697265625e-06,4.0946852325771905,265,
C:\Users\Hamada.MSI\Desktop\Hamada\lab\data\raw\images\McGill Calibrated Color Image Database\Textures\Textures\merry_mexico0154.tif,C:\Users\Hamada.MSI\Desktop\Hamada\lab\data\raw\images\McGill Calibrated Color Image Database\Textures\Textures\pippin_RVHtexture011.tif,0.4176575243473053,0.4188992381095886,0.0012417137622833252,0.0012417137622833252,0.0,0.0,4.0946852325771905,265,
C:\Users\Hamada.MSI\Desktop\Hamada\lab\data\raw\images\McGill Calibrated Color Image Database\Textures\Textures\merry_mexico0219.tif,C:\Users\Hamada.MSI\Desktop\Hamada\lab\data\raw\images\McGill Calibrated Color Image Database\Textures\Textures\pippin_park0042.tif,0.2194090485572815,0.22064635157585144,0.0012373030185699463,0.0012373030185699463,0.0,0.0,4.0946852325771905,265,
C:\Users\Hamada.MSI\Desktop\Hamada\lab\data\raw\images\McGill Calibrated Color Image Database\Textures\Textures\merry_mtl07_034.tif,C:\Users\Hamada.MSI\Desktop\Hamada\lab\data\raw\images\McGill Calibrated Color Image Database\Textures\Textures\pippin_jtalon0016.tif,0.3072693347930908,0.30849313735961914,0.0012238025665283203,0.0012238025665283203,0.0,1.1444091796875e-05,4.0946852325771905,265,
C:\Users\Hamada.MSI\Desktop\Hamada\lab\data\raw\images\McGill Calibrated Color Image Database\Textures\Textures\merry_mexico0154.tif,C:\Users\Hamada.MSI\Desktop\Hamada\lab\data\raw\images\McGill Calibrated Color Image Database\Textures\Textures\pippin_RVHtexture010.tif,0.33701807260513306,0.3357994556427002,-0.0012186169624328613,0.0012186169624328613,0.0,0.0,4.0946852325771905,265,
C:\Users\Hamada.MSI\Desktop\Hamada\lab\data\raw\images\McGill Calibrated Color Image Database\Textures\Textures\pippin_RVHtexture023.tif,C:\Users\Hamada.MSI\Desktop\Hamada\lab\data\raw\images\McGill Calibrated Color Image Database\Textures\Textures\pippin_UniStrt010.tif,0.3415786623954773,0.3403633236885071,-0.0012153387069702148,0.0012153387069702148,0.0,0.0,4.0946852325771905,265,
C:\Users\Hamada.MSI\Desktop\Hamada\lab\data\raw\images\McGill Calibrated Color Image Database\Textures\Textures\merry_mexico0154.tif,C:\Users\Hamada.MSI\Desktop\Hamada\lab\data\raw\images\McGill Calibrated Color Image Database\Textures\Textures\pippin_UniStrt005.tif,0.3638879656791687,0.36507102847099304,0.0011830627918243408,0.0011830627918243408,0.0,0.0,4.0946852325771905,265,
C:\Users\Hamada.MSI\Desktop\Hamada\lab\data\raw\images\McGill Calibrated Color Image Database\Textures\Textures\merry_mtl07_005.tif,C:\Users\Hamada.MSI\Desktop\Hamada\lab\data\raw\images\McGill Calibrated Color Image Database\Textures\Textures\merry_mtl07_021.tif,0.27297407388687134,0.2717919647693634,-0.0011821091175079346,0.0011821091175079346,0.0,1.52587890625e-05,4.0946852325771905,265,
C:\Users\Hamada.MSI\Desktop\Hamada\lab\data\raw\images\McGill Calibrated Color Image Database\Textures\Textures\merry_mtl07_008.tif,C:\Users\Hamada.MSI\Desktop\Hamada\lab\data\raw\images\McGill Calibrated Color Image Database\Textures\Textures\pippin_UniStrt005.tif,0.4184737205505371,0.41729241609573364,-0.0011813044548034668,0.0011813044548034668,0.0,0.0,4.0946852325771905,265,
C:\Users\Hamada.MSI\Desktop\Hamada\lab\data\raw\images\McGill Calibrated Color Image Database\Textures\Textures\pippin_RVHtexture023.tif,C:\Users\Hamada.MSI\Desktop\Hamada\lab\data\raw\images\McGill Calibrated Color Image Database\Textures\Textures\pippin_RVHtexture025.tif,0.23485641181468964,0.23603555560112,0.0011791437864303589,0.0011791437864303589,0.0,7.62939453125e-06,4.0946852325771905,265,
C:\Users\Hamada.MSI\Desktop\Hamada\lab\data\raw\images\McGill Calibrated Color Image Database\Textures\Textures\pippin_adirondacks0025.tif,C:\Users\Hamada.MSI\Desktop\Hamada\lab\data\raw\images\McGill Calibrated Color Image Database\Textures\Textures\pippin_RVHtexture011.tif,0.4601054787635803,0.4589274525642395,-0.0011780261993408203,0.0011780261993408203,0.0,0.0,4.0946852325771905,265,
C:\Users\Hamada.MSI\Desktop\Hamada\lab\data\raw\images\McGill Calibrated Color Image Database\Textures\Textures\pippin_adirondacks0025.tif,C:\Users\Hamada.MSI\Desktop\Hamada\lab\data\raw\images\McGill Calibrated Color Image Database\Textures\Textures\pippin_RVHtexture024.tif,0.33167606592178345,0.33050286769866943,-0.0011731982231140137,0.0011731982231140137,0.000194549560546875,0.0006561279296875,4.0946852325771905,265,
C:\Users\Hamada.MSI\Desktop\Hamada\lab\data\raw\images\McGill Calibrated Color Image Database\Textures\Textures\merry_mexico0121.tif,C:\Users\Hamada.MSI\Desktop\Hamada\lab\data\raw\images\McGill Calibrated Color Image Database\Textures\Textures\pippin_RS_YachtClub030.tif,0.4062279164791107,0.40506511926651,-0.001162797212600708,0.001162797212600708,0.0,0.0,4.0946852325771905,265,
C:\Users\Hamada.MSI\Desktop\Hamada\lab\data\raw\images\McGill Calibrated Color Image Database\Textures\Textures\merry_mexico0219.tif,C:\Users\Hamada.MSI\Desktop\Hamada\lab\data\raw\images\McGill Calibrated Color Image Database\Textures\Textures\pippin_Peel097.tif,0.20183324813842773,0.20068670809268951,-0.0011465400457382202,0.0011465400457382202,0.0,0.0,4.0946852325771905,265,
C:\Users\Hamada.MSI\Desktop\Hamada\lab\data\raw\images\McGill Calibrated Color Image Database\Textures\Textures\merry_mtl07_005.tif,C:\Users\Hamada.MSI\Desktop\Hamada\lab\data\raw\images\McGill Calibrated Color Image Database\Textures\Textures\pippin_RVHtexture020.tif,0.24609631299972534,0.24724173545837402,0.0011454224586486816,0.0011454224586486816,0.0,1.52587890625e-05,4.0946852325771905,265,
C:\Users\Hamada.MSI\Desktop\Hamada\lab\data\raw\images\McGill Calibrated Color Image Database\Textures\Textures\merry_mtl07_008.tif,C:\Users\Hamada.MSI\Desktop\Hamada\lab\data\raw\images\McGill Calibrated Color Image Database\Textures\Textures\merry_mtl07_005.tif,0.4935816824436188,0.49244239926338196,-0.0011392831802368164,0.0011392831802368164,0.0,0.0,4.0946852325771905,265,
C:\Users\Hamada.MSI\Desktop\Hamada\lab\data\raw\images\McGill Calibrated Color Image Database\Textures\Textures\merry_mexico0219.tif,C:\Users\Hamada.MSI\Desktop\Hamada\lab\data\raw\images\McGill Calibrated Color Image Database\Textures\Textures\pippin_Biodome030.tif,0.18173491954803467,0.1805986613035202,-0.0011362582445144653,0.0011362582445144653,0.0,0.0,4.0946852325771905,265,
C:\Users\Hamada.MSI\Desktop\Hamada\lab\data\raw\images\McGill Calibrated Color Image Database\Textures\Textures\merry_mtl07_008.tif,C:\Users\Hamada.MSI\Desktop\Hamada\lab\data\raw\images\McGill Calibrated Color Image Database\Textures\Textures\pippin_RS_YachtClub030.tif,0.4273335635662079,0.4284636974334717,0.001130133867263794,0.001130133867263794,0.0,0.0,4.0946852325771905,265,
C:\Users\Hamada.MSI\Desktop\Hamada\lab\data\raw\images\McGill Calibrated Color Image Database\Textures\Textures\merry_mtl07_034.tif,C:\Users\Hamada.MSI\Desktop\Hamada\lab\data\raw\images\McGill Calibrated Color Image Database\Textures\Textures\pippin_park0042.tif,0.3348042964935303,0.33368009328842163,-0.0011242032051086426,0.0011242032051086426,0.0,1.1444091796875e-05,4.0946852325771905,265,
C:\Users\Hamada.MSI\Desktop\Hamada\lab\data\raw\images\McGill Calibrated Color Image Database\Textures\Textures\merry_mtl07_034.tif,C:\Users\Hamada.MSI\Desktop\Hamada\lab\data\raw\images\McGill Calibrated Color Image Database\Textures\Textures\pippin_UniStrt022.tif,0.3665353059768677,0.3654228448867798,-0.0011124610900878906,0.0011124610900878906,0.0,1.1444091796875e-05,4.0946852325771905,265,
C:\Users\Hamada.MSI\Desktop\Hamada\lab\data\raw\images\McGill Calibrated Color Image Database\Textures\Textures\pippin_park0035.tif,C:\Users\Hamada.MSI\Desktop\Hamada\lab\data\raw\images\McGill Calibrated Color Image Database\Textures\Textures\pippin_RVHtexture009.tif,0.4223030209541321,0.42119094729423523,-0.0011120736598968506,0.0011120736598968506,0.0,0.0,4.0946852325771905,265,
C:\Users\Hamada.MSI\Desktop\Hamada\lab\data\raw\images\McGill Calibrated Color Image Database\Textures\Textures\merry_mexico0219.tif,C:\Users\Hamada.MSI\Desktop\Hamada\lab\data\raw\images\McGill Calibrated Color Image Database\Textures\Textures\pippin_RVHtexture006.tif,0.1285712718963623,0.12967950105667114,0.0011082291603088379,0.0011082291603088379,0.0,0.0,4.0946852325771905,265,
C:\Users\Hamada.MSI\Desktop\Hamada\lab\data\raw\images\McGill Calibrated Color Image Database\Textures\Textures\merry_mtl07_034.tif,C:\Users\Hamada.MSI\Desktop\Hamada\lab\data\raw\images\McGill Calibrated Color Image Database\Textures\Textures\pippin_RVHtexture009.tif,0.2892584800720215,0.2903640568256378,0.001105576753616333,0.001105576753616333,0.0,1.1444091796875e-05,4.0946852325771905,265,
C:\Users\Hamada.MSI\Desktop\Hamada\lab\data\raw\images\McGill Calibrated Color Image Database\Textures\Textures\pippin_RVHtexture023.tif,C:\Users\Hamada.MSI\Desktop\Hamada\lab\data\raw\images\McGill Calibrated Color Image Database\Textures\Textures\pippin_RVHtexture024.tif,0.2543979585170746,0.2533053159713745,-0.0010926425457000732,0.0010926425457000732,0.0,0.0,4.0946852325771905,265,
C:\Users\Hamada.MSI\Desktop\Hamada\lab\data\raw\images\McGill Calibrated Color Image Database\Textures\Textures\merry_mexico0118.tif,C:\Users\Hamada.MSI\Desktop\Hamada\lab\data\raw\images\McGill Calibrated Color Image Database\Textures\Textures\pippin_RVHtexture020.tif,0.384612113237381,0.3835313320159912,-0.0010807812213897705,0.0010807812213897705,0.0,0.0,4.0946852325771905,265,
C:\Users\Hamada.MSI\Desktop\Hamada\lab\data\raw\images\McGill Calibrated Color Image Database\Textures\Textures\pippin_adirondacks0025.tif,C:\Users\Hamada.MSI\Desktop\Hamada\lab\data\raw\images\McGill Calibrated Color Image Database\Textures\Textures\pippin_RVHtexture020.tif,0.3998751640319824,0.3988128900527954,-0.0010622739791870117,0.0010622739791870117,0.0,0.0,4.0946852325771905,265,
C:\Users\Hamada.MSI\Desktop\Hamada\lab\data\raw\images\McGill Calibrated Color Image Database\Textures\Textures\merry_mtl07_005.tif,C:\Users\Hamada.MSI\Desktop\Hamada\lab\data\raw\images\McGill Calibrated Color Image Database\Textures\Textures\pippin_RVHtexture019.tif,0.16888153553009033,0.16994290053844452,0.001061365008354187,0.001061365008354187,0.0,1.52587890625e-05,4.0946852325771905,265,
C:\Users\Hamada.MSI\Desktop\Hamada\lab\data\raw\images\McGill Calibrated Color Image Database\Textures\Textures\merry_mtl07_008.tif,C:\Users\Hamada.MSI\Desktop\Hamada\lab\data\raw\images\McGill Calibrated Color Image Database\Textures\Textures\pippin_Peel097.tif,0.43986976146698,0.43881553411483765,-0.001054227352142334,0.001054227352142334,0.004261016845703125,0.0015869140625,4.0946852325771905,265,
C:\Users\Hamada.MSI\Desktop\Hamada\lab\data\raw\images\McGill Calibrated Color Image Database\Textures\Textures\merry_mexico0121.tif,C:\Users\Hamada.MSI\Desktop\Hamada\lab\data\raw\images\McGill Calibrated Color Image Database\Textures\Textures\pippin_RVHtexture005.tif,0.2796577215194702,0.28070706129074097,0.001049339771270752,0.001049339771270752,0.0,0.0,4.0946852325771905,265,
C:\Users\Hamada.MSI\Desktop\Hamada\lab\data\raw\images\McGill Calibrated Color Image Database\Textures\Textures\pippin_park0035.tif,C:\Users\Hamada.MSI\Desktop\Hamada\lab\data\raw\images\McGill Calibrated Color Image Database\Textures\Textures\pippin_RVHtexture010.tif,0.38737136125564575,0.38632503151893616,-0.0010463297367095947,0.0010463297367095947,0.0,0.0,4.0946852325771905,265,
C:\Users\Hamada.MSI\Desktop\Hamada\lab\data\raw\images\McGill Calibrated Color Image Database\Textures\Textures\merry_mtl07_005.tif,C:\Users\Hamada.MSI\Desktop\Hamada\lab\data\raw\images\McGill Calibrated Color Image Database\Textures\Textures\pippin_RVHtexture007.tif,0.2441745400428772,0.24521151185035706,0.0010369718074798584,0.0010369718074798584,0.0,1.52587890625e-05,4.0946852325771905,265,
C:\Users\Hamada.MSI\Desktop\Hamada\lab\data\raw\images\McGill Calibrated Color Image Database\Textures\Textures\merry_mtl07_025.tif,C:\Users\Hamada.MSI\Desktop\Hamada\lab\data\raw\images\McGill Calibrated Color Image Database\Textures\Textures\pippin_park0042.tif,0.5312447547912598,0.5322810411453247,0.0010362863540649414,0.0010362863540649414,0.0,0.0,4.0946852325771905,265,
C:\Users\Hamada.MSI\Desktop\Hamada\lab\data\raw\images\McGill Calibrated Color Image Database\Textures\Textures\merry_mexico0121.tif,C:\Users\Hamada.MSI\Desktop\Hamada\lab\data\raw\images\McGill Calibrated Color Image Database\Textures\Textures\pippin_UniStrt020.tif,0.3640580177307129,0.3630261719226837,-0.0010318458080291748,0.0010318458080291748,0.0,0.0,4.0946852325771905,265,
C:\Users\Hamada.MSI\Desktop\Hamada\lab\data\raw\images\McGill Calibrated Color Image Database\Textures\Textures\merry_mtl07_025.tif,C:\Users\Hamada.MSI\Desktop\Hamada\lab\data\raw\images\McGill Calibrated Color Image Database\Textures\Textures\pippin0223.tif,0.4975382089614868,0.49854645133018494,0.0010082423686981201,0.0010082423686981201,0.0,0.0,4.0946852325771905,265,
C:\Users\Hamada.MSI\Desktop\Hamada\lab\data\raw\images\McGill Calibrated Color Image Database\Textures\Textures\pippin_Mex07_011.tif,C:\Users\Hamada.MSI\Desktop\Hamada\lab\data\raw\images\McGill Calibrated Color Image Database\Textures\Textures\pippin_RS_YachtClub030.tif,0.4316914677619934,0.4306880235671997,-0.0010034441947937012,0.0010034441947937012,0.0,3.814697265625e-06,4.0946852325771905,265,
C:\Users\Hamada.MSI\Desktop\Hamada\lab\data\raw\images\McGill Calibrated Color Image Database\Textures\Textures\merry_mexico0154.tif,C:\Users\Hamada.MSI\Desktop\Hamada\lab\data\raw\images\McGill Calibrated Color Image Database\Textures\Textures\pippin_park0042.tif,0.4169020652770996,0.41590559482574463,-0.0009964704513549805,0.0009964704513549805,0.0,0.0,4.0946852325771905,265,
C:\Users\Hamada.MSI\Desktop\Hamada\lab\data\raw\images\McGill Calibrated Color Image Database\Textures\Textures\merry_mexico0121.tif,C:\Users\Hamada.MSI\Desktop\Hamada\lab\data\raw\images\McGill Calibrated Color Image Database\Textures\Textures\merry_mexico0123.tif,0.3793661594390869,0.3783821761608124,-0.0009839832782745361,0.0009839832782745361,0.0,0.0,4.0946852325771905,265,
C:\Users\Hamada.MSI\Desktop\Hamada\lab\data\raw\images\McGill Calibrated Color Image Database\Textures\Textures\merry_mexico0219.tif,C:\Users\Hamada.MSI\Desktop\Hamada\lab\data\raw\images\McGill Calibrated Color Image Database\Textures\Textures\merry_mexico0067.tif,0.1393558382987976,0.1403358280658722,0.000979989767074585,0.000979989767074585,0.0,0.0,4.0946852325771905,265,
C:\Users\Hamada.MSI\Desktop\Hamada\lab\data\raw\images\McGill Calibrated Color Image Database\Textures\Textures\merry_mtl07_008.tif,C:\Users\Hamada.MSI\Desktop\Hamada\lab\data\raw\images\McGill Calibrated Color Image Database\Textures\Textures\pippin_RVHtexture024.tif,0.3346129357814789,0.33363717794418335,-0.0009757578372955322,0.0009757578372955322,0.0,0.0,4.0946852325771905,265,
C:\Users\Hamada.MSI\Desktop\Hamada\lab\data\raw\images\McGill Calibrated Color Image Database\Textures\Textures\pippin_Mex07_011.tif,C:\Users\Hamada.MSI\Desktop\Hamada\lab\data\raw\images\McGill Calibrated Color Image Database\Textures\Textures\pippin_RVHtexture009.tif,0.40307432413101196,0.40210509300231934,-0.000969231128692627,0.000969231128692627,0.0,3.814697265625e-06,4.0946852325771905,265,
C:\Users\Hamada.MSI\Desktop\Hamada\lab\data\raw\images\McGill Calibrated Color Image Database\Textures\Textures\pippin_UniStrt024.tif,C:\Users\Hamada.MSI\Desktop\Hamada\lab\data\raw\images\McGill Calibrated Color Image Database\Textures\Textures\pippin_UniStrt010.tif,0.5520627498626709,0.5510938167572021,-0.00096893310546875,0.00096893310546875,0.0,0.0,4.0946852325771905,265,
C:\Users\Hamada.MSI\Desktop\Hamada\lab\data\raw\images\McGill Calibrated Color Image Database\Textures\Textures\merry_mexico0118.tif,C:\Users\Hamada.MSI\Desktop\Hamada\lab\data\raw\images\McGill Calibrated Color Image Database\Textures\Textures\pippin_park0042.tif,0.4465932846069336,0.44563159346580505,-0.00096169114112854,0.00096169114112854,0.0,0.0,4.0946852325771905,265,
C:\Users\Hamada.MSI\Desktop\Hamada\lab\data\raw\images\McGill Calibrated Color Image Database\Textures\Textures\pippin_adirondacks0025.tif,C:\Users\Hamada.MSI\Desktop\Hamada\lab\data\raw\images\McGill Calibrated Color Image Database\Textures\Textures\pippin_UniStrt005.tif,0.4225369095802307,0.4215826094150543,-0.0009543001651763916,0.0009543001651763916,0.0,0.0,4.0946852325771905,265,
C:\Users\Hamada.MSI\Desktop\Hamada\lab\data\raw\images\McGill Calibrated Color Image Database\Textures\Textures\merry_mexico0121.tif,C:\Users\Hamada.MSI\Desktop\Hamada\lab\data\raw\images\McGill Calibrated Color Image Database\Textures\Textures\pippin_park0042.tif,0.4167451858520508,0.4176919758319855,0.0009467899799346924,0.0009467899799346924,0.0,0.0,4.0946852325771905,265,
C:\Users\Hamada.MSI\Desktop\Hamada\lab\data\raw\images\McGill Calibrated Color Image Database\Textures\Textures\merry_mexico0219.tif,C:\Users\Hamada.MSI\Desktop\Hamada\lab\data\raw\images\McGill Calibrated Color Image Database\Textures\Textures\pippin_RVHtexture001.tif,0.12802159786224365,0.12708145380020142,-0.0009401440620422363,0.0009401440620422363,0.0,0.0,4.0946852325771905,265,
C:\Users\Hamada.MSI\Desktop\Hamada\lab\data\raw\images\McGill Calibrated Color Image Database\Textures\Textures\pippin_Mex07_011.tif,C:\Users\Hamada.MSI\Desktop\Hamada\lab\data\raw\images\McGill Calibrated Color Image Database\Textures\Textures\pippin_RS_YachtClub007.tif,0.43563374876976013,0.4346981346607208,-0.0009356141090393066,0.0009356141090393066,0.0,3.814697265625e-06,4.0946852325771905,265,
C:\Users\Hamada.MSI\Desktop\Hamada\lab\data\raw\images\McGill Calibrated Color Image Database\Textures\Textures\merry_mexico0121.tif,C:\Users\Hamada.MSI\Desktop\Hamada\lab\data\raw\images\McGill Calibrated Color Image Database\Textures\Textures\pippin_RVHtexture025.tif,0.250997394323349,0.25192880630493164,0.0009314119815826416,0.0009314119815826416,0.0,0.0,4.0946852325771905,265,
C:\Users\Hamada.MSI\Desktop\Hamada\lab\data\raw\images\McGill Calibrated Color Image Database\Textures\Textures\merry_mexico0219.tif,C:\Users\Hamada.MSI\Desktop\Hamada\lab\data\raw\images\McGill Calibrated Color Image Database\Textures\Textures\pippin_park0035.tif,0.15567190945148468,0.15474535524845123,-0.0009265542030334473,0.0009265542030334473,0.0,0.0,4.0946852325771905,265,
C:\Users\Hamada.MSI\Desktop\Hamada\lab\data\raw\images\McGill Calibrated Color Image Database\Textures\Textures\merry_mtl07_005.tif,C:\Users\Hamada.MSI\Desktop\Hamada\lab\data\raw\images\McGill Calibrated Color Image Database\Textures\Textures\merry_mexico0067.tif,0.2940691411495209,0.2949913740158081,0.0009222328662872314,0.0009222328662872314,0.0,1.52587890625e-05,4.0946852325771905,265,
C:\Users\Hamada.MSI\Desktop\Hamada\lab\data\raw\images\McGill Calibrated Color Image Database\Textures\Textures\merry_mexico0219.tif,C:\Users\Hamada.MSI\Desktop\Hamada\lab\data\raw\images\McGill Calibrated Color Image Database\Textures\Textures\pippin_RVHtexture017.tif,0.1678141951560974,0.16689245402812958,-0.0009217411279678345,0.0009217411279678345,0.0,0.0,4.0946852325771905,265,
C:\Users\Hamada.MSI\Desktop\Hamada\lab\data\raw\images\McGill Calibrated Color Image Database\Textures\Textures\merry_mtl07_008.tif,C:\Users\Hamada.MSI\Desktop\Hamada\lab\data\raw\images\McGill Calibrated Color Image Database\Textures\Textures\pippin_park0052.tif,0.3880350589752197,0.3889557719230652,0.000920712947845459,0.000920712947845459,0.0,0.0,4.0946852325771905,265,
C:\Users\Hamada.MSI\Desktop\Hamada\lab\data\raw\images\McGill Calibrated Color Image Database\Textures\Textures\merry_mtl07_034.tif,C:\Users\Hamada.MSI\Desktop\Hamada\lab\data\raw\images\McGill Calibrated Color Image Database\Textures\Textures\pippin_park0054.tif,0.30540335178375244,0.30448275804519653,-0.0009205937385559082,0.0009205937385559082,0.0,1.1444091796875e-05,4.0946852325771905,265,
C:\Users\Hamada.MSI\Desktop\Hamada\lab\data\raw\images\McGill Calibrated Color Image Database\Textures\Textures\pippin_RVHtexture023.tif,C:\Users\Hamada.MSI\Desktop\Hamada\lab\data\raw\images\McGill Calibrated Color Image Database\Textures\Textures\pippin_Peel065.tif,0.2989004850387573,0.2998124957084656,0.000912010669708252,0.000912010669708252,0.0,0.0,4.0946852325771905,265,
C:\Users\Hamada.MSI\Desktop\Hamada\lab\data\raw\images\McGill Calibrated Color Image Database\Textures\Textures\merry_mexico0219.tif,C:\Users\Hamada.MSI\Desktop\Hamada\lab\data\raw\images\McGill Calibrated Color Image Database\Textures\Textures\pippin_UniStrt020.tif,0.1482032686471939,0.14729157090187073,-0.0009116977453231812,0.0009116977453231812,0.0,0.0,4.0946852325771905,265,
C:\Users\Hamada.MSI\Desktop\Hamada\lab\data\raw\images\McGill Calibrated Color Image Database\Textures\Textures\pippin_adirondacks0025.tif,C:\Users\Hamada.MSI\Desktop\Hamada\lab\data\raw\images\McGill Calibrated Color Image Database\Textures\Textures\merry_mexico0067.tif,0.4356716573238373,0.43476423621177673,-0.0009074211120605469,0.0009074211120605469,0.0,1.52587890625e-05,4.0946852325771905,265,
C:\Users\Hamada.MSI\Desktop\Hamada\lab\data\raw\images\McGill Calibrated Color Image Database\Textures\Textures\merry_mtl07_008.tif,C:\Users\Hamada.MSI\Desktop\Hamada\lab\data\raw\images\McGill Calibrated Color Image Database\Textures\Textures\pippin_RVHtexture025.tif,0.305494487285614,0.30639952421188354,0.0009050369262695312,0.0009050369262695312,0.0,0.0,4.0946852325771905,265,
C:\Users\Hamada.MSI\Desktop\Hamada\lab\data\raw\images\McGill Calibrated Color Image Database\Textures\Textures\merry_mexico0219.tif,C:\Users\Hamada.MSI\Desktop\Hamada\lab\data\raw\images\McGill Calibrated Color Image Database\Textures\Textures\pippin_RVHtexture008.tif,0.1559951901435852,0.15509352087974548,-0.0009016692638397217,0.0009016692638397217,0.0,0.0,4.0946852325771905,265,
C:\Users\Hamada.MSI\Desktop\Hamada\lab\data\raw\images\McGill Calibrated Color Image Database\Textures\Textures\merry_mtl07_008.tif,C:\Users\Hamada.MSI\Desktop\Hamada\lab\data\raw\images\McGill Calibrated Color Image Database\Textures\Textures\pippin_Peel013.tif,0.3917675316333771,0.3908692002296448,-0.0008983314037322998,0.0008983314037322998,0.0,0.0,4.0946852325771905,265,
C:\Users\Hamada.MSI\Desktop\Hamada\lab\data\raw\images\McGill Calibrated Color Image Database\Textures\Textures\pippin_UniStrt024.tif,C:\Users\Hamada.MSI\Desktop\Hamada\lab\data\raw\images\McGill Calibrated Color Image Database\Textures\Textures\pippin_Peel013.tif,0.5221400856971741,0.5212454199790955,-0.0008946657180786133,0.0008946657180786133,0.0,2.6702880859375e-05,4.0946852325771905,265,
C:\Users\Hamada.MSI\Desktop\Hamada\lab\data\raw\images\McGill Calibrated Color Image Database\Textures\Textures\merry_mexico0121.tif,C:\Users\Hamada.MSI\Desktop\Hamada\lab\data\raw\images\McGill Calibrated Color Image Database\Textures\Textures\pippin_UniStrt024.tif,0.3595598042011261,0.3604528307914734,0.00089302659034729,0.00089302659034729,0.0,0.0,4.0946852325771905,265,
C:\Users\Hamada.MSI\Desktop\Hamada\lab\data\raw\images\McGill Calibrated Color Image Database\Textures\Textures\pippin_UniStrt024.tif,C:\Users\Hamada.MSI\Desktop\Hamada\lab\data\raw\images\McGill Calibrated Color Image Database\Textures\Textures\pippin_park0042.tif,0.5416178703308105,0.5425077676773071,0.000889897346496582,0.000889897346496582,0.0,0.0,4.0946852325771905,265,
C:\Users\Hamada.MSI\Desktop\Hamada\lab\data\raw\images\McGill Calibrated Color Image Database\Textures\Textures\pippin_Mex07_011.tif,C:\Users\Hamada.MSI\Desktop\Hamada\lab\data\raw\images\McGill Calibrated Color Image Database\Textures\Textures\pippin_UniStrt010.tif,0.41920652985572815,0.41832226514816284,-0.0008842647075653076,0.0008842647075653076,0.0,3.814697265625e-06,4.0946852325771905,265,
C:\Users\Hamada.MSI\Desktop\Hamada\lab\data\raw\images\McGill Calibrated Color Image Database\Textures\Textures\merry_mtl07_005.tif,C:\Users\Hamada.MSI\Desktop\Hamada\lab\data\raw\images\McGill Calibrated Color Image Database\Textures\Textures\pippin_Peel071.tif,0.17217552661895752,0.17305782437324524,0.0008822977542877197,0.0008822977542877197,0.0,1.52587890625e-05,4.0946852325771905,265,
C:\Users\Hamada.MSI\Desktop\Hamada\lab\data\raw\images\McGill Calibrated Color Image Database\Textures\Textures\merry_mexico0219.tif,C:\Users\Hamada.MSI\Desktop\Hamada\lab\data\raw\images\McGill Calibrated Color Image Database\Textures\Textures\pippin_jtalon0016.tif,0.1744280457496643,0.1753055453300476,0.0008774995803833008,0.0008774995803833008,0.0,0.0,4.0946852325771905,265,
C:\Users\Hamada.MSI\Desktop\Hamada\lab\data\raw\images\McGill Calibrated Color Image Database\Textures\Textures\pippin_adirondacks0025.tif,C:\Users\Hamada.MSI\Desktop\Hamada\lab\data\raw\images\McGill Calibrated Color Image Database\Textures\Textures\pippin_RS_YachtClub023.tif,0.40819305181503296,0.40906673669815063,0.0008736848831176758,0.0008736848831176758,0.0,0.0,4.0946852325771905,265,
C:\Users\Hamada.MSI\Desktop\Hamada\lab\data\raw\images\McGill Calibrated Color Image Database\Textures\Textures\merry_mexico0118.tif,C:\Users\Hamada.MSI\Desktop\Hamada\lab\data\raw\images\McGill Calibrated Color Image Database\Textures\Textures\pippin_RVHtexture019.tif,0.2960222363471985,0.295154333114624,-0.0008679032325744629,0.0008679032325744629,0.0,0.0,4.0946852325771905,265,
C:\Users\Hamada.MSI\Desktop\Hamada\lab\data\raw\images\McGill Calibrated Color Image Database\Textures\Textures\merry_mexico0121.tif,C:\Users\Hamada.MSI\Desktop\Hamada\lab\data\raw\images\McGill Calibrated Color Image Database\Textures\Textures\pippin0226.tif,0.3687399625778198,0.36787453293800354,-0.0008654296398162842,0.0008654296398162842,0.0,0.0,4.0946852325771905,265,
C:\Users\Hamada.MSI\Desktop\Hamada\lab\data\raw\images\McGill Calibrated Color Image Database\Textures\Textures\merry_mexico0154.tif,C:\Users\Hamada.MSI\Desktop\Hamada\lab\data\raw\images\McGill Calibrated Color Image Database\Textures\Textures\pippin_RVHtexture009.tif,0.36483240127563477,0.363971471786499,-0.0008609294891357422,0.0008609294891357422,0.0,0.0,4.0946852325771905,265,
C:\Users\Hamada.MSI\Desktop\Hamada\lab\data\raw\images\McGill Calibrated Color Image Database\Textures\Textures\merry_mtl07_034.tif,C:\Users\Hamada.MSI\Desktop\Hamada\lab\data\raw\images\McGill Calibrated Color Image Database\Textures\Textures\pippin_Mex07_011.tif,0.2940646708011627,0.2949078679084778,0.0008431971073150635,0.0008431971073150635,0.0,1.1444091796875e-05,4.0946852325771905,265,
C:\Users\Hamada.MSI\Desktop\Hamada\lab\data\raw\images\McGill Calibrated Color Image Database\Textures\Textures\merry_mtl07_034.tif,C:\Users\Hamada.MSI\Desktop\Hamada\lab\data\raw\images\McGill Calibrated Color Image Database\Textures\Textures\pippin_park0052.tif,0.25782808661460876,0.2569921016693115,-0.0008359849452972412,0.0008359849452972412,0.0,1.1444091796875e-05,4.0946852325771905,265,
C:\Users\Hamada.MSI\Desktop\Hamada\lab\data\raw\images\McGill Calibrated Color Image Database\Textures\Textures\merry_mexico0118.tif,C:\Users\Hamada.MSI\Desktop\Hamada\lab\data\raw\images\McGill Calibrated Color Image Database\Textures\Textures\pippin_Peel069.tif,0.44136422872543335,0.4405291676521301,-0.0008350610733032227,0.0008350610733032227,0.0,0.0,4.0946852325771905,265,
C:\Users\Hamada.MSI\Desktop\Hamada\lab\data\raw\images\McGill Calibrated Color Image Database\Textures\Textures\pippin_UniStrt024.tif,C:\Users\Hamada.MSI\Desktop\Hamada\lab\data\raw\images\McGill Calibrated Color Image Database\Textures\Textures\pippin_RVHtexture001.tif,0.4772855341434479,0.47646957635879517,-0.00081595778465271,0.00081595778465271,0.000377655029296875,0.000370025634765625,4.0946852325771905,265,
C:\Users\Hamada.MSI\Desktop\Hamada\lab\data\raw\images\McGill Calibrated Color Image Database\Textures\Textures\pippin_RVHtexture023.tif,C:\Users\Hamada.MSI\Desktop\Hamada\lab\data\raw\images\McGill Calibrated Color Image Database\Textures\Textures\pippin_Peel013.tif,0.3058526813983917,0.3050674796104431,-0.0007852017879486084,0.0007852017879486084,0.0,0.0,4.0946852325771905,265,
C:\Users\Hamada.MSI\Desktop\Hamada\lab\data\raw\images\McGill Calibrated Color Image Database\Textures\Textures\pippin_UniStrt024.tif,C:\Users\Hamada.MSI\Desktop\Hamada\lab\data\raw\images\McGill Calibrated Color Image Database\Textures\Textures\pippin_UniStrt020.tif,0.5329182147979736,0.5337013602256775,0.0007831454277038574,0.0007831454277038574,0.0,0.0,4.0946852325771905,265,
C:\Users\Hamada.MSI\Desktop\Hamada\lab\data\raw\images\McGill Calibrated Color Image Database\Textures\Textures\merry_mtl07_034.tif,C:\Users\Hamada.MSI\Desktop\Hamada\lab\data\raw\images\McGill Calibrated Color Image Database\Textures\Textures\merry_mexico0067.tif,0.3069823086261749,0.3062058687210083,-0.000776439905166626,0.000776439905166626,0.0,1.1444091796875e-05,4.0946852325771905,265,
C:\Users\Hamada.MSI\Desktop\Hamada\lab\data\raw\images\McGill Calibrated Color Image Database\Textures\Textures\pippin_adirondacks0025.tif,C:\Users\Hamada.MSI\Desktop\Hamada\lab\data\raw\images\McGill Calibrated Color Image Database\Textures\Textures\pippin_RVHtexture010.tif,0.3965660333633423,0.3957942724227905,-0.0007717609405517578,0.0007717609405517578,0.0,7.62939453125e-06,4.0946852325771905,265,
C:\Users\Hamada.MSI\Desktop\Hamada\lab\data\raw\images\McGill Calibrated Color Image Database\Textures\Textures\merry_mtl07_008.tif,C:\Users\Hamada.MSI\Desktop\Hamada\lab\data\raw\images\McGill Calibrated Color Image Database\Textures\Textures\pippin_RVHtexture011.tif,0.4495311379432678,0.45029622316360474,0.0007650852203369141,0.0007650852203369141,0.0,0.0,4.0946852325771905,265,
C:\Users\Hamada.MSI\Desktop\Hamada\lab\data\raw\images\McGill Calibrated Color Image Database\Textures\Textures\merry_mexico0219.tif,C:\Users\Hamada.MSI\Desktop\Hamada\lab\data\raw\images\McGill Calibrated Color Image Database\Textures\Textures\merry_mtl07_023.tif,0.13224008679389954,0.13300400972366333,0.0007639229297637939,0.0007639229297637939,0.0,0.0,4.0946852325771905,265,
C:\Users\Hamada.MSI\Desktop\Hamada\lab\data\raw\images\McGill Calibrated Color Image Database\Textures\Textures\pippin_RVHtexture023.tif,C:\Users\Hamada.MSI\Desktop\Hamada\lab\data\raw\images\McGill Calibrated Color Image Database\Textures\Textures\pippin_Peel037.tif,0.24953815340995789,0.25029799342155457,0.0007598400115966797,0.0007598400115966797,0.0,0.0,4.0946852325771905,265,
C:\Users\Hamada.MSI\Desktop\Hamada\lab\data\raw\images\McGill Calibrated Color Image Database\Textures\Textures\merry_mexico0219.tif,C:\Users\Hamada.MSI\Desktop\Hamada\lab\data\raw\images\McGill Calibrated Color Image Database\Textures\Textures\pippin_RVHtexture009.tif,0.1503702700138092,0.14961260557174683,-0.0007576644420623779,0.0007576644420623779,0.0,0.0,4.0946852325771905,265,
C:\Users\Hamada.MSI\Desktop\Hamada\lab\data\raw\images\McGill Calibrated Color Image Database\Textures\Textures\merry_mexico0154.tif,C:\Users\Hamada.MSI\Desktop\Hamada\lab\data\raw\images\McGill Calibrated Color Image Database\Textures\Textures\pippin_RVHtexture007.tif,0.3454395532608032,0.3446824848651886,-0.000757068395614624,0.000757068395614624,0.0,0.0,4.0946852325771905,265,
C:\Users\Hamada.MSI\Desktop\Hamada\lab\data\raw\images\McGill Calibrated Color Image Database\Textures\Textures\pippin_Mex07_011.tif,C:\Users\Hamada.MSI\Desktop\Hamada\lab\data\raw\images\McGill Calibrated Color Image Database\Textures\Textures\pippin_Peel071.tif,0.3144616484642029,0.3137066066265106,-0.0007550418376922607,0.0007550418376922607,0.0,3.814697265625e-06,4.0946852325771905,265,
C:\Users\Hamada.MSI\Desktop\Hamada\lab\data\raw\images\McGill Calibrated Color Image Database\Textures\Textures\pippin_RVHtexture023.tif,C:\Users\Hamada.MSI\Desktop\Hamada\lab\data\raw\images\McGill Calibrated Color Image Database\Textures\Textures\pippin_RVHtexture010.tif,0.3143925070762634,0.3136392831802368,-0.0007532238960266113,0.0007532238960266113,0.0,0.0,4.0946852325771905,265,
C:\Users\Hamada.MSI\Desktop\Hamada\lab\data\raw\images\McGill Calibrated Color Image Database\Textures\Textures\pippin_RVHtexture023.tif,C:\Users\Hamada.MSI\Desktop\Hamada\lab\data\raw\images\McGill Calibrated Color Image Database\Textures\Textures\pippin_UniStrt024.tif,0.3313201069831848,0.33056700229644775,-0.0007531046867370605,0.0007531046867370605,0.0,0.0,4.0946852325771905,265,
C:\Users\Hamada.MSI\Desktop\Hamada\lab\data\raw\images\McGill Calibrated Color Image Database\Textures\Textures\pippin_Mex07_011.tif,C:\Users\Hamada.MSI\Desktop\Hamada\lab\data\raw\images\McGill Calibrated Color Image Database\Textures\Textures\pippin_UniStrt005.tif,0.4180055558681488,0.41725999116897583,-0.0007455646991729736,0.0007455646991729736,0.0,3.814697265625e-06,4.0946852325771905,265,
C:\Users\Hamada.MSI\Desktop\Hamada\lab\data\raw\images\McGill Calibrated Color Image Database\Textures\Textures\merry_mtl07_005.tif,C:\Users\Hamada.MSI\Desktop\Hamada\lab\data\raw\images\McGill Calibrated Color Image Database\Textures\Textures\merry_mtl07_022.tif,0.3187471926212311,0.3194866180419922,0.0007394254207611084,0.0007394254207611084,0.0,1.52587890625e-05,4.0946852325771905,265,
C:\Users\Hamada.MSI\Desktop\Hamada\lab\data\raw\images\McGill Calibrated Color Image Database\Textures\Textures\merry_mtl07_005.tif,C:\Users\Hamada.MSI\Desktop\Hamada\lab\data\raw\images\McGill Calibrated Color Image Database\Textures\Textures\pippin_RVHtexture009.tif,0.27361464500427246,0.2743503153324127,0.0007356703281402588,0.0007356703281402588,0.0,1.52587890625e-05,4.0946852325771905,265,
C:\Users\Hamada.MSI\Desktop\Hamada\lab\data\raw\images\McGill Calibrated Color Image Database\Textures\Textures\merry_mtl07_005.tif,C:\Users\Hamada.MSI\Desktop\Hamada\lab\data\raw\images\McGill Calibrated Color Image Database\Textures\Textures\pippin_RVHtexture005.tif,0.17361269891262054,0.17434827983379364,0.0007355809211730957,0.0007355809211730957,0.0,1.52587890625e-05,4.0946852325771905,265,
C:\Users\Hamada.MSI\Desktop\Hamada\lab\data\raw\images\McGill Calibrated Color Image Database\Textures\Textures\merry_mexico0121.tif,C:\Users\Hamada.MSI\Desktop\Hamada\lab\data\raw\images\McGill Calibrated Color Image Database\Textures\Textures\pippin_RVHtexture010.tif,0.3382807970046997,0.3390117585659027,0.0007309615612030029,0.0007309615612030029,0.0,0.0,4.0946852325771905,265,
C:\Users\Hamada.MSI\Desktop\Hamada\lab\data\raw\images\McGill Calibrated Color Image Database\Textures\Textures\merry_mtl07_034.tif,C:\Users\Hamada.MSI\Desktop\Hamada\lab\data\raw\images\McGill Calibrated Color Image Database\Textures\Textures\pippin_Peel013.tif,0.2670135498046875,0.2662985026836395,-0.0007150471210479736,0.0007150471210479736,0.0,1.1444091796875e-05,4.0946852325771905,265,
C:\Users\Hamada.MSI\Desktop\Hamada\lab\data\raw\images\McGill Calibrated Color Image Database\Textures\Textures\merry_mtl07_005.tif,C:\Users\Hamada.MSI\Desktop\Hamada\lab\data\raw\images\McGill Calibrated Color Image Database\Textures\Textures\merry_win07_009.tif,0.4478767514228821,0.44717085361480713,-0.0007058978080749512,0.0007058978080749512,7.62939453125e-06,1.52587890625e-05,4.0946852325771905,265,
C:\Users\Hamada.MSI\Desktop\Hamada\lab\data\raw\images\McGill Calibrated Color Image Database\Textures\Textures\merry_mexico0154.tif,C:\Users\Hamada.MSI\Desktop\Hamada\lab\data\raw\images\McGill Calibrated Color Image Database\Textures\Textures\pippin_Peel096.tif,0.35269612073898315,0.35199177265167236,-0.000704348087310791,0.000704348087310791,0.0,0.0,4.0946852325771905,265,
C:\Users\Hamada.MSI\Desktop\Hamada\lab\data\raw\images\McGill Calibrated Color Image Database\Textures\Textures\merry_mexico0121.tif,C:\Users\Hamada.MSI\Desktop\Hamada\lab\data\raw\images\McGill Calibrated Color Image Database\Textures\Textures\merry_mtl07_023.tif,0.2864924669265747,0.2871885597705841,0.0006960928440093994,0.0006960928440093994,0.000110626220703125,7.62939453125e-05,4.0946852325771905,265,
C:\Users\Hamada.MSI\Desktop\Hamada\lab\data\raw\images\McGill Calibrated Color Image Database\Textures\Textures\pippin_Mex07_011.tif,C:\Users\Hamada.MSI\Desktop\Hamada\lab\data\raw\images\McGill Calibrated Color Image Database\Textures\Textures\pippin_Peel096.tif,0.3953776955604553,0.3946855664253235,-0.0006921291351318359,0.0006921291351318359,0.0,3.814697265625e-06,4.0946852325771905,265,
C:\Users\Hamada.MSI\Desktop\Hamada\lab\data\raw\images\McGill Calibrated Color Image Database\Textures\Textures\merry_mexico0121.tif,C:\Users\Hamada.MSI\Desktop\Hamada\lab\data\raw\images\McGill Calibrated Color Image Database\Textures\Textures\pippin_RVHtexture020.tif,0.3449605703353882,0.3456498980522156,0.0006893277168273926,0.0006893277168273926,0.0,0.0,4.0946852325771905,265,
C:\Users\Hamada.MSI\Desktop\Hamada\lab\data\raw\images\McGill Calibrated Color Image Database\Textures\Textures\pippin_adirondacks0025.tif,C:\Users\Hamada.MSI\Desktop\Hamada\lab\data\raw\images\McGill Calibrated Color Image Database\Textures\Textures\pippin_RVHtexture003.tif,0.43254053592681885,0.43185704946517944,-0.0006834864616394043,0.0006834864616394043,0.0,0.0,4.0946852325771905,265,
C:\Users\Hamada.MSI\Desktop\Hamada\lab\data\raw\images\McGill Calibrated Color Image Database\Textures\Textures\pippin_UniStrt024.tif,C:\Users\Hamada.MSI\Desktop\Hamada\lab\data\raw\images\McGill Calibrated Color Image Database\Textures\Textures\pippin_RVHtexture022.tif,0.5607648491859436,0.5600990056991577,-0.0006658434867858887,0.0006658434867858887,0.0,0.0,4.0946852325771905,265,
C:\Users\Hamada.MSI\Desktop\Hamada\lab\data\raw\images\McGill Calibrated Color Image Database\Textures\Textures\merry_mtl07_034.tif,C:\Users\Hamada.MSI\Desktop\Hamada\lab\data\raw\images\McGill Calibrated Color Image Database\Textures\Textures\pippin_Peel037.tif,0.2086029052734375,0.20926128327846527,0.000658378005027771,0.000658378005027771,0.0,1.1444091796875e-05,4.0946852325771905,265,
C:\Users\Hamada.MSI\Desktop\Hamada\lab\data\raw\images\McGill Calibrated Color Image Database\Textures\Textures\pippin_park0035.tif,C:\Users\Hamada.MSI\Desktop\Hamada\lab\data\raw\images\McGill Calibrated Color Image Database\Textures\Textures\pippin_UniStrt005.tif,0.4232102632522583,0.4238583445549011,0.0006480813026428223,0.0006480813026428223,0.0,0.0,4.0946852325771905,265,
C:\Users\Hamada.MSI\Desktop\Hamada\lab\data\raw\images\McGill Calibrated Color Image Database\Textures\Textures\pippin_UniStrt024.tif,C:\Users\Hamada.MSI\Desktop\Hamada\lab\data\raw\images\McGill Calibrated Color Image Database\Textures\Textures\pippin_Peel069.tif,0.5486723184585571,0.5480342507362366,-0.0006380677223205566,0.0006380677223205566,0.0,0.0,4.0946852325771905,265,
C:\Users\Hamada.MSI\Desktop\Hamada\lab\data\raw\images\McGill Calibrated Color Image Database\Textures\Textures\merry_mexico0219.tif,C:\Users\Hamada.MSI\Desktop\Hamada\lab\data\raw\images\McGill Calibrated Color Image Database\Textures\Textures\pippin_RVHtexture019.tif,0.11923015117645264,0.11859844624996185,-0.0006317049264907837,0.0006317049264907837,0.0,0.0,4.0946852325771905,265,
C:\Users\Hamada.MSI\Desktop\Hamada\lab\data\raw\images\McGill Calibrated Color Image Database\Textures\Textures\pippin_park0035.tif,C:\Users\Hamada.MSI\Desktop\Hamada\lab\data\raw\images\McGill Calibrated Color Image Database\Textures\Textures\pippin_RVHtexture020.tif,0.3915484547615051,0.39217114448547363,0.0006226897239685059,0.0006226897239685059,0.0,0.0,4.0946852325771905,265,
C:\Users\Hamada.MSI\Desktop\Hamada\lab\data\raw\images\McGill Calibrated Color Image Database\Textures\Textures\merry_mtl07_034.tif,C:\Users\Hamada.MSI\Desktop\Hamada\lab\data\raw\images\McGill Calibrated Color Image Database\Textures\Textures\merry_mtl07_022.tif,0.3221856355667114,0.3228045701980591,0.0006189346313476562,0.0006189346313476562,0.0,1.1444091796875e-05,4.0946852325771905,265,
C:\Users\Hamada.MSI\Desktop\Hamada\lab\data\raw\images\McGill Calibrated Color Image Database\Textures\Textures\merry_mtl07_008.tif,C:\Users\Hamada.MSI\Desktop\Hamada\lab\data\raw\images\McGill Calibrated Color Image Database\Textures\Textures\pippin_RVHtexture009.tif,0.40560346841812134,0.40621811151504517,0.0006146430969238281,0.0006146430969238281,0.0,0.0,4.0946852325771905,265,
C:\Users\Hamada.MSI\Desktop\Hamada\lab\data\raw\images\McGill Calibrated Color Image Database\Textures\Textures\merry_mtl07_034.tif,C:\Users\Hamada.MSI\Desktop\Hamada\lab\data\raw\images\McGill Calibrated Color Image Database\Textures\Textures\pippin_RVHtexture005.tif,0.20935866236686707,0.20997095108032227,0.0006122887134552002,0.0006122887134552002,0.0,1.1444091796875e-05,4.0946852325771905,265,
C:\Users\Hamada.MSI\Desktop\Hamada\lab\data\raw\images\McGill Calibrated Color Image Database\Textures\Textures\pippin_UniStrt024.tif,C:\Users\Hamada.MSI\Desktop\Hamada\lab\data\raw\images\McGill Calibrated Color Image Database\Textures\Textures\pippin_park0049.tif,0.4885520040988922,0.4891592264175415,0.000607222318649292,0.000607222318649292,8.7738037109375e-05,4.57763671875e-05,4.0946852325771905,265,
C:\Users\Hamada.MSI\Desktop\Hamada\lab\data\raw\images\McGill Calibrated Color Image Database\Textures\Textures\pippin_Mex07_011.tif,C:\Users\Hamada.MSI\Desktop\Hamada\lab\data\raw\images\McGill Calibrated Color Image Database\Textures\Textures\pippin0226.tif,0.4049389362335205,0.40433233976364136,-0.0006065964698791504,0.0006065964698791504,0.0,3.814697265625e-06,4.0946852325771905,265,
C:\Users\Hamada.MSI\Desktop\Hamada\lab\data\raw\images\McGill Calibrated Color Image Database\Textures\Textures\pippin_UniStrt024.tif,C:\Users\Hamada.MSI\Desktop\Hamada\lab\data\raw\images\McGill Calibrated Color Image Database\Textures\Textures\pippin_RVHtexture011.tif,0.569800853729248,0.5692105293273926,-0.0005903244018554688,0.0005903244018554688,0.0,0.0,4.0946852325771905,265,
C:\Users\Hamada.MSI\Desktop\Hamada\lab\data\raw\images\McGill Calibrated Color Image Database\Textures\Textures\pippin_RVHtexture023.tif,C:\Users\Hamada.MSI\Desktop\Hamada\lab\data\raw\images\McGill Calibrated Color Image Database\Textures\Textures\pippin_ParcSafari005.tif,0.3772672712802887,0.37785691022872925,0.0005896389484405518,0.0005896389484405518,0.0,0.0,4.0946852325771905,265,
C:\Users\Hamada.MSI\Desktop\Hamada\lab\data\raw\images\McGill Calibrated Color Image Database\Textures\Textures\merry_mtl07_034.tif,C:\Users\Hamada.MSI\Desktop\Hamada\lab\data\raw\images\McGill Calibrated Color Image Database\Textures\Textures\pippin_RVHtexture007.tif,0.2767018675804138,0.2761198878288269,-0.0005819797515869141,0.0005819797515869141,0.0,1.1444091796875e-05,4.0946852325771905,265,
C:\Users\Hamada.MSI\Desktop\Hamada\lab\data\raw\images\McGill Calibrated Color Image Database\Textures\Textures\merry_mexico0219.tif,C:\Users\Hamada.MSI\Desktop\Hamada\lab\data\raw\images\McGill Calibrated Color Image Database\Textures\Textures\pippin_UniStrt010.tif,0.15184065699577332,0.15126392245292664,-0.0005767345428466797,0.0005767345428466797,0.0,0.0,4.0946852325771905,265,
C:\Users\Hamada.MSI\Desktop\Hamada\lab\data\raw\images\McGill Calibrated Color Image Database\Textures\Textures\merry_mexico0219.tif,C:\Users\Hamada.MSI\Desktop\Hamada\lab\data\raw\images\McGill Calibrated Color Image Database\Textures\Textures\pippin_Peel096.tif,0.12248965352773666,0.12306579202413559,0.0005761384963989258,0.0005761384963989258,0.0,0.0,4.0946852325771905,265,
C:\Users\Hamada.MSI\Desktop\Hamada\lab\data\raw\images\McGill Calibrated Color Image Database\Textures\Textures\merry_mexico0154.tif,C:\Users\Hamada.MSI\Desktop\Hamada\lab\data\raw\images\McGill Calibrated Color Image Database\Textures\Textures\pippin_RVHtexture005.tif,0.2745182514190674,0.27395230531692505,-0.000565946102142334,0.000565946102142334,0.0,0.0,4.0946852325771905,265,
C:\Users\Hamada.MSI\Desktop\Hamada\lab\data\raw\images\McGill Calibrated Color Image Database\Textures\Textures\merry_mexico0121.tif,C:\Users\Hamada.MSI\Desktop\Hamada\lab\data\raw\images\McGill Calibrated Color Image Database\Textures\Textures\pippin_UniStrt005.tif,0.3622426688671112,0.3628074526786804,0.0005647838115692139,0.0005647838115692139,0.0,0.0,4.0946852325771905,265,
C:\Users\Hamada.MSI\Desktop\Hamada\lab\data\raw\images\McGill Calibrated Color Image Database\Textures\Textures\pippin_RVHtexture023.tif,C:\Users\Hamada.MSI\Desktop\Hamada\lab\data\raw\images\McGill Calibrated Color Image Database\Textures\Textures\merry_mexico0123.tif,0.34054553508758545,0.33998903632164,-0.0005564987659454346,0.0005564987659454346,0.0,0.0,4.0946852325771905,265,
C:\Users\Hamada.MSI\Desktop\Hamada\lab\data\raw\images\McGill Calibrated Color Image Database\Textures\Textures\merry_mexico0121.tif,C:\Users\Hamada.MSI\Desktop\Hamada\lab\data\raw\images\McGill Calibrated Color Image Database\Textures\Textures\pippin_UniStrt028.tif,0.3570958077907562,0.35654217004776,-0.0005536377429962158,0.0005536377429962158,0.0,0.0,4.0946852325771905,265,
C:\Users\Hamada.MSI\Desktop\Hamada\lab\data\raw\images\McGill Calibrated Color Image Database\Textures\Textures\merry_mtl07_005.tif,C:\Users\Hamada.MSI\Desktop\Hamada\lab\data\raw\images\McGill Calibrated Color Image Database\Textures\Textures\pippin0226.tif,0.30854523181915283,0.30909526348114014,0.0005500316619873047,0.0005500316619873047,0.0,1.52587890625e-05,4.0946852325771905,265,
C:\Users\Hamada.MSI\Desktop\Hamada\lab\data\raw\images\McGill Calibrated Color Image Database\Textures\Textures\merry_mexico0118.tif,C:\Users\Hamada.MSI\Desktop\Hamada\lab\data\raw\images\McGill Calibrated Color Image Database\Textures\Textures\pippin_Peel013.tif,0.38062313199043274,0.3800796568393707,-0.0005434751510620117,0.0005434751510620117,0.0,0.0,4.0946852325771905,265,
C:\Users\Hamada.MSI\Desktop\Hamada\lab\data\raw\images\McGill Calibrated Color Image Database\Textures\Textures\merry_mexico0219.tif,C:\Users\Hamada.MSI\Desktop\Hamada\lab\data\raw\images\McGill Calibrated Color Image Database\Textures\Textures\pippin_RVHtexture024.tif,0.12199856340885162,0.12146209925413132,-0.0005364641547203064,0.0005364641547203064,0.0,0.0,4.0946852325771905,265,
C:\Users\Hamada.MSI\Desktop\Hamada\lab\data\raw\images\McGill Calibrated Color Image Database\Textures\Textures\merry_mexico0154.tif,C:\Users\Hamada.MSI\Desktop\Hamada\lab\data\raw\images\McGill Calibrated Color Image Database\Textures\Textures\pippin_RVHtexture019.tif,0.2680555284023285,0.2685907483100891,0.0005352199077606201,0.0005352199077606201,1.1444091796875e-05,1.1444091796875e-05,4.0946852325771905,265,
C:\Users\Hamada.MSI\Desktop\Hamada\lab\data\raw\images\McGill Calibrated Color Image Database\Textures\Textures\pippin_adirondacks0025.tif,C:\Users\Hamada.MSI\Desktop\Hamada\lab\data\raw\images\McGill Calibrated Color Image Database\Textures\Textures\pippin_UniStrt028.tif,0.41682928800582886,0.4162951111793518,-0.0005341768264770508,0.0005341768264770508,0.0,7.62939453125e-05,4.0946852325771905,265,
C:\Users\Hamada.MSI\Desktop\Hamada\lab\data\raw\images\McGill Calibrated Color Image Database\Textures\Textures\merry_mexico0219.tif,C:\Users\Hamada.MSI\Desktop\Hamada\lab\data\raw\images\McGill Calibrated Color Image Database\Textures\Textures\pippin_Peel095.tif,0.13979239761829376,0.1403016746044159,0.0005092769861221313,0.0005092769861221313,0.0,0.0,4.0946852325771905,265,
C:\Users\Hamada.MSI\Desktop\Hamada\lab\data\raw\images\McGill Calibrated Color Image Database\Textures\Textures\pippin_adirondacks0025.tif,C:\Users\Hamada.MSI\Desktop\Hamada\lab\data\raw\images\McGill Calibrated Color Image Database\Textures\Textures\pippin_jtalon0016.tif,0.4517529606819153,0.4512469172477722,-0.0005060434341430664,0.0005060434341430664,0.0,0.0,4.0946852325771905,265,
C:\Users\Hamada.MSI\Desktop\Hamada\lab\data\raw\images\McGill Calibrated Color Image Database\Textures\Textures\merry_mexico0121.tif,C:\Users\Hamada.MSI\Desktop\Hamada\lab\data\raw\images\McGill Calibrated Color Image Database\Textures\Textures\pippin_Peel065.tif,0.33328890800476074,0.3327890932559967,-0.0004998147487640381,0.0004998147487640381,0.0,0.0,4.0946852325771905,265,
C:\Users\Hamada.MSI\Desktop\Hamada\lab\data\raw\images\McGill Calibrated Color Image Database\Textures\Textures\merry_mexico0219.tif,C:\Users\Hamada.MSI\Desktop\Hamada\lab\data\raw\images\McGill Calibrated Color Image Database\Textures\Textures\pippin_Mex07_011.tif,0.17199823260307312,0.1724955141544342,0.000497281551361084,0.000497281551361084,0.0,0.0,4.0946852325771905,265,
C:\Users\Hamada.MSI\Desktop\Hamada\lab\data\raw\images\McGill Calibrated Color Image Database\Textures\Textures\pippin_UniStrt024.tif,C:\Users\Hamada.MSI\Desktop\Hamada\lab\data\raw\images\McGill Calibrated Color Image Database\Textures\Textures\pippin_RVHtexture024.tif,0.4402915835380554,0.4407846927642822,0.0004931092262268066,0.0004931092262268066,0.000583648681640625,0.00048828125,4.0946852325771905,265,
C:\Users\Hamada.MSI\Desktop\Hamada\lab\data\raw\images\McGill Calibrated Color Image Database\Textures\Textures\pippin_adirondacks0025.tif,C:\Users\Hamada.MSI\Desktop\Hamada\lab\data\raw\images\McGill Calibrated Color Image Database\Textures\Textures\pippin_RVHtexture019.tif,0.32043877243995667,0.3209225833415985,0.0004838109016418457,0.0004838109016418457,0.0001678466796875,6.4849853515625e-05,4.0946852325771905,265,
C:\Users\Hamada.MSI\Desktop\Hamada\lab\data\raw\images\McGill Calibrated Color Image Database\Textures\Textures\merry_mtl07_008.tif,C:\Users\Hamada.MSI\Desktop\Hamada\lab\data\raw\images\McGill Calibrated Color Image Database\Textures\Textures\pippin_RVHtexture019.tif,0.3207453489303589,0.32026877999305725,-0.00047656893730163574,0.00047656893730163574,0.0,0.0,4.0946852325771905,265,
C:\Users\Hamada.MSI\Desktop\Hamada\lab\data\raw\images\McGill Calibrated Color Image Database\Textures\Textures\merry_mexico0219.tif,C:\Users\Hamada.MSI\Desktop\Hamada\lab\data\raw\images\McGill Calibrated Color Image Database\Textures\Textures\pippin_RS_YachtClub055.tif,0.11881223320960999,0.11834141612052917,-0.00047081708908081055,0.00047081708908081055,0.0,0.0,4.0946852325771905,265,
C:\Users\Hamada.MSI\Desktop\Hamada\lab\data\raw\images\McGill Calibrated Color Image Database\Textures\Textures\merry_mexico0121.tif,C:\Users\Hamada.MSI\Desktop\Hamada\lab\data\raw\images\McGill Calibrated Color Image Database\Textures\Textures\merry_mexico0067.tif,0.3863103985786438,0.38677865266799927,0.00046825408935546875,0.00046825408935546875,0.0,0.0,4.0946852325771905,265,
C:\Users\Hamada.MSI\Desktop\Hamada\lab\data\raw\images\McGill Calibrated Color Image Database\Textures\Textures\pippin_Mex07_011.tif,C:\Users\Hamada.MSI\Desktop\Hamada\lab\data\raw\images\McGill Calibrated Color Image Database\Textures\Textures\merry_mtl07_023.tif,0.2733224630355835,0.2728590965270996,-0.0004633665084838867,0.0004633665084838867,0.000186920166015625,0.00012969970703125,4.0946852325771905,265,
C:\Users\Hamada.MSI\Desktop\Hamada\lab\data\raw\images\McGill Calibrated Color Image Database\Textures\Textures\merry_mtl07_008.tif,C:\Users\Hamada.MSI\Desktop\Hamada\lab\data\raw\images\McGill Calibrated Color Image Database\Textures\Textures\pippin_RVHtexture020.tif,0.3837406635284424,0.38328638672828674,-0.00045427680015563965,0.00045427680015563965,0.0,0.0,4.0946852325771905,265,
C:\Users\Hamada.MSI\Desktop\Hamada\lab\data\raw\images\McGill Calibrated Color Image Database\Textures\Textures\merry_mtl07_025.tif,C:\Users\Hamada.MSI\Desktop\Hamada\lab\data\raw\images\McGill Calibrated Color Image Database\Textures\Textures\merry_mexico0067.tif,0.5200154781341553,0.5204602479934692,0.00044476985931396484,0.00044476985931396484,2.6702880859375e-05,3.814697265625e-06,4.0946852325771905,265,
C:\Users\Hamada.MSI\Desktop\Hamada\lab\data\raw\images\McGill Calibrated Color Image Database\Textures\Textures\merry_mexico0219.tif,C:\Users\Hamada.MSI\Desktop\Hamada\lab\data\raw\images\McGill Calibrated Color Image Database\Textures\Textures\pippin_RVHtexture005.tif,0.11001904308795929,0.10957589745521545,-0.00044314563274383545,0.00044314563274383545,0.0,0.0,4.0946852325771905,265,
C:\Users\Hamada.MSI\Desktop\Hamada\lab\data\raw\images\McGill Calibrated Color Image Database\Textures\Textures\merry_mtl07_008.tif,C:\Users\Hamada.MSI\Desktop\Hamada\lab\data\raw\images\McGill Calibrated Color Image Database\Textures\Textures\pippin_UniStrt028.tif,0.40296727418899536,0.4025409519672394,-0.00042632222175598145,0.00042632222175598145,0.0,0.0,4.0946852325771905,265,
C:\Users\Hamada.MSI\Desktop\Hamada\lab\data\raw\images\McGill Calibrated Color Image Database\Textures\Textures\pippin_Mex07_011.tif,C:\Users\Hamada.MSI\Desktop\Hamada\lab\data\raw\images\McGill Calibrated Color Image Database\Textures\Textures\merry_mtl07_005.tif,0.5243666172027588,0.5247838497161865,0.0004172325134277344,0.0004172325134277344,1.9073486328125e-05,1.9073486328125e-05,4.0946852325771905,265,
C:\Users\Hamada.MSI\Desktop\Hamada\lab\data\raw\images\McGill Calibrated Color Image Database\Textures\Textures\merry_mexico0154.tif,C:\Users\Hamada.MSI\Desktop\Hamada\lab\data\raw\images\McGill Calibrated Color Image Database\Textures\Textures\merry_italy0171.tif,0.428253173828125,0.4286632835865021,0.0004101097583770752,0.0004101097583770752,0.0,0.0,4.0946852325771905,265,
C:\Users\Hamada.MSI\Desktop\Hamada\lab\data\raw\images\McGill Calibrated Color Image Database\Textures\Textures\merry_mexico0154.tif,C:\Users\Hamada.MSI\Desktop\Hamada\lab\data\raw\images\McGill Calibrated Color Image Database\Textures\Textures\merry_mtl07_005.tif,0.44889771938323975,0.44848930835723877,-0.00040841102600097656,0.00040841102600097656,0.0,0.0,4.0946852325771905,265,
C:\Users\Hamada.MSI\Desktop\Hamada\lab\data\raw\images\McGill Calibrated Color Image Database\Textures\Textures\pippin_UniStrt024.tif,C:\Users\Hamada.MSI\Desktop\Hamada\lab\data\raw\images\McGill Calibrated Color Image Database\Textures\Textures\pippin_Peel096.tif,0.5196523666381836,0.5200493931770325,0.00039702653884887695,0.00039702653884887695,3.814697265625e-06,0.0,4.0946852325771905,265,
C:\Users\Hamada.MSI\Desktop\Hamada\lab\data\raw\images\McGill Calibrated Color Image Database\Textures\Textures\pippin_RVHtexture023.tif,C:\Users\Hamada.MSI\Desktop\Hamada\lab\data\raw\images\McGill Calibrated Color Image Database\Textures\Textures\pippin_park0047.tif,0.3633549213409424,0.3637205958366394,0.0003656744956970215,0.0003656744956970215,0.0,0.0,4.0946852325771905,265,
C:\Users\Hamada.MSI\Desktop\Hamada\lab\data\raw\images\McGill Calibrated Color Image Database\Textures\Textures\merry_mtl07_034.tif,C:\Users\Hamada.MSI\Desktop\Hamada\lab\data\raw\images\McGill Calibrated Color Image Database\Textures\Textures\merry_mtl07_005.tif,0.3733908534049988,0.3737557530403137,0.0003648996353149414,0.0003648996353149414,0.0,1.1444091796875e-05,4.0946852325771905,265,
C:\Users\Hamada.MSI\Desktop\Hamada\lab\data\raw\images\McGill Calibrated Color Image Database\Textures\Textures\pippin_adirondacks0025.tif,C:\Users\Hamada.MSI\Desktop\Hamada\lab\data\raw\images\McGill Calibrated Color Image Database\Textures\Textures\pippin_Biodome044.tif,0.40088820457458496,0.4012511968612671,0.0003629922866821289,0.0003629922866821289,0.0,0.0,4.0946852325771905,265,
C:\Users\Hamada.MSI\Desktop\Hamada\lab\data\raw\images\McGill Calibrated Color Image Database\Textures\Textures\pippin_Mex07_011.tif,C:\Users\Hamada.MSI\Desktop\Hamada\lab\data\raw\images\McGill Calibrated Color Image Database\Textures\Textures\pippin_RVHtexture020.tif,0.37724554538726807,0.37688982486724854,-0.00035572052001953125,0.00035572052001953125,0.0,3.814697265625e-06,4.0946852325771905,265,
C:\Users\Hamada.MSI\Desktop\Hamada\lab\data\raw\images\McGill Calibrated Color Image Database\Textures\Textures\pippin_Mex07_011.tif,C:\Users\Hamada.MSI\Desktop\Hamada\lab\data\raw\images\McGill Calibrated Color Image Database\Textures\Textures\pippin_RVHtexture019.tif,0.3011053800582886,0.3014521896839142,0.00034680962562561035,0.00034680962562561035,0.0,3.814697265625e-06,4.0946852325771905,265,
C:\Users\Hamada.MSI\Desktop\Hamada\lab\data\raw\images\McGill Calibrated Color Image Database\Textures\Textures\merry_mexico0118.tif,C:\Users\Hamada.MSI\Desktop\Hamada\lab\data\raw\images\McGill Calibrated Color Image Database\Textures\Textures\merry_mexico0067.tif,0.43647438287734985,0.43613186478614807,-0.0003425180912017822,0.0003425180912017822,0.0,0.0,4.0946852325771905,265,
C:\Users\Hamada.MSI\Desktop\Hamada\lab\data\raw\images\McGill Calibrated Color Image Database\Textures\Textures\merry_mtl07_005.tif,C:\Users\Hamada.MSI\Desktop\Hamada\lab\data\raw\images\McGill Calibrated Color Image Database\Textures\Textures\pippin_UniStrt020.tif,0.27118217945098877,0.27152401208877563,0.00034183263778686523,0.00034183263778686523,0.0,1.52587890625e-05,4.0946852325771905,265,
C:\Users\Hamada.MSI\Desktop\Hamada\lab\data\raw\images\McGill Calibrated Color Image Database\Textures\Textures\pippin_RVHtexture023.tif,C:\Users\Hamada.MSI\Desktop\Hamada\lab\data\raw\images\McGill Calibrated Color Image Database\Textures\Textures\pippin_Peel097.tif,0.3443866968154907,0.3440481424331665,-0.00033855438232421875,0.00033855438232421875,0.00055694580078125,0.0005645751953125,4.0946852325771905,265,
C:\Users\Hamada.MSI\Desktop\Hamada\lab\data\raw\images\McGill Calibrated Color Image Database\Textures\Textures\merry_mexico0121.tif,C:\Users\Hamada.MSI\Desktop\Hamada\lab\data\raw\images\McGill Calibrated Color Image Database\Textures\Textures\pippin_RVHtexture019.tif,0.2620166838169098,0.2616802155971527,-0.0003364682197570801,0.0003364682197570801,0.0,0.0,4.0946852325771905,265,
C:\Users\Hamada.MSI\Desktop\Hamada\lab\data\raw\images\McGill Calibrated Color Image Database\Textures\Textures\pippin_UniStrt024.tif,C:\Users\Hamada.MSI\Desktop\Hamada\lab\data\raw\images\McGill Calibrated Color Image Database\Textures\Textures\pippin_Mex07_011.tif,0.5428210496902466,0.5431560277938843,0.0003349781036376953,0.0003349781036376953,3.4332275390625e-05,2.6702880859375e-05,4.0946852325771905,265,
C:\Users\Hamada.MSI\Desktop\Hamada\lab\data\raw\images\McGill Calibrated Color Image Database\Textures\Textures\merry_mtl07_005.tif,C:\Users\Hamada.MSI\Desktop\Hamada\lab\data\raw\images\McGill Calibrated Color Image Database\Textures\Textures\pippin_RVHtexture024.tif,0.17967356741428375,0.17999359965324402,0.0003200322389602661,0.0003200322389602661,1.52587890625e-05,1.52587890625e-05,4.0946852325771905,265,
C:\Users\Hamada.MSI\Desktop\Hamada\lab\data\raw\images\McGill Calibrated Color Image Database\Textures\Textures\merry_mtl07_034.tif,C:\Users\Hamada.MSI\Desktop\Hamada\lab\data\raw\images\McGill Calibrated Color Image Database\Textures\Textures\pippin_UniStrt010.tif,0.28765127062797546,0.2873347997665405,-0.0003164708614349365,0.0003164708614349365,0.0,1.1444091796875e-05,4.0946852325771905,265,
C:\Users\Hamada.MSI\Desktop\Hamada\lab\data\raw\images\McGill Calibrated Color Image Database\Textures\Textures\merry_mtl07_025.tif,C:\Users\Hamada.MSI\Desktop\Hamada\lab\data\raw\images\McGill Calibrated Color Image Database\Textures\Textures\pippin_UniStrt010.tif,0.5210275650024414,0.5207191109657288,-0.0003084540367126465,0.0003084540367126465,0.0,0.0,4.0946852325771905,265,
C:\Users\Hamada.MSI\Desktop\Hamada\lab\data\raw\images\McGill Calibrated Color Image Database\Textures\Textures\merry_mexico0121.tif,C:\Users\Hamada.MSI\Desktop\Hamada\lab\data\raw\images\McGill Calibrated Color Image Database\Textures\Textures\pippin_Peel013.tif,0.32448872923851013,0.32418954372406006,-0.00029918551445007324,0.00029918551445007324,0.0,0.0,4.0946852325771905,265,
C:\Users\Hamada.MSI\Desktop\Hamada\lab\data\raw\images\McGill Calibrated Color Image Database\Textures\Textures\merry_mexico0219.tif,C:\Users\Hamada.MSI\Desktop\Hamada\lab\data\raw\images\McGill Calibrated Color Image Database\Textures\Textures\merry_mtl07_021.tif,0.14571666717529297,0.14542776346206665,-0.00028890371322631836,0.00028890371322631836,0.0,0.0,4.0946852325771905,265,
C:\Users\Hamada.MSI\Desktop\Hamada\lab\data\raw\images\McGill Calibrated Color Image Database\Textures\Textures\pippin_UniStrt024.tif,C:\Users\Hamada.MSI\Desktop\Hamada\lab\data\raw\images\McGill Calibrated Color Image Database\Textures\Textures\merry_mtl07_005.tif,0.6004471182823181,0.6007328629493713,0.00028574466705322266,0.00028574466705322266,3.814697265625e-06,0.0,4.0946852325771905,265,
C:\Users\Hamada.MSI\Desktop\Hamada\lab\data\raw\images\McGill Calibrated Color Image Database\Textures\Textures\merry_mtl07_008.tif,C:\Users\Hamada.MSI\Desktop\Hamada\lab\data\raw\images\McGill Calibrated Color Image Database\Textures\Textures\merry_mexico0219.tif,0.5157598853111267,0.516039252281189,0.00027936697006225586,0.00027936697006225586,0.0,0.0,4.0946852325771905,265,
C:\Users\Hamada.MSI\Desktop\Hamada\lab\data\raw\images\McGill Calibrated Color Image Database\Textures\Textures\pippin_Mex07_011.tif,C:\Users\Hamada.MSI\Desktop\Hamada\lab\data\raw\images\McGill Calibrated Color Image Database\Textures\Textures\pippin_Peel037.tif,0.32095301151275635,0.3206743597984314,-0.00027865171432495117,0.00027865171432495117,0.0,3.814697265625e-06,4.0946852325771905,265,
C:\Users\Hamada.MSI\Desktop\Hamada\lab\data\raw\images\McGill Calibrated Color Image Database\Textures\Textures\merry_mexico0219.tif,C:\Users\Hamada.MSI\Desktop\Hamada\lab\data\raw\images\McGill Calibrated Color Image Database\Textures\Textures\pippin_ParcSafari005.tif,0.17988058924674988,0.17960825562477112,-0.00027233362197875977,0.00027233362197875977,0.0,0.0,4.0946852325771905,265,
C:\Users\Hamada.MSI\Desktop\Hamada\lab\data\raw\images\McGill Calibrated Color Image Database\Textures\Textures\merry_mtl07_034.tif,C:\Users\Hamada.MSI\Desktop\Hamada\lab\data\raw\images\McGill Calibrated Color Image Database\Textures\Textures\pippin_RVHtexture020.tif,0.2754884362220764,0.2752165198326111,-0.00027191638946533203,0.00027191638946533203,0.0,1.1444091796875e-05,4.0946852325771905,265,
C:\Users\Hamada.MSI\Desktop\Hamada\lab\data\raw\images\McGill Calibrated Color Image Database\Textures\Textures\pippin_UniStrt024.tif,C:\Users\Hamada.MSI\Desktop\Hamada\lab\data\raw\images\McGill Calibrated Color Image Database\Textures\Textures\pippin_RVHtexture004.tif,0.3796989619731903,0.3794344663619995,-0.0002644956111907959,0.0002644956111907959,0.0003509521484375,0.0005035400390625,4.0946852325771905,265,
C:\Users\Hamada.MSI\Desktop\Hamada\lab\data\raw\images\McGill Calibrated Color Image Database\Textures\Textures\merry_mexico0118.tif,C:\Users\Hamada.MSI\Desktop\Hamada\lab\data\raw\images\McGill Calibrated Color Image Database\Textures\Textures\pippin_Peel037.tif,0.30663588643074036,0.30637145042419434,-0.0002644360065460205,0.0002644360065460205,0.0,0.0,4.0946852325771905,265,
C:\Users\Hamada.MSI\Desktop\Hamada\lab\data\raw\images\McGill Calibrated Color Image Database\Textures\Textures\pippin_RVHtexture023.tif,C:\Users\Hamada.MSI\Desktop\Hamada\lab\data\raw\images\McGill Calibrated Color Image Database\Textures\Textures\pippin_UniStrt020.tif,0.3347987234592438,0.3350614309310913,0.0002627074718475342,0.0002627074718475342,0.0,0.0,4.0946852325771905,265,
C:\Users\Hamada.MSI\Desktop\Hamada\lab\data\raw\images\McGill Calibrated Color Image Database\Textures\Textures\pippin_RVHtexture023.tif,C:\Users\Hamada.MSI\Desktop\Hamada\lab\data\raw\images\McGill Calibrated Color Image Database\Textures\Textures\pippin_RVHtexture020.tif,0.31990405917167664,0.3196521997451782,-0.0002518594264984131,0.0002518594264984131,0.0,0.0,4.0946852325771905,265,
C:\Users\Hamada.MSI\Desktop\Hamada\lab\data\raw\images\McGill Calibrated Color Image Database\Textures\Textures\merry_mexico0219.tif,C:\Users\Hamada.MSI\Desktop\Hamada\lab\data\raw\images\McGill Calibrated Color Image Database\Textures\Textures\pippin_RVHtexture021.tif,0.13161210715770721,0.13136327266693115,-0.000248834490776062,0.000248834490776062,0.0,0.0,4.0946852325771905,265,
C:\Users\Hamada.MSI\Desktop\Hamada\lab\data\raw\images\McGill Calibrated Color Image Database\Textures\Textures\merry_mexico0219.tif,C:\Users\Hamada.MSI\Desktop\Hamada\lab\data\raw\images\McGill Calibrated Color Image Database\Textures\Textures\merry_mtl07_022.tif,0.1746351420879364,0.1743929386138916,-0.0002422034740447998,0.0002422034740447998,0.0,0.0,4.0946852325771905,265,
C:\Users\Hamada.MSI\Desktop\Hamada\lab\data\raw\images\McGill Calibrated Color Image Database\Textures\Textures\pippin_park0035.tif,C:\Users\Hamada.MSI\Desktop\Hamada\lab\data\raw\images\McGill Calibrated Color Image Database\Textures\Textures\merry_mexico0219.tif,0.537143886089325,0.5373841524124146,0.0002402663230895996,0.0002402663230895996,0.0,0.0,4.0946852325771905,265,
C:\Users\Hamada.MSI\Desktop\Hamada\lab\data\raw\images\McGill Calibrated Color Image Database\Textures\Textures\pippin_park0035.tif,C:\Users\Hamada.MSI\Desktop\Hamada\lab\data\raw\images\McGill Calibrated Color Image Database\Textures\Textures\merry_mexico0067.tif,0.44594550132751465,0.44570985436439514,-0.00023564696311950684,0.00023564696311950684,0.0,0.0,4.0946852325771905,265,
C:\Users\Hamada.MSI\Desktop\Hamada\lab\data\raw\images\McGill Calibrated Color Image Database\Textures\Textures\merry_mexico0121.tif,C:\Users\Hamada.MSI\Desktop\Hamada\lab\data\raw\images\McGill Calibrated Color Image Database\Textures\Textures\pippin_UniStrt010.tif,0.3753787875175476,0.3755922317504883,0.00021344423294067383,0.00021344423294067383,0.0,0.0,4.0946852325771905,265,
C:\Users\Hamada.MSI\Desktop\Hamada\lab\data\raw\images\McGill Calibrated Color Image Database\Textures\Textures\merry_mexico0118.tif,C:\Users\Hamada.MSI\Desktop\Hamada\lab\data\raw\images\McGill Calibrated Color Image Database\Textures\Textures\pippin_RVHtexture024.tif,0.3075141906738281,0.3073115944862366,-0.00020259618759155273,0.00020259618759155273,0.0,0.0,4.0946852325771905,265,
C:\Users\Hamada.MSI\Desktop\Hamada\lab\data\raw\images\McGill Calibrated Color Image Database\Textures\Textures\merry_mexico0219.tif,C:\Users\Hamada.MSI\Desktop\Hamada\lab\data\raw\images\McGill Calibrated Color Image Database\Textures\Textures\merry_mexico0140.tif,0.1410791575908661,0.14087827503681183,-0.00020088255405426025,0.00020088255405426025,0.0,0.0,4.0946852325771905,265,
C:\Users\Hamada.MSI\Desktop\Hamada\lab\data\raw\images\McGill Calibrated Color Image Database\Textures\Textures\pippin_RVHtexture023.tif,C:\Users\Hamada.MSI\Desktop\Hamada\lab\data\raw\images\McGill Calibrated Color Image Database\Textures\Textures\pippin_UniStrt028.tif,0.33424514532089233,0.3340526819229126,-0.00019246339797973633,0.00019246339797973633,0.0,0.0,4.0946852325771905,265,
C:\Users\Hamada.MSI\Desktop\Hamada\lab\data\raw\images\McGill Calibrated Color Image Database\Textures\Textures\pippin_RVHtexture023.tif,C:\Users\Hamada.MSI\Desktop\Hamada\lab\data\raw\images\McGill Calibrated Color Image Database\Textures\Textures\pippin_RVHtexture019.tif,0.2441447675228119,0.24395853281021118,-0.000186234712600708,0.000186234712600708,0.0,0.0,4.0946852325771905,265,
C:\Users\Hamada.MSI\Desktop\Hamada\lab\data\raw\images\McGill Calibrated Color Image Database\Textures\Textures\pippin_park0035.tif,C:\Users\Hamada.MSI\Desktop\Hamada\lab\data\raw\images\McGill Calibrated Color Image Database\Textures\Textures\pippin_RVHtexture011.tif,0.47301816940307617,0.47283342480659485,-0.00018474459648132324,0.00018474459648132324,0.0,0.0,4.0946852325771905,265,
C:\Users\Hamada.MSI\Desktop\Hamada\lab\data\raw\images\McGill Calibrated Color Image Database\Textures\Textures\merry_mexico0219.tif,C:\Users\Hamada.MSI\Desktop\Hamada\lab\data\raw\images\McGill Calibrated Color Image Database\Textures\Textures\pippin_jtalon0015.tif,0.2025955468416214,0.20277544856071472,0.00017990171909332275,0.00017990171909332275,0.0,0.0,4.0946852325771905,265,
C:\Users\Hamada.MSI\Desktop\Hamada\lab\data\raw\images\McGill Calibrated Color Image Database\Textures\Textures\merry_mexico0219.tif,C:\Users\Hamada.MSI\Desktop\Hamada\lab\data\raw\images\McGill Calibrated Color Image Database\Textures\Textures\pippin_RVHtexture018.tif,0.1416086107492447,0.14176830649375916,0.00015969574451446533,0.00015969574451446533,0.0,0.0,4.0946852325771905,265,
C:\Users\Hamada.MSI\Desktop\Hamada\lab\data\raw\images\McGill Calibrated Color Image Database\Textures\Textures\merry_mtl07_005.tif,C:\Users\Hamada.MSI\Desktop\Hamada\lab\data\raw\images\McGill Calibrated Color Image Database\Textures\Textures\pippin_Biodome044.tif,0.2436750829219818,0.24351699650287628,-0.00015808641910552979,0.00015808641910552979,0.0,1.52587890625e-05,4.0946852325771905,265,
C:\Users\Hamada.MSI\Desktop\Hamada\lab\data\raw\images\McGill Calibrated Color Image Database\Textures\Textures\pippin_RVHtexture023.tif,C:\Users\Hamada.MSI\Desktop\Hamada\lab\data\raw\images\McGill Calibrated Color Image Database\Textures\Textures\merry_mexico0067.tif,0.3520318567752838,0.35188186168670654,-0.0001499950885772705,0.0001499950885772705,0.0,0.0,4.0946852325771905,265,
C:\Users\Hamada.MSI\Desktop\Hamada\lab\data\raw\images\McGill Calibrated Color Image Database\Textures\Textures\merry_mexico0219.tif,C:\Users\Hamada.MSI\Desktop\Hamada\lab\data\raw\images\McGill Calibrated Color Image Database\Textures\Textures\pippin_RVHtexture025.tif,0.11865371465682983,0.1185060366988182,-0.0001476779580116272,0.0001476779580116272,0.0,0.0,4.0946852325771905,265,
C:\Users\Hamada.MSI\Desktop\Hamada\lab\data\raw\images\McGill Calibrated Color Image Database\Textures\Textures\merry_mtl07_008.tif,C:\Users\Hamada.MSI\Desktop\Hamada\lab\data\raw\images\McGill Calibrated Color Image Database\Textures\Textures\pippin_RVHtexture004.tif,0.24740223586559296,0.24754983186721802,0.00014759600162506104,0.00014759600162506104,0.0,0.0,4.0946852325771905,265,
C:\Users\Hamada.MSI\Desktop\Hamada\lab\data\raw\images\McGill Calibrated Color Image Database\Textures\Textures\merry_mexico0219.tif,C:\Users\Hamada.MSI\Desktop\Hamada\lab\data\raw\images\McGill Calibrated Color Image Database\Textures\Textures\pippin_RS_YachtClub030.tif,0.19705241918563843,0.19690942764282227,-0.0001429915428161621,0.0001429915428161621,0.0,0.0,4.0946852325771905,265,
C:\Users\Hamada.MSI\Desktop\Hamada\lab\data\raw\images\McGill Calibrated Color Image Database\Textures\Textures\merry_mtl07_008.tif,C:\Users\Hamada.MSI\Desktop\Hamada\lab\data\raw\images\McGill Calibrated Color Image Database\Textures\Textures\pippin_RVHtexture005.tif,0.32712775468826294,0.32726481556892395,0.00013706088066101074,0.00013706088066101074,0.0,0.0,4.0946852325771905,265,
C:\Users\Hamada.MSI\Desktop\Hamada\lab\data\raw\images\McGill Calibrated Color Image Database\Textures\Textures\merry_mexico0118.tif,C:\Users\Hamada.MSI\Desktop\Hamada\lab\data\raw\images\McGill Calibrated Color Image Database\Textures\Textures\pippin0226.tif,0.4058089852333069,0.40569183230400085,-0.00011715292930603027,0.00011715292930603027,0.0,0.0,4.0946852325771905,265,
C:\Users\Hamada.MSI\Desktop\Hamada\lab\data\raw\images\McGill Calibrated Color Image Database\Textures\Textures\merry_mexico0121.tif,C:\Users\Hamada.MSI\Desktop\Hamada\lab\data\raw\images\McGill Calibrated Color Image Database\Textures\Textures\pippin_RVHtexture009.tif,0.3683633506298065,0.3682559132575989,-0.0001074373722076416,0.0001074373722076416,0.0,0.0,4.0946852325771905,265,
C:\Users\Hamada.MSI\Desktop\Hamada\lab\data\raw\images\McGill Calibrated Color Image Database\Textures\Textures\merry_mtl07_008.tif,C:\Users\Hamada.MSI\Desktop\Hamada\lab\data\raw\images\McGill Calibrated Color Image Database\Textures\Textures\pippin_Peel037.tif,0.32291024923324585,0.32280996441841125,-0.00010028481483459473,0.00010028481483459473,0.0,0.0,4.0946852325771905,265,
C:\Users\Hamada.MSI\Desktop\Hamada\lab\data\raw\images\McGill Calibrated Color Image Database\Textures\Textures\pippin_RVHtexture023.tif,C:\Users\Hamada.MSI\Desktop\Hamada\lab\data\raw\images\McGill Calibrated Color Image Database\Textures\Textures\pippin_RVHtexture004.tif,0.1951802670955658,0.19509653747081757,-8.372962474822998e-05,8.372962474822998e-05,0.0,0.0,4.0946852325771905,265,
C:\Users\Hamada.MSI\Desktop\Hamada\lab\data\raw\images\McGill Calibrated Color Image Database\Textures\Textures\pippin_RVHtexture023.tif,C:\Users\Hamada.MSI\Desktop\Hamada\lab\data\raw\images\McGill Calibrated Color Image Database\Textures\Textures\pippin_RVHtexture011.tif,0.39018911123275757,0.3901054859161377,-8.362531661987305e-05,8.362531661987305e-05,0.0,0.0,4.0946852325771905,265,
C:\Users\Hamada.MSI\Desktop\Hamada\lab\data\raw\images\McGill Calibrated Color Image Database\Textures\Textures\merry_mtl07_005.tif,C:\Users\Hamada.MSI\Desktop\Hamada\lab\data\raw\images\McGill Calibrated Color Image Database\Textures\Textures\pippin_UniStrt010.tif,0.27509909868240356,0.2751771807670593,7.808208465576172e-05,7.808208465576172e-05,0.0,1.52587890625e-05,4.0946852325771905,265,
C:\Users\Hamada.MSI\Desktop\Hamada\lab\data\raw\images\McGill Calibrated Color Image Database\Textures\Textures\merry_mexico0121.tif,C:\Users\Hamada.MSI\Desktop\Hamada\lab\data\raw\images\McGill Calibrated Color Image Database\Textures\Textures\pippin_RVHtexture003.tif,0.37695246934890747,0.3770291209220886,7.665157318115234e-05,7.665157318115234e-05,0.0,0.0,4.0946852325771905,265,
C:\Users\Hamada.MSI\Desktop\Hamada\lab\data\raw\images\McGill Calibrated Color Image Database\Textures\Textures\merry_mexico0154.tif,C:\Users\Hamada.MSI\Desktop\Hamada\lab\data\raw\images\McGill Calibrated Color Image Database\Textures\Textures\pippin_park0054.tif,0.38644805550575256,0.38637489080429077,-7.316470146179199e-05,7.316470146179199e-05,0.0,0.0,4.0946852325771905,265,
C:\Users\Hamada.MSI\Desktop\Hamada\lab\data\raw\images\McGill Calibrated Color Image Database\Textures\Textures\merry_mtl07_025.tif,C:\Users\Hamada.MSI\Desktop\Hamada\lab\data\raw\images\McGill Calibrated Color Image Database\Textures\Textures\pippin_park0052.tif,0.47692182660102844,0.47699499130249023,7.316470146179199e-05,7.316470146179199e-05,0.0,0.0,4.0946852325771905,265,
C:\Users\Hamada.MSI\Desktop\Hamada\lab\data\raw\images\McGill Calibrated Color Image Database\Textures\Textures\merry_mtl07_025.tif,C:\Users\Hamada.MSI\Desktop\Hamada\lab\data\raw\images\McGill Calibrated Color Image Database\Textures\Textures\pippin_Peel013.tif,0.48188233375549316,0.48180994391441345,-7.238984107971191e-05,7.238984107971191e-05,0.0,2.288818359375e-05,4.0946852325771905,265,
C:\Users\Hamada.MSI\Desktop\Hamada\lab\data\raw\images\McGill Calibrated Color Image Database\Textures\Textures\merry_mexico0121.tif,C:\Users\Hamada.MSI\Desktop\Hamada\lab\data\raw\images\McGill Calibrated Color Image Database\Textures\Textures\merry_mexico0154.tif,0.34570640325546265,0.3456518054008484,-5.459785461425781e-05,5.459785461425781e-05,0.0,0.0,4.0946852325771905,265,
C:\Users\Hamada.MSI\Desktop\Hamada\lab\data\raw\images\McGill Calibrated Color Image Database\Textures\Textures\pippin_UniStrt024.tif,C:\Users\Hamada.MSI\Desktop\Hamada\lab\data\raw\images\McGill Calibrated Color Image Database\Textures\Textures\pippin_RVHtexture019.tif,0.44658321142196655,0.44653841853141785,-4.4792890548706055e-05,4.4792890548706055e-05,0.000240325927734375,0.000186920166015625,4.0946852325771905,265,
C:\Users\Hamada.MSI\Desktop\Hamada\lab\data\raw\images\McGill Calibrated Color Image Database\Textures\Textures\merry_mexico0118.tif,C:\Users\Hamada.MSI\Desktop\Hamada\lab\data\raw\images\McGill Calibrated Color Image Database\Textures\Textures\pippin_RVHtexture009.tif,0.412254273891449,0.41221049427986145,-4.3779611587524414e-05,4.3779611587524414e-05,0.0,0.0,4.0946852325771905,265,
C:\Users\Hamada.MSI\Desktop\Hamada\lab\data\raw\images\McGill Calibrated Color Image Database\Textures\Textures\pippin_park0035.tif,C:\Users\Hamada.MSI\Desktop\Hamada\lab\data\raw\images\McGill Calibrated Color Image Database\Textures\Textures\pippin_Peel065.tif,0.3877592086791992,0.3877323269844055,-2.6881694793701172e-05,2.6881694793701172e-05,0.0,0.0,4.0946852325771905,265,
C:\Users\Hamada.MSI\Desktop\Hamada\lab\data\raw\images\McGill Calibrated Color Image Database\Textures\Textures\merry_mexico0154.tif,C:\Users\Hamada.MSI\Desktop\Hamada\lab\data\raw\images\McGill Calibrated Color Image Database\Textures\Textures\pippin_UniStrt020.tif,0.35688909888267517,0.3568691611289978,-1.9937753677368164e-05,1.9937753677368164e-05,0.0,0.0,4.0946852325771905,265,
C:\Users\Hamada.MSI\Desktop\Hamada\lab\data\raw\images\McGill Calibrated Color Image Database\Textures\Textures\merry_mexico0219.tif,C:\Users\Hamada.MSI\Desktop\Hamada\lab\data\raw\images\McGill Calibrated Color Image Database\Textures\Textures\pippin_Biodome044.tif,0.13740390539169312,0.13739272952079773,-1.1175870895385742e-05,1.1175870895385742e-05,0.0,0.0,4.0946852325771905,265,
C:\Users\Hamada.MSI\Desktop\Hamada\lab\data\raw\images\McGill Calibrated Color Image Database\Textures\Textures\pippin_UniStrt024.tif,C:\Users\Hamada.MSI\Desktop\Hamada\lab\data\raw\images\McGill Calibrated Color Image Database\Textures\Textures\pippin_RVHtexture005.tif,0.47957122325897217,0.47957843542099,7.212162017822266e-06,7.212162017822266e-06,3.814697265625e-06,0.0,4.0946852325771905,265,
C:\Users\Hamada.MSI\Desktop\Hamada\lab\data\raw\images\McGill Calibrated Color Image Database\Textures\Textures\merry_mtl07_034.tif,C:\Users\Hamada.MSI\Desktop\Hamada\lab\data\raw\images\McGill Calibrated Color Image Database\Textures\Textures\pippin_UniStrt028.tif,0.28353193402290344,0.2835330367088318,1.1026859283447266e-06,1.1026859283447266e-06,0.0,1.1444091796875e-05,4.0946852325771905,265,
