Y,pxR,pxG,pxB
1.500000000000000000e+01,3.473582439562212243e-01,4.032029916457050001e-01,4.569119591301046279e-01
1.502932551319648091e+01,3.476450346114622891e-01,4.035147029764511450e-01,4.572520611701695326e-01
1.505865102639296182e+01,3.479318252667033540e-01,4.038264143071972345e-01,4.575921632102344372e-01
1.508797653958944274e+01,3.482186159219444188e-01,4.041381256379433795e-01,4.579322652502993418e-01
1.511730205278592365e+01,3.485054065771854837e-01,4.044498369686894690e-01,4.582723672903642465e-01
1.514662756598240456e+01,3.487921972324265485e-01,4.047615482994356140e-01,4.586124693304291511e-01
1.517595307917888547e+01,3.490789878876676133e-01,4.050732596301817035e-01,4.589525713704940557e-01
1.520527859237536639e+01,3.493657785429086782e-01,4.053849709609278484e-01,4.592926734105589603e-01
1.523460410557184730e+01,3.496525691981497430e-01,4.056966822916739379e-01,4.596327754506238650e-01
1.526392961876832821e+01,3.499393598533908079e-01,4.060083936224200829e-01,4.599728774906887696e-01
1.529325513196480912e+01,3.502261505086318727e-01,4.063201049531661724e-01,4.603129795307536742e-01
1.532258064516129004e+01,3.505129411638728820e-01,4.066318162839123174e-01,4.606530815708185789e-01
1.535190615835777095e+01,3.507997318191139469e-01,4.069435276146584068e-01,4.609931836108834835e-01
1.538123167155425186e+01,3.510865224743550117e-01,4.072552389454045518e-01,4.613332856509483881e-01
1.541055718475073277e+01,3.513733131295960765e-01,4.075669502761506413e-01,4.616733876910132928e-01
1.543988269794721369e+01,3.516601037848371414e-01,4.078786616068967863e-01,4.620134897310781974e-01
1.546920821114369460e+01,3.519468944400782062e-01,4.081903729376428758e-01,4.623535917711431020e-01
1.549853372434017551e+01,3.522336850953192711e-01,4.085020842683890208e-01,4.626936938112080067e-01
1.552785923753665642e+01,3.525204757505603359e-01,4.088137955991351102e-01,4.630337958512729113e-01
1.555718475073313734e+01,3.528072664058014007e-01,4.091255069298812552e-01,4.633738978913378159e-01
1.558651026392961825e+01,3.530940570610424656e-01,4.094372182606273447e-01,4.637139999314027206e-01
1.561583577712609916e+01,3.533808477162835304e-01,4.097489295913734897e-01,4.640541019714676252e-01
1.564516129032258007e+01,3.536676383715245953e-01,4.100606409221195792e-01,4.643942040115325298e-01
1.567448680351906098e+01,3.539544290267656601e-01,4.103723522528657242e-01,4.647343060515974345e-01
1.570381231671554190e+01,3.542412196820067249e-01,4.106840635836118136e-01,4.650744080916623391e-01
1.573313782991202281e+01,3.545280103372477898e-01,4.109957749143579586e-01,4.654145101317272437e-01
1.576246334310850372e+01,3.548148009924888546e-01,4.113074862451040481e-01,4.657546121717921483e-01
1.579178885630498463e+01,3.551015916477299195e-01,4.116191975758501931e-01,4.660947142118570530e-01
1.582111436950146555e+01,3.553883823029709843e-01,4.119309089065962826e-01,4.664348162519219576e-01
1.585043988269794646e+01,3.556751729582120491e-01,4.122426202373424275e-01,4.667749182919868622e-01
1.587976539589442737e+01,3.559619636134531140e-01,4.125543315680885725e-01,4.671150203320517669e-01
1.590909090909091006e+01,3.562487542686941788e-01,4.128660428988346620e-01,4.674551223721166715e-01
1.593841642228738920e+01,3.565355449239351882e-01,4.131777542295808070e-01,4.677952244121815761e-01
1.596774193548387188e+01,3.568223355791763085e-01,4.134894655603268965e-01,4.681353264522464808e-01
1.599706744868035102e+01,3.571091262344173178e-01,4.138011768910730415e-01,4.684754284923113854e-01
1.602639296187683371e+01,3.573959168896584382e-01,4.141128882218191309e-01,4.688155305323763455e-01
1.605571847507331285e+01,3.576827075448994475e-01,4.144245995525652759e-01,4.691556325724411947e-01
1.608504398826979553e+01,3.579694982001405679e-01,4.147363108833113654e-01,4.694957346125061548e-01
1.611436950146627467e+01,3.582562888553815772e-01,4.150480222140575104e-01,4.698358366525710039e-01
1.614369501466275736e+01,3.585430795106226420e-01,4.153597335448035999e-01,4.701759386926359641e-01
1.617302052785923649e+01,3.588298701658637069e-01,4.156714448755497449e-01,4.705160407327008132e-01
1.620234604105571918e+01,3.591166608211047717e-01,4.159831562062958898e-01,4.708561427727657733e-01
1.623167155425219832e+01,3.594034514763458366e-01,4.162948675370419793e-01,4.711962448128306225e-01
1.626099706744868101e+01,3.596902421315869014e-01,4.166065788677881243e-01,4.715363468528955826e-01
1.629032258064516014e+01,3.599770327868279662e-01,4.169182901985342138e-01,4.718764488929604317e-01
1.631964809384164283e+01,3.602638234420690311e-01,4.172300015292803588e-01,4.722165509330253919e-01
1.634897360703812197e+01,3.605506140973100959e-01,4.175417128600264483e-01,4.725566529730902410e-01
1.637829912023460466e+01,3.608374047525511608e-01,4.178534241907725932e-01,4.728967550131552011e-01
1.640762463343108379e+01,3.611241954077922256e-01,4.181651355215186827e-01,4.732368570532200502e-01
1.643695014662756648e+01,3.614109860630332904e-01,4.184768468522648277e-01,4.735769590932850104e-01
1.646627565982404562e+01,3.616977767182743553e-01,4.187885581830109172e-01,4.739170611333498595e-01
1.649560117302052831e+01,3.619845673735154201e-01,4.191002695137570622e-01,4.742571631734148196e-01
1.652492668621700744e+01,3.622713580287564294e-01,4.194119808445031516e-01,4.745972652134796688e-01
1.655425219941349013e+01,3.625581486839975498e-01,4.197236921752492966e-01,4.749373672535446289e-01
1.658357771260996927e+01,3.628449393392385591e-01,4.200354035059953861e-01,4.752774692936094780e-01
1.661290322580645196e+01,3.631317299944796795e-01,4.203471148367415311e-01,4.756175713336744382e-01
1.664222873900293109e+01,3.634185206497206888e-01,4.206588261674876206e-01,4.759576733737392873e-01
1.667155425219941378e+01,3.637053113049618092e-01,4.209705374982337656e-01,4.762977754138042474e-01
1.670087976539589292e+01,3.639921019602028185e-01,4.212822488289798550e-01,4.766378774538690966e-01
1.673020527859237561e+01,3.642788926154438833e-01,4.215939601597260000e-01,4.769779794939340567e-01
1.675953079178885474e+01,3.645656832706849482e-01,4.219056714904720895e-01,4.773180815339989058e-01
1.678885630498533743e+01,3.648524739259260130e-01,4.222173828212182345e-01,4.776581835740638660e-01
1.681818181818182012e+01,3.651392645811671334e-01,4.225290941519643795e-01,4.779982856141287706e-01
1.684750733137829926e+01,3.654260552364081427e-01,4.228408054827104690e-01,4.783383876541936752e-01
1.687683284457477839e+01,3.657128458916492075e-01,4.231525168134565584e-01,4.786784896942585243e-01
1.690615835777126108e+01,3.659996365468902724e-01,4.234642281442027034e-01,4.790185917343234845e-01
1.693548387096774377e+01,3.662864272021313372e-01,4.237759394749488484e-01,4.793586937743883891e-01
1.696480938416422291e+01,3.665732178573724021e-01,4.240876508056949379e-01,4.796987958144532938e-01
1.699413489736070204e+01,3.668600085126134669e-01,4.243993621364410274e-01,4.800388978545181429e-01
1.702346041055718473e+01,3.671467991678545317e-01,4.247110734671871723e-01,4.803789998945831030e-01
1.705278592375366742e+01,3.674335898230955966e-01,4.250227847979333173e-01,4.807191019346480076e-01
1.708211143695014655e+01,3.677203804783366614e-01,4.253344961286794068e-01,4.810592039747129123e-01
1.711143695014662569e+01,3.680071711335777263e-01,4.256462074594254963e-01,4.813993060147777614e-01
1.714076246334310838e+01,3.682939617888187911e-01,4.259579187901716413e-01,4.817394080548427215e-01
1.717008797653959107e+01,3.685807524440598559e-01,4.262696301209177863e-01,4.820795100949076262e-01
1.719941348973607020e+01,3.688675430993009208e-01,4.265813414516638757e-01,4.824196121349725308e-01
1.722873900293255289e+01,3.691543337545419856e-01,4.268930527824100207e-01,4.827597141750374354e-01
1.725806451612903203e+01,3.694411244097830505e-01,4.272047641131561102e-01,4.830998162151023401e-01
1.728739002932551472e+01,3.697279150650241153e-01,4.275164754439022552e-01,4.834399182551672447e-01
1.731671554252199385e+01,3.700147057202651801e-01,4.278281867746483447e-01,4.837800202952321493e-01
1.734604105571847654e+01,3.703014963755062450e-01,4.281398981053944897e-01,4.841201223352970540e-01
1.737536656891495568e+01,3.705882870307472543e-01,4.284516094361405791e-01,4.844602243753619586e-01
1.740469208211143837e+01,3.708750776859883747e-01,4.287633207668867241e-01,4.848003264154268632e-01
1.743401759530791750e+01,3.711618683412293840e-01,4.290750320976328136e-01,4.851404284554917679e-01
1.746334310850440019e+01,3.714486589964705043e-01,4.293867434283789586e-01,4.854805304955566725e-01
1.749266862170087933e+01,3.717354496517115137e-01,4.296984547591250481e-01,4.858206325356215771e-01
1.752199413489736202e+01,3.720222403069526340e-01,4.300101660898711931e-01,4.861607345756864818e-01
1.755131964809384115e+01,3.723090309621936433e-01,4.303218774206172825e-01,4.865008366157513864e-01
1.758064516129032384e+01,3.725958216174347082e-01,4.306335887513634275e-01,4.868409386558162910e-01
1.760997067448680298e+01,3.728826122726757730e-01,4.309453000821095170e-01,4.871810406958811956e-01
1.763929618768328567e+01,3.731694029279168379e-01,4.312570114128556620e-01,4.875211427359461003e-01
1.766862170087976480e+01,3.734561935831579027e-01,4.315687227436017515e-01,4.878612447760110049e-01
1.769794721407624749e+01,3.737429842383989675e-01,4.318804340743478964e-01,4.882013468160759095e-01
1.772727272727272663e+01,3.740297748936400324e-01,4.321921454050939859e-01,4.885414488561408142e-01
1.775659824046920932e+01,3.743165655488810972e-01,4.325038567358401309e-01,4.888815508962057188e-01
1.778592375366568845e+01,3.746033562041221621e-01,4.328155680665862759e-01,4.892216529362706234e-01
1.781524926686217114e+01,3.748901468593632269e-01,4.331272793973323654e-01,4.895617549763355281e-01
1.784457478005865028e+01,3.751769375146042917e-01,4.334389907280784549e-01,4.899018570164004327e-01
1.787390029325513296e+01,3.754637281698453566e-01,4.337507020588245998e-01,4.902419590564653373e-01
1.790322580645161210e+01,3.757505188250864214e-01,4.340624133895707448e-01,4.905820610965302420e-01
1.793255131964809479e+01,3.760373094803274863e-01,4.343741247203168343e-01,4.909221631365951466e-01
1.796187683284457393e+01,3.763241001355684956e-01,4.346858360510629793e-01,4.912622651766600512e-01
1.799120234604105661e+01,3.766108907908096159e-01,4.349975473818090688e-01,4.916023672167249559e-01
1.802052785923753575e+01,3.768976814460506253e-01,4.353092587125552138e-01,4.919424692567898605e-01
1.804985337243401844e+01,3.771844721012917456e-01,4.356209700433013587e-01,4.922825712968547651e-01
1.807917888563049758e+01,3.774712627565327550e-01,4.359326813740474482e-01,4.926226733369196698e-01
1.810850439882698026e+01,3.777580534117738198e-01,4.362443927047935377e-01,4.929627753769845744e-01
1.813782991202345940e+01,3.780448440670148846e-01,4.365561040355396827e-01,4.933028774170494790e-01
1.816715542521994209e+01,3.783316347222559495e-01,4.368678153662858277e-01,4.936429794571143836e-01
1.819648093841642122e+01,3.786184253774970143e-01,4.371795266970319171e-01,4.939830814971792883e-01
1.822580645161290391e+01,3.789052160327380792e-01,4.374912380277780621e-01,4.943231835372441929e-01
1.825513196480938305e+01,3.791920066879791440e-01,4.378029493585241516e-01,4.946632855773090975e-01
1.828445747800586574e+01,3.794787973432202088e-01,4.381146606892702966e-01,4.950033876173740022e-01
1.831378299120234487e+01,3.797655879984612737e-01,4.384263720200163861e-01,4.953434896574389068e-01
1.834310850439882756e+01,3.800523786537023385e-01,4.387380833507625311e-01,4.956835916975038114e-01
1.837243401759530670e+01,3.803391693089434034e-01,4.390497946815086205e-01,4.960236937375687161e-01
1.840175953079178939e+01,3.806259599641844682e-01,4.393615060122547655e-01,4.963637957776336207e-01
1.843108504398826852e+01,3.809127506194255330e-01,4.396732173430008550e-01,4.967038978176985253e-01
1.846041055718475121e+01,3.811995412746665979e-01,4.399849286737470000e-01,4.970439998577634300e-01
1.848973607038123035e+01,3.814863319299076627e-01,4.402966400044930895e-01,4.973841018978283346e-01
1.851906158357771304e+01,3.817731225851487276e-01,4.406083513352392345e-01,4.977242039378932392e-01
1.854838709677419217e+01,3.820599132403897924e-01,4.409200626659853239e-01,4.980643059779581439e-01
1.857771260997067486e+01,3.823467038956308572e-01,4.412317739967314689e-01,4.984044080180230485e-01
1.860703812316715755e+01,3.826334945508719221e-01,4.415434853274776139e-01,4.987445100580879531e-01
1.863636363636363669e+01,3.829202852061129869e-01,4.418551966582237034e-01,4.990846120981528578e-01
1.866568914956011582e+01,3.832070758613539962e-01,4.421669079889697929e-01,4.994247141382177624e-01
1.869501466275659851e+01,3.834938665165951166e-01,4.424786193197159379e-01,4.997648161782826670e-01
1.872434017595308120e+01,3.837806571718361814e-01,4.427903306504620828e-01,5.001049182183475716e-01
1.875366568914956034e+01,3.840674478270772463e-01,4.431020419812081723e-01,5.004450202584125318e-01
1.878299120234603947e+01,3.843542384823182556e-01,4.434137533119542618e-01,5.007851222984773809e-01
1.881231671554252216e+01,3.846410291375593204e-01,4.437254646427004068e-01,5.011252243385423411e-01
1.884164222873900485e+01,3.849278197928004408e-01,4.440371759734465518e-01,5.014653263786071902e-01
1.887096774193548399e+01,3.852146104480414501e-01,4.443488873041926412e-01,5.018054284186721503e-01
1.890029325513196312e+01,3.855014011032825150e-01,4.446605986349387307e-01,5.021455304587369994e-01
1.892961876832844581e+01,3.857881917585235798e-01,4.449723099656848757e-01,5.024856324988019596e-01
1.895894428152492850e+01,3.860749824137646447e-01,4.452840212964310207e-01,5.028257345388668087e-01
1.898826979472140764e+01,3.863617730690057095e-01,4.455957326271771102e-01,5.031658365789317688e-01
1.901759530791788677e+01,3.866485637242467743e-01,4.459074439579231997e-01,5.035059386189966180e-01
1.904692082111436946e+01,3.869353543794878392e-01,4.462191552886693446e-01,5.038460406590615781e-01
1.907624633431085215e+01,3.872221450347289040e-01,4.465308666194154896e-01,5.041861426991264272e-01
1.910557184750733128e+01,3.875089356899699689e-01,4.468425779501615791e-01,5.045262447391913874e-01
1.913489736070381042e+01,3.877957263452109782e-01,4.471542892809076686e-01,5.048663467792562365e-01
1.916422287390029311e+01,3.880825170004520985e-01,4.474660006116538136e-01,5.052064488193211966e-01
1.919354838709677580e+01,3.883693076556931634e-01,4.477777119423999586e-01,5.055465508593860458e-01
1.922287390029325493e+01,3.886560983109342282e-01,4.480894232731460480e-01,5.058866528994510059e-01
1.925219941348973762e+01,3.889428889661752931e-01,4.484011346038921930e-01,5.062267549395158550e-01
1.928152492668621676e+01,3.892296796214163579e-01,4.487128459346382825e-01,5.065668569795808152e-01
1.931085043988269945e+01,3.895164702766574227e-01,4.490245572653844275e-01,5.069069590196456643e-01
1.934017595307917858e+01,3.898032609318984321e-01,4.493362685961305170e-01,5.072470610597106244e-01
1.936950146627566127e+01,3.900900515871395524e-01,4.496479799268766619e-01,5.075871630997754735e-01
1.939882697947214041e+01,3.903768422423805617e-01,4.499596912576227514e-01,5.079272651398404337e-01
1.942815249266862310e+01,3.906636328976216821e-01,4.502714025883688964e-01,5.082673671799052828e-01
1.945747800586510223e+01,3.909504235528626914e-01,4.505831139191149859e-01,5.086074692199702429e-01
1.948680351906158492e+01,3.912372142081038118e-01,4.508948252498611309e-01,5.089475712600350921e-01
1.951612903225806406e+01,3.915240048633448211e-01,4.512065365806072204e-01,5.092876733001000522e-01
1.954545454545454675e+01,3.918107955185858859e-01,4.515182479113533653e-01,5.096277753401649013e-01
1.957478005865102588e+01,3.920975861738269508e-01,4.518299592420994548e-01,5.099678773802298615e-01
1.960410557184750857e+01,3.923843768290680156e-01,4.521416705728455998e-01,5.103079794202947106e-01
1.963343108504398771e+01,3.926711674843090805e-01,4.524533819035916893e-01,5.106480814603596707e-01
1.966275659824047040e+01,3.929579581395501453e-01,4.527650932343378343e-01,5.109881835004245199e-01
1.969208211143694953e+01,3.932447487947912101e-01,4.530768045650839237e-01,5.113282855404894800e-01
1.972140762463343222e+01,3.935315394500322750e-01,4.533885158958300687e-01,5.116683875805543291e-01
1.975073313782991136e+01,3.938183301052733398e-01,4.537002272265762137e-01,5.120084896206192893e-01
1.978005865102639405e+01,3.941051207605144047e-01,4.540119385573223032e-01,5.123485916606841384e-01
1.980938416422287318e+01,3.943919114157554695e-01,4.543236498880683927e-01,5.126886937007490985e-01
1.983870967741935587e+01,3.946787020709965343e-01,4.546353612188145377e-01,5.130287957408139476e-01
1.986803519061583501e+01,3.949654927262375992e-01,4.549470725495606827e-01,5.133688977808789078e-01
1.989736070381231769e+01,3.952522833814786640e-01,4.552587838803067721e-01,5.137089998209437569e-01
1.992668621700879683e+01,3.955390740367197289e-01,4.555704952110529171e-01,5.140491018610087171e-01
1.995601173020527952e+01,3.958258646919607937e-01,4.558822065417990066e-01,5.143892039010735662e-01
1.998533724340175866e+01,3.961126553472018030e-01,4.561939178725451516e-01,5.147293059411385263e-01
2.001466275659824134e+01,3.963994460024429234e-01,4.565056292032912966e-01,5.150694079812033754e-01
2.004398826979472048e+01,3.966862366576839327e-01,4.568173405340373860e-01,5.154095100212683356e-01
2.007331378299120317e+01,3.969730273129250531e-01,4.571290518647834755e-01,5.157496120613331847e-01
2.010263929618768231e+01,3.972598179681660624e-01,4.574407631955296205e-01,5.160897141013981448e-01
2.013196480938416499e+01,3.975466086234071827e-01,4.577524745262757655e-01,5.164298161414629940e-01
2.016129032258064768e+01,3.978333992786482476e-01,4.580641858570218550e-01,5.167699181815279541e-01
2.019061583577712682e+01,3.981201899338892569e-01,4.583758971877680000e-01,5.171100202215928032e-01
2.021994134897360595e+01,3.984069805891303218e-01,4.586876085185140894e-01,5.174501222616577634e-01
2.024926686217008864e+01,3.986937712443713866e-01,4.589993198492602344e-01,5.177902243017226125e-01
2.027859237536657133e+01,3.989805618996125069e-01,4.593110311800063794e-01,5.181303263417875726e-01
2.030791788856305047e+01,3.992673525548535163e-01,4.596227425107524689e-01,5.184704283818524218e-01
2.033724340175952960e+01,3.995541432100945811e-01,4.599344538414985584e-01,5.188105304219173819e-01
2.036656891495601229e+01,3.998409338653356460e-01,4.602461651722447034e-01,5.191506324619822310e-01
2.039589442815249498e+01,4.001277245205767108e-01,4.605578765029908483e-01,5.194907345020471912e-01
2.042521994134897412e+01,4.004145151758177756e-01,4.608695878337369378e-01,5.198308365421120403e-01
2.045454545454545325e+01,4.007013058310588405e-01,4.611812991644830273e-01,5.201709385821770004e-01
2.048387096774193594e+01,4.009880964862999053e-01,4.614930104952291723e-01,5.205110406222418495e-01
2.051319648093841863e+01,4.012748871415409702e-01,4.618047218259753173e-01,5.208511426623068097e-01
2.054252199413489777e+01,4.015616777967820350e-01,4.621164331567214067e-01,5.211912447023716588e-01
2.057184750733137690e+01,4.018484684520230443e-01,4.624281444874674962e-01,5.215313467424366189e-01
2.060117302052785959e+01,4.021352591072641647e-01,4.627398558182136412e-01,5.218714487825014681e-01
2.063049853372434228e+01,4.024220497625052295e-01,4.630515671489597862e-01,5.222115508225664282e-01
2.065982404692082142e+01,4.027088404177462944e-01,4.633632784797058757e-01,5.225516528626312773e-01
2.068914956011730055e+01,4.029956310729873037e-01,4.636749898104519652e-01,5.228917549026962375e-01
2.071847507331378324e+01,4.032824217282283685e-01,4.639867011411981101e-01,5.232318569427610866e-01
2.074780058651026593e+01,4.035692123834694889e-01,4.642984124719442551e-01,5.235719589828260467e-01
2.077712609970674507e+01,4.038560030387104982e-01,4.646101238026903446e-01,5.239120610228908959e-01
2.080645161290322420e+01,4.041427936939515630e-01,4.649218351334364341e-01,5.242521630629558560e-01
2.083577712609970689e+01,4.044295843491926279e-01,4.652335464641825791e-01,5.245922651030207051e-01
2.086510263929618958e+01,4.047163750044337482e-01,4.655452577949287241e-01,5.249323671430856653e-01
2.089442815249266872e+01,4.050031656596747576e-01,4.658569691256748135e-01,5.252724691831505144e-01
2.092375366568914785e+01,4.052899563149158224e-01,4.661686804564209030e-01,5.256125712232154745e-01
2.095307917888563054e+01,4.055767469701568873e-01,4.664803917871670480e-01,5.259526732632803236e-01
2.098240469208211323e+01,4.058635376253979521e-01,4.667921031179131930e-01,5.262927753033452838e-01
2.101173020527859236e+01,4.061503282806390169e-01,4.671038144486592825e-01,5.266328773434101329e-01
2.104105571847507150e+01,4.064371189358800818e-01,4.674155257794053719e-01,5.269729793834750931e-01
2.107038123167155419e+01,4.067239095911211466e-01,4.677272371101515169e-01,5.273130814235399422e-01
2.109970674486803688e+01,4.070107002463622115e-01,4.680389484408976619e-01,5.276531834636049023e-01
2.112903225806451601e+01,4.072974909016032763e-01,4.683506597716437514e-01,5.279932855036697514e-01
2.115835777126099870e+01,4.075842815568443411e-01,4.686623711023898964e-01,5.283333875437347116e-01
2.118768328445747784e+01,4.078710722120854060e-01,4.689740824331359859e-01,5.286734895837995607e-01
2.121700879765396053e+01,4.081578628673264708e-01,4.692857937638821308e-01,5.290135916238645208e-01
2.124633431085043966e+01,4.084446535225675357e-01,4.695975050946282203e-01,5.293536936639293700e-01
2.127565982404692235e+01,4.087314441778086005e-01,4.699092164253743653e-01,5.296937957039943301e-01
2.130498533724340149e+01,4.090182348330496653e-01,4.702209277561204548e-01,5.300338977440591792e-01
2.133431085043988418e+01,4.093050254882907302e-01,4.705326390868665998e-01,5.303739997841241394e-01
2.136363636363636331e+01,4.095918161435317950e-01,4.708443504176126893e-01,5.307141018241889885e-01
2.139296187683284600e+01,4.098786067987728599e-01,4.711560617483588342e-01,5.310542038642539486e-01
2.142228739002932514e+01,4.101653974540139247e-01,4.714677730791049237e-01,5.313943059043187978e-01
2.145161290322580783e+01,4.104521881092549895e-01,4.717794844098510687e-01,5.317344079443837579e-01
2.148093841642228696e+01,4.107389787644959989e-01,4.720911957405971582e-01,5.320745099844486070e-01
2.151026392961876965e+01,4.110257694197371192e-01,4.724029070713433032e-01,5.324146120245135672e-01
2.153958944281524879e+01,4.113125600749781285e-01,4.727146184020893926e-01,5.327547140645784163e-01
2.156891495601173148e+01,4.115993507302192489e-01,4.730263297328355376e-01,5.330948161046433764e-01
2.159824046920821061e+01,4.118861413854602582e-01,4.733380410635816826e-01,5.334349181447082255e-01
2.162756598240469330e+01,4.121729320407013231e-01,4.736497523943277721e-01,5.337750201847731857e-01
2.165689149560117244e+01,4.124597226959423879e-01,4.739614637250738616e-01,5.341151222248381458e-01
2.168621700879765513e+01,4.127465133511834527e-01,4.742731750558200066e-01,5.344552242649029949e-01
2.171554252199413426e+01,4.130333040064245176e-01,4.745848863865661516e-01,5.347953263049678441e-01
2.174486803519061695e+01,4.133200946616655824e-01,4.748965977173122410e-01,5.351354283450328042e-01
2.177419354838709609e+01,4.136068853169066473e-01,4.752083090480583305e-01,5.354755303850977644e-01
2.180351906158357878e+01,4.138936759721477121e-01,4.755200203788044755e-01,5.358156324251626135e-01
2.183284457478005791e+01,4.141804666273887769e-01,4.758317317095506205e-01,5.361557344652274626e-01
2.186217008797654060e+01,4.144672572826298418e-01,4.761434430402967655e-01,5.364958365052924227e-01
2.189149560117301974e+01,4.147540479378708511e-01,4.764551543710427994e-01,5.368359385453573829e-01
2.192082111436950242e+01,4.150408385931119715e-01,4.767668657017889444e-01,5.371760405854222320e-01
2.195014662756598156e+01,4.153276292483529808e-01,4.770785770325350894e-01,5.375161426254870811e-01
2.197947214076246425e+01,4.156144199035941011e-01,4.773902883632812344e-01,5.378562446655520413e-01
2.200879765395894339e+01,4.159012105588351105e-01,4.777019996940273239e-01,5.381963467056170014e-01
2.203812316715542607e+01,4.161880012140762308e-01,4.780137110247734133e-01,5.385364487456818505e-01
2.206744868035190876e+01,4.164747918693172957e-01,4.783254223555195583e-01,5.388765507857468107e-01
2.209677419354838790e+01,4.167615825245583050e-01,4.786371336862657033e-01,5.392166528258116598e-01
2.212609970674486704e+01,4.170483731797993698e-01,4.789488450170117928e-01,5.395567548658766199e-01
2.215542521994134972e+01,4.173351638350404347e-01,4.792605563477578823e-01,5.398968569059414691e-01
2.218475073313783241e+01,4.176219544902815550e-01,4.795722676785040273e-01,5.402369589460064292e-01
2.221407624633431155e+01,4.179087451455225644e-01,4.798839790092501723e-01,5.405770609860712783e-01
2.224340175953079068e+01,4.181955358007636292e-01,4.801956903399962617e-01,5.409171630261362385e-01
2.227272727272727337e+01,4.184823264560046940e-01,4.805074016707423512e-01,5.412572650662010876e-01
2.230205278592375606e+01,4.187691171112457589e-01,4.808191130014884962e-01,5.415973671062660477e-01
2.233137829912023520e+01,4.190559077664868237e-01,4.811308243322346412e-01,5.419374691463308968e-01
2.236070381231671433e+01,4.193426984217278886e-01,4.814425356629807307e-01,5.422775711863958570e-01
2.239002932551319702e+01,4.196294890769689534e-01,4.817542469937268756e-01,5.426176732264607061e-01
2.241935483870967971e+01,4.199162797322100182e-01,4.820659583244729651e-01,5.429577752665256662e-01
2.244868035190615885e+01,4.202030703874510831e-01,4.823776696552191101e-01,5.432978773065905154e-01
2.247800586510263798e+01,4.204898610426921479e-01,4.826893809859651996e-01,5.436379793466554755e-01
2.250733137829912067e+01,4.207766516979332128e-01,4.830010923167113446e-01,5.439780813867203246e-01
2.253665689149560336e+01,4.210634423531742776e-01,4.833128036474574341e-01,5.443181834267852848e-01
2.256598240469208250e+01,4.213502330084153424e-01,4.836245149782035790e-01,5.446582854668501339e-01
2.259530791788856163e+01,4.216370236636564073e-01,4.839362263089496685e-01,5.449983875069150940e-01
2.262463343108504432e+01,4.219238143188974721e-01,4.842479376396958135e-01,5.453384895469799432e-01
2.265395894428152701e+01,4.222106049741385370e-01,4.845596489704419585e-01,5.456785915870449033e-01
2.268328445747800615e+01,4.224973956293796018e-01,4.848713603011880480e-01,5.460186936271097524e-01
2.271260997067448528e+01,4.227841862846206111e-01,4.851830716319341374e-01,5.463587956671747126e-01
2.274193548387096797e+01,4.230709769398617315e-01,4.854947829626802824e-01,5.466988977072395617e-01
2.277126099706745066e+01,4.233577675951027963e-01,4.858064942934264274e-01,5.470389997473045218e-01
2.280058651026392980e+01,4.236445582503438612e-01,4.861182056241725169e-01,5.473791017873693709e-01
2.282991202346040893e+01,4.239313489055848705e-01,4.864299169549186064e-01,5.477192038274343311e-01
2.285923753665689162e+01,4.242181395608259353e-01,4.867416282856647514e-01,5.480593058674991802e-01
2.288856304985337431e+01,4.245049302160670557e-01,4.870533396164108964e-01,5.483994079075641404e-01
2.291788856304985345e+01,4.247917208713080650e-01,4.873650509471569858e-01,5.487395099476289895e-01
2.294721407624633258e+01,4.250785115265491299e-01,4.876767622779030753e-01,5.490796119876939496e-01
2.297653958944281527e+01,4.253653021817901947e-01,4.879884736086492203e-01,5.494197140277587987e-01
2.300586510263929796e+01,4.256520928370313150e-01,4.883001849393953653e-01,5.497598160678237589e-01
2.303519061583577709e+01,4.259388834922723244e-01,4.886118962701414548e-01,5.500999181078886080e-01
2.306451612903225623e+01,4.262256741475133892e-01,4.889236076008875442e-01,5.504400201479535681e-01
2.309384164222873892e+01,4.265124648027544541e-01,4.892353189316336892e-01,5.507801221880184173e-01
2.312316715542522161e+01,4.267992554579955189e-01,4.895470302623798342e-01,5.511202242280833774e-01
2.315249266862170074e+01,4.270860461132365837e-01,4.898587415931259237e-01,5.514603262681482265e-01
2.318181818181817988e+01,4.273728367684775931e-01,4.901704529238720132e-01,5.518004283082131867e-01
2.321114369501466257e+01,4.276596274237187134e-01,4.904821642546181582e-01,5.521405303482780358e-01
2.324046920821114526e+01,4.279464180789597783e-01,4.907938755853643031e-01,5.524806323883429959e-01
2.326979472140762439e+01,4.282332087342008431e-01,4.911055869161103926e-01,5.528207344284078451e-01
2.329912023460410353e+01,4.285199993894418524e-01,4.914172982468565376e-01,5.531608364684728052e-01
2.332844574780058622e+01,4.288067900446829173e-01,4.917290095776026271e-01,5.535009385085376543e-01
2.335777126099706891e+01,4.290935806999240376e-01,4.920407209083487721e-01,5.538410405486026145e-01
2.338709677419354804e+01,4.293803713551650469e-01,4.923524322390948615e-01,5.541811425886674636e-01
2.341642228739002718e+01,4.296671620104061118e-01,4.926641435698410065e-01,5.545212446287324237e-01
2.344574780058650987e+01,4.299539526656471766e-01,4.929758549005870960e-01,5.548613466687972728e-01
2.347507331378299256e+01,4.302407433208882970e-01,4.932875662313332410e-01,5.552014487088622330e-01
2.350439882697947525e+01,4.305275339761293618e-01,4.935992775620793860e-01,5.555415507489271931e-01
2.353372434017595438e+01,4.308143246313703711e-01,4.939109888928254755e-01,5.558816527889920422e-01
2.356304985337243352e+01,4.311011152866114360e-01,4.942227002235716204e-01,5.562217548290568914e-01
2.359237536656891621e+01,4.313879059418525008e-01,4.945344115543177099e-01,5.565618568691218515e-01
2.362170087976539889e+01,4.316746965970936212e-01,4.948461228850638549e-01,5.569019589091868117e-01
2.365102639296187803e+01,4.319614872523346305e-01,4.951578342158099444e-01,5.572420609492516608e-01
2.368035190615835717e+01,4.322482779075756953e-01,4.954695455465560894e-01,5.575821629893165099e-01
2.370967741935483986e+01,4.325350685628167602e-01,4.957812568773021789e-01,5.579222650293814700e-01
2.373900293255132254e+01,4.328218592180578250e-01,4.960929682080483238e-01,5.582623670694464302e-01
2.376832844574780168e+01,4.331086498732988899e-01,4.964046795387944133e-01,5.586024691095112793e-01
2.379765395894428082e+01,4.333954405285399547e-01,4.967163908695405583e-01,5.589425711495761284e-01
2.382697947214076351e+01,4.336822311837810195e-01,4.970281022002866478e-01,5.592826731896410886e-01
2.385630498533724619e+01,4.339690218390220844e-01,4.973398135310327928e-01,5.596227752297060487e-01
2.388563049853372533e+01,4.342558124942631492e-01,4.976515248617788822e-01,5.599628772697708978e-01
2.391495601173020447e+01,4.345426031495042141e-01,4.979632361925250272e-01,5.603029793098357469e-01
2.394428152492668715e+01,4.348293938047452789e-01,4.982749475232711722e-01,5.606430813499007071e-01
2.397360703812316984e+01,4.351161844599863437e-01,4.985866588540172617e-01,5.609831833899656672e-01
2.400293255131964898e+01,4.354029751152274086e-01,4.988983701847633512e-01,5.613232854300305164e-01
2.403225806451612812e+01,4.356897657704684734e-01,4.992100815155094962e-01,5.616633874700953655e-01
2.406158357771261080e+01,4.359765564257095383e-01,4.995217928462556412e-01,5.620034895101603256e-01
2.409090909090909349e+01,4.362633470809506031e-01,4.998335041770017306e-01,5.623435915502252858e-01
2.412023460410557263e+01,4.365501377361916679e-01,5.001452155077478201e-01,5.626836935902901349e-01
2.414956011730205176e+01,4.368369283914326773e-01,5.004569268384939651e-01,5.630237956303549840e-01
2.417888563049853445e+01,4.371237190466737976e-01,5.007686381692401101e-01,5.633638976704199441e-01
2.420821114369501714e+01,4.374105097019148625e-01,5.010803494999862551e-01,5.637039997104849043e-01
2.423753665689149628e+01,4.376973003571559273e-01,5.013920608307322890e-01,5.640441017505497534e-01
2.426686217008797541e+01,4.379840910123969366e-01,5.017037721614784340e-01,5.643842037906146025e-01
2.429618768328445810e+01,4.382708816676380015e-01,5.020154834922245790e-01,5.647243058306795627e-01
2.432551319648094079e+01,4.385576723228791218e-01,5.023271948229707240e-01,5.650644078707445228e-01
2.435483870967741993e+01,4.388444629781201312e-01,5.026389061537167580e-01,5.654045099108093719e-01
2.438416422287389906e+01,4.391312536333611960e-01,5.029506174844629030e-01,5.657446119508742211e-01
2.441348973607038175e+01,4.394180442886022608e-01,5.032623288152090479e-01,5.660847139909391812e-01
2.444281524926686444e+01,4.397048349438433257e-01,5.035740401459551929e-01,5.664248160310041413e-01
2.447214076246334358e+01,4.399916255990843905e-01,5.038857514767012269e-01,5.667649180710689905e-01
2.450146627565982271e+01,4.402784162543254554e-01,5.041974628074473719e-01,5.671050201111338396e-01
2.453079178885630540e+01,4.405652069095665202e-01,5.045091741381935169e-01,5.674451221511987997e-01
2.456011730205278809e+01,4.408519975648075850e-01,5.048208854689396619e-01,5.677852241912637599e-01
2.458944281524926723e+01,4.411387882200486499e-01,5.051325967996856958e-01,5.681253262313286090e-01
2.461876832844574636e+01,4.414255788752896592e-01,5.054443081304318408e-01,5.684654282713934581e-01
2.464809384164222905e+01,4.417123695305307796e-01,5.057560194611779858e-01,5.688055303114584182e-01
2.467741935483871174e+01,4.419991601857718444e-01,5.060677307919241308e-01,5.691456323515233784e-01
2.470674486803519088e+01,4.422859508410128537e-01,5.063794421226701647e-01,5.694857343915882275e-01
2.473607038123167001e+01,4.425727414962539186e-01,5.066911534534163097e-01,5.698258364316530766e-01
2.476539589442815270e+01,4.428595321514949834e-01,5.070028647841624547e-01,5.701659384717180368e-01
2.479472140762463539e+01,4.431463228067361038e-01,5.073145761149085997e-01,5.705060405117829969e-01
2.482404692082111453e+01,4.434331134619771131e-01,5.076262874456547447e-01,5.708461425518478460e-01
2.485337243401759366e+01,4.437199041172181779e-01,5.079379987764007787e-01,5.711862445919126952e-01
2.488269794721407635e+01,4.440066947724592428e-01,5.082497101071469237e-01,5.715263466319776553e-01
2.491202346041055904e+01,4.442934854277003076e-01,5.085614214378930686e-01,5.718664486720426154e-01
2.494134897360703818e+01,4.445802760829413725e-01,5.088731327686391026e-01,5.722065507121074646e-01
2.497067448680351731e+01,4.448670667381824373e-01,5.091848440993852476e-01,5.725466527521723137e-01
2.500000000000000000e+01,4.451538573934235021e-01,5.094965554301313926e-01,5.728867547922372738e-01
2.502932551319648269e+01,4.454144645769358979e-01,5.097828038122722560e-01,5.731713839243692821e-01
2.505865102639296182e+01,4.456750717604482936e-01,5.100690521944131195e-01,5.734560130565012903e-01
2.508797653958944096e+01,4.459356789439606894e-01,5.103553005765539829e-01,5.737406421886332986e-01
2.511730205278592365e+01,4.461962861274730852e-01,5.106415489586948464e-01,5.740252713207653068e-01
2.514662756598240634e+01,4.464568933109855364e-01,5.109277973408357099e-01,5.743099004528973150e-01
2.517595307917888547e+01,4.467175004944978767e-01,5.112140457229764623e-01,5.745945295850293233e-01
2.520527859237536461e+01,4.469781076780102724e-01,5.115002941051173257e-01,5.748791587171613315e-01
2.523460410557184730e+01,4.472387148615227237e-01,5.117865424872581892e-01,5.751637878492933398e-01
2.526392961876832999e+01,4.474993220450351195e-01,5.120727908693990527e-01,5.754484169814253480e-01
2.529325513196480912e+01,4.477599292285475152e-01,5.123590392515399161e-01,5.757330461135573563e-01
2.532258064516129181e+01,4.480205364120599110e-01,5.126452876336807796e-01,5.760176752456893645e-01
2.535190615835777095e+01,4.482811435955723067e-01,5.129315360158216430e-01,5.763023043778213728e-01
2.538123167155425364e+01,4.485417507790847025e-01,5.132177843979625065e-01,5.765869335099533810e-01
2.541055718475073633e+01,4.488023579625971538e-01,5.135040327801033699e-01,5.768715626420853892e-01
2.543988269794721546e+01,4.490629651461094940e-01,5.137902811622442334e-01,5.771561917742173975e-01
2.546920821114369460e+01,4.493235723296218898e-01,5.140765295443850968e-01,5.774408209063494057e-01
2.549853372434017729e+01,4.495841795131343410e-01,5.143627779265259603e-01,5.777254500384814140e-01
2.552785923753665998e+01,4.498447866966467368e-01,5.146490263086668238e-01,5.780100791706134222e-01
2.555718475073313911e+01,4.501053938801591325e-01,5.149352746908076872e-01,5.782947083027454305e-01
2.558651026392961825e+01,4.503660010636714728e-01,5.152215230729484396e-01,5.785793374348774387e-01
2.561583577712610094e+01,4.506266082471839240e-01,5.155077714550893031e-01,5.788639665670094470e-01
2.564516129032258362e+01,4.508872154306963198e-01,5.157940198372301666e-01,5.791485956991414552e-01
2.567448680351906276e+01,4.511478226142087156e-01,5.160802682193710300e-01,5.794332248312734635e-01
2.570381231671554190e+01,4.514084297977211113e-01,5.163665166015118935e-01,5.797178539634054717e-01
2.573313782991202459e+01,4.516690369812335071e-01,5.166527649836527569e-01,5.800024830955374799e-01
2.576246334310850727e+01,4.519296441647459028e-01,5.169390133657936204e-01,5.802871122276694882e-01
2.579178885630498641e+01,4.521902513482582986e-01,5.172252617479344838e-01,5.805717413598014964e-01
2.582111436950146555e+01,4.524508585317706943e-01,5.175115101300753473e-01,5.808563704919335047e-01
2.585043988269794824e+01,4.527114657152830901e-01,5.177977585122162107e-01,5.811409996240655129e-01
2.587976539589443092e+01,4.529720728987955414e-01,5.180840068943570742e-01,5.814256287561975212e-01
2.590909090909091006e+01,4.532326800823078816e-01,5.183702552764979377e-01,5.817102578883295294e-01
2.593841642228738920e+01,4.534932872658202774e-01,5.186565036586386901e-01,5.819948870204614266e-01
2.596774193548387188e+01,4.537538944493327286e-01,5.189427520407795535e-01,5.822795161525935459e-01
2.599706744868035457e+01,4.540145016328451244e-01,5.192290004229204170e-01,5.825641452847255541e-01
2.602639296187683371e+01,4.542751088163575202e-01,5.195152488050612805e-01,5.828487744168575624e-01
2.605571847507331285e+01,4.545357159998699159e-01,5.198014971872021439e-01,5.831334035489894596e-01
2.608504398826979553e+01,4.547963231833823117e-01,5.200877455693430074e-01,5.834180326811215789e-01
2.611436950146627822e+01,4.550569303668947074e-01,5.203739939514838708e-01,5.837026618132535871e-01
2.614369501466275736e+01,4.553175375504071032e-01,5.206602423336247343e-01,5.839872909453855954e-01
2.617302052785923649e+01,4.555781447339194989e-01,5.209464907157655977e-01,5.842719200775174926e-01
2.620234604105571918e+01,4.558387519174318947e-01,5.212327390979064612e-01,5.845565492096495008e-01
2.623167155425220187e+01,4.560993591009443460e-01,5.215189874800473246e-01,5.848411783417816201e-01
2.626099706744868101e+01,4.563599662844566862e-01,5.218052358621881881e-01,5.851258074739135173e-01
2.629032258064516014e+01,4.566205734679690820e-01,5.220914842443289405e-01,5.854104366060455256e-01
2.631964809384164283e+01,4.568811806514815332e-01,5.223777326264698040e-01,5.856950657381775338e-01
2.634897360703812552e+01,4.571417878349939290e-01,5.226639810086106674e-01,5.859796948703096531e-01
2.637829912023460466e+01,4.574023950185063248e-01,5.229502293907515309e-01,5.862643240024415503e-01
2.640762463343108379e+01,4.576630022020186650e-01,5.232364777728923944e-01,5.865489531345735585e-01
2.643695014662756648e+01,4.579236093855311163e-01,5.235227261550332578e-01,5.868335822667055668e-01
2.646627565982404917e+01,4.581842165690435120e-01,5.238089745371741213e-01,5.871182113988375750e-01
2.649560117302052831e+01,4.584448237525559078e-01,5.240952229193149847e-01,5.874028405309695833e-01
2.652492668621700744e+01,4.587054309360683035e-01,5.243814713014558482e-01,5.876874696631015915e-01
2.655425219941349013e+01,4.589660381195806993e-01,5.246677196835967116e-01,5.879720987952335998e-01
2.658357771260997282e+01,4.592266453030930951e-01,5.249539680657375751e-01,5.882567279273656080e-01
2.661290322580645196e+01,4.594872524866054908e-01,5.252402164478784385e-01,5.885413570594976163e-01
2.664222873900293109e+01,4.597478596701178866e-01,5.255264648300191910e-01,5.888259861916296245e-01
2.667155425219941378e+01,4.600084668536302823e-01,5.258127132121600544e-01,5.891106153237616327e-01
2.670087976539589647e+01,4.602690740371427336e-01,5.260989615943009179e-01,5.893952444558936410e-01
2.673020527859237561e+01,4.605296812206550738e-01,5.263852099764417813e-01,5.896798735880256492e-01
2.675953079178885474e+01,4.607902884041674696e-01,5.266714583585826448e-01,5.899645027201576575e-01
2.678885630498533743e+01,4.610508955876799209e-01,5.269577067407235083e-01,5.902491318522896657e-01
2.681818181818182012e+01,4.613115027711923166e-01,5.272439551228643717e-01,5.905337609844216740e-01
2.684750733137829926e+01,4.615721099547047124e-01,5.275302035050052352e-01,5.908183901165536822e-01
2.687683284457477839e+01,4.618327171382171081e-01,5.278164518871460986e-01,5.911030192486856905e-01
2.690615835777126108e+01,4.620933243217295039e-01,5.281027002692869621e-01,5.913876483808176987e-01
2.693548387096774377e+01,4.623539315052418996e-01,5.283889486514278255e-01,5.916722775129497069e-01
2.696480938416422291e+01,4.626145386887542954e-01,5.286751970335685780e-01,5.919569066450817152e-01
2.699413489736070204e+01,4.628751458722666912e-01,5.289614454157094414e-01,5.922415357772137234e-01
2.702346041055718473e+01,4.631357530557790869e-01,5.292476937978503049e-01,5.925261649093457317e-01
2.705278592375366742e+01,4.633963602392915382e-01,5.295339421799911683e-01,5.928107940414777399e-01
2.708211143695014655e+01,4.636569674228038784e-01,5.298201905621320318e-01,5.930954231736097482e-01
2.711143695014662569e+01,4.639175746063162742e-01,5.301064389442728952e-01,5.933800523057417564e-01
2.714076246334310838e+01,4.641781817898287255e-01,5.303926873264137587e-01,5.936646814378737647e-01
2.717008797653959107e+01,4.644387889733411212e-01,5.306789357085546222e-01,5.939493105700057729e-01
2.719941348973607020e+01,4.646993961568535170e-01,5.309651840906954856e-01,5.942339397021377811e-01
2.722873900293255289e+01,4.649600033403659127e-01,5.312514324728363491e-01,5.945185688342697894e-01
2.725806451612903203e+01,4.652206105238783085e-01,5.315376808549772125e-01,5.948031979664017976e-01
2.728739002932551472e+01,4.654812177073907042e-01,5.318239292371180760e-01,5.950878270985338059e-01
2.731671554252199741e+01,4.657418248909031000e-01,5.321101776192589394e-01,5.953724562306658141e-01
2.734604105571847654e+01,4.660024320744154958e-01,5.323964260013998029e-01,5.956570853627978224e-01
2.737536656891495568e+01,4.662630392579278915e-01,5.326826743835405553e-01,5.959417144949298306e-01
2.740469208211143837e+01,4.665236464414402873e-01,5.329689227656814188e-01,5.962263436270618389e-01
2.743401759530792106e+01,4.667842536249527385e-01,5.332551711478222822e-01,5.965109727591938471e-01
2.746334310850440019e+01,4.670448608084651343e-01,5.335414195299631457e-01,5.967956018913258553e-01
2.749266862170087933e+01,4.673054679919774745e-01,5.338276679121040091e-01,5.970802310234578636e-01
2.752199413489736202e+01,4.675660751754899258e-01,5.341139162942448726e-01,5.973648601555898718e-01
2.755131964809384471e+01,4.678266823590023216e-01,5.344001646763857361e-01,5.976494892877218801e-01
2.758064516129032384e+01,4.680872895425147173e-01,5.346864130585265995e-01,5.979341184198538883e-01
2.760997067448680298e+01,4.683478967260271131e-01,5.349726614406674630e-01,5.982187475519858966e-01
2.763929618768328567e+01,4.686085039095395088e-01,5.352589098228083264e-01,5.985033766841179048e-01
2.766862170087976835e+01,4.688691110930519046e-01,5.355451582049491899e-01,5.987880058162499131e-01
2.769794721407624749e+01,4.691297182765643003e-01,5.358314065870900533e-01,5.990726349483819213e-01
2.772727272727272663e+01,4.693903254600766961e-01,5.361176549692308058e-01,5.993572640805139295e-01
2.775659824046920932e+01,4.696509326435890919e-01,5.364039033513716692e-01,5.996418932126459378e-01
2.778592375366569200e+01,4.699115398271015431e-01,5.366901517335125327e-01,5.999265223447779460e-01
2.781524926686217114e+01,4.701721470106138834e-01,5.369764001156533961e-01,6.002111514769099543e-01
2.784457478005865028e+01,4.704327541941262791e-01,5.372626484977942596e-01,6.004957806090419625e-01
2.787390029325513296e+01,4.706933613776387304e-01,5.375488968799351230e-01,6.007804097411739708e-01
2.790322580645161565e+01,4.709539685611511262e-01,5.378351452620759865e-01,6.010650388733059790e-01
2.793255131964809479e+01,4.712145757446635219e-01,5.381213936442168499e-01,6.013496680054379873e-01
2.796187683284457393e+01,4.714751829281759177e-01,5.384076420263577134e-01,6.016342971375698845e-01
2.799120234604105661e+01,4.717357901116883134e-01,5.386938904084985769e-01,6.019189262697020038e-01
2.802052785923753930e+01,4.719963972952007092e-01,5.389801387906394403e-01,6.022035554018340120e-01
2.804985337243401844e+01,4.722570044787131049e-01,5.392663871727803038e-01,6.024881845339660202e-01
2.807917888563049758e+01,4.725176116622255007e-01,5.395526355549210562e-01,6.027728136660979175e-01
2.810850439882698026e+01,4.727782188457378965e-01,5.398388839370619197e-01,6.030574427982300367e-01
2.813782991202346295e+01,4.730388260292502922e-01,5.401251323192027831e-01,6.033420719303620450e-01
2.816715542521994209e+01,4.732994332127626880e-01,5.404113807013436466e-01,6.036267010624940532e-01
2.819648093841642122e+01,4.735600403962750837e-01,5.406976290834845100e-01,6.039113301946259504e-01
2.822580645161290391e+01,4.738206475797874795e-01,5.409838774656253735e-01,6.041959593267579587e-01
2.825513196480938660e+01,4.740812547632999308e-01,5.412701258477662369e-01,6.044805884588900780e-01
2.828445747800586574e+01,4.743418619468123265e-01,5.415563742299071004e-01,6.047652175910219752e-01
2.831378299120234487e+01,4.746024691303246668e-01,5.418426226120479638e-01,6.050498467231539834e-01
2.834310850439882756e+01,4.748630763138371180e-01,5.421288709941888273e-01,6.053344758552859917e-01
2.837243401759531025e+01,4.751236834973495138e-01,5.424151193763296908e-01,6.056191049874179999e-01
2.840175953079178939e+01,4.753842906808619095e-01,5.427013677584705542e-01,6.059037341195500082e-01
2.843108504398826852e+01,4.756448978643743053e-01,5.429876161406113066e-01,6.061883632516820164e-01
2.846041055718475121e+01,4.759055050478867011e-01,5.432738645227521701e-01,6.064729923838140246e-01
2.848973607038123390e+01,4.761661122313990968e-01,5.435601129048930336e-01,6.067576215159460329e-01
2.851906158357771304e+01,4.764267194149114926e-01,5.438463612870338970e-01,6.070422506480780411e-01
2.854838709677419217e+01,4.766873265984238883e-01,5.441326096691747605e-01,6.073268797802100494e-01
2.857771260997067486e+01,4.769479337819362841e-01,5.444188580513156239e-01,6.076115089123420576e-01
2.860703812316715755e+01,4.772085409654487353e-01,5.447051064334564874e-01,6.078961380444740659e-01
2.863636363636363669e+01,4.774691481489611311e-01,5.449913548155973508e-01,6.081807671766060741e-01
2.866568914956011582e+01,4.777297553324734714e-01,5.452776031977382143e-01,6.084653963087380824e-01
2.869501466275659851e+01,4.779903625159859226e-01,5.455638515798790777e-01,6.087500254408700906e-01
2.872434017595308120e+01,4.782509696994983184e-01,5.458500999620199412e-01,6.090346545730020988e-01
2.875366568914956034e+01,4.785115768830107141e-01,5.461363483441608047e-01,6.093192837051341071e-01
2.878299120234603947e+01,4.787721840665231099e-01,5.464225967263015571e-01,6.096039128372661153e-01
2.881231671554252216e+01,4.790327912500355056e-01,5.467088451084424205e-01,6.098885419693981236e-01
2.884164222873900485e+01,4.792933984335479014e-01,5.469950934905832840e-01,6.101731711015301318e-01
2.887096774193548399e+01,4.795540056170602972e-01,5.472813418727241475e-01,6.104578002336621401e-01
2.890029325513196312e+01,4.798146128005726929e-01,5.475675902548650109e-01,6.107424293657941483e-01
2.892961876832844581e+01,4.800752199840850887e-01,5.478538386370058744e-01,6.110270584979261566e-01
2.895894428152492850e+01,4.803358271675974844e-01,5.481400870191467378e-01,6.113116876300581648e-01
2.898826979472140764e+01,4.805964343511098802e-01,5.484263354012876013e-01,6.115963167621901730e-01
2.901759530791788677e+01,4.808570415346222759e-01,5.487125837834284647e-01,6.118809458943221813e-01
2.904692082111436946e+01,4.811176487181346717e-01,5.489988321655693282e-01,6.121655750264541895e-01
2.907624633431085215e+01,4.813782559016471230e-01,5.492850805477101916e-01,6.124502041585861978e-01
2.910557184750733484e+01,4.816388630851595187e-01,5.495713289298510551e-01,6.127348332907182060e-01
2.913489736070381397e+01,4.818994702686719145e-01,5.498575773119919186e-01,6.130194624228502143e-01
2.916422287390029311e+01,4.821600774521843102e-01,5.501438256941326710e-01,6.133040915549822225e-01
2.919354838709677580e+01,4.824206846356967060e-01,5.504300740762735344e-01,6.135887206871142308e-01
2.922287390029325849e+01,4.826812918192091573e-01,5.507163224584143979e-01,6.138733498192462390e-01
2.925219941348973762e+01,4.829418990027214975e-01,5.510025708405552614e-01,6.141579789513782472e-01
2.928152492668621676e+01,4.832025061862338933e-01,5.512888192226961248e-01,6.144426080835102555e-01
2.931085043988269945e+01,4.834631133697462890e-01,5.515750676048369883e-01,6.147272372156422637e-01
2.934017595307918214e+01,4.837237205532587403e-01,5.518613159869778517e-01,6.150118663477742720e-01
2.936950146627566127e+01,4.839843277367711361e-01,5.521475643691187152e-01,6.152964954799062802e-01
2.939882697947214041e+01,4.842449349202834763e-01,5.524338127512595786e-01,6.155811246120382885e-01
2.942815249266862310e+01,4.845055421037959276e-01,5.527200611334004421e-01,6.158657537441702967e-01
2.945747800586510579e+01,4.847661492873083233e-01,5.530063095155413055e-01,6.161503828763023050e-01
2.948680351906158492e+01,4.850267564708207191e-01,5.532925578976821690e-01,6.164350120084343132e-01
2.951612903225806406e+01,4.852873636543331148e-01,5.535788062798229214e-01,6.167196411405663214e-01
2.954545454545454675e+01,4.855479708378455106e-01,5.538650546619637849e-01,6.170042702726983297e-01
2.957478005865102944e+01,4.858085780213579064e-01,5.541513030441047594e-01,6.172888994048303379e-01
2.960410557184750857e+01,4.860691852048703021e-01,5.544375514262455118e-01,6.175735285369623462e-01
2.963343108504398771e+01,4.863297923883826979e-01,5.547237998083863753e-01,6.178581576690943544e-01
2.966275659824047040e+01,4.865903995718950936e-01,5.550100481905272387e-01,6.181427868012263627e-01
2.969208211143695308e+01,4.868510067554075449e-01,5.552962965726681022e-01,6.184274159333583709e-01
2.972140762463343222e+01,4.871116139389198851e-01,5.555825449548089656e-01,6.187120450654903792e-01
2.975073313782991136e+01,4.873722211224322809e-01,5.558687933369498291e-01,6.189966741976223874e-01
2.978005865102639405e+01,4.876328283059446767e-01,5.561550417190906925e-01,6.192813033297543956e-01
2.980938416422287673e+01,4.878934354894571279e-01,5.564412901012315560e-01,6.195659324618864039e-01
2.983870967741935587e+01,4.881540426729695237e-01,5.567275384833724194e-01,6.198505615940184121e-01
2.986803519061583501e+01,4.884146498564818639e-01,5.570137868655131719e-01,6.201351907261503094e-01
2.989736070381231769e+01,4.886752570399943152e-01,5.573000352476540353e-01,6.204198198582824286e-01
2.992668621700880038e+01,4.889358642235067109e-01,5.575862836297948988e-01,6.207044489904144369e-01
2.995601173020527952e+01,4.891964714070191067e-01,5.578725320119357622e-01,6.209890781225464451e-01
2.998533724340175866e+01,4.894570785905315025e-01,5.581587803940766257e-01,6.212737072546783423e-01
3.001466275659824134e+01,4.897103831456378065e-01,5.584364757742996677e-01,6.215676014023090445e-01
3.004398826979472403e+01,4.899563850723380187e-01,5.587056181526049992e-01,6.218707605654383297e-01
3.007331378299120317e+01,4.902023869990381755e-01,5.589747605309103307e-01,6.221739197285676148e-01
3.010263929618768231e+01,4.904483889257383877e-01,5.592439029092156622e-01,6.224770788916967890e-01
3.013196480938416499e+01,4.906943908524386000e-01,5.595130452875208826e-01,6.227802380548260741e-01
3.016129032258064768e+01,4.909403927791387567e-01,5.597821876658262141e-01,6.230833972179553593e-01
3.019061583577712682e+01,4.911863947058389690e-01,5.600513300441315456e-01,6.233865563810846444e-01
3.021994134897360595e+01,4.914323966325391257e-01,5.603204724224367661e-01,6.236897155442138185e-01
3.024926686217008864e+01,4.916783985592393380e-01,5.605896148007420976e-01,6.239928747073431037e-01
3.027859237536657133e+01,4.919244004859395503e-01,5.608587571790474291e-01,6.242960338704723888e-01
3.030791788856305047e+01,4.921704024126397070e-01,5.611278995573527606e-01,6.245991930336016740e-01
3.033724340175952960e+01,4.924164043393399193e-01,5.613970419356579811e-01,6.249023521967308481e-01
3.036656891495601229e+01,4.926624062660401315e-01,5.616661843139633126e-01,6.252055113598601332e-01
3.039589442815249498e+01,4.929084081927403438e-01,5.619353266922686441e-01,6.255086705229894184e-01
3.042521994134897412e+01,4.931544101194405005e-01,5.622044690705739756e-01,6.258118296861187035e-01
3.045454545454545325e+01,4.934004120461406573e-01,5.624736114488791960e-01,6.261149888492479887e-01
3.048387096774193594e+01,4.936464139728408695e-01,5.627427538271845275e-01,6.264181480123771628e-01
3.051319648093841863e+01,4.938924158995410818e-01,5.630118962054898590e-01,6.267213071755064480e-01
3.054252199413489777e+01,4.941384178262412941e-01,5.632810385837951905e-01,6.270244663386357331e-01
3.057184750733137690e+01,4.943844197529414508e-01,5.635501809621004110e-01,6.273276255017650183e-01
3.060117302052785959e+01,4.946304216796416631e-01,5.638193233404057425e-01,6.276307846648943034e-01
3.063049853372434228e+01,4.948764236063418753e-01,5.640884657187110740e-01,6.279339438280235886e-01
3.065982404692082142e+01,4.951224255330420321e-01,5.643576080970164055e-01,6.282371029911527627e-01
3.068914956011730055e+01,4.953684274597422443e-01,5.646267504753216260e-01,6.285402621542820478e-01
3.071847507331378324e+01,4.956144293864424566e-01,5.648958928536269575e-01,6.288434213174113330e-01
3.074780058651026593e+01,4.958604313131426133e-01,5.651650352319322890e-01,6.291465804805406181e-01
3.077712609970674507e+01,4.961064332398428256e-01,5.654341776102376205e-01,6.294497396436697922e-01
3.080645161290322420e+01,4.963524351665429823e-01,5.657033199885428409e-01,6.297528988067990774e-01
3.083577712609970689e+01,4.965984370932431946e-01,5.659724623668481724e-01,6.300560579699283625e-01
3.086510263929618958e+01,4.968444390199434069e-01,5.662416047451535039e-01,6.303592171330576477e-01
3.089442815249266872e+01,4.970904409466435636e-01,5.665107471234588354e-01,6.306623762961868218e-01
3.092375366568914785e+01,4.973364428733437759e-01,5.667798895017640559e-01,6.309655354593161070e-01
3.095307917888563054e+01,4.975824448000439881e-01,5.670490318800693874e-01,6.312686946224453921e-01
3.098240469208211323e+01,4.978284467267442004e-01,5.673181742583747189e-01,6.315718537855746773e-01
3.101173020527859236e+01,4.980744486534443571e-01,5.675873166366800504e-01,6.318750129487039624e-01
3.104105571847507505e+01,4.983204505801445694e-01,5.678564590149852709e-01,6.321781721118331365e-01
3.107038123167155419e+01,4.985664525068447261e-01,5.681256013932906024e-01,6.324813312749624217e-01
3.109970674486803688e+01,4.988124544335449384e-01,5.683947437715959339e-01,6.327844904380917068e-01
3.112903225806451601e+01,4.990584563602451507e-01,5.686638861499011544e-01,6.330876496012209920e-01
3.115835777126099870e+01,4.993044582869453629e-01,5.689330285282064859e-01,6.333908087643502771e-01
3.118768328445747784e+01,4.995504602136455197e-01,5.692021709065118173e-01,6.336939679274794512e-01
3.121700879765396053e+01,4.997964621403457319e-01,5.694713132848171488e-01,6.339971270906087364e-01
3.124633431085043966e+01,5.000424640670458887e-01,5.697404556631223693e-01,6.343002862537380215e-01
3.127565982404692235e+01,5.002884659937461009e-01,5.700095980414277008e-01,6.346034454168673067e-01
3.130498533724340149e+01,5.005344679204463132e-01,5.702787404197330323e-01,6.349066045799964808e-01
3.133431085043988418e+01,5.007804698471465255e-01,5.705478827980383638e-01,6.352097637431257660e-01
3.136363636363636331e+01,5.010264717738466267e-01,5.708170251763435843e-01,6.355129229062550511e-01
3.139296187683284600e+01,5.012724737005468389e-01,5.710861675546489158e-01,6.358160820693843363e-01
3.142228739002932514e+01,5.015184756272470512e-01,5.713553099329542473e-01,6.361192412325135104e-01
3.145161290322580783e+01,5.017644775539472635e-01,5.716244523112595788e-01,6.364224003956427955e-01
3.148093841642228696e+01,5.020104794806474757e-01,5.718935946895647993e-01,6.367255595587720807e-01
3.151026392961876965e+01,5.022564814073476880e-01,5.721627370678701308e-01,6.370287187219013658e-01
3.153958944281524879e+01,5.025024833340477892e-01,5.724318794461754623e-01,6.373318778850306510e-01
3.156891495601173148e+01,5.027484852607480015e-01,5.727010218244807938e-01,6.376350370481598251e-01
3.159824046920821061e+01,5.029944871874482137e-01,5.729701642027860142e-01,6.379381962112891102e-01
3.162756598240469330e+01,5.032404891141484260e-01,5.732393065810913457e-01,6.382413553744183954e-01
3.165689149560117244e+01,5.034864910408486383e-01,5.735084489593966772e-01,6.385445145375476805e-01
3.168621700879765513e+01,5.037324929675488505e-01,5.737775913377020087e-01,6.388476737006769657e-01
3.171554252199413426e+01,5.039784948942489518e-01,5.740467337160072292e-01,6.391508328638061398e-01
3.174486803519061695e+01,5.042244968209491640e-01,5.743158760943125607e-01,6.394539920269354250e-01
3.177419354838709609e+01,5.044704987476493763e-01,5.745850184726178922e-01,6.397571511900647101e-01
3.180351906158357878e+01,5.047165006743495885e-01,5.748541608509232237e-01,6.400603103531939952e-01
3.183284457478005791e+01,5.049625026010498008e-01,5.751233032292284442e-01,6.403634695163231694e-01
3.186217008797654060e+01,5.052085045277500130e-01,5.753924456075337757e-01,6.406666286794524545e-01
3.189149560117301974e+01,5.054545064544501143e-01,5.756615879858391072e-01,6.409697878425817397e-01
3.192082111436950242e+01,5.057005083811503265e-01,5.759307303641443276e-01,6.412729470057110248e-01
3.195014662756598511e+01,5.059465103078505388e-01,5.761998727424496591e-01,6.415761061688403100e-01
3.197947214076246425e+01,5.061925122345507511e-01,5.764690151207549906e-01,6.418792653319694841e-01
3.200879765395895049e+01,5.064385141612509633e-01,5.767381574990603221e-01,6.421824244950988803e-01
3.203812316715542607e+01,5.066845160879511756e-01,5.770072998773655426e-01,6.424855836582280544e-01
3.206744868035190876e+01,5.069305180146512768e-01,5.772764422556708741e-01,6.427887428213573395e-01
3.209677419354838435e+01,5.071765199413514891e-01,5.775455846339762056e-01,6.430919019844865137e-01
3.212609970674486704e+01,5.074225218680517013e-01,5.778147270122815371e-01,6.433950611476157988e-01
3.215542521994134972e+01,5.076685237947519136e-01,5.780838693905867576e-01,6.436982203107450839e-01
3.218475073313783241e+01,5.079145257214521259e-01,5.783530117688920891e-01,6.440013794738743691e-01
3.221407624633431510e+01,5.081605276481523381e-01,5.786221541471974206e-01,6.443045386370036542e-01
3.224340175953079779e+01,5.084065295748525504e-01,5.788912965255027521e-01,6.446076978001329394e-01
3.227272727272727337e+01,5.086525315015526516e-01,5.791604389038079725e-01,6.449108569632621135e-01
3.230205278592375606e+01,5.088985334282528639e-01,5.794295812821133040e-01,6.452140161263913987e-01
3.233137829912023165e+01,5.091445353549530761e-01,5.796987236604185245e-01,6.455171752895205728e-01
3.236070381231671433e+01,5.093905372816531774e-01,5.799678660387238560e-01,6.458203344526498579e-01
3.239002932551319702e+01,5.096365392083533896e-01,5.802370084170291875e-01,6.461234936157791431e-01
3.241935483870967971e+01,5.098825411350536019e-01,5.805061507953345190e-01,6.464266527789084282e-01
3.244868035190616240e+01,5.101285430617538141e-01,5.807752931736398505e-01,6.467298119420377134e-01
3.247800586510264509e+01,5.103745449884540264e-01,5.810444355519451820e-01,6.470329711051669985e-01
3.250733137829912067e+01,5.106205469151542387e-01,5.813135779302504025e-01,6.473361302682962837e-01
3.253665689149560336e+01,5.108665488418544509e-01,5.815827203085557340e-01,6.476392894314254578e-01
3.256598240469207894e+01,5.111125507685545521e-01,5.818518626868609545e-01,6.479424485945547429e-01
3.259530791788856163e+01,5.113585526952547644e-01,5.821210050651662860e-01,6.482456077576840281e-01
3.262463343108504432e+01,5.116045546219549767e-01,5.823901474434716174e-01,6.485487669208133132e-01
3.265395894428152701e+01,5.118505565486551889e-01,5.826592898217769489e-01,6.488519260839425984e-01
3.268328445747800970e+01,5.120965584753554012e-01,5.829284322000822804e-01,6.491550852470717725e-01
3.271260997067449239e+01,5.123425604020556134e-01,5.831975745783876119e-01,6.494582444102010577e-01
3.274193548387096797e+01,5.125885623287557147e-01,5.834667169566928324e-01,6.497614035733303428e-01
3.277126099706745066e+01,5.128345642554559269e-01,5.837358593349981639e-01,6.500645627364596280e-01
3.280058651026392624e+01,5.130805661821561392e-01,5.840050017133033844e-01,6.503677218995888021e-01
3.282991202346040893e+01,5.133265681088563515e-01,5.842741440916087159e-01,6.506708810627180872e-01
3.285923753665689162e+01,5.135725700355565637e-01,5.845432864699140474e-01,6.509740402258473724e-01
3.288856304985337431e+01,5.138185719622567760e-01,5.848124288482193789e-01,6.512771993889766575e-01
3.291788856304985700e+01,5.140645738889569882e-01,5.850815712265247104e-01,6.515803585521059427e-01
3.294721407624633969e+01,5.143105758156572005e-01,5.853507136048300419e-01,6.518835177152352278e-01
3.297653958944281527e+01,5.145565777423573017e-01,5.856198559831352624e-01,6.521866768783644019e-01
3.300586510263929796e+01,5.148025796690575140e-01,5.858889983614405939e-01,6.524898360414936871e-01
3.303519061583577354e+01,5.150485815957576152e-01,5.861581407397458143e-01,6.527929952046228612e-01
3.306451612903225623e+01,5.152945835224578275e-01,5.864272831180511458e-01,6.530961543677521464e-01
3.309384164222873892e+01,5.155405854491580397e-01,5.866964254963564773e-01,6.533993135308814315e-01
3.312316715542522161e+01,5.157865873758582520e-01,5.869655678746618088e-01,6.537024726940107167e-01
3.315249266862170430e+01,5.160325893025584643e-01,5.872347102529671403e-01,6.540056318571400018e-01
3.318181818181818699e+01,5.162785912292586765e-01,5.875038526312724718e-01,6.543087910202692870e-01
3.321114369501466257e+01,5.165245931559588888e-01,5.877729950095776923e-01,6.546119501833984611e-01
3.324046920821114526e+01,5.167705950826591010e-01,5.880421373878830238e-01,6.549151093465277462e-01
3.326979472140762084e+01,5.170165970093592023e-01,5.883112797661882443e-01,6.552182685096569204e-01
3.329912023460410353e+01,5.172625989360594145e-01,5.885804221444935758e-01,6.555214276727862055e-01
3.332844574780058622e+01,5.175086008627596268e-01,5.888495645227989073e-01,6.558245868359154906e-01
3.335777126099706891e+01,5.177546027894598391e-01,5.891187069011042388e-01,6.561277459990447758e-01
3.338709677419355160e+01,5.180006047161600513e-01,5.893878492794095703e-01,6.564309051621740609e-01
3.341642228739003428e+01,5.182466066428602636e-01,5.896569916577147907e-01,6.567340643253033461e-01
3.344574780058650987e+01,5.184926085695603648e-01,5.899261340360201222e-01,6.570372234884325202e-01
3.347507331378299256e+01,5.187386104962605771e-01,5.901952764143254537e-01,6.573403826515618054e-01
3.350439882697946814e+01,5.189846124229607893e-01,5.904644187926306742e-01,6.576435418146910905e-01
3.353372434017595083e+01,5.192306143496608906e-01,5.907335611709360057e-01,6.579467009778203757e-01
3.356304985337243352e+01,5.194766162763611028e-01,5.910027035492413372e-01,6.582498601409496608e-01
3.359237536656891621e+01,5.197226182030613151e-01,5.912718459275466687e-01,6.585530193040789460e-01
3.362170087976539889e+01,5.199686201297615273e-01,5.915409883058520002e-01,6.588561784672082311e-01
3.365102639296188158e+01,5.202146220564617396e-01,5.918101306841572207e-01,6.591593376303374052e-01
3.368035190615835717e+01,5.204606239831619519e-01,5.920792730624625522e-01,6.594624967934666904e-01
3.370967741935483986e+01,5.207066259098621641e-01,5.923484154407678837e-01,6.597656559565959755e-01
3.373900293255131544e+01,5.209526278365622654e-01,5.926175578190731041e-01,6.600688151197251496e-01
3.376832844574779813e+01,5.211986297632624776e-01,5.928867001973784356e-01,6.603719742828544348e-01
3.379765395894428082e+01,5.214446316899626899e-01,5.931558425756837671e-01,6.606751334459837199e-01
3.382697947214076351e+01,5.216906336166629021e-01,5.934249849539890986e-01,6.609782926091130051e-01
3.385630498533724619e+01,5.219366355433631144e-01,5.936941273322943191e-01,6.612814517722422902e-01
3.388563049853372888e+01,5.221826374700633266e-01,5.939632697105996506e-01,6.615846109353715754e-01
3.391495601173021157e+01,5.224286393967635389e-01,5.942324120889049821e-01,6.618877700985008605e-01
3.394428152492668715e+01,5.226746413234636401e-01,5.945015544672103136e-01,6.621909292616300347e-01
3.397360703812316984e+01,5.229206432501638524e-01,5.947706968455155341e-01,6.624940884247593198e-01
3.400293255131964543e+01,5.231666451768640647e-01,5.950398392238208656e-01,6.627972475878884939e-01
3.403225806451612812e+01,5.234126471035642769e-01,5.953089816021261971e-01,6.631004067510177791e-01
3.406158357771261080e+01,5.236586490302644892e-01,5.955781239804314176e-01,6.634035659141470642e-01
3.409090909090909349e+01,5.239046509569647014e-01,5.958472663587367490e-01,6.637067250772763494e-01
3.412023460410557618e+01,5.241506528836648027e-01,5.961164087370420805e-01,6.640098842404056345e-01
3.414956011730205887e+01,5.243966548103651260e-01,5.963855511153474120e-01,6.643130434035349197e-01
3.417888563049853445e+01,5.246426567370652272e-01,5.966546934936526325e-01,6.646162025666640938e-01
3.420821114369501714e+01,5.248886586637654394e-01,5.969238358719579640e-01,6.649193617297933789e-01
3.423753665689149273e+01,5.251346605904655407e-01,5.971929782502632955e-01,6.652225208929225531e-01
3.426686217008797541e+01,5.253806625171657529e-01,5.974621206285685160e-01,6.655256800560518382e-01
3.429618768328445810e+01,5.256266644438659652e-01,5.977312630068738475e-01,6.658288392191811234e-01
3.432551319648094079e+01,5.258726663705661775e-01,5.980004053851791790e-01,6.661319983823104085e-01
3.435483870967742348e+01,5.261186682972663897e-01,5.982695477634845105e-01,6.664351575454396936e-01
3.438416422287390617e+01,5.263646702239666020e-01,5.985386901417898420e-01,6.667383167085689788e-01
3.441348973607038175e+01,5.266106721506667032e-01,5.988078325200950625e-01,6.670414758716981529e-01
3.444281524926686444e+01,5.268566740773669155e-01,5.990769748984003940e-01,6.673446350348274381e-01
3.447214076246334002e+01,5.271026760040671277e-01,5.993461172767056144e-01,6.676477941979567232e-01
3.450146627565982271e+01,5.273486779307673400e-01,5.996152596550109459e-01,6.679509533610860084e-01
3.453079178885630540e+01,5.275946798574675523e-01,5.998844020333162774e-01,6.682541125242151825e-01
3.456011730205278809e+01,5.278406817841677645e-01,6.001535444116216089e-01,6.685572716873444676e-01
3.458944281524927078e+01,5.280866837108679768e-01,6.004226867899269404e-01,6.688604308504737528e-01
3.461876832844575347e+01,5.283326856375681890e-01,6.006918291682322719e-01,6.691635900136030379e-01
3.464809384164222905e+01,5.285786875642682903e-01,6.009609715465374924e-01,6.694667491767323231e-01
3.467741935483871174e+01,5.288246894909685025e-01,6.012301139248428239e-01,6.697699083398616082e-01
3.470674486803518732e+01,5.290706914176686038e-01,6.014992563031480444e-01,6.700730675029907824e-01
3.473607038123167001e+01,5.293166933443688160e-01,6.017683986814533759e-01,6.703762266661200675e-01
3.476539589442815270e+01,5.295626952710690283e-01,6.020375410597587074e-01,6.706793858292493526e-01
3.479472140762463539e+01,5.298086971977692405e-01,6.023066834380640389e-01,6.709825449923786378e-01
3.482404692082111808e+01,5.300546991244694528e-01,6.025758258163693704e-01,6.712857041555079229e-01
3.485337243401760077e+01,5.303007010511696651e-01,6.028449681946747019e-01,6.715888633186372081e-01
3.488269794721407635e+01,5.305467029778698773e-01,6.031141105729799223e-01,6.718920224817663822e-01
3.491202346041055904e+01,5.307927049045700896e-01,6.033832529512852538e-01,6.721951816448956674e-01
3.494134897360703462e+01,5.310387068312701908e-01,6.036523953295904743e-01,6.724983408080248415e-01
3.497067448680351731e+01,5.312847087579704031e-01,6.039215377078958058e-01,6.728014999711541266e-01
3.500000000000000000e+01,5.315307106846706153e-01,6.041906800862011373e-01,6.731046591342834118e-01
3.502932551319648269e+01,5.317132619637972013e-01,6.044148582087784938e-01,6.733566070590839558e-01
3.505865102639296538e+01,5.318958132429236763e-01,6.046390363313558503e-01,6.736085549838844999e-01
3.508797653958944807e+01,5.320783645220502622e-01,6.048632144539332067e-01,6.738605029086851550e-01
3.511730205278592365e+01,5.322609158011767372e-01,6.050873925765105632e-01,6.741124508334855880e-01
3.514662756598240634e+01,5.324434670803032121e-01,6.053115706990879197e-01,6.743643987582861321e-01
3.517595307917888192e+01,5.326260183594297981e-01,6.055357488216652762e-01,6.746163466830866762e-01
3.520527859237536461e+01,5.328085696385562731e-01,6.057599269442426326e-01,6.748682946078872202e-01
3.523460410557184730e+01,5.329911209176828590e-01,6.059841050668199891e-01,6.751202425326877643e-01
3.526392961876832999e+01,5.331736721968093340e-01,6.062082831893973456e-01,6.753721904574883084e-01
3.529325513196481268e+01,5.333562234759359200e-01,6.064324613119747021e-01,6.756241383822889635e-01
3.532258064516129537e+01,5.335387747550625059e-01,6.066566394345521696e-01,6.758760863070895075e-01
3.535190615835777095e+01,5.337213260341889809e-01,6.068808175571294150e-01,6.761280342318899406e-01
3.538123167155425364e+01,5.339038773133154558e-01,6.071049956797067715e-01,6.763799821566905957e-01
3.541055718475072922e+01,5.340864285924419308e-01,6.073291738022841280e-01,6.766319300814910287e-01
3.543988269794721191e+01,5.342689798715685168e-01,6.075533519248614844e-01,6.768838780062915728e-01
3.546920821114369460e+01,5.344515311506951027e-01,6.077775300474388409e-01,6.771358259310921168e-01
3.549853372434017729e+01,5.346340824298215777e-01,6.080017081700161974e-01,6.773877738558927719e-01
3.552785923753665998e+01,5.348166337089481637e-01,6.082258862925936649e-01,6.776397217806933160e-01
3.555718475073314266e+01,5.349991849880746386e-01,6.084500644151710214e-01,6.778916697054938600e-01
3.558651026392961825e+01,5.351817362672012246e-01,6.086742425377482668e-01,6.781436176302944041e-01
3.561583577712610094e+01,5.353642875463276996e-01,6.088984206603256233e-01,6.783955655550949482e-01
3.564516129032258362e+01,5.355468388254542855e-01,6.091225987829030908e-01,6.786475134798954922e-01
3.567448680351905921e+01,5.357293901045807605e-01,6.093467769054803362e-01,6.788994614046960363e-01
3.570381231671554190e+01,5.359119413837072354e-01,6.095709550280576927e-01,6.791514093294965804e-01
3.573313782991202459e+01,5.360944926628338214e-01,6.097951331506351602e-01,6.794033572542971244e-01
3.576246334310850727e+01,5.362770439419604074e-01,6.100193112732125167e-01,6.796553051790976685e-01
3.579178885630498996e+01,5.364595952210868823e-01,6.102434893957898732e-01,6.799072531038982126e-01
3.582111436950147265e+01,5.366421465002134683e-01,6.104676675183672296e-01,6.801592010286987566e-01
3.585043988269794824e+01,5.368246977793399433e-01,6.106918456409445861e-01,6.804111489534993007e-01
3.587976539589443092e+01,5.370072490584664182e-01,6.109160237635219426e-01,6.806630968782998448e-01
3.590909090909090651e+01,5.371898003375930042e-01,6.111402018860991880e-01,6.809150448031003888e-01
3.593841642228738920e+01,5.373723516167194791e-01,6.113643800086766555e-01,6.811669927279009329e-01
3.596774193548387188e+01,5.375549028958460651e-01,6.115885581312540120e-01,6.814189406527014770e-01
3.599706744868035457e+01,5.377374541749725401e-01,6.118127362538313685e-01,6.816708885775020210e-01
3.602639296187683726e+01,5.379200054540991260e-01,6.120369143764087250e-01,6.819228365023025651e-01
3.605571847507331995e+01,5.381025567332257120e-01,6.122610924989860814e-01,6.821747844271032202e-01
3.608504398826979553e+01,5.382851080123521870e-01,6.124852706215634379e-01,6.824267323519036532e-01
3.611436950146627822e+01,5.384676592914786619e-01,6.127094487441407944e-01,6.826786802767041973e-01
3.614369501466275381e+01,5.386502105706051369e-01,6.129336268667180398e-01,6.829306282015047413e-01
3.617302052785923649e+01,5.388327618497317228e-01,6.131578049892955073e-01,6.831825761263052854e-01
3.620234604105571918e+01,5.390153131288583088e-01,6.133819831118728638e-01,6.834345240511058295e-01
3.623167155425220187e+01,5.391978644079847838e-01,6.136061612344502203e-01,6.836864719759064846e-01
3.626099706744868456e+01,5.393804156871113697e-01,6.138303393570275768e-01,6.839384199007070286e-01
3.629032258064516725e+01,5.395629669662378447e-01,6.140545174796049332e-01,6.841903678255075727e-01
3.631964809384164283e+01,5.397455182453644307e-01,6.142786956021822897e-01,6.844423157503081168e-01
3.634897360703812552e+01,5.399280695244909056e-01,6.145028737247596462e-01,6.846942636751086608e-01
3.637829912023460111e+01,5.401106208036173806e-01,6.147270518473370027e-01,6.849462115999090939e-01
3.640762463343108379e+01,5.402931720827439666e-01,6.149512299699143592e-01,6.851981595247096379e-01
3.643695014662756648e+01,5.404757233618704415e-01,6.151754080924917156e-01,6.854501074495102930e-01
3.646627565982404917e+01,5.406582746409970275e-01,6.153995862150690721e-01,6.857020553743108371e-01
3.649560117302053186e+01,5.408408259201236135e-01,6.156237643376464286e-01,6.859540032991113812e-01
3.652492668621701455e+01,5.410233771992500884e-01,6.158479424602237851e-01,6.862059512239119252e-01
3.655425219941349013e+01,5.412059284783765634e-01,6.160721205828011415e-01,6.864578991487124693e-01
3.658357771260997282e+01,5.413884797575031493e-01,6.162962987053784980e-01,6.867098470735130133e-01
3.661290322580644840e+01,5.415710310366296243e-01,6.165204768279558545e-01,6.869617949983135574e-01
3.664222873900293109e+01,5.417535823157562103e-01,6.167446549505332110e-01,6.872137429231141015e-01
3.667155425219941378e+01,5.419361335948826852e-01,6.169688330731105674e-01,6.874656908479146455e-01
3.670087976539589647e+01,5.421186848740092712e-01,6.171930111956879239e-01,6.877176387727151896e-01
3.673020527859237916e+01,5.423012361531357461e-01,6.174171893182652804e-01,6.879695866975157337e-01
3.675953079178886185e+01,5.424837874322623321e-01,6.176413674408426369e-01,6.882215346223162777e-01
3.678885630498533743e+01,5.426663387113888071e-01,6.178655455634199933e-01,6.884734825471168218e-01
3.681818181818182012e+01,5.428488899905153930e-01,6.180897236859973498e-01,6.887254304719173659e-01
3.684750733137829570e+01,5.430314412696418680e-01,6.183139018085747063e-01,6.889773783967179099e-01
3.687683284457477839e+01,5.432139925487684540e-01,6.185380799311520628e-01,6.892293263215184540e-01
3.690615835777126108e+01,5.433965438278949289e-01,6.187622580537294192e-01,6.894812742463189981e-01
3.693548387096774377e+01,5.435790951070215149e-01,6.189864361763067757e-01,6.897332221711195421e-01
3.696480938416422646e+01,5.437616463861479899e-01,6.192106142988841322e-01,6.899851700959200862e-01
3.699413489736070915e+01,5.439441976652745758e-01,6.194347924214615997e-01,6.902371180207207413e-01
3.702346041055718473e+01,5.441267489444010508e-01,6.196589705440388451e-01,6.904890659455211743e-01
3.705278592375366742e+01,5.443093002235276368e-01,6.198831486666162016e-01,6.907410138703217184e-01
3.708211143695014300e+01,5.444918515026541117e-01,6.201073267891935581e-01,6.909929617951222625e-01
3.711143695014662569e+01,5.446744027817805867e-01,6.203315049117709146e-01,6.912449097199228065e-01
3.714076246334310838e+01,5.448569540609071726e-01,6.205556830343482710e-01,6.914968576447233506e-01
3.717008797653959107e+01,5.450395053400336476e-01,6.207798611569256275e-01,6.917488055695240057e-01
3.719941348973607376e+01,5.452220566191602336e-01,6.210040392795030950e-01,6.920007534943245497e-01
3.722873900293255645e+01,5.454046078982868195e-01,6.212282174020804515e-01,6.922527014191250938e-01
3.725806451612903203e+01,5.455871591774132945e-01,6.214523955246576969e-01,6.925046493439255268e-01
3.728739002932551472e+01,5.457697104565397694e-01,6.216765736472350534e-01,6.927565972687261819e-01
3.731671554252199030e+01,5.459522617356663554e-01,6.219007517698124099e-01,6.930085451935266150e-01
3.734604105571847299e+01,5.461348130147928304e-01,6.221249298923897664e-01,6.932604931183271590e-01
3.737536656891495568e+01,5.463173642939194163e-01,6.223491080149671228e-01,6.935124410431278141e-01
3.740469208211143837e+01,5.464999155730458913e-01,6.225732861375445903e-01,6.937643889679283582e-01
3.743401759530792106e+01,5.466824668521724773e-01,6.227974642601219468e-01,6.940163368927289023e-01
3.746334310850440374e+01,5.468650181312989522e-01,6.230216423826993033e-01,6.942682848175294463e-01
3.749266862170087933e+01,5.470475694104255382e-01,6.232458205052765488e-01,6.945202327423299904e-01
3.752199413489736202e+01,5.472301206895520131e-01,6.234699986278540162e-01,6.947721806671305345e-01
3.755131964809384471e+01,5.474126719686785991e-01,6.236941767504313727e-01,6.950241285919310785e-01
3.758064516129032029e+01,5.475952232478050741e-01,6.239183548730086182e-01,6.952760765167316226e-01
3.760997067448680298e+01,5.477777745269316600e-01,6.241425329955860857e-01,6.955280244415321667e-01
3.763929618768328567e+01,5.479603258060581350e-01,6.243667111181634422e-01,6.957799723663327107e-01
3.766862170087976835e+01,5.481428770851847210e-01,6.245908892407407986e-01,6.960319202911332548e-01
3.769794721407625104e+01,5.483254283643111959e-01,6.248150673633181551e-01,6.962838682159337989e-01
3.772727272727273373e+01,5.485079796434377819e-01,6.250392454858955116e-01,6.965358161407344539e-01
3.775659824046920932e+01,5.486905309225642569e-01,6.252634236084728681e-01,6.967877640655348870e-01
3.778592375366569200e+01,5.488730822016908428e-01,6.254876017310502245e-01,6.970397119903354310e-01
3.781524926686216759e+01,5.490556334808173178e-01,6.257117798536275810e-01,6.972916599151359751e-01
3.784457478005865028e+01,5.492381847599437927e-01,6.259359579762049375e-01,6.975436078399365192e-01
3.787390029325513296e+01,5.494207360390703787e-01,6.261601360987822940e-01,6.977955557647370632e-01
3.790322580645161565e+01,5.496032873181968537e-01,6.263843142213596504e-01,6.980475036895376073e-01
3.793255131964809834e+01,5.497858385973234396e-01,6.266084923439370069e-01,6.982994516143382624e-01
3.796187683284458103e+01,5.499683898764500256e-01,6.268326704665143634e-01,6.985513995391388065e-01
3.799120234604105661e+01,5.501509411555765006e-01,6.270568485890917199e-01,6.988033474639392395e-01
3.802052785923753930e+01,5.503334924347029755e-01,6.272810267116690763e-01,6.990552953887398946e-01
3.804985337243401489e+01,5.505160437138295615e-01,6.275052048342464328e-01,6.993072433135403276e-01
3.807917888563049758e+01,5.506985949929560364e-01,6.277293829568237893e-01,6.995591912383408717e-01
3.810850439882698026e+01,5.508811462720826224e-01,6.279535610794011458e-01,6.998111391631414158e-01
3.813782991202346295e+01,5.510636975512090974e-01,6.281777392019785022e-01,7.000630870879420709e-01
3.816715542521994564e+01,5.512462488303356833e-01,6.284019173245558587e-01,7.003150350127426149e-01
3.819648093841642833e+01,5.514288001094621583e-01,6.286260954471332152e-01,7.005669829375431590e-01
3.822580645161290391e+01,5.516113513885887443e-01,6.288502735697105717e-01,7.008189308623437030e-01
3.825513196480938660e+01,5.517939026677152192e-01,6.290744516922879281e-01,7.010708787871442471e-01
3.828445747800586219e+01,5.519764539468416942e-01,6.292986298148652846e-01,7.013228267119446802e-01
3.831378299120234487e+01,5.521590052259682802e-01,6.295228079374426411e-01,7.015747746367453352e-01
3.834310850439882756e+01,5.523415565050948661e-01,6.297469860600199976e-01,7.018267225615458793e-01
3.837243401759531025e+01,5.525241077842213411e-01,6.299711641825973540e-01,7.020786704863464234e-01
3.840175953079179294e+01,5.527066590633479271e-01,6.301953423051747105e-01,7.023306184111469674e-01
3.843108504398827563e+01,5.528892103424744020e-01,6.304195204277520670e-01,7.025825663359475115e-01
3.846041055718475121e+01,5.530717616216008770e-01,6.306436985503294235e-01,7.028345142607480556e-01
3.848973607038123390e+01,5.532543129007274629e-01,6.308678766729067799e-01,7.030864621855485996e-01
3.851906158357770948e+01,5.534368641798539379e-01,6.310920547954841364e-01,7.033384101103491437e-01
3.854838709677419217e+01,5.536194154589805239e-01,6.313162329180614929e-01,7.035903580351496878e-01
3.857771260997067486e+01,5.538019667381069988e-01,6.315404110406388494e-01,7.038423059599502318e-01
3.860703812316715755e+01,5.539845180172335848e-01,6.317645891632162058e-01,7.040942538847507759e-01
3.863636363636364024e+01,5.541670692963600597e-01,6.319887672857935623e-01,7.043462018095513200e-01
3.866568914956012293e+01,5.543496205754866457e-01,6.322129454083710298e-01,7.045981497343518640e-01
3.869501466275659851e+01,5.545321718546131207e-01,6.324371235309482753e-01,7.048500976591524081e-01
3.872434017595308120e+01,5.547147231337397066e-01,6.326613016535256317e-01,7.051020455839529522e-01
3.875366568914955678e+01,5.548972744128661816e-01,6.328854797761029882e-01,7.053539935087534962e-01
3.878299120234603947e+01,5.550798256919927676e-01,6.331096578986803447e-01,7.056059414335540403e-01
3.881231671554252216e+01,5.552623769711192425e-01,6.333338360212577012e-01,7.058578893583545844e-01
3.884164222873900485e+01,5.554449282502458285e-01,6.335580141438350577e-01,7.061098372831551284e-01
3.887096774193548754e+01,5.556274795293723034e-01,6.337821922664125252e-01,7.063617852079557835e-01
3.890029325513197023e+01,5.558100308084988894e-01,6.340063703889898816e-01,7.066137331327563276e-01
3.892961876832844581e+01,5.559925820876253644e-01,6.342305485115671271e-01,7.068656810575567606e-01
3.895894428152492850e+01,5.561751333667519503e-01,6.344547266341444836e-01,7.071176289823573047e-01
3.898826979472140408e+01,5.563576846458784253e-01,6.346789047567218400e-01,7.073695769071578487e-01
3.901759530791788677e+01,5.565402359250049003e-01,6.349030828792991965e-01,7.076215248319583928e-01
3.904692082111436946e+01,5.567227872041314862e-01,6.351272610018765530e-01,7.078734727567589369e-01
3.907624633431085215e+01,5.569053384832580722e-01,6.353514391244540205e-01,7.081254206815595920e-01
3.910557184750733484e+01,5.570878897623845472e-01,6.355756172470313770e-01,7.083773686063601360e-01
3.913489736070381753e+01,5.572704410415111331e-01,6.357997953696087334e-01,7.086293165311606801e-01
3.916422287390029311e+01,5.574529923206376081e-01,6.360239734921859789e-01,7.088812644559612242e-01
3.919354838709677580e+01,5.576355435997640830e-01,6.362481516147634464e-01,7.091332123807617682e-01
3.922287390029325138e+01,5.578180948788906690e-01,6.364723297373406918e-01,7.093851603055622013e-01
3.925219941348973407e+01,5.580006461580171440e-01,6.366965078599180483e-01,7.096371082303627453e-01
3.928152492668621676e+01,5.581831974371437299e-01,6.369206859824955158e-01,7.098890561551634004e-01
3.931085043988269945e+01,5.583657487162702049e-01,6.371448641050728723e-01,7.101410040799639445e-01
3.934017595307918214e+01,5.585482999953967909e-01,6.373690422276502288e-01,7.103929520047644885e-01
3.936950146627566482e+01,5.587308512745232658e-01,6.375932203502275852e-01,7.106448999295650326e-01
3.939882697947214041e+01,5.589134025536498518e-01,6.378173984728049417e-01,7.108968478543655767e-01
3.942815249266862310e+01,5.590959538327763267e-01,6.380415765953822982e-01,7.111487957791661207e-01
3.945747800586510579e+01,5.592785051119029127e-01,6.382657547179596547e-01,7.114007437039666648e-01
3.948680351906158137e+01,5.594610563910293877e-01,6.384899328405370111e-01,7.116526916287672089e-01
3.951612903225806406e+01,5.596436076701559736e-01,6.387141109631143676e-01,7.119046395535677529e-01
3.954545454545454675e+01,5.598261589492824486e-01,6.389382890856917241e-01,7.121565874783682970e-01
3.957478005865102944e+01,5.600087102284090346e-01,6.391624672082690806e-01,7.124085354031688411e-01
3.960410557184751212e+01,5.601912615075355095e-01,6.393866453308464370e-01,7.126604833279693851e-01
3.963343108504399481e+01,5.603738127866620955e-01,6.396108234534237935e-01,7.129124312527700402e-01
3.966275659824047040e+01,5.605563640657885704e-01,6.398350015760011500e-01,7.131643791775704733e-01
3.969208211143695308e+01,5.607389153449151564e-01,6.400591796985785065e-01,7.134163271023710173e-01
3.972140762463342867e+01,5.609214666240416314e-01,6.402833578211558629e-01,7.136682750271715614e-01
3.975073313782991136e+01,5.611040179031681063e-01,6.405075359437332194e-01,7.139202229519721055e-01
3.978005865102639405e+01,5.612865691822946923e-01,6.407317140663105759e-01,7.141721708767726495e-01
3.980938416422287673e+01,5.614691204614212783e-01,6.409558921888879324e-01,7.144241188015731936e-01
3.983870967741935942e+01,5.616516717405477532e-01,6.411800703114652888e-01,7.146760667263738487e-01
3.986803519061584211e+01,5.618342230196743392e-01,6.414042484340426453e-01,7.149280146511743927e-01
3.989736070381231769e+01,5.620167742988008142e-01,6.416284265566200018e-01,7.151799625759748258e-01
3.992668621700880038e+01,5.621993255779272891e-01,6.418526046791973583e-01,7.154319105007754809e-01
3.995601173020527597e+01,5.623818768570538751e-01,6.420767828017747147e-01,7.156838584255759139e-01
3.998533724340175866e+01,5.625644281361803500e-01,6.423009609243520712e-01,7.159358063503764580e-01
4.001466275659824134e+01,5.627469794153069360e-01,6.425251390469294277e-01,7.161877542751771131e-01
4.004398826979472403e+01,5.629295306944334110e-01,6.427493171695067842e-01,7.164397021999776571e-01
4.007331378299120672e+01,5.631120819735599969e-01,6.429734952920841407e-01,7.166916501247782012e-01
4.010263929618768941e+01,5.632946332526864719e-01,6.431976734146616081e-01,7.169435980495787453e-01
4.013196480938416499e+01,5.634771845318130579e-01,6.434218515372388536e-01,7.171955459743792893e-01
4.016129032258064768e+01,5.636597358109395328e-01,6.436460296598162101e-01,7.174474938991798334e-01
4.019061583577712327e+01,5.638422870900660078e-01,6.438702077823935666e-01,7.176994418239803775e-01
4.021994134897360595e+01,5.640248383691925937e-01,6.440943859049709230e-01,7.179513897487809215e-01
4.024926686217008864e+01,5.642073896483191797e-01,6.443185640275482795e-01,7.182033376735814656e-01
4.027859237536657133e+01,5.643899409274456547e-01,6.445427421501256360e-01,7.184552855983820097e-01
4.030791788856305402e+01,5.645724922065722406e-01,6.447669202727029925e-01,7.187072335231825537e-01
4.033724340175953671e+01,5.647550434856987156e-01,6.449910983952804600e-01,7.189591814479830978e-01
4.036656891495601229e+01,5.649375947648251906e-01,6.452152765178577054e-01,7.192111293727836419e-01
4.039589442815249498e+01,5.651201460439517765e-01,6.454394546404350619e-01,7.194630772975841859e-01
4.042521994134897056e+01,5.653026973230782515e-01,6.456636327630124184e-01,7.197150252223847300e-01
4.045454545454545325e+01,5.654852486022048375e-01,6.458878108855897748e-01,7.199669731471852741e-01
4.048387096774193594e+01,5.656677998813313124e-01,6.461119890081671313e-01,7.202189210719858181e-01
4.051319648093841863e+01,5.658503511604578984e-01,6.463361671307444878e-01,7.204708689967863622e-01
4.054252199413490132e+01,5.660329024395844844e-01,6.465603452533219553e-01,7.207228169215869062e-01
4.057184750733138401e+01,5.662154537187109593e-01,6.467845233758993118e-01,7.209747648463875613e-01
4.060117302052785959e+01,5.663980049978374343e-01,6.470087014984765572e-01,7.212267127711879944e-01
4.063049853372434228e+01,5.665805562769640202e-01,6.472328796210540247e-01,7.214786606959885384e-01
4.065982404692081786e+01,5.667631075560904952e-01,6.474570577436312702e-01,7.217306086207890825e-01
4.068914956011730055e+01,5.669456588352170812e-01,6.476812358662086266e-01,7.219825565455896266e-01
4.071847507331378324e+01,5.671282101143435561e-01,6.479054139887859831e-01,7.222345044703901706e-01
4.074780058651026593e+01,5.673107613934701421e-01,6.481295921113634506e-01,7.224864523951907147e-01
4.077712609970674862e+01,5.674933126725966170e-01,6.483537702339408071e-01,7.227384003199913698e-01
4.080645161290323131e+01,5.676758639517232030e-01,6.485779483565181636e-01,7.229903482447919139e-01
4.083577712609970689e+01,5.678584152308496780e-01,6.488021264790955200e-01,7.232422961695923469e-01
4.086510263929618958e+01,5.680409665099762639e-01,6.490263046016728765e-01,7.234942440943930020e-01
4.089442815249266516e+01,5.682235177891027389e-01,6.492504827242501220e-01,7.237461920191934350e-01
4.092375366568914785e+01,5.684060690682292138e-01,6.494746608468274784e-01,7.239981399439939791e-01
4.095307917888563054e+01,5.685886203473557998e-01,6.496988389694049459e-01,7.242500878687946342e-01
4.098240469208211323e+01,5.687711716264823858e-01,6.499230170919823024e-01,7.245020357935951782e-01
4.101173020527859592e+01,5.689537229056088607e-01,6.501471952145596589e-01,7.247539837183957223e-01
4.104105571847507861e+01,5.691362741847354467e-01,6.503713733371370154e-01,7.250059316431962664e-01
4.107038123167155419e+01,5.693188254638619217e-01,6.505955514597143718e-01,7.252578795679968104e-01
4.109970674486803688e+01,5.695013767429883966e-01,6.508197295822917283e-01,7.255098274927973545e-01
4.112903225806451246e+01,5.696839280221149826e-01,6.510439077048689738e-01,7.257617754175977876e-01
4.115835777126099515e+01,5.698664793012414576e-01,6.512680858274464413e-01,7.260137233423984426e-01
4.118768328445747784e+01,5.700490305803680435e-01,6.514922639500237977e-01,7.262656712671989867e-01
4.121700879765396053e+01,5.702315818594945185e-01,6.517164420726011542e-01,7.265176191919995308e-01
4.124633431085044322e+01,5.704141331386211045e-01,6.519406201951785107e-01,7.267695671168000748e-01
4.127565982404692591e+01,5.705966844177476904e-01,6.521647983177558672e-01,7.270215150416006189e-01
4.130498533724340859e+01,5.707792356968741654e-01,6.523889764403332236e-01,7.272734629664011630e-01
4.133431085043988418e+01,5.709617869760006403e-01,6.526131545629105801e-01,7.275254108912017070e-01
4.136363636363636687e+01,5.711443382551272263e-01,6.528373326854879366e-01,7.277773588160022511e-01
4.139296187683284245e+01,5.713268895342537013e-01,6.530615108080652931e-01,7.280293067408027952e-01
4.142228739002932514e+01,5.715094408133802872e-01,6.532856889306426496e-01,7.282812546656033392e-01
4.145161290322580783e+01,5.716919920925067622e-01,6.535098670532200060e-01,7.285332025904038833e-01
4.148093841642229052e+01,5.718745433716333482e-01,6.537340451757973625e-01,7.287851505152044274e-01
4.151026392961877320e+01,5.720570946507598231e-01,6.539582232983747190e-01,7.290370984400049714e-01
4.153958944281525589e+01,5.722396459298864091e-01,6.541824014209520755e-01,7.292890463648056265e-01
4.156891495601173148e+01,5.724221972090128840e-01,6.544065795435294319e-01,7.295409942896060596e-01
4.159824046920821417e+01,5.726047484881394700e-01,6.546307576661067884e-01,7.297929422144067146e-01
4.162756598240468975e+01,5.727872997672659450e-01,6.548549357886841449e-01,7.300448901392071477e-01
4.165689149560117244e+01,5.729698510463924199e-01,6.550791139112615014e-01,7.302968380640076917e-01
4.168621700879765513e+01,5.731524023255190059e-01,6.553032920338388578e-01,7.305487859888082358e-01
4.171554252199413781e+01,5.733349536046455919e-01,6.555274701564162143e-01,7.308007339136088909e-01
4.174486803519062050e+01,5.735175048837720668e-01,6.557516482789935708e-01,7.310526818384094350e-01
4.177419354838710319e+01,5.737000561628986528e-01,6.559758264015709273e-01,7.313046297632099790e-01
4.180351906158357878e+01,5.738826074420251278e-01,6.562000045241482837e-01,7.315565776880105231e-01
4.183284457478006146e+01,5.740651587211516027e-01,6.564241826467256402e-01,7.318085256128110672e-01
4.186217008797653705e+01,5.742477100002781887e-01,6.566483607693029967e-01,7.320604735376115002e-01
4.189149560117301974e+01,5.744302612794046636e-01,6.568725388918803532e-01,7.323124214624121553e-01
4.192082111436950242e+01,5.746128125585312496e-01,6.570967170144577096e-01,7.325643693872126994e-01
4.195014662756598511e+01,5.747953638376577246e-01,6.573208951370350661e-01,7.328163173120132434e-01
4.197947214076246780e+01,5.749779151167843105e-01,6.575450732596124226e-01,7.330682652368137875e-01
4.200879765395895049e+01,5.751604663959108965e-01,6.577692513821898901e-01,7.333202131616143316e-01
4.203812316715542607e+01,5.753430176750373715e-01,6.579934295047671355e-01,7.335721610864148756e-01
4.206744868035190876e+01,5.755255689541638464e-01,6.582176076273444920e-01,7.338241090112154197e-01
4.209677419354838435e+01,5.757081202332903214e-01,6.584417857499218485e-01,7.340760569360159637e-01
4.212609970674486704e+01,5.758906715124169073e-01,6.586659638724992050e-01,7.343280048608165078e-01
4.215542521994134972e+01,5.760732227915434933e-01,6.588901419950765614e-01,7.345799527856170519e-01
4.218475073313783241e+01,5.762557740706699683e-01,6.591143201176539179e-01,7.348319007104175959e-01
4.221407624633431510e+01,5.764383253497965542e-01,6.593384982402313854e-01,7.350838486352181400e-01
4.224340175953079779e+01,5.766208766289230292e-01,6.595626763628087419e-01,7.353357965600186841e-01
4.227272727272727337e+01,5.768034279080496152e-01,6.597868544853859873e-01,7.355877444848192281e-01
4.230205278592375606e+01,5.769859791871760901e-01,6.600110326079634548e-01,7.358396924096197722e-01
4.233137829912023165e+01,5.771685304663025651e-01,6.602352107305407003e-01,7.360916403344203163e-01
4.236070381231671433e+01,5.773510817454291510e-01,6.604593888531180568e-01,7.363435882592208603e-01
4.239002932551319702e+01,5.775336330245556260e-01,6.606835669756954132e-01,7.365955361840214044e-01
4.241935483870967971e+01,5.777161843036822120e-01,6.609077450982728807e-01,7.368474841088219485e-01
4.244868035190616240e+01,5.778987355828087980e-01,6.611319232208502372e-01,7.370994320336226036e-01
4.247800586510264509e+01,5.780812868619352729e-01,6.613561013434275937e-01,7.373513799584231476e-01
4.250733137829912067e+01,5.782638381410617479e-01,6.615802794660048392e-01,7.376033278832235807e-01
4.253665689149560336e+01,5.784463894201883338e-01,6.618044575885823066e-01,7.378552758080241247e-01
4.256598240469207894e+01,5.786289406993148088e-01,6.620286357111595521e-01,7.381072237328246688e-01
4.259530791788856163e+01,5.788114919784413948e-01,6.622528138337369086e-01,7.383591716576252129e-01
4.262463343108504432e+01,5.789940432575678697e-01,6.624769919563143761e-01,7.386111195824257569e-01
4.265395894428152701e+01,5.791765945366944557e-01,6.627011700788917326e-01,7.388630675072263010e-01
4.268328445747800970e+01,5.793591458158209306e-01,6.629253482014690890e-01,7.391150154320269561e-01
4.271260997067449239e+01,5.795416970949475166e-01,6.631495263240464455e-01,7.393669633568275001e-01
4.274193548387096797e+01,5.797242483740739916e-01,6.633737044466238020e-01,7.396189112816280442e-01
4.277126099706745066e+01,5.799067996532005775e-01,6.635978825692011585e-01,7.398708592064285883e-01
4.280058651026392624e+01,5.800893509323270525e-01,6.638220606917784039e-01,7.401228071312290213e-01
4.282991202346040893e+01,5.802719022114535274e-01,6.640462388143558714e-01,7.403747550560295654e-01
4.285923753665689162e+01,5.804544534905801134e-01,6.642704169369332279e-01,7.406267029808302205e-01
4.288856304985337431e+01,5.806370047697066994e-01,6.644945950595105844e-01,7.408786509056307645e-01
4.291788856304985700e+01,5.808195560488331743e-01,6.647187731820879408e-01,7.411305988304313086e-01
4.294721407624633969e+01,5.810021073279597603e-01,6.649429513046652973e-01,7.413825467552318527e-01
4.297653958944281527e+01,5.811846586070862353e-01,6.651671294272426538e-01,7.416344946800323967e-01
4.300586510263929796e+01,5.813672098862128212e-01,6.653913075498200103e-01,7.418864426048329408e-01
4.303519061583577354e+01,5.815497611653392962e-01,6.656154856723973667e-01,7.421383905296334849e-01
4.306451612903225623e+01,5.817323124444657712e-01,6.658396637949747232e-01,7.423903384544340289e-01
4.309384164222873892e+01,5.819148637235923571e-01,6.660638419175520797e-01,7.426422863792345730e-01
4.312316715542522161e+01,5.820974150027189431e-01,6.662880200401294362e-01,7.428942343040351171e-01
4.315249266862170430e+01,5.822799662818454181e-01,6.665121981627067926e-01,7.431461822288356611e-01
4.318181818181818699e+01,5.824625175609720040e-01,6.667363762852841491e-01,7.433981301536362052e-01
4.321114369501466967e+01,5.826450688400984790e-01,6.669605544078615056e-01,7.436500780784367493e-01
4.324046920821114526e+01,5.828276201192249539e-01,6.671847325304388621e-01,7.439020260032372933e-01
4.326979472140762795e+01,5.830101713983515399e-01,6.674089106530162185e-01,7.441539739280378374e-01
4.329912023460410353e+01,5.831927226774780149e-01,6.676330887755935750e-01,7.444059218528383814e-01
4.332844574780058622e+01,5.833752739566046008e-01,6.678572668981709315e-01,7.446578697776389255e-01
4.335777126099706891e+01,5.835578252357310758e-01,6.680814450207482880e-01,7.449098177024394696e-01
4.338709677419355160e+01,5.837403765148576618e-01,6.683056231433256444e-01,7.451617656272400136e-01
4.341642228739003428e+01,5.839229277939841367e-01,6.685298012659030009e-01,7.454137135520406687e-01
4.344574780058651697e+01,5.841054790731107227e-01,6.687539793884804684e-01,7.456656614768412128e-01
4.347507331378299256e+01,5.842880303522371976e-01,6.689781575110577139e-01,7.459176094016416458e-01
4.350439882697947525e+01,5.844705816313637836e-01,6.692023356336350703e-01,7.461695573264423009e-01
4.353372434017595083e+01,5.846531329104902586e-01,6.694265137562124268e-01,7.464215052512427340e-01
4.356304985337243352e+01,5.848356841896167335e-01,6.696506918787897833e-01,7.466734531760432780e-01
4.359237536656891621e+01,5.850182354687433195e-01,6.698748700013671398e-01,7.469254011008439331e-01
4.362170087976539889e+01,5.852007867478699055e-01,6.700990481239444962e-01,7.471773490256444772e-01
4.365102639296188158e+01,5.853833380269963804e-01,6.703232262465219637e-01,7.474292969504450213e-01
4.368035190615836427e+01,5.855658893061229664e-01,6.705474043690993202e-01,7.476812448752455653e-01
4.370967741935483986e+01,5.857484405852494413e-01,6.707715824916765657e-01,7.479331928000461094e-01
4.373900293255132254e+01,5.859309918643760273e-01,6.709957606142539221e-01,7.481851407248466534e-01
4.376832844574779813e+01,5.861135431435025023e-01,6.712199387368312786e-01,7.484370886496470865e-01
4.379765395894428082e+01,5.862960944226289772e-01,6.714441168594086351e-01,7.486890365744477416e-01
4.382697947214076351e+01,5.864786457017555632e-01,6.716682949819859916e-01,7.489409844992482856e-01
4.385630498533724619e+01,5.866611969808821492e-01,6.718924731045634591e-01,7.491929324240488297e-01
4.388563049853372888e+01,5.868437482600086241e-01,6.721166512271408155e-01,7.494448803488493738e-01
4.391495601173021157e+01,5.870262995391352101e-01,6.723408293497181720e-01,7.496968282736499178e-01
4.394428152492668715e+01,5.872088508182616851e-01,6.725650074722954175e-01,7.499487761984504619e-01
4.397360703812316984e+01,5.873914020973881600e-01,6.727891855948728850e-01,7.502007241232510060e-01
4.400293255131964543e+01,5.875739533765147460e-01,6.730133637174501304e-01,7.504526720480515500e-01
4.403225806451612812e+01,5.877565046556412209e-01,6.732375418400274869e-01,7.507046199728520941e-01
4.406158357771261080e+01,5.879390559347678069e-01,6.734617199626049544e-01,7.509565678976526382e-01
4.409090909090909349e+01,5.881216072138942819e-01,6.736858980851823109e-01,7.512085158224531822e-01
4.412023460410557618e+01,5.883041584930208678e-01,6.739100762077596674e-01,7.514604637472537263e-01
4.414956011730205887e+01,5.884867097721473428e-01,6.741342543303370238e-01,7.517124116720543814e-01
4.417888563049853445e+01,5.886692610512739288e-01,6.743584324529143803e-01,7.519643595968548144e-01
4.420821114369501714e+01,5.888518123304004037e-01,6.745826105754917368e-01,7.522163075216553585e-01
4.423753665689149273e+01,5.890343636095268787e-01,6.748067886980689822e-01,7.524682554464559026e-01
4.426686217008797541e+01,5.892169148886534646e-01,6.750309668206464497e-01,7.527202033712564466e-01
4.429618768328445810e+01,5.893994661677800506e-01,6.752551449432238062e-01,7.529721512960569907e-01
4.432551319648094079e+01,5.895820174469065256e-01,6.754793230658011627e-01,7.532240992208575348e-01
4.435483870967742348e+01,5.897645687260331115e-01,6.757035011883785192e-01,7.534760471456581898e-01
4.438416422287390617e+01,5.899471200051595865e-01,6.759276793109558756e-01,7.537279950704587339e-01
4.441348973607038175e+01,5.901296712842860615e-01,6.761518574335332321e-01,7.539799429952591669e-01
4.444281524926686444e+01,5.903122225634126474e-01,6.763760355561105886e-01,7.542318909200598220e-01
4.447214076246334002e+01,5.904947738425391224e-01,6.766002136786879451e-01,7.544838388448602551e-01
4.450146627565982271e+01,5.906773251216657084e-01,6.768243918012653015e-01,7.547357867696607991e-01
4.453079178885630540e+01,5.908598764007921833e-01,6.770485699238426580e-01,7.549877346944613432e-01
4.456011730205278809e+01,5.910424276799187693e-01,6.772727480464200145e-01,7.552396826192619983e-01
4.458944281524927078e+01,5.912249789590453553e-01,6.774969261689973710e-01,7.554916305440625424e-01
4.461876832844575347e+01,5.914075302381718302e-01,6.777211042915747274e-01,7.557435784688630864e-01
4.464809384164222905e+01,5.915900815172983052e-01,6.779452824141520839e-01,7.559955263936636305e-01
4.467741935483871174e+01,5.917726327964248911e-01,6.781694605367294404e-01,7.562474743184641746e-01
4.470674486803518732e+01,5.919551840755513661e-01,6.783936386593067969e-01,7.564994222432646076e-01
4.473607038123167001e+01,5.921377353546779521e-01,6.786178167818841533e-01,7.567513701680652627e-01
4.476539589442815270e+01,5.923202866338044270e-01,6.788419949044615098e-01,7.570033180928658068e-01
4.479472140762463539e+01,5.925028379129310130e-01,6.790661730270388663e-01,7.572552660176663508e-01
4.482404692082111808e+01,5.926853891920574879e-01,6.792903511496162228e-01,7.575072139424668949e-01
4.485337243401760077e+01,5.928679404711840739e-01,6.795145292721935792e-01,7.577591618672674390e-01
4.488269794721407635e+01,5.930504917503105489e-01,6.797387073947709357e-01,7.580111097920679830e-01
4.491202346041055904e+01,5.932330430294371348e-01,6.799628855173482922e-01,7.582630577168685271e-01
4.494134897360703462e+01,5.934155943085636098e-01,6.801870636399256487e-01,7.585150056416690711e-01
4.497067448680351731e+01,5.935981455876900847e-01,6.804112417625030051e-01,7.587669535664696152e-01
4.500000000000000000e+01,5.937806968668166707e-01,6.806354198850803616e-01,7.590189014912701593e-01
