Y,pxR,pxG,pxB
0.000000000000000000e+00,3.064517971791562087e-02,1.276198904798965354e-02,1.465083031483248865e-01
5.894428152492668660e-02,3.064517971791562087e-02,1.276198904798965354e-02,1.465083031483248865e-01
1.178885630498533732e-01,3.064517971791562087e-02,1.276198904798965354e-02,1.465083031483248865e-01
1.768328445747800459e-01,3.064517971791562087e-02,1.276198904798965354e-02,1.465083031483248865e-01
2.357771260997067464e-01,3.064517971791562087e-02,1.276198904798965354e-02,1.465083031483248865e-01
2.947214076246334469e-01,3.064517971791562087e-02,1.276198904798965354e-02,1.465083031483248865e-01
3.536656891495600918e-01,3.219106391849513998e-02,1.460096690418869088e-02,1.478449057667965694e-01
4.126099706744867923e-01,3.388900230273822478e-02,1.662082782821058466e-02,1.493129774952818567e-01
4.715542521994134928e-01,3.558694068698130264e-02,1.864068875223248017e-02,1.507810492237671163e-01
5.304985337243401933e-01,3.728487907122438744e-02,2.066054967625437222e-02,1.522491209522524036e-01
5.894428152492668938e-01,3.898281745546746530e-02,2.268041060027626427e-02,1.537171926807376909e-01
6.483870967741935942e-01,4.068075583971055009e-02,2.470027152429815978e-02,1.551852644092229783e-01
7.073313782991201837e-01,4.237869422395362795e-02,2.672013244832004836e-02,1.566533361377082656e-01
7.662756598240468842e-01,4.407663260819670581e-02,2.873999337234194734e-02,1.581214078661935529e-01
8.252199413489735846e-01,4.577457099243978367e-02,3.075985429636383939e-02,1.595894795946788125e-01
8.841642228739002851e-01,4.747250937668287540e-02,3.277971522038573143e-02,1.610575513231640998e-01
9.431085043988269856e-01,4.917044776092595326e-02,3.479957614440762348e-02,1.625256230516493872e-01
1.002052785923753575e+00,5.086838614516903112e-02,3.681943706842951552e-02,1.639936947801346745e-01
1.060997067448680387e+00,5.256632452941210898e-02,3.883929799245141451e-02,1.654617665086199618e-01
1.119941348973606976e+00,5.426426291365518684e-02,4.085915891647329962e-02,1.669298382371052492e-01
1.178885630498533788e+00,5.596220129789827857e-02,4.287901984049519860e-02,1.683979099655905365e-01
1.237829912023460377e+00,5.766013968214135643e-02,4.489888076451709065e-02,1.698659816940757961e-01
1.296774193548387188e+00,5.935807806638443429e-02,4.691874168853898963e-02,1.713340534225610834e-01
1.355718475073313778e+00,6.105601645062751215e-02,4.893860261256088168e-02,1.728021251510463707e-01
1.414662756598240367e+00,6.275395483487059001e-02,5.095846353658276678e-02,1.742701968795316581e-01
1.473607038123167179e+00,6.445189321911368174e-02,5.297832446060466577e-02,1.757382686080169454e-01
1.532551319648093768e+00,6.614983160335675960e-02,5.499818538462655781e-02,1.772063403365022327e-01
1.591495601173020580e+00,6.784776998759983746e-02,5.701804630864845680e-02,1.786744120649875200e-01
1.650439882697947169e+00,6.954570837184291532e-02,5.903790723267034191e-02,1.801424837934727796e-01
1.709384164222873981e+00,7.124364675608600705e-02,6.105776815669224089e-02,1.816105555219580669e-01
1.768328445747800570e+00,7.294158514032908491e-02,6.307762908071412600e-02,1.830786272504433543e-01
1.827272727272727382e+00,7.463952352457216277e-02,6.509749000473602498e-02,1.845466989789286416e-01
1.886217008797653971e+00,7.633746190881524063e-02,6.711735092875792397e-02,1.860147707074139289e-01
1.945161290322580561e+00,7.803540029305831849e-02,6.913721185277980907e-02,1.874828424358991885e-01
2.004105571847507150e+00,7.973333867730139635e-02,7.115707277680169418e-02,1.889509141643844758e-01
2.063049853372433962e+00,8.143127706154448808e-02,7.317693370082359317e-02,1.904189858928697632e-01
2.121994134897360773e+00,8.312921544578756594e-02,7.519679462484549215e-02,1.918870576213550505e-01
2.180938416422287585e+00,8.482715383003065768e-02,7.721665554886739113e-02,1.933551293498403378e-01
2.239882697947213952e+00,8.652509221427372166e-02,7.923651647288927624e-02,1.948232010783256252e-01
2.298826979472140764e+00,8.822303059851681339e-02,8.125637739691117523e-02,1.962912728068109125e-01
2.357771260997067575e+00,8.992096898275990513e-02,8.327623832093307421e-02,1.977593445352961998e-01
2.416715542521993942e+00,9.161890736700296911e-02,8.529609924495495932e-02,1.992274162637814594e-01
2.475659824046920754e+00,9.331684575124606085e-02,8.731596016897685830e-02,2.006954879922667467e-01
2.534604105571847565e+00,9.501478413548913871e-02,8.933582109299875729e-02,2.021635597207520341e-01
2.593548387096774377e+00,9.671272251973223044e-02,9.135568201702065627e-02,2.036316314492373214e-01
2.652492668621700744e+00,9.841066090397529442e-02,9.337554294104254138e-02,2.050997031777226087e-01
2.711436950146627556e+00,1.001085992882183862e-01,9.539540386506444036e-02,2.065677749062078961e-01
2.770381231671554367e+00,1.018065376724614640e-01,9.741526478908633935e-02,2.080358466346931556e-01
2.829325513196480735e+00,1.035044760567045419e-01,9.943512571310821058e-02,2.095039183631784430e-01
2.888269794721407546e+00,1.052024144409476197e-01,1.014549866371301096e-01,2.109719900916637303e-01
2.947214076246334358e+00,1.069003528251907115e-01,1.034748475611520085e-01,2.124400618201490176e-01
3.006158357771261169e+00,1.085982912094337893e-01,1.054947084851739075e-01,2.139081335486343050e-01
3.065102639296187537e+00,1.102962295936768672e-01,1.075145694091957926e-01,2.153762052771195923e-01
3.124046920821114348e+00,1.119941679779199450e-01,1.095344303332176916e-01,2.168442770056048796e-01
3.182991202346041160e+00,1.136921063621630368e-01,1.115542912572395906e-01,2.183123487340901669e-01
3.241935483870967971e+00,1.153900447464061146e-01,1.135741521812614896e-01,2.197804204625754543e-01
3.300879765395894339e+00,1.170879831306491925e-01,1.155940131052833608e-01,2.212484921910607139e-01
3.359824046920821150e+00,1.187859215148922704e-01,1.176138740293052598e-01,2.227165639195460012e-01
3.418768328445747962e+00,1.204838598991353621e-01,1.196337349533271588e-01,2.241846356480312885e-01
3.477712609970674329e+00,1.221817982833784261e-01,1.216535958773490439e-01,2.256527073765165481e-01
3.536656891495601140e+00,1.238797366676215178e-01,1.236734568013709429e-01,2.271207791050018354e-01
3.595601173020527952e+00,1.255776750518645957e-01,1.256933177253928280e-01,2.285888508334871227e-01
3.654545454545454763e+00,1.272756134361076874e-01,1.277131786494147270e-01,2.300569225619724101e-01
3.713489736070381131e+00,1.289735518203507514e-01,1.297330395734366260e-01,2.315249942904576974e-01
3.772434017595307942e+00,1.306714902045938431e-01,1.317529004974585249e-01,2.329930660189429847e-01
3.831378299120234754e+00,1.323694285888369071e-01,1.337727614214803962e-01,2.344611377474282721e-01
3.890322580645161121e+00,1.340673669730799988e-01,1.357926223455022952e-01,2.359292094759135594e-01
3.949266862170087933e+00,1.357653053573230628e-01,1.378124832695241941e-01,2.373972812043988467e-01
4.008211143695014300e+00,1.374632437415661546e-01,1.398323441935460654e-01,2.388653529328841063e-01
4.067155425219941556e+00,1.391611821258092463e-01,1.418522051175679644e-01,2.403334246613694214e-01
4.126099706744867923e+00,1.408591205100523103e-01,1.438720660415898633e-01,2.418014963898546810e-01
4.185043988269795179e+00,1.425570588942954020e-01,1.458919269656117623e-01,2.432695681183399683e-01
4.243988269794721546e+00,1.442549972785384937e-01,1.479117878896336613e-01,2.447376398468252279e-01
4.302932551319647914e+00,1.459529356627815577e-01,1.499316488136555325e-01,2.462057115753105152e-01
4.361876832844575169e+00,1.476508740470246495e-01,1.519515097376774593e-01,2.476737833037958025e-01
4.420821114369501537e+00,1.493488124312677134e-01,1.539713706616993305e-01,2.491418550322810899e-01
4.479765395894427904e+00,1.510467508155108052e-01,1.559912315857212295e-01,2.506099267607663772e-01
4.538709677419355160e+00,1.527446891997538969e-01,1.580110925097431285e-01,2.520779984892516645e-01
4.597653958944281527e+00,1.544426275839969609e-01,1.600309534337649997e-01,2.535460702177369519e-01
4.656598240469207894e+00,1.561405659682400249e-01,1.620508143577868987e-01,2.550141419462221837e-01
4.715542521994135150e+00,1.578385043524831166e-01,1.640706752818087977e-01,2.564822136747075265e-01
4.774486803519061517e+00,1.595364427367262083e-01,1.660905362058306967e-01,2.579502854031927583e-01
4.833431085043987885e+00,1.612343811209692723e-01,1.681103971298525679e-01,2.594183571316780457e-01
4.892375366568915140e+00,1.629323195052123641e-01,1.701302580538744946e-01,2.608864288601633330e-01
4.951319648093841508e+00,1.646302578894554280e-01,1.721501189778963659e-01,2.623545005886486203e-01
5.010263929618768763e+00,1.663281962736985475e-01,1.741699799019182926e-01,2.638225723171339077e-01
5.069208211143695131e+00,1.680261346579416115e-01,1.761898408259401638e-01,2.652906440456191950e-01
5.128152492668621498e+00,1.697240730421846755e-01,1.782097017499620351e-01,2.667587157741044823e-01
5.187096774193548754e+00,1.714220114264277672e-01,1.802295626739839618e-01,2.682267875025897697e-01
5.246041055718475121e+00,1.731199498106708590e-01,1.822494235980058330e-01,2.696948592310750570e-01
5.304985337243401489e+00,1.748178881949139230e-01,1.842692845220277320e-01,2.711629309595603443e-01
5.363929618768328744e+00,1.765158265791570147e-01,1.862891454460496310e-01,2.726310026880456316e-01
5.422873900293255112e+00,1.782137649634000787e-01,1.883090063700715300e-01,2.740990744165309190e-01
5.481818181818181479e+00,1.799117033476431704e-01,1.903288672940934012e-01,2.755671461450162063e-01
5.540762463343108735e+00,1.816096417318862621e-01,1.923487282181153279e-01,2.770352178735014936e-01
5.599706744868035102e+00,1.833075801161293261e-01,1.943685891421371992e-01,2.785032896019867810e-01
5.658651026392961469e+00,1.850055185003723901e-01,1.963884500661590704e-01,2.799713613304720128e-01
5.717595307917888725e+00,1.867034568846155096e-01,1.984083109901809971e-01,2.814394330589573556e-01
5.776539589442815092e+00,1.884013952688585736e-01,2.004281719142028684e-01,2.829075047874425874e-01
5.835483870967742348e+00,1.900993336531016653e-01,2.024480328382247951e-01,2.843755765159279303e-01
5.894428152492668715e+00,1.917972720373447293e-01,2.044678937622466663e-01,2.858436482444131621e-01
5.953372434017595083e+00,1.934952104215878210e-01,2.064877546862685653e-01,2.873117199728984494e-01
6.012316715542522338e+00,1.951931488058309128e-01,2.085076156102904643e-01,2.887797917013837368e-01
6.071260997067448706e+00,1.968910871900739767e-01,2.105274765343123355e-01,2.902478634298690241e-01
6.130205278592375073e+00,1.985890255743170407e-01,2.125473374583342345e-01,2.917159351583542559e-01
6.189149560117302329e+00,2.002869639585601602e-01,2.145671983823561335e-01,2.931840068868395988e-01
6.248093841642228696e+00,2.019849023428032242e-01,2.165870593063780325e-01,2.946520786153248306e-01
6.307038123167155064e+00,2.036828407270462882e-01,2.186069202303999037e-01,2.961201503438101179e-01
6.365982404692082319e+00,2.053807791112893799e-01,2.206267811544218305e-01,2.975882220722954052e-01
6.424926686217008687e+00,2.070787174955324716e-01,2.226466420784437017e-01,2.990562938007806926e-01
6.483870967741935942e+00,2.087766558797755634e-01,2.246665030024656284e-01,3.005243655292659799e-01
6.542815249266862310e+00,2.104745942640186274e-01,2.266863639264874997e-01,3.019924372577512672e-01
6.601759530791788677e+00,2.121725326482616913e-01,2.287062248505093709e-01,3.034605089862365546e-01
6.660703812316715933e+00,2.138704710325048108e-01,2.307260857745312976e-01,3.049285807147218419e-01
6.719648093841642300e+00,2.155684094167478748e-01,2.327459466985531689e-01,3.063966524432071292e-01
6.778592375366568668e+00,2.172663478009909388e-01,2.347658076225750678e-01,3.078647241716924166e-01
6.837536656891495923e+00,2.189642861852340305e-01,2.367856685465969668e-01,3.093327959001777039e-01
6.896480938416422291e+00,2.206622245694771223e-01,2.388055294706188658e-01,3.108008676286629912e-01
6.955425219941348658e+00,2.223601629537201863e-01,2.408253903946407370e-01,3.122689393571482785e-01
7.014369501466275914e+00,2.240581013379632780e-01,2.428452513186626638e-01,3.137370110856335659e-01
7.073313782991202281e+00,2.257560397222063420e-01,2.448651122426845350e-01,3.152050828141188532e-01
7.132258064516128648e+00,2.274539781064494337e-01,2.468849731667064062e-01,3.166731545426041405e-01
7.191202346041055904e+00,2.291519164906925254e-01,2.489048340907283330e-01,3.181412262710894279e-01
7.250146627565982271e+00,2.308498548749355894e-01,2.509246950147502320e-01,3.196092979995747152e-01
7.309090909090909527e+00,2.325477932591786812e-01,2.529445559387721310e-01,3.210773697280600025e-01
7.368035190615835894e+00,2.342457316434217729e-01,2.549644168627940299e-01,3.225454414565452343e-01
7.426979472140762262e+00,2.359436700276648369e-01,2.569842777868159289e-01,3.240135131850305217e-01
7.485923753665689517e+00,2.376416084119079286e-01,2.590041387108378279e-01,3.254815849135158090e-01
7.544868035190615885e+00,2.393395467961509926e-01,2.610239996348596714e-01,3.269496566420010963e-01
7.603812316715542252e+00,2.410374851803940843e-01,2.630438605588815704e-01,3.284177283704863282e-01
7.662756598240469508e+00,2.427354235646371761e-01,2.650637214829034694e-01,3.298858000989716710e-01
7.721700879765395875e+00,2.444333619488802400e-01,2.670835824069253683e-01,3.313538718274569028e-01
7.780645161290322243e+00,2.461313003331233040e-01,2.691034433309472673e-01,3.328219435559421902e-01
7.839589442815249498e+00,2.478292387173663958e-01,2.711233042549691663e-01,3.342900152844274775e-01
7.898533724340175866e+00,2.495271771016094875e-01,2.731431651789910653e-01,3.357580870129127648e-01
7.957478005865103121e+00,2.512251154858525792e-01,2.751630261030129643e-01,3.372261587413980521e-01
8.016422287390028600e+00,2.529230538700956155e-01,2.771828870270348077e-01,3.386942304698833395e-01
8.075366568914956744e+00,2.546209922543387627e-01,2.792027479510567622e-01,3.401623021983686268e-01
8.134310850439883112e+00,2.563189306385818544e-01,2.812226088750786057e-01,3.416303739268539141e-01
8.193255131964809479e+00,2.580168690228248907e-01,2.832424697991005047e-01,3.430984456553392015e-01
8.252199413489735846e+00,2.597148074070679824e-01,2.852623307231224037e-01,3.445665173838244888e-01
8.311143695014662214e+00,2.614127457913110186e-01,2.872821916471442472e-01,3.460345891123097761e-01
8.370087976539590358e+00,2.631106841755541659e-01,2.893020525711662017e-01,3.475026608407950635e-01
8.429032258064516725e+00,2.648086225597972021e-01,2.913219134951881006e-01,3.489707325692803508e-01
8.487976539589443092e+00,2.665065609440402938e-01,2.933417744192099441e-01,3.504388042977656381e-01
8.546920821114369460e+00,2.682044993282833856e-01,2.953616353432318431e-01,3.519068760262508699e-01
8.605865102639295827e+00,2.699024377125264218e-01,2.973814962672537421e-01,3.533749477547361573e-01
8.664809384164222195e+00,2.716003760967695135e-01,2.994013571912755856e-01,3.548430194832213891e-01
8.723753665689150338e+00,2.732983144810126053e-01,3.014212181152975401e-01,3.563110912117067874e-01
8.782697947214076706e+00,2.749962528652556970e-01,3.034410790393194390e-01,3.577791629401920193e-01
8.841642228739003073e+00,2.766941912494987887e-01,3.054609399633413380e-01,3.592472346686773066e-01
8.900586510263929441e+00,2.783921296337418250e-01,3.074808008873631815e-01,3.607153063971625384e-01
8.959530791788855808e+00,2.800900680179849167e-01,3.095006618113850805e-01,3.621833781256478257e-01
9.018475073313782175e+00,2.817880064022280084e-01,3.115205227354069795e-01,3.636514498541331131e-01
9.077419354838710319e+00,2.834859447864711002e-01,3.135403836594288784e-01,3.651195215826184559e-01
9.136363636363636687e+00,2.851838831707141919e-01,3.155602445834507774e-01,3.665875933111036877e-01
9.195307917888563054e+00,2.868818215549572836e-01,3.175801055074726764e-01,3.680556650395889751e-01
9.254252199413489421e+00,2.885797599392003199e-01,3.195999664314945754e-01,3.695237367680742624e-01
9.313196480938415789e+00,2.902776983234434116e-01,3.216198273555164189e-01,3.709918084965595497e-01
9.372140762463343933e+00,2.919756367076865033e-01,3.236396882795383734e-01,3.724598802250448371e-01
9.431085043988270300e+00,2.936735750919295951e-01,3.256595492035602724e-01,3.739279519535301244e-01
9.490029325513196667e+00,2.953715134761726868e-01,3.276794101275821158e-01,3.753960236820154117e-01
9.548973607038123035e+00,2.970694518604157230e-01,3.296992710516040148e-01,3.768640954105006990e-01
9.607917888563049402e+00,2.987673902446588148e-01,3.317191319756259138e-01,3.783321671389859864e-01
9.666862170087975770e+00,3.004653286289019065e-01,3.337389928996478128e-01,3.798002388674712737e-01
9.725806451612903913e+00,3.021632670131449983e-01,3.357588538236697118e-01,3.812683105959565610e-01
9.784750733137830281e+00,3.038612053973880900e-01,3.377787147476916108e-01,3.827363823244418484e-01
9.843695014662756648e+00,3.055591437816311817e-01,3.397985756717135097e-01,3.842044540529271357e-01
9.902639296187683016e+00,3.072570821658742179e-01,3.418184365957353532e-01,3.856725257814124230e-01
9.961583577712609383e+00,3.089550205501173097e-01,3.438382975197572522e-01,3.871405975098976548e-01
1.002052785923753753e+01,3.106529589343604014e-01,3.458581584437792067e-01,3.886086692383829977e-01
1.007947214076246389e+01,3.123508973186034932e-01,3.478780193678011057e-01,3.900767409668682850e-01
1.013841642228739026e+01,3.124418494067373042e-01,3.490670684519847633e-01,3.938578825351976564e-01
1.019736070381231663e+01,3.116741065274845068e-01,3.498121722782396303e-01,3.988750156210009723e-01
1.025630498533724300e+01,3.109063636482317650e-01,3.505572761044944419e-01,4.038921487068042881e-01
1.031524926686216936e+01,3.105224177668187702e-01,3.513156995708832664e-01,4.077852579561305202e-01
1.037419354838709751e+01,3.112381978984469777e-01,3.521122889291943836e-01,4.084576065970891845e-01
1.043313782991202388e+01,3.119539780300750742e-01,3.529088782875054453e-01,4.091299552380478488e-01
1.049208211143695024e+01,3.126697581617032262e-01,3.537054676458165625e-01,4.098023038790065131e-01
1.055102639296187661e+01,3.133855382933313782e-01,3.545020570041276242e-01,4.104746525199651774e-01
1.060997067448680298e+01,3.141013184249594747e-01,3.552986463624387414e-01,4.111470011609238417e-01
1.066891495601173112e+01,3.148170985565876268e-01,3.560952357207498586e-01,4.118193498018825061e-01
1.072785923753665749e+01,3.155328786882157788e-01,3.568918250790609203e-01,4.124916984428411704e-01
1.078680351906158386e+01,3.162486588198439308e-01,3.576884144373719820e-01,4.131640470837998347e-01
1.084574780058651022e+01,3.169644389514720828e-01,3.584850037956830993e-01,4.138363957247584990e-01
1.090469208211143659e+01,3.176802190831001793e-01,3.592815931539941610e-01,4.145087443657171633e-01
1.096363636363636296e+01,3.183959992147283313e-01,3.600781825123052782e-01,4.151810930066758276e-01
1.102258064516129110e+01,3.191117793463564833e-01,3.608747718706163954e-01,4.158534416476345474e-01
1.108152492668621747e+01,3.198275594779846354e-01,3.616713612289274571e-01,4.165257902885932118e-01
1.114046920821114384e+01,3.205433396096127319e-01,3.624679505872385743e-01,4.171981389295518761e-01
1.119941348973607020e+01,3.212591197412408839e-01,3.632645399455496360e-01,4.178704875705105404e-01
1.125835777126099657e+01,3.219748998728690359e-01,3.640611293038606977e-01,4.185428362114692047e-01
1.131730205278592294e+01,3.226906800044971879e-01,3.648577186621718149e-01,4.192151848524278690e-01
1.137624633431085108e+01,3.234064601361253399e-01,3.656543080204829321e-01,4.198875334933865333e-01
1.143519061583577745e+01,3.241222402677534364e-01,3.664508973787939938e-01,4.205598821343451976e-01
1.149413489736070382e+01,3.248380203993815885e-01,3.672474867371051110e-01,4.212322307753038619e-01
1.155307917888563018e+01,3.255538005310097405e-01,3.680440760954161727e-01,4.219045794162625262e-01
1.161202346041055655e+01,3.262695806626378370e-01,3.688406654537272900e-01,4.225769280572211906e-01
1.167096774193548470e+01,3.269853607942660445e-01,3.696372548120383517e-01,4.232492766981798549e-01
1.172991202346041106e+01,3.277011409258941410e-01,3.704338441703494689e-01,4.239216253391385192e-01
1.178885630498533743e+01,3.284169210575222930e-01,3.712304335286605306e-01,4.245939739800971835e-01
1.184780058651026380e+01,3.291327011891504450e-01,3.720270228869716478e-01,4.252663226210558478e-01
1.190674486803519017e+01,3.298484813207785415e-01,3.728236122452827095e-01,4.259386712620145121e-01
1.196568914956011653e+01,3.305642614524066936e-01,3.736202016035938267e-01,4.266110199029731764e-01
1.202463343108504468e+01,3.312800415840348456e-01,3.744167909619049439e-01,4.272833685439318963e-01
1.208357771260997104e+01,3.319958217156629976e-01,3.752133803202160056e-01,4.279557171848905606e-01
1.214252199413489741e+01,3.327116018472911496e-01,3.760099696785270673e-01,4.286280658258492249e-01
1.220146627565982378e+01,3.334273819789192461e-01,3.768065590368381845e-01,4.293004144668078892e-01
1.226041055718475015e+01,3.341431621105473981e-01,3.776031483951492462e-01,4.299727631077665535e-01
1.231935483870967829e+01,3.348589422421755502e-01,3.783997377534603634e-01,4.306451117487252178e-01
1.237829912023460466e+01,3.355747223738037022e-01,3.791963271117714807e-01,4.313174603896838821e-01
1.243724340175953103e+01,3.362905025054317987e-01,3.799929164700825424e-01,4.319898090306425464e-01
1.249618768328445739e+01,3.370062826370599507e-01,3.807895058283936596e-01,4.326621576716012108e-01
1.255513196480938376e+01,3.377220627686881027e-01,3.815860951867047213e-01,4.333345063125598751e-01
1.261407624633431013e+01,3.384378429003162547e-01,3.823826845450157830e-01,4.340068549535185394e-01
1.267302052785923827e+01,3.391536230319444067e-01,3.831792739033269002e-01,4.346792035944772037e-01
1.273196480938416464e+01,3.398694031635725032e-01,3.839758632616380174e-01,4.353515522354358680e-01
1.279090909090909101e+01,3.405851832952006553e-01,3.847724526199490791e-01,4.360239008763945323e-01
1.284985337243401737e+01,3.413009634268288073e-01,3.855690419782601963e-01,4.366962495173531966e-01
1.290879765395894374e+01,3.420167435584569038e-01,3.863656313365712580e-01,4.373685981583118609e-01
1.296774193548387188e+01,3.427325236900851113e-01,3.871622206948823752e-01,4.380409467992705808e-01
1.302668621700879825e+01,3.434483038217132078e-01,3.879588100531934369e-01,4.387132954402292451e-01
1.308563049853372462e+01,3.441640839533413598e-01,3.887553994115045541e-01,4.393856440811879094e-01
1.314457478005865099e+01,3.448798640849695119e-01,3.895519887698156158e-01,4.400579927221465737e-01
1.320351906158357735e+01,3.455956442165976084e-01,3.903485781281267331e-01,4.407303413631052380e-01
1.326246334310850372e+01,3.463114243482257604e-01,3.911451674864377948e-01,4.414026900040639023e-01
1.332140762463343187e+01,3.470272044798539124e-01,3.919417568447489120e-01,4.420750386450225666e-01
1.338035190615835823e+01,3.477429846114820644e-01,3.927383462030600292e-01,4.427473872859812309e-01
1.343929618768328460e+01,3.484587647431102164e-01,3.935349355613710909e-01,4.434197359269398953e-01
1.349824046920821097e+01,3.491745448747383129e-01,3.943315249196821526e-01,4.440920845678985596e-01
1.355718475073313734e+01,3.498903250063664649e-01,3.951281142779932698e-01,4.447644332088572239e-01
1.361612903225806548e+01,3.506061051379946170e-01,3.959247036363043870e-01,4.454367818498159437e-01
1.367507331378299185e+01,3.513218852696227690e-01,3.967212929946154487e-01,4.461091304907746080e-01
1.373401759530791821e+01,3.520376654012509210e-01,3.975178823529265659e-01,4.467814791317332723e-01
1.379296187683284458e+01,3.527534455328790175e-01,3.983144717112376276e-01,4.474538277726919366e-01
1.385190615835777095e+01,3.534692256645071695e-01,3.991110610695487448e-01,4.481261764136506009e-01
1.391085043988269732e+01,3.541850057961353215e-01,3.999076504278598065e-01,4.487985250546092653e-01
1.396979472140762546e+01,3.549007859277634735e-01,4.007042397861709238e-01,4.494708736955679296e-01
1.402873900293255183e+01,3.556165660593916256e-01,4.015008291444819855e-01,4.501432223365265939e-01
1.408768328445747819e+01,3.563323461910197221e-01,4.022974185027931027e-01,4.508155709774852582e-01
1.414662756598240456e+01,3.570481263226478741e-01,4.030940078611041644e-01,4.514879196184439225e-01
1.420557184750733093e+01,3.577639064542760261e-01,4.038905972194152816e-01,4.521602682594025868e-01
1.426451612903225730e+01,3.584796865859041226e-01,4.046871865777263433e-01,4.528326169003612511e-01
1.432346041055718544e+01,3.591954667175322746e-01,4.054837759360374605e-01,4.535049655413199154e-01
1.438240469208211181e+01,3.599112468491604266e-01,4.062803652943485222e-01,4.541773141822785798e-01
1.444134897360703818e+01,3.606270269807885787e-01,4.070769546526596394e-01,4.548496628232372441e-01
1.450029325513196454e+01,3.613428071124167307e-01,4.078735440109707566e-01,4.555220114641959084e-01
1.455923753665689091e+01,3.620585872440448272e-01,4.086701333692818183e-01,4.561943601051545727e-01
1.461818181818181905e+01,3.627743673756729792e-01,4.094667227275929355e-01,4.568667087461132370e-01
1.467712609970674542e+01,3.634901475073011312e-01,4.102633120859039972e-01,4.575390573870719013e-01
1.473607038123167179e+01,3.642059276389292832e-01,4.110599014442151145e-01,4.582114060280305656e-01
1.479501466275659816e+01,3.649217077705573797e-01,4.118564908025261762e-01,4.588837546689892299e-01
1.485395894428152452e+01,3.656374879021855318e-01,4.126530801608372934e-01,4.595561033099478943e-01
1.491290322580645089e+01,3.663532680338136838e-01,4.134496695191483551e-01,4.602284519509065586e-01
1.497184750733137903e+01,3.670690481654418358e-01,4.142462588774594723e-01,4.609008005918652784e-01
1.503079178885630540e+01,3.677848282970699878e-01,4.150428482357705340e-01,4.615731492328239427e-01
1.508973607038123177e+01,3.685006084286980843e-01,4.158394375940816512e-01,4.622454978737826070e-01
1.514868035190615814e+01,3.696635614007157122e-01,4.163768991717501367e-01,4.632165440927333844e-01
1.520762463343108450e+01,3.709207978029359642e-01,4.168597253739819708e-01,4.642505687166824657e-01
1.526656891495601265e+01,3.721780342051562163e-01,4.173425515762138605e-01,4.652845933406316026e-01
1.532551319648093902e+01,3.734352706073764128e-01,4.178253777784456946e-01,4.663186179645806839e-01
1.538445747800586538e+01,3.746925070095966648e-01,4.183082039806775287e-01,4.673526425885297653e-01
1.544340175953079175e+01,3.759497434118168613e-01,4.187910301829093074e-01,4.683866672124789021e-01
1.550234604105571812e+01,3.772069798140370578e-01,4.192738563851411415e-01,4.694206918364279835e-01
1.556129032258064449e+01,3.784642162162573098e-01,4.197566825873729757e-01,4.704547164603770648e-01
1.562023460410557263e+01,3.797214526184775618e-01,4.202395087896048653e-01,4.714887410843262017e-01
1.567917888563049900e+01,3.809786890206977583e-01,4.207223349918366995e-01,4.725227657082752830e-01
1.573812316715542536e+01,3.822359254229180103e-01,4.212051611940685336e-01,4.735567903322244199e-01
1.579706744868035173e+01,3.834931618251382068e-01,4.216879873963003678e-01,4.745908149561735012e-01
1.585601173020527810e+01,3.840277254792690553e-01,4.223335242225691455e-01,4.753541471466541934e-01
1.591495601173020624e+01,3.845244528638664394e-01,4.229875799296776151e-01,4.761033069584192368e-01
1.597390029325513261e+01,3.850211802484638235e-01,4.236416356367860292e-01,4.768524667701842801e-01
1.603284457478005720e+01,3.855179076330611521e-01,4.242956913438944433e-01,4.776016265819492679e-01
1.609178885630498712e+01,3.860146350176585917e-01,4.249497470510029129e-01,4.783507863937143667e-01
1.615073313782991349e+01,3.865113624022559202e-01,4.256038027581113825e-01,4.790999462054794100e-01
1.620967741935483986e+01,3.870080897868533043e-01,4.262578584652197966e-01,4.798491060172444533e-01
1.626862170087976622e+01,3.875048171714506884e-01,4.269119141723282662e-01,4.805982658290094967e-01
1.632756598240469259e+01,3.880015445560480725e-01,4.275659698794366803e-01,4.813474256407744845e-01
1.638651026392961896e+01,3.884982719406454010e-01,4.282200255865451499e-01,4.820965854525395278e-01
1.644545454545454533e+01,3.889949993252427851e-01,4.288740812936535640e-01,4.828457452643045711e-01
1.650439882697947169e+01,3.894917267098401692e-01,4.295281370007619781e-01,4.835949050760696144e-01
1.656334310850439806e+01,3.899884540944375533e-01,4.301821927078704477e-01,4.843440648878346577e-01
1.662228739002932443e+01,3.904851814790348818e-01,4.308362484149788618e-01,4.850932246995997010e-01
1.668123167155425079e+01,3.909819088636322659e-01,4.314903041220873314e-01,4.858423845113647443e-01
1.674017595307918072e+01,3.914786362482296500e-01,4.321443598291958010e-01,4.865915443231297877e-01
1.679912023460410708e+01,3.919753636328270341e-01,4.327984155363042151e-01,4.873407041348948310e-01
1.685806451612903345e+01,3.924720910174244182e-01,4.334524712434126847e-01,4.880898639466598743e-01
1.691700879765395982e+01,3.929688184020218022e-01,4.341065269505210988e-01,4.888390237584249176e-01
1.697595307917888618e+01,3.934655457866191308e-01,4.347605826576295684e-01,4.895881835701899609e-01
1.703489736070381255e+01,3.939622731712165149e-01,4.354146383647379825e-01,4.903373433819550042e-01
1.709384164222873892e+01,3.944590005558138990e-01,4.360686940718464522e-01,4.910865031937200476e-01
1.715278592375366529e+01,3.949557279404112276e-01,4.367227497789548663e-01,4.918356630054850909e-01
1.721173020527859165e+01,3.954524553250086116e-01,4.373768054860632803e-01,4.925848228172500787e-01
1.727067448680351802e+01,3.959491827096059957e-01,4.380308611931717500e-01,4.933339826290151220e-01
1.732961876832844439e+01,3.964459100942033798e-01,4.386849169002801641e-01,4.940831424407801653e-01
1.738856304985337431e+01,3.969426374788007639e-01,4.393389726073886337e-01,4.948323022525452641e-01
1.744750733137830068e+01,3.974393648633981480e-01,4.399930283144971033e-01,4.955814620643103074e-01
1.750645161290322704e+01,3.979360922479954765e-01,4.406470840216055174e-01,4.963306218760753508e-01
1.756539589442815341e+01,3.984328196325928606e-01,4.413011397287139870e-01,4.970797816878403941e-01
1.762434017595307978e+01,3.989295470171902447e-01,4.419551954358224011e-01,4.978289414996053819e-01
1.768328445747800615e+01,3.994262744017876288e-01,4.426092511429308152e-01,4.985781013113704252e-01
1.774222873900293251e+01,3.999230017863849573e-01,4.432633068500392848e-01,4.993272611231354685e-01
1.780117302052785888e+01,4.004197291709823414e-01,4.439173625571476989e-01,5.000764209349004563e-01
1.786011730205278525e+01,4.009164565555797255e-01,4.445714182642561685e-01,5.008255807466654996e-01
1.791906158357771162e+01,4.014131839401771096e-01,4.452254739713645826e-01,5.015747405584305429e-01
1.797800586510263798e+01,4.019099113247744381e-01,4.458795296784730522e-01,5.023239003701955863e-01
1.803695014662756435e+01,4.024066387093718222e-01,4.465335853855814663e-01,5.030730601819606296e-01
1.809589442815249427e+01,4.029033660939692063e-01,4.471876410926899359e-01,5.038222199937257839e-01
1.815483870967742064e+01,4.034000934785665904e-01,4.478416967997984055e-01,5.045713798054908272e-01
1.821378299120234701e+01,4.038968208631639745e-01,4.484957525069068196e-01,5.053205396172557595e-01
1.827272727272727337e+01,4.043935482477613030e-01,4.491498082140152892e-01,5.060696994290208028e-01
1.833167155425219974e+01,4.048902756323586871e-01,4.498038639211237033e-01,5.068188592407858462e-01
1.839061583577712611e+01,4.053870030169560712e-01,4.504579196282321174e-01,5.075680190525508895e-01
1.844956011730205248e+01,4.058837304015534553e-01,4.511119753353405870e-01,5.083171788643159328e-01
1.850850439882697884e+01,4.063804577861507838e-01,4.517660310424490011e-01,5.090663386760809761e-01
1.856744868035190521e+01,4.068771851707481679e-01,4.524200867495574707e-01,5.098154984878460194e-01
1.862639296187683158e+01,4.073739125553455520e-01,4.530741424566658848e-01,5.105646582996110627e-01
1.868533724340175795e+01,4.078706399399429361e-01,4.537281981637743544e-01,5.113138181113761060e-01
1.874428152492668787e+01,4.083673673245403202e-01,4.543822538708828240e-01,5.120629779231411494e-01
1.880322580645161423e+01,4.088640947091377043e-01,4.550363095779912381e-01,5.128121377349061927e-01
1.886217008797654060e+01,4.093608220937350328e-01,4.556903652850997077e-01,5.135612975466712360e-01
1.892111436950146697e+01,4.098575494783324169e-01,4.563444209922081218e-01,5.143104573584362793e-01
1.898005865102639333e+01,4.103542768629298010e-01,4.569984766993165914e-01,5.150596171702013226e-01
1.903900293255131970e+01,4.108510042475271851e-01,4.576525324064250055e-01,5.158087769819663659e-01
1.909794721407624607e+01,4.113477316321245136e-01,4.583065881135334196e-01,5.165579367937314093e-01
1.915689149560117244e+01,4.118444590167218977e-01,4.589606438206418892e-01,5.173070966054964526e-01
1.921583577712609880e+01,4.123411864013192818e-01,4.596146995277503033e-01,5.180562564172614959e-01
1.927478005865102517e+01,4.128379137859166104e-01,4.602687552348587730e-01,5.188054162290265392e-01
1.933372434017595154e+01,4.133346411705139944e-01,4.609228109419671870e-01,5.195545760407915825e-01
1.939266862170088146e+01,4.138313685551113785e-01,4.615768666490756567e-01,5.203037358525566258e-01
1.945161290322580783e+01,4.143280959397087626e-01,4.622309223561841263e-01,5.210528956643216691e-01
1.951055718475073419e+01,4.148248233243061467e-01,4.628849780632925404e-01,5.218020554760867125e-01
1.956950146627566056e+01,4.153215507089035308e-01,4.635390337704009545e-01,5.225512152878517558e-01
1.962844574780058693e+01,4.158182780935008593e-01,4.641930894775094241e-01,5.233003750996167991e-01
1.968739002932551330e+01,4.163150054780982434e-01,4.648471451846178382e-01,5.240495349113818424e-01
1.974633431085043966e+01,4.168117328626956275e-01,4.655012008917263078e-01,5.247986947231468857e-01
1.980527859237536603e+01,4.173127074824755089e-01,4.661764211531246871e-01,5.253880782968605168e-01
1.986422287390029240e+01,4.178568623266112891e-01,4.670668143831377961e-01,5.243530701170519004e-01
1.992316715542521877e+01,4.184010171707470138e-01,4.679572076131509051e-01,5.233180619372432840e-01
1.998211143695014513e+01,4.189451720148827385e-01,4.688476008431640141e-01,5.222830537574345566e-01
2.004105571847507505e+01,4.194573705507776418e-01,4.695400009357277304e-01,5.226433014739607641e-01
2.010000000000000142e+01,4.199556452666532436e-01,4.701461325898312893e-01,5.236114821167471289e-01
2.015894428152492779e+01,4.204539199825288454e-01,4.707522642439348481e-01,5.245796627595334938e-01
2.021788856304985416e+01,4.209521946984044471e-01,4.713583958980384070e-01,5.255478434023199696e-01
2.027683284457478052e+01,4.214504694142800489e-01,4.719645275521419658e-01,5.265160240451063345e-01
2.033577712609970689e+01,4.219487441301556507e-01,4.725706592062455247e-01,5.274842046878926993e-01
2.039472140762463326e+01,4.224470188460312525e-01,4.731767908603491390e-01,5.284523853306790642e-01
2.045366568914955963e+01,4.229452935619068543e-01,4.737829225144526979e-01,5.294205659734654290e-01
2.051260997067448599e+01,4.234435682777824561e-01,4.743890541685562567e-01,5.303887466162517939e-01
2.057155425219941236e+01,4.239418429936580579e-01,4.749951858226598156e-01,5.313569272590381587e-01
2.063049853372433873e+01,4.244401177095336597e-01,4.756013174767633744e-01,5.323251079018245235e-01
2.068944281524926865e+01,4.249383924254093170e-01,4.762074491308669333e-01,5.332932885446109994e-01
2.074838709677419502e+01,4.254505715577215352e-01,4.767978575886817061e-01,5.339329669179717630e-01
2.080733137829912138e+01,4.259657843808927202e-01,4.773848355309425751e-01,5.345009720689125610e-01
2.086627565982404775e+01,4.264809972040638497e-01,4.779718134732033885e-01,5.350689772198532479e-01
2.092521994134897412e+01,4.269962100272350347e-01,4.785587914154642575e-01,5.356369823707940458e-01
2.098416422287390048e+01,4.275114228504061642e-01,4.791457693577251264e-01,5.362049875217347328e-01
2.104310850439882685e+01,4.280266356735773492e-01,4.797327472999859399e-01,5.367729926726755307e-01
2.110205278592375322e+01,4.285418484967484787e-01,4.803197252422468089e-01,5.373409978236162177e-01
2.116099706744867959e+01,4.290570613199196637e-01,4.809067031845076778e-01,5.379090029745570156e-01
2.121994134897360595e+01,4.295722741430907932e-01,4.814936811267684913e-01,5.384770081254977026e-01
2.127888563049853232e+01,4.300874869662619782e-01,4.820806590690293603e-01,5.390450132764383895e-01
2.133782991202346224e+01,4.306026997894331632e-01,4.826676370112902292e-01,5.396130184273791874e-01
2.139677419354838861e+01,4.311179126126042926e-01,4.832546149535510982e-01,5.401810235783199854e-01
2.145571847507331498e+01,4.316331254357754221e-01,4.838415928958119672e-01,5.407490287292606723e-01
2.151466275659824134e+01,4.321483382589466071e-01,4.844285708380727806e-01,5.413170338802014703e-01
2.157360703812316771e+01,4.326635510821177366e-01,4.850155487803336496e-01,5.418850390311421572e-01
2.163255131964809408e+01,4.331787639052889216e-01,4.856025267225945186e-01,5.424530441820829552e-01
2.169149560117302045e+01,4.336939767284600511e-01,4.861895046648553320e-01,5.430210493330236421e-01
2.175043988269794681e+01,4.342091895516312361e-01,4.867764826071162010e-01,5.435890544839643290e-01
2.180938416422287318e+01,4.347244023748023656e-01,4.873634605493770700e-01,5.441570596349051270e-01
2.186832844574779955e+01,4.352396151979735506e-01,4.879504384916378834e-01,5.447250647858458139e-01
2.192727272727272592e+01,4.357548280211446801e-01,4.885374164338987524e-01,5.452930699367866119e-01
2.198621700879765584e+01,4.362700408443158651e-01,4.891243943761596213e-01,5.458610750877274098e-01
2.204516129032258220e+01,4.367852536674870501e-01,4.897113723184204903e-01,5.464290802386680967e-01
2.210410557184750857e+01,4.373004664906581795e-01,4.902983502606813593e-01,5.469970853896088947e-01
2.216304985337243494e+01,4.378156793138293645e-01,4.908853282029421727e-01,5.475650905405495816e-01
2.222199413489736131e+01,4.383308921370004940e-01,4.914723061452030417e-01,5.481330956914902686e-01
2.228093841642228767e+01,4.388461049601716790e-01,4.920592840874639107e-01,5.487011008424310665e-01
2.233988269794721404e+01,4.393613177833428085e-01,4.926462620297247241e-01,5.492691059933717534e-01
2.239882697947214041e+01,4.398765306065139380e-01,4.932332399719855931e-01,5.498371111443125514e-01
2.245777126099706678e+01,4.403917434296851230e-01,4.938202179142464621e-01,5.504051162952532383e-01
2.251671554252199314e+01,4.409069562528562525e-01,4.944071958565072755e-01,5.509731214461940363e-01
2.257565982404691951e+01,4.414221690760274375e-01,4.949941737987681445e-01,5.515411265971347232e-01
2.263460410557184588e+01,4.419373818991985670e-01,4.955811517410290135e-01,5.521091317480755212e-01
2.269354838709677580e+01,4.424525947223697520e-01,4.961681296832898824e-01,5.526771368990162081e-01
2.275249266862170217e+01,4.429678075455409370e-01,4.967551076255506959e-01,5.532451420499570061e-01
2.281143695014662853e+01,4.434830203687120664e-01,4.973420855678115649e-01,5.538131472008976930e-01
2.287038123167155490e+01,4.439982331918832514e-01,4.979290635100724338e-01,5.543811523518384909e-01
2.292932551319648127e+01,4.445134460150543809e-01,4.985160414523332473e-01,5.549491575027791779e-01
2.298826979472140764e+01,4.450286588382255659e-01,4.991030193945941162e-01,5.555171626537199758e-01
2.304721407624633400e+01,4.455438716613966954e-01,4.996899973368549852e-01,5.560851678046606628e-01
2.310615835777126037e+01,4.460590844845678804e-01,5.002769752791158542e-01,5.566531729556014607e-01
2.316510263929618674e+01,4.465742973077390099e-01,5.008639532213766676e-01,5.572211781065421476e-01
2.322404692082111310e+01,4.470895101309101949e-01,5.014509311636374811e-01,5.577891832574829456e-01
2.328299120234603947e+01,4.476047229540813244e-01,5.020379091058984056e-01,5.583571884084236325e-01
2.334193548387096939e+01,4.481199357772525094e-01,5.026248870481592190e-01,5.589251935593644305e-01
2.340087976539589576e+01,4.486351486004236389e-01,5.032118649904201435e-01,5.594931987103051174e-01
2.345982404692082213e+01,4.491503614235948239e-01,5.037988429326809570e-01,5.600612038612459154e-01
2.351876832844574849e+01,4.496655742467659533e-01,5.043858208749417704e-01,5.606292090121866023e-01
2.357771260997067486e+01,4.501807870699371383e-01,5.049727988172026949e-01,5.611972141631274003e-01
2.363665689149560123e+01,4.506959998931082678e-01,5.055597767594635084e-01,5.617652193140680872e-01
2.369560117302052760e+01,4.512112127162794528e-01,5.061467547017243218e-01,5.623332244650088851e-01
2.375454545454545396e+01,4.517264255394505823e-01,5.067337326439852463e-01,5.629012296159495721e-01
2.381348973607038033e+01,4.522416383626217673e-01,5.073207105862460597e-01,5.634692347668903700e-01
2.387243401759530670e+01,4.527568511857928968e-01,5.079076885285068732e-01,5.640372399178310570e-01
2.393137829912023307e+01,4.532720640089640818e-01,5.084946664707677977e-01,5.646052450687717439e-01
2.399032258064516299e+01,4.537872768321352668e-01,5.090816444130286111e-01,5.651732502197125418e-01
2.404926686217008935e+01,4.543024896553063963e-01,5.096686223552895356e-01,5.657412553706533398e-01
2.410821114369501572e+01,4.548177024784775813e-01,5.102556002975503491e-01,5.663092605215940267e-01
2.416715542521994209e+01,4.553329153016487107e-01,5.108425782398111625e-01,5.668772656725348247e-01
2.422609970674486846e+01,4.558481281248198957e-01,5.114295561820720870e-01,5.674452708234755116e-01
2.428504398826979482e+01,4.563633409479910252e-01,5.120165341243329005e-01,5.680132759744163096e-01
2.434398826979472119e+01,4.568785537711621547e-01,5.126035120665937139e-01,5.685812811253569965e-01
2.440293255131964756e+01,4.573937665943333397e-01,5.131904900088546384e-01,5.691492862762976834e-01
2.446187683284457393e+01,4.579089794175044692e-01,5.137774679511154519e-01,5.697172914272384814e-01
2.452082111436950029e+01,4.584241922406756542e-01,5.143644458933762653e-01,5.702852965781791683e-01
2.457976539589442666e+01,4.589394050638467837e-01,5.149514238356371898e-01,5.708533017291199663e-01
2.463870967741935658e+01,4.594546178870179687e-01,5.155384017778980033e-01,5.714213068800607642e-01
2.469765395894428295e+01,4.599698307101891537e-01,5.161253797201588167e-01,5.719893120310014512e-01
2.475659824046920932e+01,4.604850435333602832e-01,5.167123576624197412e-01,5.725573171819422491e-01
2.481554252199413568e+01,4.610002563565314682e-01,5.172993356046805546e-01,5.731253223328829360e-01
2.487448680351906205e+01,4.615154691797025976e-01,5.178863135469413681e-01,5.736933274838236230e-01
2.493343108504398842e+01,4.620306820028737826e-01,5.184732914892022926e-01,5.742613326347644209e-01
2.499237536656891479e+01,4.625458948260449121e-01,5.190602694314631060e-01,5.748293377857051079e-01
2.505131964809384115e+01,4.634700954492373404e-01,5.196224867667530445e-01,5.741755753485090485e-01
2.511026392961876752e+01,4.644550599741472108e-01,5.201810253832930275e-01,5.733402931553611692e-01
2.516920821114369389e+01,4.654400244990570812e-01,5.207395639998330106e-01,5.725050109622132899e-01
2.522815249266862025e+01,4.664249890239669516e-01,5.212981026163728826e-01,5.716697287690652995e-01
2.528709677419355017e+01,4.674099535488768775e-01,5.218566412329129767e-01,5.708344465759174202e-01
2.534604105571847654e+01,4.679378635441198697e-01,5.223669754034212520e-01,5.713132310241859635e-01
2.540498533724340291e+01,4.683376818240421735e-01,5.228638000476530934e-01,5.721602889260999358e-01
2.546392961876832928e+01,4.687375001039644773e-01,5.233606246918850458e-01,5.730073468280137972e-01
2.552287390029325564e+01,4.691373183838867811e-01,5.238574493361169981e-01,5.738544047299276585e-01
2.558181818181818201e+01,4.695371366638090849e-01,5.243542739803488395e-01,5.747014626318416308e-01
2.564076246334310838e+01,4.699369549437314442e-01,5.248510986245807919e-01,5.755485205337554921e-01
2.569970674486803475e+01,4.703367732236537480e-01,5.253479232688126332e-01,5.763955784356694645e-01
2.575865102639296111e+01,4.707365915035760517e-01,5.258447479130445856e-01,5.772426363375833258e-01
2.581759530791788748e+01,4.711364097834983555e-01,5.263415725572765380e-01,5.780896942394972982e-01
2.587653958944281385e+01,4.715362280634206593e-01,5.268383972015083794e-01,5.789367521414111595e-01
2.593548387096774377e+01,4.719360463433430186e-01,5.273352218457403318e-01,5.797838100433251318e-01
2.599442815249267014e+01,4.723358646232653224e-01,5.278320464899722841e-01,5.806308679452389931e-01
2.605337243401759650e+01,4.727356829031876817e-01,5.283288711342041255e-01,5.814779258471529655e-01
2.611231671554252287e+01,4.731355011831099855e-01,5.288256957784360779e-01,5.823249837490668268e-01
2.617126099706744924e+01,4.735353194630322893e-01,5.293225204226680303e-01,5.831720416509807992e-01
2.623020527859237561e+01,4.739351377429545931e-01,5.298193450668998716e-01,5.840190995528946605e-01
2.628914956011730197e+01,4.743349560228768969e-01,5.303161697111318240e-01,5.848661574548086328e-01
2.634809384164222834e+01,4.747347743027992562e-01,5.308129943553636654e-01,5.857132153567224941e-01
2.640703812316715471e+01,4.751345925827215599e-01,5.313098189995956178e-01,5.865602732586364665e-01
2.646598240469208108e+01,4.755344108626438637e-01,5.318066436438275701e-01,5.874073311605503278e-01
2.652492668621700744e+01,4.759342291425661675e-01,5.323034682880594115e-01,5.882543890624643002e-01
2.658387096774193736e+01,4.763340474224885268e-01,5.328002929322913639e-01,5.891014469643781615e-01
2.664281524926686373e+01,4.767338657024108306e-01,5.332971175765233163e-01,5.899485048662921338e-01
2.670175953079179010e+01,4.771336839823331344e-01,5.337939422207551576e-01,5.907955627682059951e-01
2.676070381231671647e+01,4.775335022622554937e-01,5.342907668649871100e-01,5.916426206701199675e-01
2.681964809384164283e+01,4.779333205421777975e-01,5.347875915092190624e-01,5.924896785720338288e-01
2.687859237536656920e+01,4.783331388221001013e-01,5.352844161534509038e-01,5.933367364739478012e-01
2.693753665689149557e+01,4.787329571020224050e-01,5.357812407976828561e-01,5.941837943758616625e-01
2.699648093841642194e+01,4.791327753819447088e-01,5.362780654419146975e-01,5.950308522777756348e-01
2.705542521994134830e+01,4.795325936618670681e-01,5.367748900861466499e-01,5.958779101796894961e-01
2.711436950146627467e+01,4.799324119417893719e-01,5.372717147303786023e-01,5.967249680816033575e-01
2.717331378299120104e+01,4.803322302217116757e-01,5.377685393746104436e-01,5.975720259835173298e-01
2.723225806451613096e+01,4.807320485016340350e-01,5.382653640188423960e-01,5.984190838854313021e-01
2.729120234604105733e+01,4.811318667815563388e-01,5.387621886630743484e-01,5.992661417873451635e-01
2.735014662756598369e+01,4.815316850614786426e-01,5.392590133073061898e-01,6.001131996892591358e-01
2.740909090909091006e+01,4.819315033414009464e-01,5.397558379515381421e-01,6.009602575911729971e-01
2.746803519061583643e+01,4.823313216213233057e-01,5.402526625957700945e-01,6.018073154930869695e-01
2.752697947214076279e+01,4.827311399012456095e-01,5.407494872400019359e-01,6.026543733950008308e-01
2.758592375366568916e+01,4.831309581811679132e-01,5.412463118842338883e-01,6.035014312969146921e-01
2.764486803519061553e+01,4.835307764610902170e-01,5.417431365284657296e-01,6.043484891988286645e-01
2.770381231671554190e+01,4.839305947410125208e-01,5.422399611726976820e-01,6.051955471007425258e-01
2.776275659824046826e+01,4.843304130209348801e-01,5.427367858169296344e-01,6.060426050026564981e-01
2.782170087976539463e+01,4.847302313008571839e-01,5.432336104611614758e-01,6.068896629045703595e-01
2.788064516129032100e+01,4.851300495807794877e-01,5.437304351053934282e-01,6.077367208064843318e-01
2.793958944281525092e+01,4.855298678607018470e-01,5.442272597496253805e-01,6.085837787083983041e-01
2.799853372434017729e+01,4.859296861406241508e-01,5.447240843938572219e-01,6.094308366103121655e-01
2.805747800586510365e+01,4.863295044205464546e-01,5.452209090380891743e-01,6.102778945122261378e-01
2.811642228739003002e+01,4.867293227004687584e-01,5.457177336823211267e-01,6.111249524141399991e-01
2.817536656891495639e+01,4.871291409803911177e-01,5.462145583265529680e-01,6.119720103160539715e-01
2.823431085043988276e+01,4.875289592603134214e-01,5.467113829707849204e-01,6.128190682179678328e-01
2.829325513196480912e+01,4.879287775402357252e-01,5.472082076150167618e-01,6.136661261198816941e-01
2.835219941348973549e+01,4.883285958201580290e-01,5.477050322592487142e-01,6.145131840217956665e-01
2.841114369501466186e+01,4.887284141000803883e-01,5.482018569034806665e-01,6.153602419237095278e-01
2.847008797653958823e+01,4.891282323800026921e-01,5.486986815477125079e-01,6.162072998256235001e-01
2.852903225806451459e+01,4.895280506599249959e-01,5.491955061919444603e-01,6.170543577275373615e-01
2.858797653958944451e+01,4.899278689398473552e-01,5.496923308361764127e-01,6.179014156294513338e-01
2.864692082111437088e+01,4.903276872197696590e-01,5.501891554804082540e-01,6.187484735313653061e-01
2.870586510263929725e+01,4.907275054996919628e-01,5.506859801246402064e-01,6.195955314332791675e-01
2.876480938416422362e+01,4.911273237796142666e-01,5.511828047688721588e-01,6.204425893351930288e-01
2.882375366568914998e+01,4.915271420595365703e-01,5.516796294131040002e-01,6.212896472371070011e-01
2.888269794721407635e+01,4.919269603394589296e-01,5.521764540573359525e-01,6.221367051390208625e-01
2.894164222873900272e+01,4.923267786193812334e-01,5.526732787015677939e-01,6.229837630409348348e-01
2.900058651026392909e+01,4.927265968993035372e-01,5.531701033457997463e-01,6.238308209428486961e-01
2.905953079178885545e+01,4.931264151792258410e-01,5.536669279900316987e-01,6.246778788447626685e-01
2.911847507331378182e+01,4.935262334591482003e-01,5.541637526342635400e-01,6.255249367466765298e-01
2.917741935483870819e+01,4.939260517390705041e-01,5.546605772784954924e-01,6.263719946485905021e-01
2.923636363636363811e+01,4.943258700189928079e-01,5.551574019227274448e-01,6.272190525505043635e-01
2.929530791788856448e+01,4.947256882989151672e-01,5.556542265669592862e-01,6.280661104524183358e-01
2.935425219941349084e+01,4.955696181172393744e-01,5.561436991719393985e-01,6.281180640252995717e-01
2.941319648093841721e+01,4.964519575821280672e-01,5.566325359248760485e-01,6.281012518183725080e-01
2.947214076246334358e+01,4.973342970470167601e-01,5.571213726778126984e-01,6.280844396114455552e-01
2.953108504398826994e+01,4.982166365119054530e-01,5.576102094307494594e-01,6.280676274045184915e-01
2.959002932551319631e+01,4.990989759767942013e-01,5.580990461836861094e-01,6.280508151975914277e-01
2.964897360703812268e+01,4.999813154416828942e-01,5.585878829366227594e-01,6.280340029906644750e-01
2.970791788856304905e+01,5.008455497809584100e-01,5.590826257533425547e-01,6.279527416170306298e-01
2.976686217008797541e+01,5.015931066440603159e-01,5.596154298699982377e-01,6.274561411690640078e-01
2.982580645161290178e+01,5.023406635071623327e-01,5.601482339866538096e-01,6.269595407210973859e-01
2.988475073313783170e+01,5.030882203702642386e-01,5.606810381033093815e-01,6.264629402731307639e-01
2.994369501466275807e+01,5.038357772333661444e-01,5.612138422199650645e-01,6.259663398251641420e-01
3.000263929618768444e+01,5.045833340964680502e-01,5.617466463366206364e-01,6.254697393771975200e-01
3.006158357771261080e+01,5.053308909595700671e-01,5.622794504532762083e-01,6.249731389292308981e-01
3.012052785923753717e+01,5.060784478226719729e-01,5.628122545699317802e-01,6.244765384812642761e-01
3.017947214076246354e+01,5.068260046857738788e-01,5.633450586865874632e-01,6.239799380332976542e-01
3.023841642228738991e+01,5.075735615488757846e-01,5.638778628032430351e-01,6.234833375853310322e-01
3.029736070381231627e+01,5.083211184119776904e-01,5.644106669198986070e-01,6.229867371373644103e-01
3.035630498533724264e+01,5.088220038497617281e-01,5.648153926868064723e-01,6.241698111301475782e-01
3.041524926686216901e+01,5.092274658667527154e-01,5.652675306457658477e-01,6.251670621617646528e-01
3.047419354838709538e+01,5.093926347306287905e-01,5.658727256016422569e-01,6.254062536282688489e-01
3.053313782991202530e+01,5.095578035945048656e-01,5.664779205575187770e-01,6.256454450947731560e-01
3.059208211143695166e+01,5.097229724583809407e-01,5.670831155133952972e-01,6.258846365612774632e-01
3.065102639296187803e+01,5.098881413222570158e-01,5.676883104692717064e-01,6.261238280277816592e-01
3.070997067448680440e+01,5.100533101861330909e-01,5.682935054251482265e-01,6.263630194942859664e-01
3.076891495601173077e+01,5.102184790500091660e-01,5.688987003810246357e-01,6.266022109607901625e-01
3.082785923753665713e+01,5.103836479138852411e-01,5.695038953369011558e-01,6.268414024272944696e-01
3.088680351906158350e+01,5.105488167777613162e-01,5.701090902927775650e-01,6.270805938937986657e-01
3.094574780058650987e+01,5.107139856416373913e-01,5.707142852486540852e-01,6.273197853603029728e-01
3.100469208211143624e+01,5.108791545055133554e-01,5.713194802045304943e-01,6.275589768268071689e-01
3.106363636363636260e+01,5.110443233693894305e-01,5.719246751604070145e-01,6.277981682933114760e-01
3.112258064516128897e+01,5.112094922332655056e-01,5.725298701162835346e-01,6.280373597598156721e-01
3.118152492668621889e+01,5.113746610971415807e-01,5.731350650721599438e-01,6.282765512263199792e-01
3.124046920821114526e+01,5.115398299610176558e-01,5.737402600280364640e-01,6.285157426928241753e-01
3.129941348973607163e+01,5.117049988248937309e-01,5.743454549839128731e-01,6.287549341593284824e-01
3.135835777126099799e+01,5.120692231419256002e-01,5.748348259499439505e-01,6.294257303589075869e-01
3.141730205278592436e+01,5.124354480162756076e-01,5.753230328557754625e-01,6.301008642944975202e-01
3.147624633431085073e+01,5.128016728906256150e-01,5.758112397616070854e-01,6.307759982300874535e-01
3.153519061583577709e+01,5.131678977649756224e-01,5.762994466674385974e-01,6.314511321656773868e-01
3.159413489736070346e+01,5.135341226393256298e-01,5.767876535732701093e-01,6.321262661012673201e-01
3.165307917888562983e+01,5.139003475136756371e-01,5.772758604791017323e-01,6.328014000368572534e-01
3.171202346041055620e+01,5.142665723880256445e-01,5.777640673849332442e-01,6.334765339724471866e-01
3.177096774193548256e+01,5.146327972623756519e-01,5.782522742907647562e-01,6.341516679080371199e-01
3.182991202346041248e+01,5.149990221367256593e-01,5.787404811965963791e-01,6.348268018436270532e-01
3.188885630498533885e+01,5.153652470110756667e-01,5.792286881024278911e-01,6.355019357792169865e-01
3.194780058651026522e+01,5.157314718854256741e-01,5.797168950082595140e-01,6.361770697148069198e-01
3.200674486803519159e+01,5.160976967597755705e-01,5.802051019140910260e-01,6.368522036503968531e-01
3.206568914956011440e+01,5.164639216341255779e-01,5.806933088199225379e-01,6.375273375859867864e-01
3.212463343108504432e+01,5.168301465084755852e-01,5.811815157257541609e-01,6.382024715215767197e-01
3.218357771260997424e+01,5.171963713828255926e-01,5.816697226315856728e-01,6.388776054571667640e-01
3.224252199413489706e+01,5.175625962571756000e-01,5.821579295374172958e-01,6.395527393927565862e-01
3.230146627565982698e+01,5.179288211315256074e-01,5.826461364432488077e-01,6.402278733283466305e-01
3.236041055718474979e+01,5.182950460058756148e-01,5.831343433490803196e-01,6.409030072639364528e-01
3.241935483870967971e+01,5.186612708802256222e-01,5.836225502549119426e-01,6.415781411995263861e-01
3.247829912023460253e+01,5.190274957545756296e-01,5.841107571607434545e-01,6.422532751351163194e-01
3.253724340175953245e+01,5.193937206289256370e-01,5.845989640665750775e-01,6.429284090707062527e-01
3.259618768328445526e+01,5.197599455032756444e-01,5.850871709724065894e-01,6.436035430062961860e-01
3.265513196480938518e+01,5.201261703776256518e-01,5.855753778782381014e-01,6.442786769418861192e-01
3.271407624633430800e+01,5.204923952519755481e-01,5.860635847840696133e-01,6.449538108774760525e-01
3.277302052785923792e+01,5.208586201263255555e-01,5.865517916899012363e-01,6.456289448130659858e-01
3.283196480938416784e+01,5.212248450006756739e-01,5.870399985957328592e-01,6.463040787486560301e-01
3.289090909090909065e+01,5.215910698750255703e-01,5.875282055015643712e-01,6.469792126842458524e-01
3.294985337243402057e+01,5.219572947493755777e-01,5.880164124073958831e-01,6.476543466198358967e-01
3.300879765395894339e+01,5.223235196237255851e-01,5.885046193132273951e-01,6.483294805554257190e-01
3.306774193548387331e+01,5.226897444980755925e-01,5.889928262190590180e-01,6.490046144910157633e-01
3.312668621700879612e+01,5.230559693724255999e-01,5.894810331248905300e-01,6.496797484266055855e-01
3.318563049853372604e+01,5.234221942467756072e-01,5.899692400307221529e-01,6.503548823621955188e-01
3.324457478005864886e+01,5.237884191211256146e-01,5.904574469365536649e-01,6.510300162977854521e-01
3.330351906158357878e+01,5.241546439954756220e-01,5.909456538423852878e-01,6.517051502333753854e-01
3.336246334310850159e+01,5.245208688698255184e-01,5.914338607482167998e-01,6.523802841689653187e-01
3.342140762463343151e+01,5.248870937441756368e-01,5.919220676540483117e-01,6.530554181045552520e-01
3.348035190615836143e+01,5.252533186185256442e-01,5.924102745598799347e-01,6.537305520401452963e-01
3.353929618768328424e+01,5.256195434928755406e-01,5.928984814657114466e-01,6.544056859757351186e-01
3.359824046920821417e+01,5.259857683672256590e-01,5.933866883715430696e-01,6.550808199113251629e-01
3.365718475073313698e+01,5.263519932415755553e-01,5.938748952773745815e-01,6.557559538469149851e-01
3.371612903225806690e+01,5.267182181159255627e-01,5.943631021832060934e-01,6.564310877825050294e-01
3.377507331378298971e+01,5.270844429902755701e-01,5.948513090890376054e-01,6.571062217180948517e-01
3.383401759530791963e+01,5.274506678646255775e-01,5.953395159948692283e-01,6.577813556536848960e-01
3.389296187683284245e+01,5.278168927389755849e-01,5.958277229007007403e-01,6.584564895892747183e-01
3.395190615835777237e+01,5.281831176133255923e-01,5.963159298065323632e-01,6.591316235248647626e-01
3.401085043988269518e+01,5.285493424876755997e-01,5.968041367123638752e-01,6.598067574604545849e-01
3.406979472140762510e+01,5.289155673620256071e-01,5.972923436181953871e-01,6.604818913960445181e-01
3.412873900293255502e+01,5.292817922363756145e-01,5.977805505240270101e-01,6.611570253316345624e-01
3.418768328445747784e+01,5.296480171107256218e-01,5.982687574298585220e-01,6.618321592672243847e-01
3.424662756598240776e+01,5.300142419850756292e-01,5.987569643356901450e-01,6.625072932028144290e-01
3.430557184750733057e+01,5.303804668594255256e-01,5.992451712415216569e-01,6.631824271384042513e-01
3.436451612903226049e+01,5.307466917337755330e-01,5.997333781473532799e-01,6.638575610739942956e-01
3.442346041055718331e+01,5.311129166081255404e-01,6.002215850531847918e-01,6.645326950095841179e-01
3.448240469208211323e+01,5.314791414824755478e-01,6.007097919590163038e-01,6.652078289451741622e-01
3.454134897360703604e+01,5.318453663568255552e-01,6.011979988648478157e-01,6.658829628807639844e-01
3.460029325513196596e+01,5.322115912311755626e-01,6.016862057706794387e-01,6.665580968163540287e-01
3.465923753665688878e+01,5.325778161055255699e-01,6.021744126765109506e-01,6.672332307519438510e-01
3.471818181818181870e+01,5.329440409798755773e-01,6.026626195823425736e-01,6.679083646875338953e-01
3.477712609970674862e+01,5.333102658542255847e-01,6.031508264881740855e-01,6.685834986231238286e-01
3.483607038123167143e+01,5.336764907285755921e-01,6.036390333940055974e-01,6.692586325587137619e-01
3.489501466275660135e+01,5.340427156029255995e-01,6.041272402998372204e-01,6.699337664943036952e-01
3.495395894428152417e+01,5.344089404772756069e-01,6.046154472056687323e-01,6.706089004298935174e-01
3.501290322580645409e+01,5.347751653516256143e-01,6.051036541115003553e-01,6.712840343654835618e-01
3.507184750733137690e+01,5.351413902259755107e-01,6.055918610173318672e-01,6.719591683010733840e-01
3.513079178885630682e+01,5.364789382601190537e-01,6.058940439151423440e-01,6.719417118866238825e-01
3.518973607038122964e+01,5.387045531832165279e-01,6.060261477199050395e-01,6.712910300092810312e-01
3.524868035190615956e+01,5.409301681063143352e-01,6.061582515246676239e-01,6.706403481319380688e-01
3.530762463343108237e+01,5.429047823167082454e-01,6.063341975177086729e-01,6.701634911278320228e-01
3.536656891495601229e+01,5.431899686531365123e-01,6.068052351626230800e-01,6.708566092320508156e-01
3.542551319648093511e+01,5.434751549895647793e-01,6.072762728075374872e-01,6.715497273362696085e-01
3.548445747800586503e+01,5.437603413259930463e-01,6.077473104524518943e-01,6.722428454404884013e-01
3.554340175953079495e+01,5.440455276624213132e-01,6.082183480973663015e-01,6.729359635447071941e-01
3.560234604105571776e+01,5.443307139988495802e-01,6.086893857422807086e-01,6.736290816489259869e-01
3.566129032258064768e+01,5.446159003352778472e-01,6.091604233871951157e-01,6.743221997531447798e-01
3.572023460410557050e+01,5.449010866717060031e-01,6.096314610321095229e-01,6.750153178573634616e-01
3.577917888563050042e+01,5.451862730081342701e-01,6.101024986770239300e-01,6.757084359615822544e-01
3.583812316715542323e+01,5.454714593445625370e-01,6.105735363219383371e-01,6.764015540658010472e-01
3.589706744868035315e+01,5.457566456809908040e-01,6.110445739668527443e-01,6.770946721700198401e-01
3.595601173020527597e+01,5.460418320174190709e-01,6.115156116117671514e-01,6.777877902742386329e-01
3.601495601173020589e+01,5.463270183538473379e-01,6.119866492566815586e-01,6.784809083784574257e-01
3.607390029325512870e+01,5.466122046902756049e-01,6.124576869015959657e-01,6.791740264826761075e-01
3.613284457478005862e+01,5.468973910267038718e-01,6.129287245465103728e-01,6.798671445868949004e-01
3.619178885630498854e+01,5.471825773631321388e-01,6.133997621914248910e-01,6.805602626911138042e-01
3.625073313782991136e+01,5.474677636995604058e-01,6.138707998363392981e-01,6.812533807953324860e-01
3.630967741935484128e+01,5.477529500359886727e-01,6.143418374812537053e-01,6.819464988995512789e-01
3.636862170087976409e+01,5.480381363724168287e-01,6.148128751261681124e-01,6.826396170037700717e-01
3.642756598240469401e+01,5.483233227088450956e-01,6.152839127710825196e-01,6.833327351079888645e-01
3.648651026392961683e+01,5.486085090452733626e-01,6.157549504159969267e-01,6.840258532122076574e-01
3.654545454545454675e+01,5.488936953817016295e-01,6.162259880609113338e-01,6.847189713164264502e-01
3.660439882697946956e+01,5.491788817181298965e-01,6.166970257058257410e-01,6.854120894206451320e-01
3.666334310850439948e+01,5.494640680545581635e-01,6.171680633507401481e-01,6.861052075248639248e-01
3.672228739002932230e+01,5.497492543909864304e-01,6.176391009956545552e-01,6.867983256290827176e-01
3.678123167155425222e+01,5.500344407274146974e-01,6.181101386405689624e-01,6.874914437333015105e-01
3.684017595307918214e+01,5.503196270638429644e-01,6.185811762854833695e-01,6.881845618375203033e-01
3.689912023460410495e+01,5.506048134002712313e-01,6.190522139303977767e-01,6.888776799417390961e-01
3.695806451612903487e+01,5.508899997366994983e-01,6.195232515753121838e-01,6.895707980459578890e-01
3.701700879765395769e+01,5.511751860731276542e-01,6.199942892202265909e-01,6.902639161501765708e-01
3.707595307917888761e+01,5.514603724095559212e-01,6.204653268651409981e-01,6.909570342543954746e-01
3.713489736070381042e+01,5.517455587459841881e-01,6.209363645100554052e-01,6.916501523586141564e-01
3.719384164222874034e+01,5.520307450824124551e-01,6.214074021549698124e-01,6.923432704628329493e-01
3.725278592375366316e+01,5.523159314188407221e-01,6.218784397998842195e-01,6.930363885670517421e-01
3.731173020527859308e+01,5.526011177552689890e-01,6.223494774447986266e-01,6.937295066712705349e-01
3.737067448680351589e+01,5.528863040916972560e-01,6.228205150897130338e-01,6.944226247754892167e-01
3.742961876832844581e+01,5.531714904281255230e-01,6.232915527346274409e-01,6.951157428797081206e-01
3.748856304985337573e+01,5.534566767645537899e-01,6.237625903795418481e-01,6.958088609839269134e-01
3.754750733137829855e+01,5.537418631009820569e-01,6.242336280244562552e-01,6.965019790881455952e-01
3.760645161290322847e+01,5.540270494374103238e-01,6.247046656693707734e-01,6.971950971923644991e-01
3.766539589442815128e+01,5.543122357738384798e-01,6.251757033142850695e-01,6.978882152965831809e-01
3.772434017595308120e+01,5.545974221102667467e-01,6.256467409591995876e-01,6.985813334008019737e-01
3.778328445747800401e+01,5.548826084466950137e-01,6.261177786041138837e-01,6.992744515050207665e-01
3.784222873900293393e+01,5.551677947831232807e-01,6.265888162490284019e-01,6.999675696092395594e-01
3.790117302052785675e+01,5.554529811195515476e-01,6.270598538939426980e-01,7.006606877134582412e-01
3.796011730205278667e+01,5.557381674559798146e-01,6.275308915388572162e-01,7.013538058176771450e-01
3.801906158357770948e+01,5.560233537924080816e-01,6.280019291837715123e-01,7.020469239218958268e-01
3.807800586510263940e+01,5.563085401288363485e-01,6.284729668286860305e-01,7.027400420261146197e-01
3.813695014662756932e+01,5.565937264652646155e-01,6.289440044736004376e-01,7.034331601303334125e-01
3.819589442815249214e+01,5.568789128016928824e-01,6.294150421185148447e-01,7.041262782345522053e-01
3.825483870967742206e+01,5.571640991381211494e-01,6.298860797634292519e-01,7.048193963387709982e-01
3.831378299120234487e+01,5.574492854745493053e-01,6.303571174083436590e-01,7.055125144429897910e-01
3.837272727272727479e+01,5.577344718109775723e-01,6.308281550532580662e-01,7.062056325472085838e-01
3.843167155425219761e+01,5.580196581474058393e-01,6.312991926981724733e-01,7.068987506514272656e-01
3.849061583577712753e+01,5.583048444838341062e-01,6.317702303430868804e-01,7.075918687556461695e-01
3.854956011730205034e+01,5.585900308202623732e-01,6.322412679880012876e-01,7.082849868598648513e-01
3.860850439882698026e+01,5.588752171566906402e-01,6.327123056329156947e-01,7.089781049640836441e-01
3.866744868035190308e+01,5.591604034931189071e-01,6.331833432778301018e-01,7.096712230683024369e-01
3.872639296187683300e+01,5.594455898295471741e-01,6.336543809227445090e-01,7.103643411725212298e-01
3.878533724340176292e+01,5.597307761659754410e-01,6.341254185676589161e-01,7.110574592767400226e-01
3.884428152492668573e+01,5.600159625024037080e-01,6.345964562125733233e-01,7.117505773809588154e-01
3.890322580645161565e+01,5.603011488388319750e-01,6.350674938574877304e-01,7.124436954851776083e-01
3.896217008797653847e+01,5.605863351752601309e-01,6.355385315024021375e-01,7.131368135893962901e-01
3.902111436950146839e+01,5.608715215116885089e-01,6.360095691473165447e-01,7.138299316936150829e-01
3.908005865102639120e+01,5.611567078481166648e-01,6.364806067922309518e-01,7.145230497978338757e-01
3.913900293255132112e+01,5.614418941845449318e-01,6.369516444371453590e-01,7.152161679020526686e-01
3.919794721407624394e+01,5.617270805209731988e-01,6.374226820820597661e-01,7.159092860062714614e-01
3.925689149560117386e+01,5.620122668574014657e-01,6.378937197269741732e-01,7.166024041104902542e-01
3.931583577712609667e+01,5.624111124604732614e-01,6.383409668635159351e-01,7.171204916805695717e-01
3.937478005865102659e+01,5.631193638449635275e-01,6.387234509494875700e-01,7.171621072410475639e-01
3.943372434017595651e+01,5.638276152294536825e-01,6.391059350354593160e-01,7.172037228015254451e-01
3.949266862170087933e+01,5.645358666139438375e-01,6.394884191214309510e-01,7.172453383620033263e-01
3.955161290322580925e+01,5.652441179984341035e-01,6.398709032074025860e-01,7.172869539224812074e-01
3.961055718475073206e+01,5.659523693829242585e-01,6.402533872933743320e-01,7.173285694829590886e-01
3.966950146627566198e+01,5.666606207674145246e-01,6.406358713793459669e-01,7.173701850434369698e-01
3.972844574780058480e+01,5.673688721519046796e-01,6.410183554653176019e-01,7.174118006039148510e-01
3.978739002932551472e+01,5.680771235363949456e-01,6.414008395512893479e-01,7.174534161643927321e-01
3.984633431085043753e+01,5.687853749208851006e-01,6.417833236372609829e-01,7.174950317248706133e-01
3.990527859237536745e+01,5.694936263053753667e-01,6.421658077232326178e-01,7.175366472853484945e-01
3.996422287390029027e+01,5.702018776898655217e-01,6.425482918092042528e-01,7.175782628458263757e-01
4.002316715542522019e+01,5.709101290743557877e-01,6.429307758951759988e-01,7.176198784063042568e-01
4.008211143695015011e+01,5.716183804588460537e-01,6.433132599811477448e-01,7.176614939667821380e-01
4.014105571847507292e+01,5.719258782734082391e-01,6.438882418604202629e-01,7.167530160925849048e-01
4.020000000000000284e+01,5.720587620325018330e-01,6.445470977782025157e-01,7.154305689361361020e-01
4.025894428152492566e+01,5.721916457915954268e-01,6.452059536959847685e-01,7.141081217796875213e-01
4.031788856304985558e+01,5.723245295506890207e-01,6.458648096137671324e-01,7.127856746232387186e-01
4.037683284457477839e+01,5.724574133097826145e-01,6.465236655315493852e-01,7.114632274667901379e-01
4.043577712609970831e+01,5.725902970688762084e-01,6.471825214493316381e-01,7.101407803103413352e-01
4.049472140762463113e+01,5.727231808279698022e-01,6.478413773671138909e-01,7.088183331538927545e-01
4.055366568914956105e+01,5.728560645870633961e-01,6.485002332848962547e-01,7.074958859974439518e-01
4.061260997067448386e+01,5.729889483461569899e-01,6.491590892026783965e-01,7.061734388409953711e-01
4.067155425219941378e+01,5.731218321052505837e-01,6.498179451204607604e-01,7.048509916845465684e-01
4.073049853372434370e+01,5.733568384455464129e-01,6.503352778773278109e-01,7.046388383248852749e-01
4.078944281524926652e+01,5.736870937317712915e-01,6.507206130706489899e-01,7.054622474487659556e-01
4.084838709677419644e+01,5.740173490179960591e-01,6.511059482639700580e-01,7.062856565726468583e-01
4.090733137829911925e+01,5.743476043042209378e-01,6.514912834572912370e-01,7.071090656965275389e-01
4.096627565982404917e+01,5.746778595904458165e-01,6.518766186506124161e-01,7.079324748204084417e-01
4.102521994134897199e+01,5.750081148766705841e-01,6.522619538439334841e-01,7.087558839442891223e-01
4.108416422287390191e+01,5.753383701628954627e-01,6.526472890372546631e-01,7.095792930681699140e-01
4.114310850439882472e+01,5.756686254491203414e-01,6.530326242305757312e-01,7.104027021920507057e-01
4.120205278592375464e+01,5.759988807353451090e-01,6.534179594238969102e-01,7.112261113159314974e-01
4.126099706744867746e+01,5.763291360215699877e-01,6.538032946172179782e-01,7.120495204398122890e-01
4.131994134897360738e+01,5.766593913077948663e-01,6.541886298105391573e-01,7.128729295636930807e-01
4.137888563049853730e+01,5.769896465940197450e-01,6.545739650038603363e-01,7.136963386875739834e-01
4.143782991202346011e+01,5.773199018802445126e-01,6.549593001971814044e-01,7.145197478114546641e-01
4.149677419354839003e+01,5.776501571664693913e-01,6.553446353905025834e-01,7.153431569353355668e-01
4.155571847507331285e+01,5.779804124526941589e-01,6.557299705838236514e-01,7.161665660592162475e-01
4.161466275659824277e+01,5.783106677389190375e-01,6.561153057771448305e-01,7.169899751830971502e-01
4.167360703812316558e+01,5.786409230251439162e-01,6.565006409704658985e-01,7.178133843069778308e-01
4.173255131964809550e+01,5.789711783113686838e-01,6.568859761637870776e-01,7.186367934308587335e-01
4.179149560117301831e+01,5.793014335975935625e-01,6.572713113571081456e-01,7.194602025547394142e-01
4.185043988269794824e+01,5.796316888838184411e-01,6.576566465504293246e-01,7.202836116786202059e-01
4.190938416422287105e+01,5.799619441700432088e-01,6.580419817437503927e-01,7.211070208025009975e-01
4.196832844574780097e+01,5.802921994562680874e-01,6.584273169370715717e-01,7.219304299263817892e-01
4.202727272727273089e+01,5.806224547424929661e-01,6.588126521303927507e-01,7.227538390502626919e-01
4.208621700879765370e+01,5.809527100287177337e-01,6.591979873237138188e-01,7.235772481741433726e-01
4.214516129032258362e+01,5.812829653149426123e-01,6.595833225170349978e-01,7.244006572980242753e-01
4.220410557184750644e+01,5.816132206011674910e-01,6.599686577103560658e-01,7.252240664219049560e-01
4.226304985337243636e+01,5.819434758873923696e-01,6.603539929036772449e-01,7.260474755457858587e-01
4.232199413489735917e+01,5.822737311736171373e-01,6.607393280969984239e-01,7.268708846696665393e-01
4.238093841642228909e+01,5.826039864598420159e-01,6.611246632903194920e-01,7.276942937935474420e-01
4.243988269794721191e+01,5.829342417460667836e-01,6.615099984836406710e-01,7.285177029174281227e-01
4.249882697947214183e+01,5.832644970322916622e-01,6.618953336769617390e-01,7.293411120413090254e-01
4.255777126099706464e+01,5.835947523185165409e-01,6.622806688702829181e-01,7.301645211651897061e-01
4.261671554252199456e+01,5.839250076047414195e-01,6.626660040636040971e-01,7.309879302890706088e-01
4.267565982404692448e+01,5.842552628909661872e-01,6.630513392569251652e-01,7.318113394129514004e-01
4.273460410557184730e+01,5.845855181771910658e-01,6.634366744502463442e-01,7.326347485368320811e-01
4.279354838709677722e+01,5.849157734634159445e-01,6.638220096435674122e-01,7.334581576607129838e-01
4.285249266862170003e+01,5.852460287496407121e-01,6.642073448368885913e-01,7.342815667845936645e-01
4.291143695014662995e+01,5.855762840358655907e-01,6.645926800302097703e-01,7.351049759084745672e-01
4.297038123167155277e+01,5.859065393220904694e-01,6.649780152235308384e-01,7.359283850323552478e-01
4.302932551319648269e+01,5.862367946083152370e-01,6.653633504168520174e-01,7.367517941562361505e-01
4.308826979472140550e+01,5.865670498945401157e-01,6.657486856101730854e-01,7.375752032801168312e-01
4.314721407624633542e+01,5.868973051807649943e-01,6.661340208034942645e-01,7.383986124039977339e-01
4.320615835777125824e+01,5.872275604669897620e-01,6.665193559968153325e-01,7.392220215278784146e-01
4.326510263929618816e+01,5.875578157532146406e-01,6.669046911901365116e-01,7.400454306517593173e-01
4.332404692082111808e+01,5.878880710394395193e-01,6.672900263834576906e-01,7.408688397756401089e-01
4.338299120234604089e+01,5.882183263256642869e-01,6.676753615767787586e-01,7.416922488995209006e-01
4.344193548387097081e+01,5.885485816118891655e-01,6.680606967700999377e-01,7.425156580234016923e-01
4.350087976539589363e+01,5.888788368981140442e-01,6.684460319634210057e-01,7.433390671472823730e-01
4.355982404692082355e+01,5.892090921843388118e-01,6.688313671567421848e-01,7.441624762711632757e-01
4.361876832844574636e+01,5.895393474705636905e-01,6.692167023500632528e-01,7.449858853950439563e-01
4.367771260997067628e+01,5.898696027567885691e-01,6.696020375433844318e-01,7.458092945189248590e-01
4.373665689149559910e+01,5.901998580430133368e-01,6.699873727367054999e-01,7.466327036428055397e-01
4.379560117302052902e+01,5.905301133292382154e-01,6.703727079300266789e-01,7.474561127666864424e-01
4.385454545454545183e+01,5.908603686154630941e-01,6.707580431233477469e-01,7.482795218905671231e-01
4.391348973607038175e+01,5.911906239016878617e-01,6.711433783166689260e-01,7.491029310144480258e-01
4.397243401759531167e+01,5.915208791879127403e-01,6.715287135099901050e-01,7.499263401383288175e-01
4.403137829912023449e+01,5.918511344741376190e-01,6.719140487033111730e-01,7.507497492622096091e-01
4.409032258064516441e+01,5.921813897603624977e-01,6.722993838966323521e-01,7.515731583860904008e-01
4.414926686217008722e+01,5.925116450465872653e-01,6.726847190899534201e-01,7.523965675099711925e-01
4.420821114369501714e+01,5.928419003328121439e-01,6.730700542832745992e-01,7.532199766338519842e-01
4.426715542521993996e+01,5.931721556190369116e-01,6.734553894765957782e-01,7.540433857577327759e-01
4.432609970674486988e+01,5.935024109052617902e-01,6.738407246699168462e-01,7.548667948816135675e-01
4.438504398826979269e+01,5.938326661914866689e-01,6.742260598632380253e-01,7.556902040054942482e-01
4.444398826979472261e+01,5.941629214777115475e-01,6.746113950565590933e-01,7.565136131293751509e-01
4.450293255131964543e+01,5.944931767639363152e-01,6.749967302498802724e-01,7.573370222532558316e-01
4.456187683284457535e+01,5.948234320501611938e-01,6.753820654432014514e-01,7.581604313771367343e-01
4.462082111436950527e+01,5.951536873363860725e-01,6.757674006365225194e-01,7.589838405010175260e-01
4.467976539589442808e+01,5.954839426226108401e-01,6.761527358298436985e-01,7.598072496248983176e-01
4.473870967741935800e+01,5.961021239856029164e-01,6.765727832155162824e-01,7.597218175835941389e-01
4.479765395894428082e+01,5.968708121614505480e-01,6.770109756108271259e-01,7.591613094786704430e-01
4.485659824046921074e+01,5.976395003372982906e-01,6.774491680061380805e-01,7.586008013737468580e-01
4.491554252199413355e+01,5.984081885131458112e-01,6.778873604014489240e-01,7.580402932688231621e-01
4.497448680351906347e+01,5.991768766889935538e-01,6.783255527967598786e-01,7.574797851638994661e-01
4.503343108504398629e+01,5.999455648648411854e-01,6.787637451920707221e-01,7.569192770589758812e-01
4.509237536656891621e+01,6.007142530406888170e-01,6.792019375873815656e-01,7.563587689540521852e-01
4.515131964809383902e+01,6.014829412165364486e-01,6.796401299826924092e-01,7.557982608491286003e-01
4.521026392961876894e+01,6.022516293923841912e-01,6.800783223780033637e-01,7.552377527442049043e-01
4.526920821114369176e+01,6.030203175682318228e-01,6.805165147733142073e-01,7.546772446392812084e-01
4.532815249266862168e+01,6.037890057440794545e-01,6.809547071686251618e-01,7.541167365343576234e-01
4.538709677419355160e+01,6.045576939199271971e-01,6.813928995639360053e-01,7.535562284294339275e-01
4.544604105571847441e+01,6.053263820957748287e-01,6.818310919592469599e-01,7.529957203245102315e-01
4.550498533724340433e+01,6.060950702716224603e-01,6.822692843545578034e-01,7.524352122195865356e-01
4.556392961876832715e+01,6.068637584474700919e-01,6.827074767498686469e-01,7.518747041146629506e-01
4.562287390029325707e+01,6.076324466233178345e-01,6.831456691451796015e-01,7.513141960097392547e-01
4.568181818181817988e+01,6.084011347991653551e-01,6.835838615404904450e-01,7.507536879048156697e-01
4.574076246334310980e+01,6.088423627622588929e-01,6.839922501882513828e-01,7.510755774815395247e-01
4.579970674486803262e+01,6.091375293354907017e-01,6.843873450781122747e-01,7.517910545133867917e-01
4.585865102639296254e+01,6.094326959087225104e-01,6.847824399679731666e-01,7.525065315452340586e-01
4.591759530791788535e+01,6.097278624819543191e-01,6.851775348578339475e-01,7.532220085770813256e-01
4.597653958944281527e+01,6.100230290551861279e-01,6.855726297476949505e-01,7.539374856089287036e-01
4.603548387096774519e+01,6.103181956284180476e-01,6.859677246375558424e-01,7.546529626407760816e-01
4.609442815249266800e+01,6.106133622016498563e-01,6.863628195274167343e-01,7.553684396726233485e-01
4.615337243401759793e+01,6.109085287748816651e-01,6.867579144172776262e-01,7.560839167044707265e-01
4.621231671554252074e+01,6.112036953481134738e-01,6.871530093071385181e-01,7.567993937363178825e-01
4.627126099706745066e+01,6.114988619213452825e-01,6.875481041969994100e-01,7.575148707681652605e-01
4.633020527859237347e+01,6.117940284945770912e-01,6.879431990868603020e-01,7.582303478000125274e-01
4.638914956011730339e+01,6.120891950678090110e-01,6.883382939767211939e-01,7.589458248318599054e-01
4.644809384164222621e+01,6.123843616410408197e-01,6.887333888665819748e-01,7.596613018637071724e-01
4.650703812316715613e+01,6.126795282142726284e-01,6.891284837564429777e-01,7.603767788955544393e-01
4.656598240469207894e+01,6.129746947875044372e-01,6.895235786463037586e-01,7.610922559274017063e-01
4.662492668621700886e+01,6.132698613607362459e-01,6.899186735361647616e-01,7.618077329592490843e-01
4.668387096774193878e+01,6.135650279339680546e-01,6.903137684260256535e-01,7.625232099910964623e-01
4.674281524926686160e+01,6.138601945071998633e-01,6.907088633158865454e-01,7.632386870229437292e-01
4.680175953079179152e+01,6.141553610804317831e-01,6.911039582057474373e-01,7.639541640547911072e-01
4.686070381231671433e+01,6.144505276536635918e-01,6.914990530956082182e-01,7.646696410866382632e-01
4.691964809384164425e+01,6.147456942268954005e-01,6.918941479854692211e-01,7.653851181184856411e-01
4.697859237536656707e+01,6.150408608001272093e-01,6.922892428753300020e-01,7.661005951503329081e-01
4.703753665689149699e+01,6.153360273733590180e-01,6.926843377651910050e-01,7.668160721821802861e-01
4.709648093841641980e+01,6.156311939465908267e-01,6.930794326550517859e-01,7.675315492140275531e-01
4.715542521994134972e+01,6.159263605198226355e-01,6.934745275449127888e-01,7.682470262458749310e-01
4.721436950146627254e+01,6.162215270930544442e-01,6.938696224347735697e-01,7.689625032777220870e-01
4.727331378299120246e+01,6.165166936662863639e-01,6.942647173246344616e-01,7.696779803095694650e-01
4.733225806451613238e+01,6.168118602395181727e-01,6.946598122144954646e-01,7.703934573414168430e-01
4.739120234604105519e+01,6.171070268127499814e-01,6.950549071043562455e-01,7.711089343732641099e-01
4.745014662756598511e+01,6.174021933859817901e-01,6.954500019942172484e-01,7.718244114051114879e-01
4.750909090909090793e+01,6.176973599592135988e-01,6.958450968840780293e-01,7.725398884369587549e-01
4.756803519061583785e+01,6.179925265324455186e-01,6.962401917739390322e-01,7.732553654688060218e-01
4.762697947214076066e+01,6.182876931056773273e-01,6.966352866637998131e-01,7.739708425006532888e-01
4.768592375366569058e+01,6.185828596789091360e-01,6.970303815536607051e-01,7.746863195325006668e-01
4.774486803519061340e+01,6.188780262521409448e-01,6.974254764435215970e-01,7.754017965643479338e-01
4.780381231671554332e+01,6.191731928253727535e-01,6.978205713333824889e-01,7.761172735961953117e-01
4.786275659824046613e+01,6.194683593986045622e-01,6.982156662232433808e-01,7.768327506280425787e-01
4.792170087976539605e+01,6.197635259718363709e-01,6.986107611131042727e-01,7.775482276598898457e-01
4.798064516129032597e+01,6.200586925450682907e-01,6.990058560029652757e-01,7.782637046917372237e-01
4.803958944281524879e+01,6.203538591183000994e-01,6.994009508928260566e-01,7.789791817235844906e-01
4.809853372434017871e+01,6.206490256915319081e-01,6.997960457826870595e-01,7.796946587554318686e-01
4.815747800586510152e+01,6.209441922647637169e-01,7.001911406725478404e-01,7.804101357872791356e-01
4.821642228739003144e+01,6.212393588379955256e-01,7.005862355624087323e-01,7.811256128191264025e-01
4.827536656891495426e+01,6.215345254112273343e-01,7.009813304522696242e-01,7.818410898509736695e-01
4.833431085043988418e+01,6.218296919844592541e-01,7.013764253421305161e-01,7.825565668828210475e-01
4.839325513196480699e+01,6.221248585576910628e-01,7.017715202319914081e-01,7.832720439146683145e-01
4.845219941348973691e+01,6.224200251309228715e-01,7.021666151218523000e-01,7.839875209465156924e-01
4.851114369501465973e+01,6.227151917041546803e-01,7.025617100117131919e-01,7.847029979783628484e-01
4.857008797653958965e+01,6.230103582773864890e-01,7.029568049015740838e-01,7.854184750102102264e-01
4.862903225806451957e+01,6.233055248506182977e-01,7.033518997914349757e-01,7.861339520420576044e-01
4.868797653958944238e+01,6.236006914238501064e-01,7.037469946812958677e-01,7.868494290739048713e-01
4.874692082111437230e+01,6.238958579970820262e-01,7.041420895711567596e-01,7.875649061057522493e-01
4.880586510263929512e+01,6.241910245703138349e-01,7.045371844610176515e-01,7.882803831375995163e-01
4.886480938416422504e+01,6.244861911435456436e-01,7.049322793508785434e-01,7.889958601694467832e-01
4.892375366568914785e+01,6.247813577167774524e-01,7.053273742407394353e-01,7.897113372012940502e-01
4.898269794721407777e+01,6.250765242900092611e-01,7.057224691306003272e-01,7.904268142331414282e-01
4.904164222873900059e+01,6.253716908632410698e-01,7.061175640204612192e-01,7.911422912649886952e-01
4.910058651026393051e+01,6.256668574364728785e-01,7.065126589103221111e-01,7.918577682968360731e-01
4.915953079178885332e+01,6.259620240097046873e-01,7.069077538001830030e-01,7.925732453286833401e-01
4.921847507331378324e+01,6.262571905829366070e-01,7.073028486900438949e-01,7.932887223605306071e-01
4.927741935483871316e+01,6.265523571561684157e-01,7.076979435799047868e-01,7.940041993923779851e-01
4.933636363636363598e+01,6.268475237294002245e-01,7.080930384697656788e-01,7.947196764242252520e-01
4.939530791788856590e+01,6.271426903026320332e-01,7.084881333596265707e-01,7.954351534560726300e-01
4.945425219941348871e+01,6.274378568758638419e-01,7.088832282494874626e-01,7.961506304879198970e-01
4.951319648093841863e+01,6.277330234490957617e-01,7.092783231393483545e-01,7.968661075197671639e-01
4.957214076246334145e+01,6.280281900223275704e-01,7.096734180292092464e-01,7.975815845516144309e-01
4.963108504398827137e+01,6.283233565955593791e-01,7.100685129190701383e-01,7.982970615834618089e-01
4.969002932551319418e+01,6.286185231687911878e-01,7.104636078089310303e-01,7.990125386153090759e-01
4.974897360703812410e+01,6.289136897420229966e-01,7.108587026987919222e-01,7.997280156471564538e-01
4.980791788856304692e+01,6.292451742132922909e-01,7.112605163036338496e-01,8.002808235800433767e-01
4.986686217008797684e+01,6.298107073608031348e-01,7.117056282939094869e-01,7.997853195418530570e-01
4.992580645161290676e+01,6.303762405083140896e-01,7.121507402841851242e-01,7.992898155036627372e-01
4.998475073313782957e+01,6.309417736558249334e-01,7.125958522744606505e-01,7.987943114654724175e-01
5.004369501466275949e+01,6.315073068033357773e-01,7.130409642647362878e-01,7.982988074272820977e-01
5.010263929618768231e+01,6.320728399508466211e-01,7.134860762550118141e-01,7.978033033890917780e-01
5.016158357771261223e+01,6.326383730983574649e-01,7.139311882452874514e-01,7.973077993509014583e-01
5.022052785923753504e+01,6.332039062458683087e-01,7.143763002355629776e-01,7.968122953127111385e-01
5.027947214076246496e+01,6.337694393933792636e-01,7.148214122258386150e-01,7.963167912745208188e-01
5.033841642228738777e+01,6.343349725408899964e-01,7.152665242161141412e-01,7.958212872363304990e-01
5.039736070381231769e+01,6.349005056884009512e-01,7.157116362063897785e-01,7.953257831981401793e-01
5.045630498533724051e+01,6.354660388359117951e-01,7.161567481966653048e-01,7.948302791599498596e-01
5.051524926686217043e+01,6.360315719834226389e-01,7.166018601869409421e-01,7.943347751217595398e-01
5.057419354838710035e+01,6.365971051309334827e-01,7.170469721772165794e-01,7.938392710835691091e-01
5.063313782991202316e+01,6.370057181701348492e-01,7.174562979250288519e-01,7.938888483485556646e-01
5.069208211143695308e+01,6.372921279391482452e-01,7.178377547406574744e-01,7.943629137080515656e-01
5.075102639296187590e+01,6.375785377081615302e-01,7.182192115562860968e-01,7.948369790675473556e-01
5.080997067448680582e+01,6.378649474771749261e-01,7.186006683719146082e-01,7.953110444270432566e-01
5.086891495601172863e+01,6.381513572461882111e-01,7.189821251875432306e-01,7.957851097865391576e-01
5.092785923753665855e+01,6.384377670152016071e-01,7.193635820031717421e-01,7.962591751460350586e-01
5.098680351906158137e+01,6.387241767842150031e-01,7.197450388188003645e-01,7.967332405055308486e-01
5.104574780058651129e+01,6.390105865532282881e-01,7.201264956344289869e-01,7.972073058650267496e-01
5.110469208211143410e+01,6.392969963222416840e-01,7.205079524500574983e-01,7.976813712245226506e-01
5.116363636363636402e+01,6.395834060912550800e-01,7.208894092656861208e-01,7.981554365840185516e-01
5.122258064516129394e+01,6.398698158602683650e-01,7.212708660813147432e-01,7.986295019435144527e-01
5.128152492668621676e+01,6.401562256292817610e-01,7.216523228969432546e-01,7.991035673030102426e-01
5.134046920821114668e+01,6.404426353982951570e-01,7.220337797125718771e-01,7.995776326625061436e-01
5.139941348973606949e+01,6.407290451673084419e-01,7.224152365282003885e-01,8.000516980220020447e-01
5.145835777126099941e+01,6.410154549363218379e-01,7.227966933438290109e-01,8.005257633814979457e-01
5.151730205278592223e+01,6.413018647053351229e-01,7.231781501594575223e-01,8.009998287409937356e-01
5.157624633431085215e+01,6.415882744743485189e-01,7.235596069750861448e-01,8.014738941004896366e-01
5.163519061583577496e+01,6.418746842433619149e-01,7.239410637907146562e-01,8.019479594599855377e-01
5.169413489736070488e+01,6.421610940123751998e-01,7.243225206063432786e-01,8.024220248194814387e-01
5.175307917888562770e+01,6.424475037813885958e-01,7.247039774219717900e-01,8.028960901789772286e-01
5.181202346041055762e+01,6.427339135504019918e-01,7.250854342376004125e-01,8.033701555384731297e-01
5.187096774193548754e+01,6.430203233194153878e-01,7.254668910532290349e-01,8.038442208979691417e-01
5.192991202346041035e+01,6.433067330884286728e-01,7.258483478688575463e-01,8.043182862574649317e-01
5.198885630498534027e+01,6.435931428574420687e-01,7.262298046844861688e-01,8.047923516169608327e-01
5.204780058651026309e+01,6.438795526264553537e-01,7.266112615001147912e-01,8.052664169764567337e-01
5.210674486803519301e+01,6.441659623954687497e-01,7.269927183157433026e-01,8.057404823359526347e-01
5.216568914956011582e+01,6.444523721644821457e-01,7.273741751313719250e-01,8.062145476954484247e-01
5.222463343108504574e+01,6.447387819334954306e-01,7.277556319470004365e-01,8.066886130549443257e-01
5.228357771260996856e+01,6.450251917025088266e-01,7.281370887626290589e-01,8.071626784144402267e-01
5.234252199413489848e+01,6.453116014715222226e-01,7.285185455782576813e-01,8.076367437739361277e-01
5.240146627565982129e+01,6.455980112405355076e-01,7.289000023938861927e-01,8.081108091334319177e-01
5.246041055718475121e+01,6.458844210095489036e-01,7.292814592095148152e-01,8.085848744929278187e-01
5.251935483870968113e+01,6.461708307785622996e-01,7.296629160251434376e-01,8.090589398524237197e-01
5.257829912023460395e+01,6.464572405475755845e-01,7.300443728407719490e-01,8.095330052119196207e-01
5.263724340175953387e+01,6.467436503165889805e-01,7.304258296564005715e-01,8.100070705714155217e-01
5.269618768328445668e+01,6.470300600856022655e-01,7.308072864720290829e-01,8.104811359309113117e-01
5.275513196480938660e+01,6.473164698546156615e-01,7.311887432876577053e-01,8.109552012904072127e-01
5.281407624633430942e+01,6.476028796236290574e-01,7.315702001032862167e-01,8.114292666499031137e-01
5.287302052785923934e+01,6.478892893926423424e-01,7.319516569189148392e-01,8.119033320093990147e-01
5.293196480938416215e+01,6.481756991616557384e-01,7.323331137345433506e-01,8.123773973688948047e-01
5.299090909090909207e+01,6.484621089306691344e-01,7.327145705501719730e-01,8.128514627283907057e-01
5.304985337243401489e+01,6.487485186996824194e-01,7.330960273658004844e-01,8.133255280878866067e-01
5.310879765395894481e+01,6.490349284686958153e-01,7.334774841814291069e-01,8.137995934473825077e-01
5.316774193548387473e+01,6.493213382377092113e-01,7.338589409970577293e-01,8.142736588068784087e-01
5.322668621700879754e+01,6.496077480067224963e-01,7.342403978126862407e-01,8.147477241663741987e-01
5.328563049853372746e+01,6.498941577757358923e-01,7.346218546283148632e-01,8.152217895258700997e-01
5.334457478005865028e+01,6.501805675447492883e-01,7.350033114439434856e-01,8.156958548853660007e-01
5.340351906158358020e+01,6.504669773137625732e-01,7.353847682595719970e-01,8.161699202448619017e-01
5.346246334310850301e+01,6.507533870827759692e-01,7.357662250752006194e-01,8.166439856043576917e-01
5.352140762463343293e+01,6.510397968517893652e-01,7.361476818908291309e-01,8.171180509638535927e-01
5.358035190615835575e+01,6.513262066208026502e-01,7.365291387064577533e-01,8.175921163233494937e-01
5.363929618768328567e+01,6.516126163898160462e-01,7.369105955220863757e-01,8.180661816828453947e-01
5.369824046920820848e+01,6.518990261588293311e-01,7.372920523377148871e-01,8.185402470423411847e-01
5.375718475073313840e+01,6.521854359278427271e-01,7.376735091533435096e-01,8.190143124018370857e-01
5.381612903225806832e+01,6.524718456968561231e-01,7.380549659689721320e-01,8.194883777613329867e-01
5.387507331378299114e+01,6.527582554658694081e-01,7.384364227846006434e-01,8.199624431208288877e-01
5.393401759530792106e+01,6.530446652348828041e-01,7.388178796002292659e-01,8.204365084803247887e-01
5.399296187683284387e+01,6.533310750038962000e-01,7.391993364158577773e-01,8.209105738398205787e-01
5.405190615835777379e+01,6.536174847729094850e-01,7.395807932314863997e-01,8.213846391993164797e-01
5.411085043988269661e+01,6.539038945419228810e-01,7.399622500471149111e-01,8.218587045588123807e-01
5.416979472140762653e+01,6.541903043109362770e-01,7.403437068627435336e-01,8.223327699183082817e-01
5.422873900293254934e+01,6.544767140799495619e-01,7.407251636783720450e-01,8.228068352778040717e-01
5.428768328445747926e+01,6.547631238489629579e-01,7.411066204940006674e-01,8.232809006372999727e-01
5.434662756598240207e+01,6.550495336179762429e-01,7.414880773096291788e-01,8.237549659967958737e-01
5.440557184750733200e+01,6.553359433869896389e-01,7.418695341252578013e-01,8.242290313562917747e-01
5.446451612903226192e+01,6.556223531560030349e-01,7.422509909408864237e-01,8.247030967157876757e-01
5.452346041055718473e+01,6.559087629250164309e-01,7.426324477565149351e-01,8.251771620752834657e-01
5.458240469208211465e+01,6.561951726940297158e-01,7.430139045721435576e-01,8.256512274347793667e-01
5.464134897360703746e+01,6.564815824630431118e-01,7.433953613877721800e-01,8.261252927942752677e-01
5.470029325513196738e+01,6.567679922320565078e-01,7.437768182034006914e-01,8.265993581537711687e-01
5.475923753665689020e+01,6.570544020010697928e-01,7.441582750190293138e-01,8.270734235132670698e-01
5.481818181818182012e+01,6.573408117700831887e-01,7.445397318346578253e-01,8.275474888727629708e-01
5.487712609970674293e+01,6.576272215390964737e-01,7.449211886502864477e-01,8.280215542322587607e-01
5.493607038123167285e+01,6.579136313081098697e-01,7.453026454659150701e-01,8.284956195917546617e-01
5.499501466275659567e+01,6.582000410771232657e-01,7.456841022815435815e-01,8.289696849512505628e-01
5.505395894428152559e+01,6.584864508461365507e-01,7.460655590971722040e-01,8.294437503107464638e-01
5.511290322580645551e+01,6.587728606151499466e-01,7.464470159128007154e-01,8.299178156702423648e-01
5.517184750733137832e+01,6.590592703841633426e-01,7.468284727284293378e-01,8.303918810297381548e-01
5.523079178885630824e+01,6.593456801531766276e-01,7.472099295440579603e-01,8.308659463892340558e-01
5.528973607038123106e+01,6.596320899221900236e-01,7.475913863596864717e-01,8.313400117487299568e-01
5.534868035190616098e+01,6.599184996912034196e-01,7.479728431753150941e-01,8.318140771082258578e-01
5.540762463343108379e+01,6.602049094602167045e-01,7.483542999909436055e-01,8.322881424677216478e-01
5.546656891495601371e+01,6.604913192292301005e-01,7.487357568065722280e-01,8.327622078272175488e-01
5.552551319648093653e+01,6.607777289982434965e-01,7.491172136222007394e-01,8.332362731867134498e-01
5.558445747800586645e+01,6.610641387672567815e-01,7.494986704378293618e-01,8.337103385462093508e-01
5.564340175953078926e+01,6.613505485362701775e-01,7.498801272534578732e-01,8.341844039057051408e-01
5.570234604105571918e+01,6.616369583052835734e-01,7.502615840690864957e-01,8.346584692652010418e-01
5.576129032258064200e+01,6.619233680742968584e-01,7.506430408847151181e-01,8.351325346246969428e-01
5.582023460410557192e+01,6.622097778433102544e-01,7.510244977003436295e-01,8.356065999841928438e-01
5.587917888563050184e+01,6.624961876123236504e-01,7.514059545159722520e-01,8.360806653436887448e-01
5.593812316715542465e+01,6.627825973813369353e-01,7.517874113316007634e-01,8.365547307031845348e-01
5.599706744868035457e+01,6.630690071503503313e-01,7.521688681472293858e-01,8.370287960626804358e-01
5.605601173020527739e+01,6.633554169193636163e-01,7.525503249628580082e-01,8.375028614221763368e-01
5.611495601173020731e+01,6.636418266883770123e-01,7.529317817784865197e-01,8.379769267816722378e-01
5.617390029325513012e+01,6.639282364573904083e-01,7.533132385941151421e-01,8.384509921411680278e-01
5.623284457478006004e+01,6.642146462264036932e-01,7.536946954097437645e-01,8.389250575006639288e-01
5.629178885630498286e+01,6.645010559954170892e-01,7.540761522253722760e-01,8.393991228601598298e-01
5.635073313782991278e+01,6.647874657644304852e-01,7.544576090410008984e-01,8.398731882196557308e-01
5.640967741935483559e+01,6.650738755334437702e-01,7.548390658566294098e-01,8.403472535791515208e-01
5.646862170087976551e+01,6.653602853024571662e-01,7.552205226722580322e-01,8.408213189386474218e-01
5.652756598240469543e+01,6.656466950714705622e-01,7.556019794878866547e-01,8.412953842981433228e-01
5.658651026392961825e+01,6.659331048404838471e-01,7.559834363035151661e-01,8.417694496576392238e-01
5.664545454545454817e+01,6.662195146094972431e-01,7.563648931191437885e-01,8.422435150171351248e-01
5.670439882697947098e+01,6.665059243785105281e-01,7.567463499347722999e-01,8.427175803766309148e-01
5.676334310850440090e+01,6.667923341475239241e-01,7.571278067504009224e-01,8.431916457361268158e-01
5.682228739002932372e+01,6.670787439165373200e-01,7.575092635660294338e-01,8.436657110956227168e-01
5.688123167155425364e+01,6.673651536855507160e-01,7.578907203816580562e-01,8.441397764551186178e-01
5.694017595307917645e+01,6.676515634545640010e-01,7.582721771972865676e-01,8.446138418146144078e-01
5.699912023460410637e+01,6.679379732235773970e-01,7.586536340129151901e-01,8.450879071741103088e-01
5.705806451612902919e+01,6.682243829925906820e-01,7.590350908285438125e-01,8.455619725336062098e-01
5.711700879765395911e+01,6.685107927616040779e-01,7.594165476441723239e-01,8.460360378931021108e-01
5.717595307917888903e+01,6.687972025306174739e-01,7.597980044598009464e-01,8.465101032525980118e-01
5.723489736070381184e+01,6.690836122996307589e-01,7.601794612754295688e-01,8.469841686120938018e-01
5.729384164222874176e+01,6.693700220686441549e-01,7.605609180910580802e-01,8.474582339715897028e-01
5.735278592375366458e+01,6.696564318376575509e-01,7.609423749066867027e-01,8.479322993310856038e-01
5.741173020527859450e+01,6.699428416066708358e-01,7.613238317223152141e-01,8.484063646905815048e-01
5.747067448680351731e+01,6.702292513756842318e-01,7.617052885379438365e-01,8.488804300500774058e-01
5.752961876832844723e+01,6.705156611446976278e-01,7.620867453535724589e-01,8.493544954095733068e-01
5.758856304985337005e+01,6.708020709137109128e-01,7.624682021692009704e-01,8.498285607690690968e-01
5.764750733137829997e+01,6.710884806827243088e-01,7.628496589848295928e-01,8.503026261285649978e-01
5.770645161290322278e+01,6.713748904517375937e-01,7.632311158004581042e-01,8.507766914880608988e-01
5.776539589442815270e+01,6.716613002207509897e-01,7.636125726160867266e-01,8.512507568475567998e-01
5.782434017595308262e+01,6.719477099897643857e-01,7.639940294317153491e-01,8.517248222070527008e-01
5.788328445747800544e+01,6.722341197587777817e-01,7.643754862473438605e-01,8.521988875665484908e-01
5.794222873900293536e+01,6.725205295277910666e-01,7.647569430629724829e-01,8.526729529260443918e-01
5.800117302052785817e+01,6.728069392968044626e-01,7.651383998786009943e-01,8.531470182855402928e-01
5.806011730205278809e+01,6.730933490658178586e-01,7.655198566942296168e-01,8.536210836450361938e-01
5.811906158357771091e+01,6.733797588348311436e-01,7.659013135098581282e-01,8.540951490045319838e-01
5.817800586510264083e+01,6.736661686038445396e-01,7.662827703254867506e-01,8.545692143640278848e-01
5.823695014662756364e+01,6.739525783728578245e-01,7.666642271411152620e-01,8.550432797235237858e-01
5.829589442815249356e+01,6.742389881418712205e-01,7.670456839567438845e-01,8.555173450830196868e-01
5.835483870967741638e+01,6.745253979108846165e-01,7.674271407723725069e-01,8.559914104425154768e-01
5.841378299120234630e+01,6.748118076798979015e-01,7.678085975880010183e-01,8.564654758020113778e-01
5.847272727272727622e+01,6.750982174489112975e-01,7.681900544036296408e-01,8.569395411615072788e-01
5.853167155425219903e+01,6.753846272179246935e-01,7.685715112192581522e-01,8.574136065210031799e-01
5.859061583577712895e+01,6.756710369869379784e-01,7.689529680348867746e-01,8.578876718804990809e-01
5.864956011730205176e+01,6.759574467559513744e-01,7.693344248505153971e-01,8.583617372399948708e-01
5.870850439882698169e+01,6.762438565249647704e-01,7.697158816661439085e-01,8.588358025994907718e-01
5.876744868035190450e+01,6.765302662939780554e-01,7.700973384817725309e-01,8.593098679589866729e-01
5.882639296187683442e+01,6.768166760629914513e-01,7.704787952974010423e-01,8.597839333184825739e-01
5.888533724340175723e+01,6.771030858320047363e-01,7.708602521130296648e-01,8.602579986779783638e-01
5.894428152492668715e+01,6.773894956010181323e-01,7.712417089286582872e-01,8.607320640374742649e-01
5.900322580645160997e+01,6.776759053700315283e-01,7.716231657442867986e-01,8.612061293969701659e-01
5.906217008797653989e+01,6.779623151390448133e-01,7.720046225599154210e-01,8.616801947564660669e-01
5.912111436950146981e+01,6.782487249080582092e-01,7.723860793755440435e-01,8.621542601159619679e-01
5.918005865102639262e+01,6.785351346770716052e-01,7.727675361911725549e-01,8.626283254754577579e-01
5.923900293255132254e+01,6.788215444460850012e-01,7.731489930068011773e-01,8.631023908349536589e-01
5.929794721407624536e+01,6.791079542150982862e-01,7.735304498224296887e-01,8.635764561944495599e-01
5.935689149560117528e+01,6.793943639841116822e-01,7.739119066380583112e-01,8.640505215539454609e-01
5.941583577712609809e+01,6.796807737531249671e-01,7.742933634536868226e-01,8.645245869134412509e-01
5.947478005865102801e+01,6.799671835221383631e-01,7.746748202693154450e-01,8.649986522729371519e-01
5.953372434017595083e+01,6.802535932911517591e-01,7.750562770849439564e-01,8.654727176324330529e-01
5.959266862170088075e+01,6.805400030601650441e-01,7.754377339005725789e-01,8.659467829919289539e-01
5.965161290322580356e+01,6.808264128291784401e-01,7.758191907162010903e-01,8.664208483514247439e-01
5.971055718475073348e+01,6.811128225981918360e-01,7.762006475318297127e-01,8.668949137109207559e-01
5.976950146627566340e+01,6.813992323672051210e-01,7.765821043474583352e-01,8.673689790704166569e-01
5.982844574780058622e+01,6.816856421362185170e-01,7.769635611630868466e-01,8.678430444299124469e-01
5.988739002932551614e+01,6.819720519052319130e-01,7.773450179787154690e-01,8.683171097894083479e-01
5.994633431085043895e+01,6.822584616742451979e-01,7.777264747943440915e-01,8.687911751489041379e-01
6.000527859237536887e+01,6.825448714432585939e-01,7.781079316099726029e-01,8.692652405084000389e-01
6.006422287390029169e+01,6.828312812122718789e-01,7.784893884256012253e-01,8.697393058678959399e-01
6.012316715542522161e+01,6.831176909812852749e-01,7.788708452412298477e-01,8.702133712273918409e-01
6.018211143695014442e+01,6.834041007502986709e-01,7.792523020568583592e-01,8.706874365868877419e-01
6.024105571847507434e+01,6.836905105193120669e-01,7.796337588724869816e-01,8.711615019463836429e-01
6.029999999999999716e+01,6.839769202883253518e-01,7.800152156881154930e-01,8.716355673058794329e-01
