Y,pxR,pxG,pxB
1.534999999999999964e+01,3.538958573028752053e-01,4.065415076448719023e-01,4.440450506795802221e-01
1.537947214076246283e+01,3.542117480198073709e-01,4.069117073098358350e-01,4.444665678629827199e-01
1.540894428152492601e+01,3.545273327565701127e-01,4.072815290814494338e-01,4.448876841588350062e-01
1.543841642228738920e+01,3.548426123769315987e-01,4.076509740725084430e-01,4.453084007073349615e-01
1.546788856304985238e+01,3.551575877406258908e-01,4.080200433903988233e-01,4.457287186432870585e-01
1.549736070381231556e+01,3.554722597033790343e-01,4.083887381371337222e-01,4.461486390961382775e-01
1.552683284457478052e+01,3.557866291169353712e-01,4.087570594093893894e-01,4.465681631900130788e-01
1.555630498533724371e+01,3.561006968290831298e-01,4.091250082985415371e-01,4.469872920437488184e-01
1.558577712609970689e+01,3.564144636836804048e-01,4.094925858907007554e-01,4.474060267709301097e-01
1.561524926686217007e+01,3.567279305206799145e-01,4.098597932667480404e-01,4.478243684799236846e-01
1.564472140762463326e+01,3.570410981761548141e-01,4.102266315023699872e-01,4.482423182739123102e-01
1.567419354838709644e+01,3.573539674823234535e-01,4.105931016680930412e-01,4.486598772509286515e-01
1.570366568914955963e+01,3.576665392675739130e-01,4.109592048293186917e-01,4.490770465038890769e-01
1.573313782991202281e+01,3.579788143564891501e-01,4.113249420463569450e-01,4.494938271206266323e-01
1.576260997067448599e+01,3.582907935698708135e-01,4.116903143744607974e-01,4.499102201839243476e-01
1.579208211143694918e+01,3.586024777247636131e-01,4.120553228638593746e-01,4.503262267715480438e-01
1.582155425219941236e+01,3.589138676344795220e-01,4.124199685597917386e-01,4.507418479562784186e-01
1.585102639296187732e+01,3.592249641086210366e-01,4.127842525025391951e-01,4.511570848059438532e-01
1.588049853372434050e+01,3.595357679531053785e-01,4.131481757274588218e-01,4.515719383834516654e-01
1.590997067448680369e+01,3.598462799701873660e-01,4.135117392650153878e-01,4.519864097468204722e-01
1.593944281524926687e+01,3.601565009584828947e-01,4.138749441408138274e-01,4.524004999492111656e-01
1.596891495601173006e+01,3.604664317129918083e-01,4.142377913756311036e-01,4.528142100389582203e-01
1.599838709677419324e+01,3.607760730251210468e-01,4.146002819854476829e-01,4.532275410596006693e-01
1.602785923753665642e+01,3.610854256827068509e-01,4.149624169814792873e-01,4.536404940499125793e-01
1.605733137829912138e+01,3.613944904700372995e-01,4.153241973702076484e-01,4.540530700439336376e-01
1.608680351906158279e+01,3.617032681678749584e-01,4.156856241534115926e-01,4.544652700709990167e-01
1.611627565982404775e+01,3.620117595534784738e-01,4.160466983281976283e-01,4.548770951557697950e-01
1.614574780058650916e+01,3.623199654006247772e-01,4.164074208870301996e-01,4.552885463182620440e-01
1.617521994134897412e+01,3.626278864796312340e-01,4.167677928177619395e-01,4.556996245738766937e-01
1.620469208211143552e+01,3.629355235573758498e-01,4.171278151036633686e-01,4.561103309334282874e-01
1.623416422287390048e+01,3.632428773973205849e-01,4.174874887234526488e-01,4.565206664031745132e-01
1.626363636363636189e+01,3.635499487595307833e-01,4.178468146513245607e-01,4.569306319848441822e-01
1.629310850439882685e+01,3.638567384006977656e-01,4.182057938569804789e-01,4.573402286756664270e-01
1.632258064516128826e+01,3.641632470741581473e-01,4.185644273056560172e-01,4.577494574683982909e-01
1.635205278592375322e+01,3.644694755299161537e-01,4.189227159581508930e-01,4.581583193513533159e-01
1.638152492668621818e+01,3.647754245146631602e-01,4.192806607708564615e-01,4.585668153084290211e-01
1.641099706744867959e+01,3.650810947717983423e-01,4.196382626957841366e-01,4.589749463191344914e-01
1.644046920821114455e+01,3.653864870414487709e-01,4.199955226805936470e-01,4.593827133586178557e-01
1.646994134897360595e+01,3.656916020604901729e-01,4.203524416686202358e-01,4.597901173976932099e-01
1.649941348973607091e+01,3.659964405625655282e-01,4.207090205989026943e-01,4.601971594028678170e-01
1.652888563049853232e+01,3.663010032781064407e-01,4.210652604062099513e-01,4.606038403363685307e-01
1.655835777126099728e+01,3.666052909343515687e-01,4.214211620210686626e-01,4.610101611561686075e-01
1.658782991202345869e+01,3.669093042553663309e-01,4.217767263697899671e-01,4.614161228160134631e-01
1.661730205278592365e+01,3.672130439620628906e-01,4.221319543744957992e-01,4.618217262654473743e-01
1.664677419354838861e+01,3.675165107722179192e-01,4.224868469531454229e-01,4.622269724498387911e-01
1.667624633431085002e+01,3.678197054004930244e-01,4.228414050195618001e-01,4.626318623104064831e-01
1.670571847507331498e+01,3.681226285584532354e-01,4.231956294834572918e-01,4.630363967842444639e-01
1.673519061583577638e+01,3.684252809545846552e-01,4.235495212504594709e-01,4.634405768043477480e-01
1.676466275659824134e+01,3.687276632943147225e-01,4.239030812221367683e-01,4.638444032996372202e-01
1.679413489736070275e+01,3.690297762800291981e-01,4.242563102960237864e-01,4.642478771949841154e-01
1.682360703812316771e+01,3.693316206110913713e-01,4.246092093656463895e-01,4.646509994112356101e-01
1.685307917888562912e+01,3.696331969838596576e-01,4.249617793205465177e-01,4.650537708652381919e-01
1.688255131964809408e+01,3.699345060917059169e-01,4.253140210463072779e-01,4.654561924698627506e-01
1.691202346041055549e+01,3.702355486250332173e-01,4.256659354245771465e-01,4.658582651340283376e-01
1.694149560117302045e+01,3.705363252712932653e-01,4.260175233330946165e-01,4.662599897627262568e-01
1.697096774193548185e+01,3.708368367150047251e-01,4.263687856457119008e-01,4.666613672570433247e-01
1.700043988269794681e+01,3.711370836377694271e-01,4.267197232324195788e-01,4.670623985141860723e-01
1.702991202346041177e+01,3.714370667182916308e-01,4.270703369593696896e-01,4.674630844275036723e-01
1.705938416422287318e+01,3.717367866323929015e-01,4.274206276888996570e-01,4.678634258865110307e-01
1.708885630498533814e+01,3.720362440530311510e-01,4.277705962795558814e-01,4.682634237769122132e-01
1.711832844574779955e+01,3.723354396503162356e-01,4.281202435861162225e-01,4.686630789806229269e-01
1.714780058651026451e+01,3.726343740915275538e-01,4.284695704596141463e-01,4.690623923757932245e-01
1.717727272727272592e+01,3.729330480411301996e-01,4.288185777473605964e-01,4.694613648368299308e-01
1.720674486803519088e+01,3.732314621607917826e-01,4.291672662929671977e-01,4.698599972344191245e-01
1.723621700879765228e+01,3.735296171093988038e-01,4.295156369363684057e-01,4.702582904355480653e-01
1.726568914956011724e+01,3.738275135430733642e-01,4.298636905138443765e-01,4.706562453035272875e-01
1.729516129032257865e+01,3.741251521151881532e-01,4.302114278580424500e-01,4.710538626980122490e-01
1.732463343108504361e+01,3.744225334763841007e-01,4.305588497979996876e-01,4.714511434750252028e-01
1.735410557184750502e+01,3.747196582745846438e-01,4.309059571591642435e-01,4.718480884869762360e-01
1.738357771260996998e+01,3.750165271550133239e-01,4.312527507634173474e-01,4.722446985826851407e-01
1.741304985337243494e+01,3.753131407602076641e-01,4.315992314290947318e-01,4.726409746074020091e-01
1.744252199413489635e+01,3.756094997300361560e-01,4.319453999710075598e-01,4.730369174028284385e-01
1.747199413489736131e+01,3.759056047017134694e-01,4.322912572004641296e-01,4.734325278071385701e-01
1.750146627565982271e+01,3.762014563098146080e-01,4.326368039252904141e-01,4.738278066549992951e-01
1.753093841642228767e+01,3.764970551862921178e-01,4.329820409498512657e-01,4.742227547775911822e-01
1.756041055718474908e+01,3.767924019604893537e-01,4.333269690750704561e-01,4.746173730026283510e-01
1.758988269794721404e+01,3.770874972591570229e-01,4.336715890984519928e-01,4.750116621543794548e-01
1.761935483870967545e+01,3.773823417064668395e-01,4.340159018140999359e-01,4.754056230536867211e-01
1.764882697947214041e+01,3.776769359240270130e-01,4.343599080127385492e-01,4.757992565179867128e-01
1.767829912023460537e+01,3.779712805308969026e-01,4.347036084817327839e-01,4.761925633613297015e-01
1.770777126099706678e+01,3.782653761436011730e-01,4.350470040051074849e-01,4.765855443943990410e-01
1.773724340175953174e+01,3.785592233761449488e-01,4.353900953635679305e-01,4.769782004245314289e-01
1.776671554252199314e+01,3.788528228400272480e-01,4.357328833345187058e-01,4.773705322557350028e-01
1.779618768328445810e+01,3.791461751442564143e-01,4.360753686920835759e-01,4.777625406887097692e-01
1.782565982404691951e+01,3.794392808953634955e-01,4.364175522071245261e-01,4.781542265208657549e-01
1.785513196480938447e+01,3.797321406974153990e-01,4.367594346472611910e-01,4.785455905463423809e-01
1.788460410557184588e+01,3.800247551520315459e-01,4.371010167768895616e-01,4.789366335560267807e-01
1.791407624633431084e+01,3.803171248583946396e-01,4.374422993572009699e-01,4.793273563375729518e-01
1.794354838709677580e+01,3.806092504132665977e-01,4.377832831462007412e-01,4.797177596754197970e-01
1.797302052785923721e+01,3.809011324110011532e-01,4.381239688987270120e-01,4.801078443508094429e-01
1.800249266862169861e+01,3.811927714435575654e-01,4.384643573664687710e-01,4.804976111418058915e-01
1.803196480938416357e+01,3.814841681005144425e-01,4.388044492979845668e-01,4.808870608233128396e-01
1.806143695014662853e+01,3.817753229690824535e-01,4.391442454387202710e-01,4.812761941670912758e-01
1.809090909090908994e+01,3.820662366341182614e-01,4.394837465310273972e-01,4.816650119417777431e-01
1.812038123167155490e+01,3.823569096781371801e-01,4.398229533141811420e-01,4.820535149129020480e-01
1.814985337243401631e+01,3.826473426813264411e-01,4.401618665243974826e-01,4.824417038429044680e-01
1.817932551319648127e+01,3.829375362215586831e-01,4.405004868948516616e-01,4.828295794911533489e-01
1.820879765395894267e+01,3.832274908744032205e-01,4.408388151556949519e-01,4.832171426139624248e-01
1.823826979472140764e+01,3.835172072131412535e-01,4.411768520340725308e-01,4.836043939646081369e-01
1.826774193548386904e+01,3.838066858087759714e-01,4.415145982541405223e-01,4.839913342933462315e-01
1.829721407624633400e+01,3.840959272300474847e-01,4.418520545370829833e-01,4.843779643474291907e-01
1.832668621700879896e+01,3.843849320434437056e-01,4.421892216011293342e-01,4.847642848711227748e-01
1.835615835777126037e+01,3.846737008132133928e-01,4.425261001615706236e-01,4.851502966057225641e-01
1.838563049853372533e+01,3.849622341013788640e-01,4.428626909307768478e-01,4.855360002895710569e-01
1.841510263929618674e+01,3.852505324677472087e-01,4.431989946182130491e-01,4.859213966580734900e-01
1.844457478005865170e+01,3.855385964699238333e-01,4.435350119304563021e-01,4.863064864437144919e-01
1.847404692082111310e+01,3.858264266633231188e-01,4.438707435712118121e-01,4.866912703760743475e-01
1.850351906158357806e+01,3.861140236011815774e-01,4.442061902413291796e-01,4.870757491818449858e-01
1.853299120234603947e+01,3.864013878345693986e-01,4.445413526388186098e-01,4.874599235848458001e-01
1.856246334310850443e+01,3.866885199124016070e-01,4.448762314588670108e-01,4.878437943060398574e-01
1.859193548387096939e+01,3.869754203814510518e-01,4.452108273938537031e-01,4.882273620635494416e-01
1.862140762463343080e+01,3.872620897863586209e-01,4.455451411333664069e-01,4.886106275726716519e-01
1.865087976539589221e+01,3.875485286696467302e-01,4.458791733642166744e-01,4.889935915458941129e-01
1.868035190615835717e+01,3.878347375717284828e-01,4.462129247704560986e-01,4.893762546929104063e-01
1.870982404692082213e+01,3.881207170309213805e-01,4.465463960333908022e-01,4.897586177206350033e-01
1.873929618768328353e+01,3.884064675834568159e-01,4.468795878315974246e-01,4.901406813332189749e-01
1.876876832844574849e+01,3.886919897634925625e-01,4.472125008409384428e-01,4.905224462320648682e-01
1.879824046920820990e+01,3.889772841031233219e-01,4.475451357345767711e-01,4.909039131158415836e-01
1.882771260997067486e+01,3.892623511323921592e-01,4.478774931829913597e-01,4.912850826804995297e-01
1.885718475073313627e+01,3.895471913793012719e-01,4.482095738539916274e-01,4.916659556192851110e-01
1.888665689149560123e+01,3.898318053698234809e-01,4.485413784127325054e-01,4.920465326227557723e-01
1.891612903225806264e+01,3.901161936279120002e-01,4.488729075217292586e-01,4.924268143787940977e-01
1.894560117302052760e+01,3.904003566755128718e-01,4.492041618408717518e-01,4.928068015726229101e-01
1.897507331378299256e+01,3.906842950325738473e-01,4.495351420274393273e-01,4.931864948868188714e-01
1.900454545454545396e+01,3.909680092170567112e-01,4.498658487361145153e-01,4.935658950013275814e-01
1.903401759530791892e+01,3.912514997449469401e-01,4.501962826189984668e-01,4.939450025934772337e-01
1.906348973607038033e+01,3.915347671302641386e-01,4.505264443256240536e-01,4.943238183379927153e-01
1.909296187683284529e+01,3.918178118850733638e-01,4.508563345029703573e-01,4.947023429070098732e-01
1.912243401759530670e+01,3.921006345194941178e-01,4.511859537954768795e-01,4.950805769700890591e-01
1.915190615835777166e+01,3.923832355417122830e-01,4.515153028450570871e-01,4.954585211942292844e-01
1.918137829912023307e+01,3.926656154579885594e-01,4.518443822911124008e-01,4.958361762438815989e-01
1.921085043988269803e+01,3.929477747726704551e-01,4.521731927705458509e-01,4.962135427809630239e-01
1.924032258064515943e+01,3.932297139882011128e-01,4.525017349177755110e-01,4.965906214648694306e-01
1.926979472140762439e+01,3.935114336051294681e-01,4.528300093647485425e-01,4.969674129524898065e-01
1.929926686217008580e+01,3.937929341221209079e-01,4.531580167409536841e-01,4.973439178982190234e-01
1.932873900293255076e+01,3.940742160359662627e-01,4.534857576734355744e-01,4.977201369539712150e-01
1.935821114369501572e+01,3.943552798415922434e-01,4.538132327868072968e-01,4.980960707691929334e-01
1.938768328445747713e+01,3.946361260320715991e-01,4.541404427032637026e-01,4.984717199908759722e-01
1.941715542521994209e+01,3.949167550986310005e-01,4.544673880425947332e-01,4.988470852635710218e-01
1.944662756598240350e+01,3.951971675306628629e-01,4.547940694221977997e-01,4.992221672293995494e-01
1.947609970674486846e+01,3.954773638157336735e-01,4.551204874570911607e-01,4.995969665280676208e-01
1.950557184750732986e+01,3.957573444395938722e-01,4.554466427599265232e-01,4.999714837968775583e-01
1.953504398826979482e+01,3.960371098861867889e-01,4.557725359410016441e-01,5.003457196707415955e-01
1.956451612903225623e+01,3.963166606376587464e-01,4.560981676082729863e-01,5.007196747821937022e-01
1.959398826979472119e+01,3.965959971743681090e-01,4.564235383673683755e-01,5.010933497614021848e-01
1.962346041055718615e+01,3.968751199748940528e-01,4.567486488215992679e-01,5.014667452361822875e-01
1.965293255131964756e+01,3.971540295160464473e-01,4.570734995719730187e-01,5.018398618320080162e-01
1.968240469208210897e+01,3.974327262728745147e-01,4.573980912172052604e-01,5.022127001720250172e-01
1.971187683284457393e+01,3.977112107186761003e-01,4.577224243537323933e-01,5.025852608770621233e-01
1.974134897360703889e+01,3.979894833250069985e-01,4.580464995757228541e-01,5.029575445656434551e-01
1.977082111436950029e+01,3.982675445616886689e-01,4.583703174750899945e-01,5.033295518540006341e-01
1.980029325513196525e+01,3.985453948968190052e-01,4.586938786415035718e-01,5.037012833560846614e-01
1.982976539589442666e+01,3.988230347967792744e-01,4.590171836624015178e-01,5.040727396835773533e-01
1.985923753665689162e+01,3.991004647262445526e-01,4.593402331230021507e-01,5.044439214459033316e-01
1.988870967741935658e+01,3.993776851481907753e-01,4.596630276063152776e-01,5.048148292502416812e-01
1.991818181818181799e+01,3.996546965239050619e-01,4.599855676931542403e-01,5.051854637015373850e-01
1.994765395894427940e+01,3.999314993129931550e-01,4.603078539621472398e-01,5.055558254025130926e-01
1.997712609970674436e+01,4.002080939733883014e-01,4.606298869897490489e-01,5.059259149536801115e-01
2.000659824046920932e+01,4.004844809613599677e-01,4.609516673502520034e-01,5.062957329533500639e-01
2.003607038123167072e+01,4.007606607315216674e-01,4.612731956157974378e-01,5.066652799976459898e-01
2.006554252199413568e+01,4.010366337368403422e-01,4.615944723563872309e-01,5.070345566805136706e-01
2.009501466275659709e+01,4.013124004286435231e-01,4.619154981398944093e-01,5.074035635937327315e-01
2.012448680351906205e+01,4.015879612566283785e-01,4.622362735320747484e-01,5.077723013269274110e-01
2.015395894428152346e+01,4.018633166688699299e-01,4.625567990965773757e-01,5.081407704675779957e-01
2.018343108504398842e+01,4.021384671118287124e-01,4.628770753949559280e-01,5.085089716010312566e-01
2.021290322580644983e+01,4.024134130303596013e-01,4.631971029866791545e-01,5.088769053105116624e-01
2.024237536656891479e+01,4.026881548677184730e-01,4.635168824291423517e-01,5.092445721771319267e-01
2.027184750733137975e+01,4.029626930655721972e-01,4.638364142776770227e-01,5.096119727799035548e-01
2.030131964809384115e+01,4.032370280640050764e-01,4.641556990855625342e-01,5.099791076957479463e-01
2.033079178885630256e+01,4.035111603015276716e-01,4.644747374040358867e-01,5.103459774995064979e-01
2.036026392961876752e+01,4.037850902150835197e-01,4.647935297823030942e-01,5.107125827639511506e-01
2.038973607038123248e+01,4.040588182400583483e-01,4.651120767675485101e-01,5.110789240597950478e-01
2.041920821114369389e+01,4.043323448102866813e-01,4.654303789049461515e-01,5.114450019557025273e-01
2.044868035190615885e+01,4.046056703580604985e-01,4.657484367376696355e-01,5.118108170182997796e-01
2.047815249266862025e+01,4.048787953141355089e-01,4.660662508069022270e-01,5.121763698121846176e-01
2.050762463343108521e+01,4.051533130677480443e-01,4.663812618682616207e-01,5.125614830893394647e-01
2.053709677419355017e+01,4.054321897978577227e-01,4.666887048407625804e-01,5.130030573036572505e-01
2.056656891495601158e+01,4.057108581340742037e-01,4.669959205017277792e-01,5.134442503146511294e-01
2.059604105571847299e+01,4.059893185304325747e-01,4.673029093362467967e-01,5.138850631066403940e-01
2.062551319648093795e+01,4.062675714393306214e-01,4.676096718276993025e-01,5.143254966597164968e-01
2.065498533724340291e+01,4.065456173115368221e-01,4.679162084577635494e-01,5.147655519497684740e-01
2.068445747800586432e+01,4.068234565961993954e-01,4.682225197064244782e-01,5.152052299485080367e-01
2.071392961876832928e+01,4.071010897408529616e-01,4.685286060519825990e-01,5.156445316234949949e-01
2.074340175953079068e+01,4.073785171914278691e-01,4.688344679710614860e-01,5.160834579381615717e-01
2.077287390029325564e+01,4.076557393922582428e-01,4.691401059386166583e-01,5.165220098518373826e-01
2.080234604105571705e+01,4.079327567860889237e-01,4.694455204279430194e-01,5.169601883197731951e-01
2.083181818181818201e+01,4.082095698140841278e-01,4.697507119106836826e-01,5.173979942931663523e-01
2.086129032258064342e+01,4.084861789158351630e-01,4.700556808568373546e-01,5.178354287191834215e-01
2.089076246334310838e+01,4.087625845293685334e-01,4.703604277347668838e-01,5.182724925409851746e-01
2.092023460410557334e+01,4.090387870911530444e-01,4.706649530112065882e-01,5.187091866977495691e-01
2.094970674486803475e+01,4.093147870361083518e-01,4.709692571512708592e-01,5.191455121246955073e-01
2.097917888563049615e+01,4.095905847976117897e-01,4.712733406184612117e-01,5.195814697531062620e-01
2.100865102639296111e+01,4.098661808075070301e-01,4.715772038746747774e-01,5.200170605103525689e-01
2.103812316715542607e+01,4.101415754961099669e-01,4.718808473802116876e-01,5.204522853199152754e-01
2.106759530791788748e+01,4.104167692922186528e-01,4.721842715937827895e-01,5.208871451014088771e-01
2.109706744868035244e+01,4.106917626231185725e-01,4.724874769725172508e-01,5.213216407706030564e-01
2.112653958944281385e+01,4.109665559145909697e-01,4.727904639719704427e-01,5.217557732394462189e-01
2.115601173020527881e+01,4.112411495909205628e-01,4.730932330461311563e-01,5.221895434160873650e-01
2.118548387096774377e+01,4.115155440749025395e-01,4.733957846474291520e-01,5.226229522048977394e-01
2.121495601173020518e+01,4.117897397878492738e-01,4.736981192267429863e-01,5.230560005064935902e-01
2.124442815249266658e+01,4.120637371495989854e-01,4.740002372334067848e-01,5.234886892177574857e-01
2.127390029325513154e+01,4.123375365785214575e-01,4.743021391152183464e-01,5.239210192318600745e-01
2.130337243401759650e+01,4.126111384915264191e-01,4.746038253184458044e-01,5.243529914382816237e-01
2.133284457478005791e+01,4.128845433040690405e-01,4.749052962878352879e-01,5.247846067228327804e-01
2.136231671554252287e+01,4.131577514301594811e-01,4.752065524666181373e-01,5.252158659676766650e-01
2.139178885630498428e+01,4.134307632823673861e-01,4.755075942965179547e-01,5.256467700513494101e-01
2.142126099706744924e+01,4.137035792718302130e-01,4.758084222177578204e-01,5.260773198487805891e-01
2.145073313782991065e+01,4.139761998082599481e-01,4.761090366690673981e-01,5.265075162313146429e-01
2.148020527859237561e+01,4.142486252999503793e-01,4.764094380876900403e-01,5.269373600667308644e-01
2.150967741935483701e+01,4.145208561537825354e-01,4.767096269093896721e-01,5.273668522192639374e-01
2.153914956011730197e+01,4.147928927752336237e-01,4.770096035684578406e-01,5.277959935496245869e-01
2.156862170087976693e+01,4.150647355683818041e-01,4.773093684977208206e-01,5.282247849150186747e-01
2.159809384164222834e+01,4.153363849359145155e-01,4.776089221285459985e-01,5.286532271691682938e-01
2.162756598240468975e+01,4.156078412791332499e-01,4.779082648908494768e-01,5.290813211623307533e-01
2.165703812316715471e+01,4.158791049979628784e-01,4.782073972131022921e-01,5.295090677413186731e-01
2.168651026392961967e+01,4.161501764909555923e-01,4.785063195223371868e-01,5.299364677495191911e-01
2.171598240469208108e+01,4.164210561552990075e-01,4.788050322441557705e-01,5.303635220269132811e-01
2.174545454545454604e+01,4.166917443868221604e-01,4.791035358027349034e-01,5.307902314100955143e-01
2.177492668621700744e+01,4.169622415800022797e-01,4.794018306208331359e-01,5.312165967322924898e-01
2.180439882697947240e+01,4.172325481279708925e-01,4.796999171197979250e-01,5.316426188233823735e-01
2.183387096774193736e+01,4.175026644225206529e-01,4.799977957195716849e-01,5.320682985099129958e-01
2.186334310850439877e+01,4.177725908541110034e-01,4.802954668386982262e-01,5.324936366151211686e-01
2.189281524926686018e+01,4.180423278118754471e-01,4.805929308943298617e-01,5.329186339589510046e-01
2.192228739002932514e+01,4.183118756836265995e-01,4.808901883022334012e-01,5.333432913580722357e-01
2.195175953079179010e+01,4.185812348558641260e-01,4.811872394767965355e-01,5.337676096258987535e-01
2.198123167155425151e+01,4.188504057137792946e-01,4.814840848310341648e-01,5.341915895726060404e-01
2.201070381231671647e+01,4.191193886412619141e-01,4.817807247765953926e-01,5.346152320051503759e-01
2.204017595307917787e+01,4.193881840209064960e-01,4.820771597237688000e-01,5.350385377272856013e-01
2.206964809384164283e+01,4.196567922340185275e-01,4.823733900814894948e-01,5.354615075395814383e-01
2.209912023460410424e+01,4.199252136606193009e-01,4.826694162573450519e-01,5.358841422394410303e-01
2.212859237536656920e+01,4.201934486794542956e-01,4.829652386575817857e-01,5.363064426211183733e-01
2.215806451612903061e+01,4.204614976679965643e-01,4.832608576871105788e-01,5.367284094757356350e-01
2.218753665689149557e+01,4.207293610024546160e-01,4.835562737495134877e-01,5.371500435913010296e-01
2.221700879765396053e+01,4.209970390577768562e-01,4.838514872470495165e-01,5.375713457527248051e-01
2.224648093841642194e+01,4.212645322076590815e-01,4.841464985806607779e-01,5.379923167418372287e-01
2.227595307917888334e+01,4.215318408245488646e-01,4.844413081499784335e-01,5.384129573374051292e-01
2.230542521994134830e+01,4.217989652796520494e-01,4.847359163533285775e-01,5.388332683151487723e-01
2.233489736070381326e+01,4.220659059429384130e-01,4.850303235877385655e-01,5.392532504477584032e-01
2.236436950146627467e+01,4.223326631831475497e-01,4.853245302489422319e-01,5.396729045049104556e-01
2.239384164222873963e+01,4.225992373677943670e-01,4.856185367313866630e-01,5.400922312532850933e-01
2.242331378299120104e+01,4.228656288631746918e-01,4.859123434282370257e-01,5.405112314565810872e-01
2.245278592375366600e+01,4.231318380343714325e-01,4.862059507313833406e-01,5.409299058755332457e-01
2.248225806451612740e+01,4.233978652452595748e-01,4.864993590314454774e-01,5.413482552679274029e-01
2.251173020527859236e+01,4.236637108585115663e-01,4.867925687177793725e-01,5.417662803886177381e-01
2.254120234604105377e+01,4.239293752356040890e-01,4.870855801784824690e-01,5.421839819895408752e-01
2.257067448680351873e+01,4.241948587368224444e-01,4.873783938003996008e-01,5.426013608197333138e-01
2.260014662756598369e+01,4.244601617212658828e-01,4.876710099691282663e-01,5.430184176253461947e-01
2.262961876832844510e+01,4.247252845468539872e-01,4.879634290690247345e-01,5.434351531496608434e-01
2.265909090909091006e+01,4.249902275703313914e-01,4.882556514832090966e-01,5.438515681331045348e-01
2.268856304985337147e+01,4.252549911472738309e-01,4.885476775935712612e-01,5.442676633132654818e-01
2.271803519061583643e+01,4.255195756320921951e-01,4.888395077807762834e-01,5.446834394249082667e-01
2.274750733137829783e+01,4.257839813780393001e-01,4.891311424242695827e-01,5.450988971999888300e-01
2.277697947214076279e+01,4.260482087372143289e-01,4.894225819022828827e-01,5.455140373676699017e-01
2.280645161290322420e+01,4.263122580605681611e-01,4.897138265918390410e-01,5.459288606543347688e-01
2.283592375366568916e+01,4.265761296979090345e-01,4.900048768687581546e-01,5.463433677836034841e-01
2.286539589442815412e+01,4.268398239979073749e-01,4.902957331076621128e-01,5.467575594763468549e-01
2.289486803519061553e+01,4.271033413081005703e-01,4.905863956819805916e-01,5.471714364507005435e-01
2.292434017595307694e+01,4.273666819748991874e-01,4.908768649639558834e-01,5.475849994220808314e-01
2.295381231671554190e+01,4.276298463435908581e-01,4.911671413246485596e-01,5.479982491031980540e-01
2.298328445747800686e+01,4.278928347583468295e-01,4.914572251339421327e-01,5.484111862040709218e-01
2.301275659824046826e+01,4.281556475622247948e-01,4.917471167605488858e-01,5.488238114320411754e-01
2.304222873900293322e+01,4.284182850971762213e-01,4.920368165720147569e-01,5.492361254917877966e-01
2.307170087976539463e+01,4.286807477040501246e-01,4.923263249347242798e-01,5.496481290853401092e-01
2.310117302052785959e+01,4.289430357225977875e-01,4.926156422139060798e-01,5.500598229120926552e-01
2.313064516129032100e+01,4.292051494914787546e-01,4.929047687736377581e-01,5.504712076688186295e-01
2.316011730205278596e+01,4.294670893482649965e-01,4.931937049768508885e-01,5.508822840496837570e-01
2.318958944281524737e+01,4.297288556294452389e-01,4.934824511853361240e-01,5.512930527462595043e-01
2.321906158357771233e+01,4.299904486704314022e-01,4.937710077597484148e-01,5.517035144475372910e-01
2.324853372434017729e+01,4.302518688055618212e-01,4.940593750596113387e-01,5.521136698399413678e-01
2.327800586510263869e+01,4.305131163681067408e-01,4.943475534433229290e-01,5.525235196073425836e-01
2.330747800586510365e+01,4.307741916902733115e-01,4.946355432681597830e-01,5.529330644310714860e-01
2.333695014662756506e+01,4.310350951032100308e-01,4.949233448902823906e-01,5.533423049899313106e-01
2.336642228739003002e+01,4.312958269370112396e-01,4.952109586647400197e-01,5.537512419602117486e-01
2.339589442815249498e+01,4.315563875207220068e-01,4.954983849454753231e-01,5.541598760157009362e-01
2.342536656891495639e+01,4.318167771823426260e-01,4.957856240853291685e-01,5.545682078276994442e-01
2.345483870967741780e+01,4.320769962488342220e-01,4.960726764360455787e-01,5.549762380650323790e-01
2.348431085043988276e+01,4.323370450461214709e-01,4.963595423482764502e-01,5.553839673940624833e-01
2.351378299120234772e+01,4.325969238990988730e-01,4.966462221715862158e-01,5.557913964787027927e-01
2.354325513196480912e+01,4.328566331316344162e-01,4.969327162544563969e-01,5.561985259804288484e-01
2.357272727272727053e+01,4.331161730665745169e-01,4.972190249442907106e-01,5.566053565582919083e-01
2.360219941348973549e+01,4.333755440257482383e-01,4.975051485874191770e-01,5.570118888689307157e-01
2.363167155425220045e+01,4.336347463299718430e-01,4.977910875291032822e-01,5.574181235665841561e-01
2.366114369501466186e+01,4.338937802990534554e-01,4.980768421135399748e-01,5.578240613031034689e-01
2.369061583577712327e+01,4.341526462517967255e-01,4.983624126838669399e-01,5.582297027279643498e-01
2.372008797653958823e+01,4.344113445060065470e-01,4.986477995821664844e-01,5.586350484882792733e-01
2.374956011730205319e+01,4.346698753784925540e-01,4.989330031494704776e-01,5.590400992288091508e-01
2.377903225806451815e+01,4.349282391850727847e-01,4.992180237257647368e-01,5.594448555919757649e-01
2.380850439882697955e+01,4.351864362405796216e-01,4.995028616499933571e-01,5.598493182178728711e-01
2.383797653958944096e+01,4.354444668588630107e-01,4.997875172600633742e-01,5.602534877442789663e-01
2.386744868035190592e+01,4.357023313527951247e-01,5.000719908928491497e-01,5.606573648066683901e-01
2.389692082111437088e+01,4.359600300342741375e-01,5.003562828841967569e-01,5.610609500382227610e-01
2.392639296187683229e+01,4.362175632142292203e-01,5.006403935689279772e-01,5.614642440698430770e-01
2.395586510263929370e+01,4.364749312026241501e-01,5.009243232808452406e-01,5.618672475301608182e-01
2.398533724340175866e+01,4.367321343084613061e-01,5.012080723527359005e-01,5.622699610455501595e-01
2.401480938416422362e+01,4.369891728397868880e-01,5.014916411163761190e-01,5.626723852401375181e-01
2.404428152492668858e+01,4.372460471036938023e-01,5.017750299025350857e-01,5.630745207358147653e-01
2.407375366568914998e+01,4.375027574063267144e-01,5.020582390409800144e-01,5.634763681522495515e-01
2.410322580645161139e+01,4.377593040528852120e-01,5.023412688604798060e-01,5.638779281068960758e-01
2.413269794721407635e+01,4.380156873476287460e-01,5.026241196888093787e-01,5.642792012150068537e-01
2.416217008797654131e+01,4.382719075938804609e-01,5.029067918527535541e-01,5.646801880896433756e-01
2.419164222873900272e+01,4.385279650940307472e-01,5.031892856781119416e-01,5.650808893416868761e-01
2.422111436950146413e+01,4.387838601495416824e-01,5.034716014897023806e-01,5.654813055798493249e-01
2.425058651026392909e+01,4.390395930609511388e-01,5.037537396113654919e-01,5.658814374106845291e-01
2.428005865102639405e+01,4.392951641278758368e-01,5.040357003659686752e-01,5.662812854385977923e-01
2.430953079178885545e+01,4.395505736490168402e-01,5.043174840754097721e-01,5.666808502658577940e-01
2.433900293255131686e+01,4.398058219221619436e-01,5.045990910606218405e-01,5.670801324926063591e-01
2.436847507331378182e+01,4.400609092441902792e-01,5.048805216415769292e-01,5.674791327168694499e-01
2.439794721407624678e+01,4.403158359110761477e-01,5.051617761372896309e-01,5.678778515345670463e-01
2.442741935483871174e+01,4.405706022178929593e-01,5.054428548658215226e-01,5.682762895395240266e-01
2.445689149560117315e+01,4.408252084588163977e-01,5.057237581442853847e-01,5.686744473234798258e-01
2.448636363636363455e+01,4.410796549271293610e-01,5.060044862888481987e-01,5.690723254760997607e-01
2.451583577712609952e+01,4.413339419152249032e-01,5.062850396147364762e-01,5.694699245849839109e-01
2.454530791788856448e+01,4.415880697146102318e-01,5.065654184362385903e-01,5.698672452356782214e-01
2.457478005865102588e+01,4.418420386159098712e-01,5.068456230667098827e-01,5.702642880116839397e-01
2.460425219941348729e+01,4.420958489088709920e-01,5.071256538185759943e-01,5.706610534944678292e-01
2.463372434017595225e+01,4.423495008823652985e-01,5.074055110033369731e-01,5.710575422634722731e-01
2.466319648093841721e+01,4.426029948243939693e-01,5.076851949315704937e-01,5.714537548961249325e-01
2.469266862170087862e+01,4.428563310220900995e-01,5.079647059129365205e-01,5.718496919678480728e-01
2.472214076246334358e+01,4.431095097617240852e-01,5.082440442561805272e-01,5.722453540520693327e-01
2.475161290322580498e+01,4.433625313287051228e-01,5.085232102691372713e-01,5.726407417202304950e-01
2.478108504398826994e+01,4.436153960075872593e-01,5.088022042587349025e-01,5.730358555417974786e-01
2.481055718475073490e+01,4.438681040820705026e-01,5.090810265309982929e-01,5.734306960842697753e-01
2.484002932551319631e+01,4.441206558350062616e-01,5.093596773910528119e-01,5.738252639131902200e-01
2.486950146627565772e+01,4.443730515483995114e-01,5.096381571431282120e-01,5.742195595921539830e-01
2.489897360703812268e+01,4.446252915034138442e-01,5.099164660905624036e-01,5.746135836828182297e-01
2.492844574780058764e+01,4.448773759803734129e-01,5.101946045358043413e-01,5.750073367449114459e-01
2.495791788856304905e+01,4.451293052587673715e-01,5.104725727804185764e-01,5.754008193362424306e-01
2.498739002932551045e+01,4.453810796172529840e-01,5.107503711250884759e-01,5.757940320127099554e-01
2.501686217008797541e+01,4.456326993336596209e-01,5.110279998696195536e-01,5.761869753283114237e-01
2.504633431085044037e+01,4.458841646849911466e-01,5.113054593129434666e-01,5.765796498351521970e-01
2.507580645161290533e+01,4.461354759474304155e-01,5.115827497531214574e-01,5.769720560834548095e-01
2.510527859237536674e+01,4.463866333963419364e-01,5.118598714873476840e-01,5.773641946215675169e-01
2.513475073313782815e+01,4.466376373062759253e-01,5.121368248119527733e-01,5.777560659959735112e-01
2.516422287390029311e+01,4.468884879509705810e-01,5.124136100224079282e-01,5.781476707512999136e-01
2.519369501466275807e+01,4.471391856033568590e-01,5.126902274133271487e-01,5.785390094303262121e-01
2.522316715542521948e+01,4.473897305355608034e-01,5.129666772784720052e-01,5.789300825739930323e-01
2.525263929618768088e+01,4.476401230189067659e-01,5.132429599107544149e-01,5.793208907214115744e-01
2.528211143695014584e+01,4.478903633239214588e-01,5.135190756022398606e-01,5.797114344098711625e-01
2.531158357771261080e+01,4.481348428559946417e-01,5.137988508653130726e-01,5.800796095338557334e-01
2.534105571847507221e+01,4.483705206613544658e-01,5.140843603021577612e-01,5.804134340218013444e-01
2.537052785923753717e+01,4.486060638634859488e-01,5.143696917568149063e-01,5.807470658936931818e-01
2.539999999999999858e+01,4.488414726866070126e-01,5.146548455495949526e-01,5.810805054821450710e-01
2.542947214076246354e+01,4.490767473543175181e-01,5.149398219998559956e-01,5.814137531188153796e-01
2.545894428152492850e+01,4.493118880896010414e-01,5.152246214260077783e-01,5.817468091344103476e-01
2.548841642228738991e+01,4.495468951148272607e-01,5.155092441455155772e-01,5.820796738586878627e-01
2.551788856304985131e+01,4.497817686517551761e-01,5.157936904749041984e-01,5.824123476204613459e-01
2.554736070381231627e+01,4.500165089215345526e-01,5.160779607297615312e-01,5.827448307476036371e-01
2.557683284457478123e+01,4.502511161447085297e-01,5.163620552247428774e-01,5.830771235670504371e-01
2.560630498533724264e+01,4.504855905412158412e-01,5.166459742735743932e-01,5.834092264048043042e-01
2.563577712609970405e+01,4.507199323303930916e-01,5.169297181890571968e-01,5.837411395859387619e-01
2.566524926686216901e+01,4.509541417309779754e-01,5.172132872830708106e-01,5.840728634346009640e-01
2.569472140762463397e+01,4.511882189611101102e-01,5.174966818665776014e-01,5.844043982740162457e-01
2.572419354838709893e+01,4.514221642383339228e-01,5.177799022496256676e-01,5.847357444264916770e-01
2.575366568914956034e+01,4.516559777796012587e-01,5.180629487413533907e-01,5.850669022134195041e-01
2.578313782991202174e+01,4.518896598012736021e-01,5.183458216499925442e-01,5.853978719552805909e-01
2.581260997067448670e+01,4.521232105191234640e-01,5.186285212828726232e-01,5.857286539716488605e-01
2.584208211143695166e+01,4.523566301483376573e-01,5.189110479464237313e-01,5.860592485811938479e-01
2.587155425219941307e+01,4.525899189035190173e-01,5.191934019461809102e-01,5.863896561016848086e-01
2.590102639296187448e+01,4.528230769986886228e-01,5.194755835867874705e-01,5.867198768499941597e-01
2.593049853372433944e+01,4.530561046472880715e-01,5.197575931719988773e-01,5.870499111421015881e-01
2.595997067448680440e+01,4.532890020621817562e-01,5.200394310046860813e-01,5.873797592930964928e-01
2.598944281524926581e+01,4.535217694556587520e-01,5.203210973868390710e-01,5.877094216171820928e-01
2.601891495601173077e+01,4.537544070394354812e-01,5.206025926195707587e-01,5.880388984276790909e-01
2.604838709677419217e+01,4.539869150246569340e-01,5.208839170031204224e-01,5.883681900370288931e-01
2.607785923753665713e+01,4.542192936219002775e-01,5.211650708368569251e-01,5.886972967567970505e-01
2.610733137829912209e+01,4.544515430411756318e-01,5.214460544192826008e-01,5.890262188976767010e-01
2.613680351906158350e+01,4.546836634919288467e-01,5.217268680480365850e-01,5.893549567694920110e-01
2.616627565982404491e+01,4.549156551830433881e-01,5.220075120198984786e-01,5.896835106812015059e-01
2.619574780058650987e+01,4.551475183228427812e-01,5.222879866307917895e-01,5.900118809409018450e-01
2.622521994134897483e+01,4.553792531190926085e-01,5.225682921757865973e-01,5.903400678558303749e-01
2.625469208211143624e+01,4.556108597790017312e-01,5.228484289491044379e-01,5.906680717323692376e-01
2.628416422287389764e+01,4.558423385092258973e-01,5.231283972441204133e-01,5.909958928760485897e-01
2.631363636363636260e+01,4.560736895158684634e-01,5.234081973533672993e-01,5.913235315915496004e-01
2.634310850439882756e+01,4.563049130044837254e-01,5.236878295685385432e-01,5.916509881827076711e-01
2.637258064516129252e+01,4.565360091800771958e-01,5.239672941804918160e-01,5.919782629525162099e-01
2.640205278592375393e+01,4.567669782471094897e-01,5.242465914792524551e-01,5.923053562031296293e-01
2.643152492668621534e+01,4.569978204094971574e-01,5.245257217540163497e-01,5.926322682358664551e-01
2.646099706744868030e+01,4.572285358706152936e-01,5.248046852931537165e-01,5.929589993512129897e-01
2.649046920821114526e+01,4.574591248332992577e-01,5.250834823842124299e-01,5.932855498488259771e-01
2.651994134897360667e+01,4.576895874998467284e-01,5.253621133139205757e-01,5.936119200275361552e-01
2.654941348973606807e+01,4.579199240720196462e-01,5.256405783681904476e-01,5.939381101853512535e-01
2.657888563049853303e+01,4.581501347510466005e-01,5.259188778321215452e-01,5.942641206194594350e-01
2.660835777126099799e+01,4.583802197376237730e-01,5.261970119900039045e-01,5.945899516262322937e-01
2.663782991202345940e+01,4.586101792319183801e-01,5.264749811253207623e-01,5.949156035012276300e-01
2.666730205278592081e+01,4.588400134335694491e-01,5.267527855207526644e-01,5.952410765391933367e-01
2.669677419354838577e+01,4.590697225416899840e-01,5.270304254581797965e-01,5.955663710340699524e-01
2.672624633431085073e+01,4.592993067548691299e-01,5.273079012186855374e-01,5.958914872789938810e-01
2.675571847507331569e+01,4.595287662711744492e-01,5.275852130825596786e-01,5.962164255663003898e-01
2.678519061583577709e+01,4.597581012881529205e-01,5.278623613293011996e-01,5.965411861875267174e-01
2.681466275659823850e+01,4.599873120028334372e-01,5.281393462376217096e-01,5.968657694334154051e-01
2.684413489736070346e+01,4.602163986117286387e-01,5.284161680854485565e-01,5.971901755939167389e-01
2.687360703812316842e+01,4.604453613108366872e-01,5.286928271499273801e-01,5.975144049581926353e-01
2.690307917888562983e+01,4.606742002956436544e-01,5.289693237074258869e-01,5.978384578146183070e-01
2.693255131964809124e+01,4.609029157611241878e-01,5.292456580335365146e-01,5.981623344507869255e-01
2.696202346041055620e+01,4.611315079017446195e-01,5.295218304030794298e-01,5.984860351535111755e-01
2.699149560117302116e+01,4.613599769114644644e-01,5.297978410901056368e-01,5.988095602088269187e-01
2.702096774193548612e+01,4.615883229837377533e-01,5.300736903678999745e-01,5.991329099019959692e-01
2.705043988269794752e+01,4.618165463115154190e-01,5.303493785089841150e-01,5.994560845175089803e-01
2.707991202346040893e+01,4.620446470872469069e-01,5.306249057851195605e-01,5.997790843390884419e-01
2.710938416422287389e+01,4.622726255028825060e-01,5.309002724673105300e-01,6.001019096496917893e-01
2.713885630498533885e+01,4.625004817498736820e-01,5.311754788258068460e-01,6.004245607315137345e-01
2.716832844574780026e+01,4.627282160191767413e-01,5.314505251301071542e-01,6.007470378659893750e-01
2.719780058651026167e+01,4.629558285012536634e-01,5.317254116489611437e-01,6.010693413337974134e-01
2.722727272727272663e+01,4.631833193860738773e-01,5.320001386503736551e-01,6.013914714148628216e-01
2.725674486803519159e+01,4.634106888631159271e-01,5.322747064016062346e-01,6.017134283883592838e-01
2.728621700879765299e+01,4.636379371213696365e-01,5.325491151691807978e-01,6.020352125327121939e-01
2.731568914956011440e+01,4.638650643493380521e-01,5.328233652188822944e-01,6.023568241256019862e-01
2.734516129032257936e+01,4.640920707350383312e-01,5.330974568157615945e-01,6.026782634439662445e-01
2.737463343108504432e+01,4.643189564660042401e-01,5.333713902241381533e-01,6.029995307640028113e-01
2.740410557184750928e+01,4.645457217292874863e-01,5.336451657076030086e-01,6.033206263611724518e-01
2.743357771260997069e+01,4.647723667114599388e-01,5.339187835290213346e-01,6.036415505102016299e-01
2.746304985337243210e+01,4.649988915986147386e-01,5.341922439505357723e-01,6.039623034850850614e-01
2.749252199413489706e+01,4.652252965763682413e-01,5.344655472335684276e-01,6.042828855590892667e-01
2.752199413489736202e+01,4.654515818298620711e-01,5.347386936388242029e-01,6.046032970047537924e-01
2.755146627565982342e+01,4.656777475437643976e-01,5.350116834262933496e-01,6.049235380938954298e-01
2.758093841642228483e+01,4.659037939022712682e-01,5.352845168552542443e-01,6.052436090976098804e-01
2.761041055718474979e+01,4.661297210891096610e-01,5.355571941842760531e-01,6.055635102862748642e-01
2.763988269794721475e+01,4.663555292875375402e-01,5.358297156712212850e-01,6.058832419295527849e-01
2.766935483870967971e+01,4.665812186803466877e-01,5.361020815732490119e-01,6.062028042963930607e-01
2.769882697947214112e+01,4.668067894498631465e-01,5.363742921468167557e-01,6.065221976550352334e-01
2.772829912023460253e+01,4.670322417779508295e-01,5.366463476476840411e-01,6.068414222730110774e-01
2.775777126099706749e+01,4.672575758460111306e-01,5.369182483309142828e-01,6.071604784171478197e-01
2.778724340175953245e+01,4.674827918349855338e-01,5.371899944508778946e-01,6.074793663535700272e-01
2.781671554252199385e+01,4.677078899253571120e-01,5.374615862612543982e-01,6.077980863477027151e-01
2.784618768328445526e+01,4.679328702971522480e-01,5.377330240150359764e-01,6.081166386642739008e-01
2.787565982404692022e+01,4.681577331299422995e-01,5.380043079645290272e-01,6.084350235673167129e-01
2.790513196480938518e+01,4.683824786028448761e-01,5.382754383613572724e-01,6.087532413201725001e-01
2.793460410557184659e+01,4.686071068945252827e-01,5.385464154564646444e-01,6.090712921854929407e-01
2.796407624633430800e+01,4.688316181831988505e-01,5.388172395001168402e-01,6.093891764252429288e-01
2.799354838709677296e+01,4.690560126466322699e-01,5.390879107419050964e-01,6.097068943007029063e-01
2.802302052785923792e+01,4.692802904621445892e-01,5.393584294307479654e-01,6.100244460724709716e-01
2.805249266862170288e+01,4.695044518066092132e-01,5.396287958148937580e-01,6.103418320004662112e-01
2.808196480938416428e+01,4.697284968564557350e-01,5.398990101419236520e-01,6.106590523439303642e-01
2.811143695014662569e+01,4.699524257876709910e-01,5.401690726587536906e-01,6.109761073614311533e-01
2.814090909090909065e+01,4.701762387758011141e-01,5.404389836116374468e-01,6.112929973108635062e-01
2.817038123167155561e+01,4.703999359959523674e-01,5.407087432461684662e-01,6.116097224494534412e-01
2.819985337243401702e+01,4.706235176227935302e-01,5.409783518072829311e-01,6.119262830337591774e-01
2.822932551319647843e+01,4.708469838305566757e-01,5.412478095392616595e-01,6.122426793196746875e-01
2.825879765395894339e+01,4.710703347930390028e-01,5.415171166857332130e-01,6.125589115624311409e-01
2.828826979472140835e+01,4.712935706836047789e-01,5.417862734896755628e-01,6.128749800166000128e-01
2.831774193548387331e+01,4.715166916751861170e-01,5.420552801934190867e-01,6.131908849360950819e-01
2.834721407624633471e+01,4.717396979402847523e-01,5.423241370386485682e-01,6.135066265741747626e-01
2.837668621700879612e+01,4.719625896509735963e-01,5.425928442664063045e-01,6.138222051834449911e-01
2.840615835777126108e+01,4.721853669788981800e-01,5.428614021170934389e-01,6.141376210158610016e-01
2.843563049853372604e+01,4.724080300952785971e-01,5.431298108304730698e-01,6.144528743227297696e-01
2.846510263929618745e+01,4.726305791709098370e-01,5.433980706456726928e-01,6.147679653547126755e-01
2.849457478005864886e+01,4.728530143761645044e-01,5.436661818011858660e-01,6.150828943618275035e-01
2.852404692082111382e+01,4.730753358809932640e-01,5.439341445348753190e-01,6.153976615934507732e-01
2.855351906158357878e+01,4.732975438549275604e-01,5.442019590839746179e-01,6.157122672983202927e-01
2.858299120234604018e+01,4.735196384670791181e-01,5.444696256850910521e-01,6.160267117245371571e-01
2.861246334310850159e+01,4.737416198861435501e-01,5.447371445742075213e-01,6.163409951195680803e-01
2.864193548387096655e+01,4.739634882804003579e-01,5.450045159866852007e-01,6.166551177302478370e-01
2.867140762463343151e+01,4.741852438177145412e-01,5.452717401572655387e-01,6.169690798027814838e-01
2.870087976539589647e+01,4.744068866655387628e-01,5.455388173200723667e-01,6.172828815827462456e-01
2.873035190615835788e+01,4.746284169909140149e-01,5.458057477086146747e-01,6.175965233150944034e-01
2.875982404692081928e+01,4.748498349604712843e-01,5.460725315557886095e-01,6.179100052441547364e-01
2.878929618768328424e+01,4.750711407404328290e-01,5.463391690938796952e-01,6.182233276136357425e-01
2.881876832844574921e+01,4.752923344966137886e-01,5.466056605545648317e-01,6.185364906666265261e-01
2.884824046920821061e+01,4.755134163944237935e-01,5.468720061689149592e-01,6.188494946456002399e-01
2.887771260997067202e+01,4.757343865988676312e-01,5.471382061673971675e-01,6.191623397924156391e-01
2.890718475073313698e+01,4.759552452745471895e-01,5.474042607798765836e-01,6.194750263483194130e-01
2.893665689149560194e+01,4.761759925856625664e-01,5.476701702356190360e-01,6.197875545539481834e-01
2.896612903225806690e+01,4.763966286960136243e-01,5.479359347632926092e-01,6.200999246493309469e-01
2.899560117302052831e+01,4.766171537690016002e-01,5.482015545909705301e-01,6.204121368738908515e-01
2.902507331378298971e+01,4.768375679676295498e-01,5.484670299461328336e-01,6.207241914664477500e-01
2.905454545454545467e+01,4.770578714545046228e-01,5.487323610556685827e-01,6.210360886652201984e-01
2.908401759530791963e+01,4.772780643918391741e-01,5.489975481458782003e-01,6.213478287078272322e-01
2.911348973607038104e+01,4.774981469414514845e-01,5.492625914424754674e-01,6.216594118312909201e-01
2.914296187683284245e+01,4.777181192647683150e-01,5.495274911705895216e-01,6.219708382720381401e-01
2.917243401759530741e+01,4.779379815228251283e-01,5.497922475547672994e-01,6.222821082659031333e-01
2.920190615835777237e+01,4.781577338762678653e-01,5.500568608189754238e-01,6.225932220481289470e-01
2.923137829912023378e+01,4.783773764853539445e-01,5.503213311866019808e-01,6.229041798533698771e-01
2.926085043988269518e+01,4.785969095099542603e-01,5.505856588804594054e-01,6.232149819156936887e-01
2.929032258064516014e+01,4.788163331095539599e-01,5.508498441227858144e-01,6.235256284685830597e-01
2.931979472140762510e+01,4.790356474432537204e-01,5.511138871352473378e-01,6.238361197449385775e-01
2.934926686217009006e+01,4.792548526697710809e-01,5.513777881389401170e-01,6.241464559770796283e-01
2.937873900293255147e+01,4.794739489474416638e-01,5.516415473543925252e-01,6.244566373967472828e-01
2.940821114369501288e+01,4.796929364342212843e-01,5.519051650015670551e-01,6.247666642351061839e-01
2.943768328445747784e+01,4.799118152876860055e-01,5.521686412998622062e-01,6.250765367227461011e-01
2.946715542521994280e+01,4.801305856650338599e-01,5.524319764681149270e-01,6.253862550896843731e-01
2.949662756598240421e+01,4.803492477230863478e-01,5.526951707246020584e-01,6.256958195653679056e-01
2.952609970674486561e+01,4.805678016182898249e-01,5.529582242870426656e-01,6.260052303786746153e-01
2.955557184750733057e+01,4.807862475067159469e-01,5.532211373726001469e-01,6.263144877579162051e-01
2.958504398826979553e+01,4.810045855440638896e-01,5.534839101978840104e-01,6.266235919308393854e-01
2.961451612903225694e+01,4.812228158856608484e-01,5.537465429789516502e-01,6.269325431246283165e-01
2.964398826979472190e+01,4.814409386864640372e-01,5.540090359313106783e-01,6.272413415659062741e-01
2.967346041055718331e+01,4.816589541010605213e-01,5.542713892699209222e-01,6.275499874807378697e-01
2.970293255131964827e+01,4.818768622836706039e-01,5.545336032091957579e-01,6.278584810946307160e-01
2.973240469208211323e+01,4.820946633881470489e-01,5.547956779630047741e-01,6.281668226325372029e-01
2.976187683284457464e+01,4.823123575679772457e-01,5.550576137446752156e-01,6.284750123188569404e-01
2.979134897360703604e+01,4.825299449762839865e-01,5.553194107669943147e-01,6.287830503774382018e-01
2.982082111436950100e+01,4.827474257658276868e-01,5.555810692422106234e-01,6.290909370315802551e-01
2.985029325513196596e+01,4.829648000890062187e-01,5.558425893820364561e-01,6.293986725040344732e-01
2.987976539589442737e+01,4.831820680978570204e-01,5.561039713976493326e-01,6.297062570170069984e-01
2.990923753665688878e+01,4.833992299440575957e-01,5.563652154996944210e-01,6.300136907921601859e-01
2.993870967741935374e+01,4.836162857789275127e-01,5.566263218982858696e-01,6.303209740506149350e-01
2.996818181818181870e+01,4.838332357534292361e-01,5.568872908030088054e-01,6.306281070129517996e-01
2.999765395894428366e+01,4.840500800181688490e-01,5.571481224229214435e-01,6.309350898992133194e-01
3.002712609970674507e+01,4.842668187233977739e-01,5.574088169665566417e-01,6.312419229289059075e-01
3.005659824046920647e+01,4.844834520190138827e-01,5.576693746419238984e-01,6.315486063210012935e-01
3.008607038123167143e+01,4.846999800545626069e-01,5.579297956565113514e-01,6.318551402939389661e-01
3.011554252199413639e+01,4.849164029792381592e-01,5.581900802172867770e-01,6.321615250656271723e-01
3.014501466275659780e+01,4.851327209418839215e-01,5.584502285307005875e-01,6.324677608534454709e-01
3.017448680351905921e+01,4.853489340909949989e-01,5.587102408026870526e-01,6.327738478742461758e-01
3.020395894428152417e+01,4.855650425747179977e-01,5.589701172386657424e-01,6.330797863443559104e-01
3.023343108504398913e+01,4.857810465408533562e-01,5.592298580435440813e-01,6.333855764795780496e-01
3.026290322580645054e+01,4.859969461368554011e-01,5.594894634217184581e-01,6.336912184951937199e-01
3.029237536656891550e+01,4.862127415098344563e-01,5.597489335770763352e-01,6.339967126059643521e-01
3.032184750733137690e+01,4.864284328065567875e-01,5.600082687129980252e-01,6.343020590261325697e-01
3.035131964809384186e+01,4.866440201734469895e-01,5.602674690323585782e-01,6.346072579694248539e-01
3.038079178885630682e+01,4.868595037565883743e-01,5.605265347375290030e-01,6.349123096490524309e-01
3.041026392961876823e+01,4.870748837017241928e-01,5.607854660303782657e-01,6.352172142777137154e-01
3.043973607038122964e+01,4.872901601542587446e-01,5.610442631122755097e-01,6.355219720675957529e-01
3.046920821114369460e+01,4.875333067571043233e-01,5.612933713878542896e-01,6.358518695666149911e-01
3.049868035190615956e+01,4.877912604547475772e-01,5.615372524036891244e-01,6.361950996856583496e-01
3.052815249266862097e+01,4.880490659336382819e-01,5.617810145128018240e-01,6.365381440287313231e-01
3.055762463343108237e+01,4.883067234421700209e-01,5.620246578826035844e-01,6.368810028967868409e-01
3.058709677419354733e+01,4.885642332280468736e-01,5.622681826801163574e-01,6.372236765899663702e-01
3.061656891495601229e+01,4.888215955382864131e-01,5.625115890719737388e-01,6.375661654076031359e-01
3.064604105571847725e+01,4.890788106192224816e-01,5.627548772244220787e-01,6.379084696482247852e-01
3.067551319648093866e+01,4.893358787165071333e-01,5.629980473033223687e-01,6.382505896095567177e-01
3.070498533724340007e+01,4.895928000751146314e-01,5.632410994741510191e-01,6.385925255885248619e-01
3.073445747800586503e+01,4.898495749393425025e-01,5.634840339020011912e-01,6.389342778812590051e-01
3.076392961876832999e+01,4.901062035528152006e-01,5.637268507515841298e-01,6.392758467830953473e-01
3.079340175953079140e+01,4.903626861584865493e-01,5.639695501872299399e-01,6.396172325885800536e-01
3.082287390029325280e+01,4.906190229986416296e-01,5.642121323728898075e-01,6.399584355914716971e-01
3.085234604105571776e+01,4.908752143149003322e-01,5.644545974721361103e-01,6.402994560847442562e-01
3.088181818181818272e+01,4.911312603482191341e-01,5.646969456481643057e-01,6.406402943605903344e-01
3.091129032258064413e+01,4.913871613388939852e-01,5.649391770637939292e-01,6.409809507104239357e-01
3.094076246334310909e+01,4.916429175265629170e-01,5.651812918814699271e-01,6.413214254248831292e-01
3.097023460410557050e+01,4.918985291502081525e-01,5.654232902632637670e-01,6.416617187938333799e-01
3.099970674486803546e+01,4.921539964481593810e-01,5.656651723708745472e-01,6.420018311063701022e-01
3.102917888563050042e+01,4.924093196580950349e-01,5.659069383656302188e-01,6.423417626508215461e-01
3.105865102639296182e+01,4.926644990170458427e-01,5.661485884084890285e-01,6.426815137147517953e-01
3.108812316715542323e+01,4.929195347613971045e-01,5.663901226600402961e-01,6.430210845849634316e-01
3.111759530791788819e+01,4.931744271268905799e-01,5.666315412805060792e-01,6.433604755475006431e-01
3.114706744868035315e+01,4.934291763486278737e-01,5.668728444297417290e-01,6.436996868876513345e-01
3.117653958944281456e+01,4.936837826610716018e-01,5.671140322672376666e-01,6.440387188899510118e-01
3.120601173020527597e+01,4.939382462980489996e-01,5.673551049521201595e-01,6.443775718381844486e-01
3.123548387096774093e+01,4.941925674927536427e-01,5.675960626431526546e-01,6.447162460153893493e-01
3.126495601173020589e+01,4.944467464777482779e-01,5.678369054987367770e-01,6.450547417038583475e-01
3.129442815249267085e+01,4.947007834849664887e-01,5.680776336769137735e-01,6.453930591851424481e-01
3.132390029325513225e+01,4.949546787457161923e-01,5.683182473353650677e-01,6.457311987400531361e-01
3.135337243401759366e+01,4.952084324906806390e-01,5.685587466314142580e-01,6.460691606486655969e-01
3.138284457478005862e+01,4.954620449499224644e-01,5.687991317220276732e-01,6.464069451903210473e-01
3.141231671554252358e+01,4.957155163528838004e-01,5.690394027638152608e-01,6.467445526436296221e-01
3.144178885630498854e+01,4.959688469283906609e-01,5.692795599130325845e-01,6.470819832864730392e-01
3.147126099706744640e+01,4.962220369046542734e-01,5.695196033255809365e-01,6.474192373960069302e-01
3.150073313782991136e+01,4.964750865092735221e-01,5.697595331570093347e-01,6.477563152486641718e-01
3.153020527859237632e+01,4.967279959692372793e-01,5.699993495625151896e-01,6.480932171201571057e-01
3.155967741935484128e+01,4.969807655109267364e-01,5.702390526969451923e-01,6.484299432854798706e-01
3.158914956011729913e+01,4.972333953601169587e-01,5.704786427147969796e-01,6.487664940189115104e-01
3.161862170087976409e+01,4.974858857419808822e-01,5.707181197702199116e-01,6.491028695940185278e-01
3.164809384164222905e+01,4.977382368810897018e-01,5.709574840170160703e-01,6.494390702836571050e-01
3.167756598240469401e+01,4.979904490014164797e-01,5.711967356086417036e-01,6.497750963599762120e-01
3.170703812316715187e+01,4.982425223263366454e-01,5.714358746982076687e-01,6.501109480944196051e-01
3.173651026392961683e+01,4.984944570786326579e-01,5.716749014384814309e-01,6.504466257577289356e-01
3.176598240469208179e+01,4.987462534804943393e-01,5.719138159818873968e-01,6.507821296199457484e-01
3.179545454545454675e+01,4.989979117535212616e-01,5.721526184805082460e-01,6.511174599504144789e-01
3.182492668621701171e+01,4.992494321187257444e-01,5.723913090860860420e-01,6.514526170177845632e-01
3.185439882697946956e+01,4.995008147965347423e-01,5.726298879500230088e-01,6.517876010900133243e-01
3.188387096774193452e+01,4.997520600067911767e-01,5.728683552233834186e-01,6.521224124343683037e-01
3.191334310850439948e+01,5.000031679687576558e-01,5.731067110568932588e-01,6.524570513174297037e-01
3.194281524926686444e+01,5.002541389011165851e-01,5.733449556009426740e-01,6.527915180050928301e-01
3.197228739002932230e+01,5.005049730219743864e-01,5.735830890055860776e-01,6.531258127625705345e-01
3.200175953079178726e+01,5.007556705488626081e-01,5.738211114205438168e-01,6.534599358543959902e-01
3.203123167155425222e+01,5.010062316987393682e-01,5.740590229952027279e-01,6.537938875444249121e-01
3.206070381231671718e+01,5.012566566879929075e-01,5.742968238786173574e-01,6.541276680958374445e-01
3.209017595307918214e+01,5.015069457324430324e-01,5.745345142195110721e-01,6.544612777711417140e-01
3.211964809384163999e+01,5.017570990473422254e-01,5.747720941662770588e-01,6.547947168321751610e-01
3.214912023460410495e+01,5.020071168473797529e-01,5.750095638669793230e-01,6.551279855401075380e-01
3.217859237536656991e+01,5.022569993466821092e-01,5.752469234693534661e-01,6.554610841554432410e-01
3.220806451612903487e+01,5.025067467588151260e-01,5.754841731208081290e-01,6.557940129380234184e-01
3.223753665689149273e+01,5.027563592967870809e-01,5.757213129684256581e-01,6.561267721470284142e-01
3.226700879765395769e+01,5.030058371730501410e-01,5.759583431589636593e-01,6.564593620409804320e-01
3.229648093841642265e+01,5.032551805995020278e-01,5.761952638388549985e-01,6.567917828777455336e-01
3.232595307917888761e+01,5.035043897874885710e-01,5.764320751542096888e-01,6.571240349145358595e-01
3.235542521994134546e+01,5.037534649478049298e-01,5.766687772508155563e-01,6.574561184079124043e-01
3.238489736070381042e+01,5.040024062906990343e-01,5.769053702741393508e-01,6.577880336137869044e-01
3.241436950146627538e+01,5.042512140258722519e-01,5.771418543693275227e-01,6.581197807874243910e-01
3.244384164222874034e+01,5.044998883624821628e-01,5.773782296812073334e-01,6.584513601834454111e-01
3.247331378299120530e+01,5.047484295091434481e-01,5.776144963542879651e-01,6.587827720558282474e-01
3.250278592375366316e+01,5.049968376739313314e-01,5.778506545327609656e-01,6.591140166579110282e-01
3.253225806451612812e+01,5.052451130643826893e-01,5.780867043605022459e-01,6.594450942423943918e-01
3.256173020527859308e+01,5.054932558874976056e-01,5.783226459810719700e-01,6.597760050613434846e-01
3.259120234604105804e+01,5.057412663497422578e-01,5.785584795377158862e-01,6.601067493661901819e-01
3.262067448680351589e+01,5.059891446570504714e-01,5.787942051733665494e-01,6.604373274077351974e-01
3.265014662756598085e+01,5.062368910148250523e-01,5.790298230306442084e-01,6.607677394361506362e-01
3.267961876832844581e+01,5.064845056279406732e-01,5.792653332518574727e-01,6.610979857009821048e-01
3.270909090909091077e+01,5.067319887007448731e-01,5.795007359790044221e-01,6.614280664511504870e-01
3.273856304985337573e+01,5.069793404370604994e-01,5.797360313537734955e-01,6.617579819349546089e-01
3.276803519061583359e+01,5.072265610401879288e-01,5.799712195175446006e-01,6.620877324000734587e-01
3.279750733137829855e+01,5.074736507129055108e-01,5.802063006113901134e-01,6.624173180935678529e-01
3.282697947214076351e+01,5.077206096574732319e-01,5.804412747760752112e-01,6.627467392618829889e-01
3.285645161290322847e+01,5.079674380756333818e-01,5.806761421520596489e-01,6.630759961508505551e-01
3.288592375366568632e+01,5.082141361686126624e-01,5.809109028794978702e-01,6.634050890056907290e-01
3.291539589442815128e+01,5.084607041371241865e-01,5.811455570982408947e-01,6.637340180710145088e-01
3.294486803519061624e+01,5.087071421813692540e-01,5.813801049478359850e-01,6.640627835908254895e-01
3.297434017595308120e+01,5.089534505010392396e-01,5.816145465675288673e-01,6.643913858085224167e-01
3.300381231671553905e+01,5.091996292953167025e-01,5.818488820962633978e-01,6.647198249669007408e-01
3.303328445747800401e+01,5.094456787628789396e-01,5.820831116726837839e-01,6.650481013081555037e-01
3.306275659824046897e+01,5.096915991018973191e-01,5.823172354351343616e-01,6.653762150738823378e-01
3.309222873900293393e+01,5.099373905100412774e-01,5.825512535216610388e-01,6.657041665050806856e-01
3.312170087976539889e+01,5.101830531844790961e-01,5.827851660700121839e-01,6.660319558421549102e-01
3.315117302052785675e+01,5.104285873218793457e-01,5.830189732176391804e-01,6.663595833249168487e-01
3.318064516129032171e+01,5.106739931184135495e-01,5.832526751016979816e-01,6.666870491925879216e-01
3.321011730205278667e+01,5.109192707697576274e-01,5.834862718590491104e-01,6.670143536838006870e-01
3.323958944281525163e+01,5.111644204710923400e-01,5.837197636262593248e-01,6.673414970366015053e-01
3.326906158357770948e+01,5.114094424171079512e-01,5.839531505396022837e-01,6.676684794884518714e-01
3.329853372434017444e+01,5.116543368020024518e-01,5.841864327350591024e-01,6.679953012762311904e-01
3.332800586510263940e+01,5.118991038194866672e-01,5.844196103483193516e-01,6.683219626362378873e-01
3.335747800586510436e+01,5.121437436627830353e-01,5.846526835147823897e-01,6.686484638041924056e-01
3.338695014662756222e+01,5.123882565246288268e-01,5.848856523695576959e-01,6.689748050152379832e-01
3.341642228739002718e+01,5.126326425972785872e-01,5.851185170474657582e-01,6.693009865039439843e-01
3.344589442815249214e+01,5.128769020725034711e-01,5.853512776830396280e-01,6.696270085043065645e-01
3.347536656891495710e+01,5.131210351415955717e-01,5.855839344105244759e-01,6.699528712497518912e-01
3.350483870967742206e+01,5.133650419953675881e-01,5.858164873638797010e-01,6.702785749731366982e-01
3.353431085043987991e+01,5.136089228241556004e-01,5.860489366767791530e-01,6.706041199067515057e-01
3.356378299120234487e+01,5.138526778178202914e-01,5.862812824826122426e-01,6.709295062823216194e-01
3.359325513196480983e+01,5.140963071657485006e-01,5.865135249144847185e-01,6.712547343310099057e-01
3.362272727272727479e+01,5.143398110568557779e-01,5.867456641052190003e-01,6.715798042834176806e-01
3.365219941348973265e+01,5.145831896795867166e-01,5.869777001873558442e-01,6.719047163695875957e-01
3.368167155425219761e+01,5.148264432219170628e-01,5.872096332931547868e-01,6.722294708190048595e-01
3.371114369501466257e+01,5.150695718713561577e-01,5.874414635545950336e-01,6.725540678605992362e-01
3.374061583577712753e+01,5.153125758149470492e-01,5.876731911033760136e-01,6.728785077227475986e-01
3.377008797653959249e+01,5.155554552392701551e-01,5.879048160709186011e-01,6.732027906332747058e-01
3.379956011730205034e+01,5.157982103304423749e-01,5.881363385883656703e-01,6.735269168194558675e-01
3.382903225806451530e+01,5.160408412741201989e-01,5.883677587865832059e-01,6.738508865080183874e-01
3.385850439882698026e+01,5.162833482555020392e-01,5.885990767961608583e-01,6.741746999251438943e-01
3.388797653958944522e+01,5.165257314593273419e-01,5.888302927474127202e-01,6.744983572964694529e-01
3.391744868035190308e+01,5.167679910698811385e-01,5.890614067703782153e-01,6.748218588470898949e-01
3.394692082111436804e+01,5.170101272709929363e-01,5.892924189948232083e-01,6.751452048015599283e-01
3.397639296187683300e+01,5.172521402460406037e-01,5.895233295502402271e-01,6.754683953838951371e-01
3.400586510263929796e+01,5.174940301779494822e-01,5.897541385658497948e-01,6.757914308175743123e-01
3.403533724340175581e+01,5.177357972491962723e-01,5.899848461706009850e-01,6.761143113255412285e-01
3.406480938416422077e+01,5.179774416418092553e-01,5.902154524931720880e-01,6.764370371302064200e-01
3.409428152492668573e+01,5.182189635373704029e-01,5.904459576619717209e-01,6.767596084534487355e-01
3.412375366568915069e+01,5.184603631170160432e-01,5.906763618051392717e-01,6.770820255166174473e-01
3.415322580645161565e+01,5.187016405614391923e-01,5.909066650505460094e-01,6.774042885405336945e-01
3.418269794721407351e+01,5.189427960508909976e-01,5.911368675257958616e-01,6.777263977454927035e-01
3.421217008797653847e+01,5.191838297651822920e-01,5.913669693582255249e-01,6.780483533512648986e-01
3.424164222873900343e+01,5.194247418836847041e-01,5.915969706749063528e-01,6.783701555770983438e-01
3.427111436950146839e+01,5.196655325853319907e-01,5.918268716026441334e-01,6.786918046417199646e-01
3.430058651026392624e+01,5.199062020486225899e-01,5.920566722679806437e-01,6.790133007633372131e-01
3.433005865102639120e+01,5.201467504516196216e-01,5.922863727971938719e-01,6.793346441596405105e-01
3.435953079178885616e+01,5.203871779719537738e-01,5.925159733162987941e-01,6.796558350478042465e-01
3.438900293255132112e+01,5.206274847868239686e-01,5.927454739510484849e-01,6.799768736444886663e-01
3.441847507331378608e+01,5.208676710729992498e-01,5.929748748269347836e-01,6.802977601658416473e-01
3.444794721407624394e+01,5.211077370068191161e-01,5.932041760691886267e-01,6.806184948275004754e-01
3.447741935483870890e+01,5.213476827641970734e-01,5.934333778027816031e-01,6.809390778445933989e-01
3.450689149560117386e+01,5.215875085206194139e-01,5.936624801524259532e-01,6.812595094317412947e-01
3.453636363636363882e+01,5.218272144511495458e-01,5.938914832425754575e-01,6.815797898030596658e-01
3.456583577712609667e+01,5.220668007304274383e-01,5.941203871974266582e-01,6.818999191721594189e-01
3.459530791788856163e+01,5.223062675326708426e-01,5.943491921409191914e-01,6.822198977521497509e-01
3.462478005865102659e+01,5.225456150316786230e-01,5.945778981967364540e-01,6.825397257556390374e-01
3.465425219941349155e+01,5.227848434008298684e-01,5.948065054883068248e-01,6.828594033947363862e-01
3.468372434017594941e+01,5.230239528130877780e-01,5.950350141388035530e-01,6.831789308810537475e-01
3.471319648093841437e+01,5.232629434409984404e-01,5.952634242711464241e-01,6.834983084257073571e-01
3.474266862170087933e+01,5.235018154566940529e-01,5.954917360080022037e-01,6.838175362393190682e-01
3.477214076246334429e+01,5.237405690318936990e-01,5.957199494717847488e-01,6.841366145320184611e-01
3.480161290322580925e+01,5.239792043379049025e-01,5.959480647846565615e-01,6.844555435134439536e-01
3.483108504398826710e+01,5.242177215456247374e-01,5.961760820685289008e-01,6.847743233927451323e-01
3.486055718475073206e+01,5.244561208255413831e-01,5.964040014450633365e-01,6.850929543785833076e-01
3.489002932551319702e+01,5.246944023477357888e-01,5.966318230356711938e-01,6.854114366791341784e-01
3.491950146627566198e+01,5.249325662818817850e-01,5.968595469615154414e-01,6.857297705020886092e-01
3.494897360703811984e+01,5.251706127972495253e-01,5.970871733435106909e-01,6.860479560546544064e-01
3.497844574780058480e+01,5.254085420627043757e-01,5.973147023023244184e-01,6.863659935435584281e-01
3.500791788856304976e+01,5.256463542467112449e-01,5.975421339583770752e-01,6.866838831750474714e-01
3.503739002932551472e+01,5.258840495173326968e-01,5.977694684318433094e-01,6.870016251548900499e-01
3.506686217008797968e+01,5.261216280422327252e-01,5.979967058426524096e-01,6.873192196883778360e-01
3.509633431085043753e+01,5.263590899886760877e-01,5.982238463104890824e-01,6.876366669803276599e-01
3.512580645161290249e+01,5.265964355235320804e-01,5.984508899547942296e-01,6.879539672350826196e-01
3.515527859237536745e+01,5.268336648132736499e-01,5.986778368947653917e-01,6.882711206565136353e-01
3.518475073313783241e+01,5.270707780239798357e-01,5.989046872493576368e-01,6.885881274480210035e-01
3.521422287390029027e+01,5.273077753213362140e-01,5.991314411372842264e-01,6.889049878125360626e-01
3.524369501466275523e+01,5.275446568706373407e-01,5.993580986770172814e-01,6.892217019525227473e-01
3.527316715542522019e+01,5.277814228367871952e-01,5.995846599867884485e-01,6.895382700699788092e-01
3.530263929618768515e+01,5.280123363183879537e-01,5.998128342313635564e-01,6.898519481897056327e-01
3.533211143695014300e+01,5.281848370902267886e-01,6.000582786091600562e-01,6.901375961742175491e-01
3.536158357771260796e+01,5.283572766347516270e-01,6.003036102791358131e-01,6.904231255298518555e-01
3.539105571847507292e+01,5.285296550153726347e-01,6.005488293907521591e-01,6.907085364040987940e-01
3.542052785923753788e+01,5.287019722953908429e-01,6.007939360931423556e-01,6.909938289441435177e-01
3.545000000000000284e+01,5.288742285379987029e-01,6.010389305351137024e-01,6.912790032968668674e-01
3.547947214076246070e+01,5.290464238062810853e-01,6.012838128651474268e-01,6.915640596088457048e-01
3.550894428152492566e+01,5.292185581632143920e-01,6.015285832314005710e-01,6.918489980263549111e-01
3.553841642228739062e+01,5.293906316716672222e-01,6.017732417817065471e-01,6.921338186953669425e-01
3.556788856304985558e+01,5.295626443944007056e-01,6.020177886635761366e-01,6.924185217615537180e-01
3.559736070381231343e+01,5.297345963940689462e-01,6.022622240241984892e-01,6.927031073702869524e-01
3.562683284457477839e+01,5.299064877332191337e-01,6.025065480104422333e-01,6.929875756666393771e-01
3.565630498533724335e+01,5.300783184742912102e-01,6.027507607688562530e-01,6.932719267953852960e-01
3.568577712609970831e+01,5.302500886796194246e-01,6.029948624456707984e-01,6.935561609010014728e-01
3.571524926686217327e+01,5.304217984114314444e-01,6.032388531867985959e-01,6.938402781276681308e-01
3.574472140762463113e+01,5.305934477318484666e-01,6.034827331378351811e-01,6.941242786192697301e-01
3.577419354838709609e+01,5.307650367028872163e-01,6.037265024440607863e-01,6.944081625193960772e-01
3.580366568914956105e+01,5.309365653864577261e-01,6.039701612504404515e-01,6.946919299713424367e-01
3.583313782991202601e+01,5.311080338443655569e-01,6.042137097016255787e-01,6.949755811181114185e-01
3.586260997067448386e+01,5.312794421383110199e-01,6.044571479419544868e-01,6.952591161024126443e-01
3.589208211143694882e+01,5.314507903298901770e-01,6.047004761154535224e-01,6.955425350666648576e-01
3.592155425219941378e+01,5.316220784805936184e-01,6.049436943658381693e-01,6.958258381529955905e-01
3.595102639296187874e+01,5.317933066518087948e-01,6.051868028365134933e-01,6.961090255032428287e-01
3.598049853372433660e+01,5.319644749048186849e-01,6.054298016705754737e-01,6.963920972589551228e-01
3.600997067448680156e+01,5.321355833008026837e-01,6.056726910108121142e-01,6.966750535613932538e-01
3.603944281524926652e+01,5.323066319008364911e-01,6.059154709997037758e-01,6.969578945515303436e-01
3.606891495601173148e+01,5.324776207658931115e-01,6.061581417794245086e-01,6.972406203700528549e-01
3.609838709677419644e+01,5.326485499568420767e-01,6.064007034918427186e-01,6.975232311573618116e-01
3.612785923753665429e+01,5.328194195344498896e-01,6.066431562785227216e-01,6.978057270535727996e-01
3.615733137829911925e+01,5.329902295593818007e-01,6.068855002807246324e-01,6.980881081985177428e-01
3.618680351906158421e+01,5.331609800921996989e-01,6.071277356394062519e-01,6.983703747317450139e-01
3.621627565982404917e+01,5.333316711933632215e-01,6.073698624952232894e-01,6.986525267925202121e-01
3.624574780058650703e+01,5.335023029232313085e-01,6.076118809885303618e-01,6.989345645198277168e-01
3.627521994134897199e+01,5.336728753420607596e-01,6.078537912593823256e-01,6.992164880523704662e-01
3.630469208211143695e+01,5.338433885100068998e-01,6.080955934475349434e-01,6.994982975285715110e-01
3.633416422287390191e+01,5.340138424871244682e-01,6.083372876924454387e-01,6.997799930865744589e-01
3.636363636363636687e+01,5.341842373333670624e-01,6.085788741332738283e-01,7.000615748642444736e-01
3.639310850439882472e+01,5.343545731085878048e-01,6.088203529088835886e-01,7.003430429991687189e-01
3.642258064516128968e+01,5.345248498725391206e-01,6.090617241578426544e-01,7.006243976286574693e-01
3.645205278592375464e+01,5.346950676848740702e-01,6.093029880184240854e-01,7.009056388897449974e-01
3.648152492668621960e+01,5.348652266051453497e-01,6.095441446286072873e-01,7.011867669191897967e-01
3.651099706744867746e+01,5.350353266928055129e-01,6.097851941260784558e-01,7.014677818534756915e-01
3.654046920821114242e+01,5.352053680072088593e-01,6.100261366482319092e-01,7.017486838288129469e-01
3.656994134897360738e+01,5.353753506076095459e-01,6.102669723321705320e-01,7.020294729811383805e-01
3.659941348973607234e+01,5.355452745531628089e-01,6.105077013147067744e-01,7.023101494461166938e-01
3.662888563049853019e+01,5.357151399029261851e-01,6.107483237323638736e-01,7.025907133591406950e-01
3.665835777126099515e+01,5.358849467158575131e-01,6.109888397213758537e-01,7.028711648553326308e-01
3.668782991202346011e+01,5.360546950508167097e-01,6.112292494176895241e-01,7.031515040695445196e-01
3.671730205278592507e+01,5.362243849665662143e-01,6.114695529569642574e-01,7.034317311363591507e-01
3.674677419354839003e+01,5.363940165217699896e-01,6.117097504745733216e-01,7.037118461900906397e-01
3.677624633431084789e+01,5.365635897749945205e-01,6.119498421056049908e-01,7.039918493647852049e-01
3.680571847507331285e+01,5.367331047847097025e-01,6.121898279848627666e-01,7.042717407942223895e-01
3.683519061583577781e+01,5.369025616092868436e-01,6.124297082468667108e-01,7.045515206119148388e-01
3.686466275659824277e+01,5.370719603070014392e-01,6.126694830258540003e-01,7.048311889511101880e-01
3.689413489736070062e+01,5.372413009360323954e-01,6.129091524557798154e-01,7.051107459447906178e-01
3.692360703812316558e+01,5.374105835544616960e-01,6.131487166703183389e-01,7.053901917256746312e-01
3.695307917888563054e+01,5.375798082202749573e-01,6.133881758028634223e-01,7.056695264262172751e-01
3.698255131964809550e+01,5.377489749913620942e-01,6.136275299865292521e-01,7.059487501786109176e-01
3.701202346041056046e+01,5.379180839255175428e-01,6.138667793541514595e-01,7.062278631147859143e-01
3.704149560117301831e+01,5.380871350804394826e-01,6.141059240382878981e-01,7.065068653664113851e-01
3.707096774193548328e+01,5.382561285137310580e-01,6.143449641712191989e-01,7.067857570648962140e-01
3.710043988269794824e+01,5.384250642829008227e-01,6.145838998849498802e-01,7.070645383413896035e-01
3.712991202346041320e+01,5.385939424453614066e-01,6.148227313112087922e-01,7.073432093267811860e-01
3.715938416422287105e+01,5.387627630584311822e-01,6.150614585814505597e-01,7.076217701517026892e-01
3.718885630498533601e+01,5.389315261793344858e-01,6.153000818268554717e-01,7.079002209465282691e-01
3.721832844574780097e+01,5.391002318652011738e-01,6.155386011783311462e-01,7.081785618413751759e-01
3.724780058651026593e+01,5.392688801730664006e-01,6.157770167665128636e-01,7.084567929661041985e-01
3.727727272727272378e+01,5.394374711598725058e-01,6.160153287217642326e-01,7.087349144503207743e-01
3.730674486803518874e+01,5.396060048824675714e-01,6.162535371741783008e-01,7.090129264233758777e-01
3.733621700879765370e+01,5.397744813976065315e-01,6.164916422535785534e-01,7.092908290143660199e-01
3.736568914956011866e+01,5.399429007619512833e-01,6.167296440895189136e-01,7.095686223521343594e-01
3.739516129032258362e+01,5.401112630320704655e-01,6.169675428112849636e-01,7.098463065652715898e-01
3.742463343108504148e+01,5.402795682644399022e-01,6.172053385478949439e-01,7.101238817821161620e-01
3.745410557184750644e+01,5.404478165154430469e-01,6.174430314281004195e-01,7.104013481307556166e-01
3.748357771260997140e+01,5.406160078413715375e-01,6.176806215803866129e-01,7.106787057390263618e-01
3.751304985337243636e+01,5.407841422984238644e-01,6.179181091329737363e-01,7.109559547345153385e-01
3.754252199413489421e+01,5.409522199427071465e-01,6.181554942138172137e-01,7.112330952445600207e-01
3.757199413489735917e+01,5.411202408302374645e-01,6.183927769506091243e-01,7.115101273962494144e-01
3.760146627565982413e+01,5.412882050169381953e-01,6.186299574707783133e-01,7.117870513164243906e-01
3.763093841642228909e+01,5.414561125586418999e-01,6.188670359014915023e-01,7.120638671316790180e-01
3.766041055718475405e+01,5.416239635110908779e-01,6.191040123696539554e-01,7.123405749683604515e-01
3.768988269794721191e+01,5.417917579299352804e-01,6.193408870019100343e-01,7.126171749525702648e-01
3.771935483870967687e+01,5.419594958707355525e-01,6.195776599246445304e-01,7.128936672101646721e-01
3.774882697947214183e+01,5.421271773889611012e-01,6.198143312639825542e-01,7.131700518667555277e-01
3.777829912023460679e+01,5.422948025399914052e-01,6.200509011457912001e-01,7.134463290477108810e-01
3.780777126099706464e+01,5.424623713791159041e-01,6.202873696956792138e-01,7.137224988781550872e-01
3.783724340175952960e+01,5.426298839615339986e-01,6.205237370389989904e-01,7.139985614829703620e-01
3.786671554252199456e+01,5.427973403423557164e-01,6.207600033008463525e-01,7.142745169867973365e-01
3.789618768328445952e+01,5.429647405766016011e-01,6.209961686060614383e-01,7.145503655140347243e-01
3.792565982404691738e+01,5.431320847192026013e-01,6.212322330792297009e-01,7.148261071888410978e-01
3.795513196480938234e+01,5.432993728250014032e-01,6.214681968446825744e-01,7.151017421351349990e-01
3.798460410557184730e+01,5.434666049487512085e-01,6.217040600264980288e-01,7.153772704765958279e-01
3.801407624633431226e+01,5.436337811451168456e-01,6.219398227485014585e-01,7.156526923366641757e-01
3.804354838709677722e+01,5.438009014686747689e-01,6.221754851342661263e-01,7.159280078385428236e-01
3.807302052785923507e+01,5.439679659739129480e-01,6.224110473071143845e-01,7.162032171051969653e-01
3.810249266862170003e+01,5.441349747152314231e-01,6.226465093901180081e-01,7.164783202593554279e-01
3.813196480938416499e+01,5.443019277469429706e-01,6.228818715060986388e-01,7.167533174235106719e-01
3.816143695014662995e+01,5.444688251232721043e-01,6.231171337776291175e-01,7.170282087199197907e-01
3.819090909090908781e+01,5.446356668983559635e-01,6.233522963270340389e-01,7.173029942706052875e-01
3.822038123167155277e+01,5.448024531262444237e-01,6.235873592763900852e-01,7.175776741973552975e-01
3.824985337243401773e+01,5.449691838609010963e-01,6.238223227475270249e-01,7.178522486217245868e-01
3.827932551319648269e+01,5.451358591562017741e-01,6.240571868620282681e-01,7.181267176650346640e-01
3.830879765395894054e+01,5.453024790659357635e-01,6.242919517412317543e-01,7.184010814483752227e-01
3.833826979472140550e+01,5.454690436438066614e-01,6.245266175062302860e-01,7.186753400926039204e-01
3.836774193548387046e+01,5.456355529434310236e-01,6.247611842778729718e-01,7.189494937183475987e-01
3.839721407624633542e+01,5.458020070183392525e-01,6.249956521767647821e-01,7.192235424460026172e-01
3.842668621700880038e+01,5.459684059219770402e-01,6.252300213232681037e-01,7.194974863957354083e-01
3.845615835777125824e+01,5.461347497077029267e-01,6.254642918375032945e-01,7.197713256874832544e-01
3.848563049853372320e+01,5.463010384287908527e-01,6.256984638393491283e-01,7.200450604409551758e-01
3.851510263929618816e+01,5.464672721384293830e-01,6.259325374484435711e-01,7.203186907756315982e-01
3.854457478005865312e+01,5.466334508897219280e-01,6.261665127841843370e-01,7.205922168107661285e-01
3.857404692082111097e+01,5.467995747356863001e-01,6.264003899657297758e-01,7.208656386653853332e-01
3.860351906158357593e+01,5.469656437292571560e-01,6.266341691119996504e-01,7.211389564582897371e-01
3.863299120234604089e+01,5.471316579232833321e-01,6.268678503416753589e-01,7.214121703080541570e-01
3.866246334310850585e+01,5.472976173705290659e-01,6.271014337732009336e-01,7.216852803330287003e-01
3.869193548387097081e+01,5.474635221236755500e-01,6.273349195247834853e-01,7.219582866513388764e-01
3.872140762463342867e+01,5.476293722353194893e-01,6.275683077143940913e-01,7.222311893808863736e-01
3.875087976539589363e+01,5.477951677579737666e-01,6.278015984597685728e-01,7.225039886393501698e-01
3.878035190615835859e+01,5.479609087440674431e-01,6.280347918784076056e-01,7.227766845441859767e-01
3.880982404692082355e+01,5.481265952459466462e-01,6.282678880875779415e-01,7.230492772126282386e-01
3.883929618768328140e+01,5.482922273158741255e-01,6.285008872043122974e-01,7.233217667616893554e-01
3.886876832844574636e+01,5.484578050060292531e-01,6.287337893454114646e-01,7.235941533081613475e-01
3.889824046920821132e+01,5.486233283685091333e-01,6.289665946274429764e-01,7.238664369686156341e-01
3.892771260997067628e+01,5.487887974553278259e-01,6.291993031667436620e-01,7.241386178594042544e-01
3.895718475073313414e+01,5.489542123184165678e-01,6.294319150794187578e-01,7.244106960966600894e-01
3.898665689149559910e+01,5.491195730096251060e-01,6.296644304813437953e-01,7.246826717962974174e-01
3.901612903225806406e+01,5.492848795807203643e-01,6.298968494881639346e-01,7.249545450740129127e-01
3.904560117302052902e+01,5.494501320833875546e-01,6.301291722152960739e-01,7.252263160452853130e-01
3.907507331378299398e+01,5.496153305692303981e-01,6.303613987779280725e-01,7.254979848253771957e-01
3.910454545454545183e+01,5.497804750897706816e-01,6.305935292910204160e-01,7.257695515293344224e-01
3.913401759530791679e+01,5.499455656964487016e-01,6.308255638693064382e-01,7.260410162719876936e-01
3.916348973607038175e+01,5.501106024406239303e-01,6.310575026272927657e-01,7.263123791679521046e-01
3.919296187683284671e+01,5.502755853735746827e-01,6.312893456792602054e-01,7.265836403316285885e-01
3.922243401759530457e+01,5.504405145464981164e-01,6.315210931392644111e-01,7.268547998772039165e-01
3.925190615835776953e+01,5.506053900105110088e-01,6.317527451211364387e-01,7.271258579186516968e-01
3.928137829912023449e+01,5.507702118166494243e-01,6.319843017384829675e-01,7.273968145697327081e-01
3.931085043988269945e+01,5.509349800158692689e-01,6.322157631046875226e-01,7.276676699439951213e-01
3.934032258064516441e+01,5.510996946590459578e-01,6.324471293329110289e-01,7.279384241547754986e-01
3.936979472140762226e+01,5.512643557969754138e-01,6.326784005360917007e-01,7.282090773151994600e-01
3.939926686217008722e+01,5.514289634803737350e-01,6.329095768269467071e-01,7.284796295381816833e-01
3.942873900293255218e+01,5.515935177598766392e-01,6.331406583179720604e-01,7.287500809364270138e-01
3.945821114369501714e+01,5.517580186860414626e-01,6.333716451214429499e-01,7.290204316224306869e-01
3.948768328445747500e+01,5.519224663093452721e-01,6.336025373494154067e-01,7.292906817084787718e-01
3.951715542521993996e+01,5.520868606801866418e-01,6.338333351137260818e-01,7.295608313066492823e-01
3.954662756598240492e+01,5.522512018488855423e-01,6.340640385259931344e-01,7.298308805288118428e-01
3.957609970674486988e+01,5.524154898656820079e-01,6.342946476976164538e-01,7.301008294866293546e-01
3.960557184750732773e+01,5.525797247807381352e-01,6.345251627397788807e-01,7.303706782915572182e-01
3.963504398826979269e+01,5.527439066441378612e-01,6.347555837634463183e-01,7.306404270548448876e-01
3.966451612903225765e+01,5.529080355058868523e-01,6.349859108793685092e-01,7.309100758875359816e-01
3.969398826979472261e+01,5.530721114159121710e-01,6.352161441980794798e-01,7.311796249004690607e-01
3.972346041055718757e+01,5.532361344240631640e-01,6.354462838298983174e-01,7.314490742042778493e-01
3.975293255131964543e+01,5.534001045801120178e-01,6.356763298849295030e-01,7.317184239093917908e-01
3.978240469208211039e+01,5.535640219337526480e-01,6.359062824730641328e-01,7.319876741260370467e-01
3.981187683284457535e+01,5.537278865346016987e-01,6.361361417039793631e-01,7.322568249642361637e-01
3.984134897360704031e+01,5.538916984321990977e-01,6.363659076871401865e-01,7.325258765338096278e-01
3.987082111436949816e+01,5.540554576760069461e-01,6.365955805317989880e-01,7.327948289443755314e-01
3.990029325513196312e+01,5.542191643154107394e-01,6.368251603469970989e-01,7.330636823053505724e-01
3.992976539589442808e+01,5.543828183997195902e-01,6.370546472415644645e-01,7.333324367259501653e-01
3.995923753665689304e+01,5.545464199781656722e-01,6.372840413241206425e-01,7.336010923151895513e-01
3.998870967741935800e+01,5.547099690999048871e-01,6.375133427030756916e-01,7.338696491818837986e-01
4.001818181818181586e+01,5.548734658140168641e-01,6.377425514866300604e-01,7.341381074346484681e-01
4.004765395894428082e+01,5.550369101695054042e-01,6.379716677827752536e-01,7.344064671819005019e-01
4.007712609970674578e+01,5.552003022152978140e-01,6.382006916992953860e-01,7.346747285318577791e-01
4.010659824046921074e+01,5.553636420002462382e-01,6.384296233437661838e-01,7.349428915925404482e-01
4.013607038123166859e+01,5.555269295731271040e-01,6.386584628235566496e-01,7.352109564717715928e-01
4.016554252199413355e+01,5.556901649826416767e-01,6.388872102458293956e-01,7.354789232771767882e-01
4.019501466275659851e+01,5.558533482774147272e-01,6.391158657175408653e-01,7.357467921161857660e-01
4.022448680351906347e+01,5.560164795059977516e-01,6.393444293454423333e-01,7.360145630960316376e-01
4.025395894428152133e+01,5.561795587168663069e-01,6.395729012360801269e-01,7.362822363237526702e-01
4.028343108504398629e+01,5.563425859584208988e-01,6.398012814957962924e-01,7.365498119061919535e-01
4.031290322580645125e+01,5.565055612789884254e-01,6.400295702307291501e-01,7.368172899499979556e-01
4.034237536656891621e+01,5.566684847268205116e-01,6.402577675468138496e-01,7.370846705616256322e-01
4.037184750733138117e+01,5.568313563500946195e-01,6.404858735497827027e-01,7.373519538473360946e-01
4.040131964809383902e+01,5.569941761969147143e-01,6.407138883451662936e-01,7.376191399131974968e-01
4.043079178885630398e+01,5.571569443153100432e-01,6.409418120382932571e-01,7.378862288650860357e-01
4.046026392961876894e+01,5.573410554716689003e-01,6.411638980076139749e-01,7.381586145629769335e-01
4.048973607038123390e+01,5.575651224514197590e-01,6.413751470474785554e-01,7.384409895883061736e-01
4.051920821114369176e+01,5.577890915782804937e-01,6.415863179681954298e-01,7.387232562672881864e-01
4.054868035190615672e+01,5.580129629769200461e-01,6.417974108532031874e-01,7.390054147243868554e-01
4.057815249266862168e+01,5.582367367717449014e-01,6.420084257857929799e-01,7.392874650838282546e-01
4.060762463343108664e+01,5.584604130868993099e-01,6.422193628491092987e-01,7.395694074696006481e-01
4.063709677419355160e+01,5.586839920462655096e-01,6.424302221261496415e-01,7.398512420054557115e-01
4.066656891495600945e+01,5.589074737734653908e-01,6.426410036997655117e-01,7.401329688149093089e-01
4.069604105571847441e+01,5.591308583918608299e-01,6.428517076526627516e-01,7.404145880212412711e-01
4.072551319648093937e+01,5.593541460245542440e-01,6.430623340674015420e-01,7.406960997474968389e-01
4.075498533724340433e+01,5.595773367943897014e-01,6.432728830263966247e-01,7.409775041164868847e-01
4.078445747800586219e+01,5.598004308239541427e-01,6.434833546119184122e-01,7.412588012507884683e-01
4.081392961876832715e+01,5.600234282355768256e-01,6.436937489060925444e-01,7.415399912727461684e-01
4.084340175953079211e+01,5.602463291513309906e-01,6.439040659909008868e-01,7.418210743044715283e-01
4.087287390029325707e+01,5.604691336930347489e-01,6.441143059481813093e-01,7.421020504678447205e-01
4.090234604105571492e+01,5.606918419822516375e-01,6.443244688596282410e-01,7.423829198845142141e-01
4.093181818181817988e+01,5.609144541402900641e-01,6.445345548067936692e-01,7.426636826758988841e-01
4.096129032258064484e+01,5.611369702882069710e-01,6.447445638710860294e-01,7.429443389631867900e-01
4.099076246334310980e+01,5.613593905468055034e-01,6.449544961337723148e-01,7.432248888673368414e-01
4.102023460410557476e+01,5.615817150366375632e-01,6.451643516759767438e-01,7.435053325090796861e-01
4.104970674486803262e+01,5.618039438780043637e-01,6.453741305786823146e-01,7.437856700089170436e-01
4.107917888563049758e+01,5.620260771909563191e-01,6.455838329227306938e-01,7.440659014871239263e-01
4.110865102639296254e+01,5.622481150952940432e-01,6.457934587888227718e-01,7.443460270637479725e-01
4.113812316715542750e+01,5.624700577105707922e-01,6.460030082575184407e-01,7.446260468586104464e-01
4.116759530791788535e+01,5.626919051560899110e-01,6.462124814092374825e-01,7.449059609913072366e-01
4.119706744868035031e+01,5.629136575509081641e-01,6.464218783242600130e-01,7.451857695812087456e-01
4.122653958944281527e+01,5.631353150138359576e-01,6.466311990827262601e-01,7.454654727474608888e-01
4.125601173020528023e+01,5.633568776634375608e-01,6.468404437646372296e-01,7.457450706089860937e-01
4.128548387096774519e+01,5.635783456180313289e-01,6.470496124498551493e-01,7.460245632844827446e-01
4.131495601173020304e+01,5.637997189956920341e-01,6.472587052181035805e-01,7.463039508924268484e-01
4.134442815249266800e+01,5.640209979142500885e-01,6.474677221489679724e-01,7.465832335510722562e-01
4.137390029325513296e+01,5.642421824912930983e-01,6.476766633218957736e-01,7.468624113784511076e-01
4.140337243401759793e+01,5.644632728441658642e-01,6.478855288161966541e-01,7.471414844923746079e-01
4.143284457478005578e+01,5.646842690899717132e-01,6.480943187110436154e-01,7.474204530104331390e-01
4.146231671554252074e+01,5.649051713455723878e-01,6.483030330854722134e-01,7.476993170499978136e-01
4.149178885630498570e+01,5.651259797275905994e-01,6.485116720183816685e-01,7.479780767282201426e-01
4.152126099706745066e+01,5.653466943524081412e-01,6.487202355885348659e-01,7.482567321620327006e-01
4.155073313782990851e+01,5.655673153361682193e-01,6.489287238745586883e-01,7.485352834681504586e-01
4.158020527859237347e+01,5.657878427947758970e-01,6.491371369549449044e-01,7.488137307630703399e-01
4.160967741935483843e+01,5.660082768438989831e-01,6.493454749080492805e-01,7.490920741630725521e-01
4.163914956011730339e+01,5.662286175989671433e-01,6.495537378120932459e-01,7.493703137842205875e-01
4.166862170087976835e+01,5.664488651751752313e-01,6.497619257451634489e-01,7.496484497423623328e-01
4.169809384164222621e+01,5.666690196874816232e-01,6.499700387852119787e-01,7.499264821531299585e-01
4.172756598240469117e+01,5.668890812506099941e-01,6.501780770100573648e-01,7.502044111319414732e-01
4.175703812316715613e+01,5.671090499790503170e-01,6.503860404973842435e-01,7.504822367940002792e-01
4.178651026392962109e+01,5.673289259870584189e-01,6.505939293247438027e-01,7.507599592542960609e-01
4.181598240469207894e+01,5.675487093886569800e-01,6.508017435695545583e-01,7.510375786276056731e-01
4.184545454545454390e+01,5.677684002976377542e-01,6.510094833091020217e-01,7.513150950284932517e-01
4.187492668621700886e+01,5.679879988275592373e-01,6.512171486205398097e-01,7.515925085713111020e-01
4.190439882697947382e+01,5.682075050917499981e-01,6.514247395808887564e-01,7.518698193701999211e-01
4.193387096774193878e+01,5.684269192033083451e-01,6.516322562670384677e-01,7.521470275390896854e-01
4.196334310850439664e+01,5.686462412751028817e-01,6.518396987557468769e-01,7.524241331916996511e-01
4.199281524926686160e+01,5.688654714197728390e-01,6.520470671236411331e-01,7.527011364415399086e-01
4.202228739002932656e+01,5.690846097497300748e-01,6.522543614472171569e-01,7.529780374019107159e-01
4.205175953079179152e+01,5.693036563771576297e-01,6.524615818028407510e-01,7.532548361859038311e-01
4.208123167155424937e+01,5.695226114140123919e-01,6.526687282667471557e-01,7.535315329064028456e-01
4.211070381231671433e+01,5.697414749720246530e-01,6.528758009150420483e-01,7.538081276760836280e-01
4.214017595307917929e+01,5.699602471626986633e-01,6.530827998237015430e-01,7.540846206074151015e-01
4.216964809384164425e+01,5.701789280973138530e-01,6.532897250685721913e-01,7.543610118126593544e-01
4.219912023460410211e+01,5.703975178869253870e-01,6.534965767253718694e-01,7.546373014038725291e-01
4.222859237536656707e+01,5.706160166423643876e-01,6.537033548696897789e-01,7.549134894929052653e-01
4.225806451612903203e+01,5.708344244742383777e-01,6.539100595769867796e-01,7.551895761914033667e-01
4.228753665689149699e+01,5.710527414929329471e-01,6.541166909225955006e-01,7.554655616108078009e-01
4.231700879765396195e+01,5.712709678086118625e-01,6.543232489817211173e-01,7.557414458623558096e-01
4.234648093841641980e+01,5.714891035312161804e-01,6.545297338294411293e-01,7.560172290570813525e-01
4.237595307917888476e+01,5.717071487704680210e-01,6.547361455407061381e-01,7.562929113058152186e-01
4.240542521994134972e+01,5.719251036358684592e-01,6.549424841903397354e-01,7.565684927191858034e-01
4.243489736070381468e+01,5.721429682366990788e-01,6.551487498530391695e-01,7.568439734076199965e-01
4.246436950146627254e+01,5.723607426820229716e-01,6.553549426033750125e-01,7.571193534813428494e-01
4.249384164222873750e+01,5.725784270806849596e-01,6.555610625157926030e-01,7.573946330503790181e-01
4.252331378299120246e+01,5.727960215413115952e-01,6.557671096646111586e-01,7.576698122245525413e-01
4.255278592375366742e+01,5.730135261723136031e-01,6.559730841240244414e-01,7.579448911134877287e-01
4.258225806451613238e+01,5.732309410818839934e-01,6.561789859681016468e-01,7.582198698266096049e-01
4.261173020527859023e+01,5.734482663780002820e-01,6.563848152707868477e-01,7.584947484731441314e-01
4.264120234604105519e+01,5.736655021684258227e-01,6.565905721058998834e-01,7.587695271621196502e-01
4.267067448680352015e+01,5.738826485607080308e-01,6.567962565471360259e-01,7.590442060023658843e-01
4.270014662756598511e+01,5.740997056621806038e-01,6.570018686680672015e-01,7.593187851025159363e-01
4.272961876832844297e+01,5.743166735799642986e-01,6.572074085421413248e-01,7.595932645710056219e-01
4.275909090909090793e+01,5.745335524209669309e-01,6.574128762426835193e-01,7.598676445160748028e-01
4.278856304985337289e+01,5.747503422918837090e-01,6.576182718428951191e-01,7.601419250457673860e-01
4.281803519061583785e+01,5.749670432991977886e-01,6.578235954158554444e-01,7.604161062679319905e-01
4.284750733137829570e+01,5.751836555491823821e-01,6.580288470345210250e-01,7.606901882902223910e-01
4.287697947214076066e+01,5.754001791478994265e-01,6.582340267717264881e-01,7.609641712200982955e-01
4.290645161290322562e+01,5.756166142012013598e-01,6.584391347001843364e-01,7.612380551648253446e-01
4.293592375366569058e+01,5.758329608147308987e-01,6.586441708924856142e-01,7.615118402314756674e-01
4.296539589442815554e+01,5.760492190939219270e-01,6.588491354211000184e-01,7.617855265269291021e-01
4.299486803519061340e+01,5.762653891440010501e-01,6.590540283583762315e-01,7.620591141578725303e-01
4.302434017595307836e+01,5.764814710699863731e-01,6.592588497765424771e-01,7.623326032308015421e-01
4.305381231671554332e+01,5.766974649766890559e-01,6.594635997477061862e-01,7.626059938520198811e-01
4.308328445747800828e+01,5.769133709687136458e-01,6.596682783438546638e-01,7.628792861276405546e-01
4.311275659824046613e+01,5.771291891504598537e-01,6.598728856368555329e-01,7.631524801635858335e-01
4.314222873900293109e+01,5.773449196261208893e-01,6.600774216984566234e-01,7.634255760655888068e-01
4.317170087976539605e+01,5.775605624996859033e-01,6.602818866002864162e-01,7.636985739391922712e-01
4.320117302052786101e+01,5.777761178749393212e-01,6.604862804138544874e-01,7.639714738897503965e-01
4.323064516129031887e+01,5.779915858554622865e-01,6.606906032105513971e-01,7.642442760224286147e-01
4.326011730205278383e+01,5.782069665446331053e-01,6.608948550616495776e-01,7.645169804422046189e-01
4.328958944281524879e+01,5.784222600456265795e-01,6.610990360383027786e-01,7.647895872538684747e-01
4.331906158357771375e+01,5.786374664614164498e-01,6.613031462115471770e-01,7.650620965620228420e-01
4.334853372434017871e+01,5.788525858947746183e-01,6.615071856523010441e-01,7.653345084710837520e-01
4.337800586510263656e+01,5.790676184482724809e-01,6.617111544313651894e-01,7.656068230852813850e-01
4.340747800586510152e+01,5.792825642242805939e-01,6.619150526194235162e-01,7.658790405086599584e-01
4.343695014662756648e+01,5.794974233249702289e-01,6.621188802870427992e-01,7.661511608450785049e-01
4.346642228739003144e+01,5.797121958523131502e-01,6.623226375046734615e-01,7.664231841982112048e-01
4.349589442815248930e+01,5.799268819080825033e-01,6.625263243426492421e-01,7.666951106715478303e-01
4.352536656891495426e+01,5.801414815938529257e-01,6.627299408711883055e-01,7.669669403683944120e-01
4.355483870967741922e+01,5.803559950110019905e-01,6.629334871603925761e-01,7.672386733918736823e-01
4.358431085043988418e+01,5.805704222607099840e-01,6.631369632802487368e-01,7.675103098449251871e-01
4.361378299120234914e+01,5.807847634439604612e-01,6.633403693006280077e-01,7.677818498303059513e-01
4.364325513196480699e+01,5.809990186615414665e-01,6.635437052912865896e-01,7.680532934505909237e-01
4.367272727272727195e+01,5.812131880140447571e-01,6.637469713218661083e-01,7.683246408081736423e-01
4.370219941348973691e+01,5.814272716018680232e-01,6.639501674618936145e-01,7.685958920052665677e-01
4.373167155425220187e+01,5.816412695252142218e-01,6.641532937807820280e-01,7.688670471439008614e-01
4.376114369501465973e+01,5.818551818840919099e-01,6.643563503478301380e-01,7.691381063259280504e-01
4.379061583577712469e+01,5.820690087783163547e-01,6.645593372322233794e-01,7.694090696530198059e-01
4.382008797653958965e+01,5.822827503075110878e-01,6.647622545030333896e-01,7.696799372266678319e-01
4.384956011730205461e+01,5.824964065711061290e-01,6.649651022292187852e-01,7.699507091481857524e-01
4.387903225806451246e+01,5.827099776683398735e-01,6.651678804796251621e-01,7.702213855187077796e-01
4.390850439882697742e+01,5.829234636982597584e-01,6.653705893229858725e-01,7.704919664391909340e-01
4.393797653958944238e+01,5.831368647597222621e-01,6.655732288279213593e-01,7.707624520104141563e-01
4.396744868035190734e+01,5.833501809513940151e-01,6.657757990629400435e-01,7.710328423329793068e-01
4.399692082111437230e+01,5.835634123717508004e-01,6.659783000964386579e-01,7.713031375073113871e-01
4.402639296187683016e+01,5.837765591190802184e-01,6.661807319967023577e-01,7.715733376336593174e-01
4.405586510263929512e+01,5.839896212914804652e-01,6.663830948319044989e-01,7.718434428120960478e-01
4.408533724340176008e+01,5.842025989868621094e-01,6.665853886701077480e-01,7.721134531425191128e-01
4.411480938416422504e+01,5.844154923029474258e-01,6.667876135792636383e-01,7.723833687246509649e-01
4.414428152492668289e+01,5.846283013372716164e-01,6.669897696272131249e-01,7.726531896580395298e-01
4.417375366568914785e+01,5.848410261871835880e-01,6.671918568816869177e-01,7.729229160420586497e-01
4.420322580645161281e+01,5.850536669498455078e-01,6.673938754103054816e-01,7.731925479759083064e-01
4.423269794721407777e+01,5.852662237222334696e-01,6.675958252805795912e-01,7.734620855586152866e-01
4.426217008797654273e+01,5.854786966011393812e-01,6.677977065599102202e-01,7.737315288890334042e-01
4.429164222873900059e+01,5.856910856831696321e-01,6.679995193155888744e-01,7.740008780658439447e-01
4.432111436950146555e+01,5.859033910647464261e-01,6.682012636147982576e-01,7.742701331875566639e-01
4.435058651026393051e+01,5.861156128421085576e-01,6.684029395246119387e-01,7.745392943525090113e-01
4.438005865102639547e+01,5.863277511113113016e-01,6.686045471119950179e-01,7.748083616588676836e-01
4.440953079178885332e+01,5.865398059682268572e-01,6.688060864438040154e-01,7.750773352046282927e-01
4.443900293255131828e+01,5.867517775085462350e-01,6.690075575867875379e-01,7.753462150876165859e-01
4.446847507331378324e+01,5.869636658277769259e-01,6.692089606075861674e-01,7.756150014054876696e-01
4.449794721407624820e+01,5.871754710212462314e-01,6.694102955727329052e-01,7.758836942557277849e-01
4.452741935483870606e+01,5.873871931841005978e-01,6.696115625486531719e-01,7.761522937356536422e-01
4.455689149560117102e+01,5.875988324113058381e-01,6.698127616016653629e-01,7.764207999424131978e-01
4.458636363636363598e+01,5.878103887976476871e-01,6.700138927979810699e-01,7.766892129729863203e-01
4.461583577712610094e+01,5.880218624377329117e-01,6.702149562037048591e-01,7.769575329241850126e-01
4.464530791788856590e+01,5.882332534259888668e-01,6.704159518848352706e-01,7.772257598926535227e-01
4.467478005865102375e+01,5.884445618566647163e-01,6.706168799072640407e-01,7.774938939748694544e-01
4.470425219941348871e+01,5.886557878238315444e-01,6.708177403367775460e-01,7.777619352671431008e-01
4.473372434017595367e+01,5.888669314213830219e-01,6.710185332390561364e-01,7.780298838656188876e-01
4.476319648093841863e+01,5.890779927430351837e-01,6.712192586796748017e-01,7.782977398662754842e-01
4.479266862170087649e+01,5.892889718823283163e-01,6.714199167241029498e-01,7.785655033649258039e-01
4.482214076246334145e+01,5.894998689326261809e-01,6.716205074377054052e-01,7.788331744572176696e-01
4.485161290322580641e+01,5.897106839871165684e-01,6.718210308857419655e-01,7.791007532386343692e-01
4.488108504398827137e+01,5.899214171388127426e-01,6.720214871333677342e-01,7.793682398044949888e-01
4.491055718475073633e+01,5.901320684805524408e-01,6.722218762456338981e-01,7.796356342499545233e-01
4.494002932551319418e+01,5.903426381049992067e-01,6.724221982874871717e-01,7.799029366700044319e-01
4.496950146627565914e+01,5.905531261046437219e-01,6.726224533237705749e-01,7.801701471594734150e-01
4.499897360703812410e+01,5.907635325718021413e-01,6.728226414192235438e-01,7.804372658130270812e-01
4.502844574780058906e+01,5.909738575986179798e-01,6.730227626384820416e-01,7.807042927251690578e-01
4.505791788856304692e+01,5.911841012770626680e-01,6.732228170460788919e-01,7.809712279902405463e-01
4.508739002932551188e+01,5.913942636989353296e-01,6.734228047064440004e-01,7.812380717024218768e-01
4.511686217008797684e+01,5.916043449558633371e-01,6.736227256839044664e-01,7.815048239557317311e-01
4.514633431085044180e+01,5.918143451393036436e-01,6.738225800426851375e-01,7.817714848440282527e-01
4.517580645161289965e+01,5.920242643405412286e-01,6.740223678469082769e-01,7.820380544610089357e-01
4.520527859237536461e+01,5.922341026506918737e-01,6.742220891605945621e-01,7.823045329002117354e-01
4.523475073313782957e+01,5.924438601607016075e-01,6.744217440476625303e-01,7.825709202550144017e-01
4.526422287390029453e+01,5.926535369613465942e-01,6.746213325719292442e-01,7.828372166186360337e-01
4.529369501466275949e+01,5.928631331432339113e-01,6.748208547971105142e-01,7.831034220841364135e-01
4.532316715542521735e+01,5.930726487968031035e-01,6.750203107868207875e-01,7.833695367444171165e-01
4.535263929618768231e+01,5.932820840123249617e-01,6.752197006045739247e-01,7.836355606922215111e-01
4.538211143695014727e+01,5.934914388799024110e-01,6.754190243137829786e-01,7.839014940201353143e-01
4.541158357771261223e+01,5.937007134894719540e-01,6.756182819777604154e-01,7.841673368205867023e-01
4.544105571847507008e+01,5.939099079308028939e-01,6.758174736597186705e-01,7.844330891858470878e-01
4.547052785923753504e+01,5.941190222934982224e-01,6.760165994227701480e-01,7.846987512080313421e-01
4.550000000000000000e+01,5.943280566669956189e-01,6.762156593299273322e-01,7.849643229790977950e-01
