Y,pxR,pxG,pxB
0.000000000000000000e+00,0.000000000000000000e+00,0.000000000000000000e+00,0.000000000000000000e+00
2.931118710307767383e-02,1.764057740273526978e-02,2.137318992105741861e-02,1.992499014654828399e-02
5.862237420615534766e-02,2.460078405782631719e-02,2.962846635632364334e-02,2.811548386175514655e-02
8.793356130923302150e-02,2.988399684634896261e-02,3.586576939551965049e-02,3.438944844484492780e-02
1.172447484123106953e-01,3.430718634901157305e-02,4.107229767152938832e-02,3.967281423813167479e-02
1.465559355153883692e-01,3.818415260063456190e-02,4.562587687560494543e-02,4.432375374860345052e-02
1.758671226184660430e-01,4.167492573614973300e-02,4.971872452374870993e-02,4.852579477602379093e-02
2.051783097215437168e-01,4.487416084977770975e-02,5.346432416747093352e-02,5.238788626240802743e-02
2.344894968246213907e-01,4.784331395370176876e-02,5.693624555962459310e-02,5.598097465839054626e-02
2.638006839276990645e-01,5.062494538155663110e-02,6.018537331506355198e-02,5.935431614481984780e-02
2.931118710307767383e-01,5.324996291865395637e-02,6.324861955466803964e-02,6.254375907067401263e-02
3.224230581338544122e-01,5.574164609612995008e-02,6.615375906280121510e-02,6.557635618586848958e-02
3.517342452369320860e-01,5.811804371562120236e-02,6.892230697767234848e-02,6.847311792224342053e-02
3.810454323400097598e-01,6.039348236402801440e-02,7.157132779286133617e-02,7.125074782665122286e-02
4.103566194430874337e-01,6.257955823318873956e-02,7.411462377447135264e-02,7.392278540310132096e-02
4.396678065461651075e-01,6.468581327280920057e-02,7.656354454028357903e-02,7.650038635947119248e-02
4.689789936492427813e-01,6.672021036019534779e-02,7.892755560819249283e-02,7.899287166503136948e-02
4.982901807523204551e-01,6.868947597484030554e-02,8.121464815381745916e-02,8.140812400143605798e-02
5.276013678553981290e-01,7.059935289180602203e-02,8.343164099483738050e-02,8.375288044919240726e-02
5.569125549584758028e-01,7.245479017463918314e-02,8.558440751991161499e-02,8.603295278787448375e-02
5.862237420615534766e-01,7.426008848474219270e-02,8.767804915789019493e-02,8.825339615586523523e-02
6.155349291646311505e-01,7.601901290993919036e-02,8.971703000629829838e-02,9.041864013506575870e-02
6.448461162677088243e-01,7.773488176333979982e-02,9.170528273860842350e-02,9.253259201113776811e-02
6.741573033707864981e-01,7.941063732268868747e-02,9.364629293579779246e-02,9.459871910376292659e-02
7.034684904738641720e-01,8.104890280346585540e-02,9.554316697837803019e-02,9.662011512916091061e-02
7.327796775769418458e-01,8.265202870301012472e-02,9.739868725055857157e-02,9.859955422397916058e-02
7.620908646800195196e-01,8.422213084177306019e-02,9.921535743707514399e-02,1.005395353234456585e-01
7.914020517830971935e-01,8.576112184935891225e-02,1.009954400009625275e-01,1.024423189185320882e-01
8.207132388861748673e-01,8.727073742439599158e-02,1.027409874297728898e-01,1.043099577329995448e-01
8.500244259892525411e-01,8.875255839024062676e-02,1.044538684705604015e-01,1.061443225060324652e-01
8.793356130923302150e-01,9.020802934049715338e-02,1.061357903013687848e-01,1.079471238022342849e-01
9.086468001954078888e-01,9.163847449706036263e-02,1.077883173822751506e-01,1.097199305723745577e-01
9.379579872984855626e-01,9.304511127336503873e-02,1.094128875737094275e-01,1.114641860375839427e-01
9.672691744015632365e-01,9.442906193585015595e-02,1.110108259907238021e-01,1.131812213540984574e-01
9.965803615046409103e-01,9.579136367952899300e-02,1.125833569698142106e-01,1.148722674261720283e-01
1.025891548607718473e+00,9.713297737338508209e-02,1.141316144530742788e-01,1.165384651649163383e-01
1.055202735710796258e+00,9.845479518398844720e-02,1.156566510379894858e-01,1.181808744358503055e-01
1.084513922813874043e+00,9.975764724822309970e-02,1.171594458964400204e-01,1.198004818943545213e-01
1.113825109916951606e+00,1.010423075360921269e-01,1.186409117307904576e-01,1.213982078734257009e-01
1.143136297020029168e+00,1.023094990205253157e-01,1.201019009062786330e-01,1.229749124601571125e-01
1.172447484123106953e+00,1.035598982516838101e-01,1.215432108757548701e-01,1.245314008747532425e-01
1.201758671226184738e+00,1.047941394174565777e-01,1.229655889939917923e-01,1.260684282474875406e-01
1.231069858329262301e+00,1.060128179589264058e-01,1.243697368033951089e-01,1.275867038739630366e-01
1.260381045432339864e+00,1.072164937989647515e-01,1.257563138602970365e-01,1.290868950166586537e-01
1.289692232535417649e+00,1.084056942333454787e-01,1.271259411605687728e-01,1.305696303105176870e-01
1.319003419638495433e+00,1.095809165264859664e-01,1.284792042146207236e-01,1.320355028218421489e-01
1.348314606741572996e+00,1.107426302478577845e-01,1.298166558146339189e-01,1.334850728026737432e-01
1.377625793844650559e+00,1.118912793800234534e-01,1.311388185308172416e-01,1.349188701769084842e-01
1.406936980947728344e+00,1.130272842249855914e-01,1.324461869683996595e-01,1.363373967894004612e-01
1.436248168050806129e+00,1.141510431319266161e-01,1.337392298127765000e-01,1.377411284450970053e-01
1.465559355153883692e+00,1.152629340663610669e-01,1.350183916865925760e-01,1.391305167616746219e-01
1.494870542256961254e+00,1.163633160381250531e-01,1.362840948394554441e-01,1.405059908561066273e-01
1.524181729360039039e+00,1.174525304034089307e-01,1.375367406883348242e-01,1.418679588830003002e-01
1.553492916463116824e+00,1.185309020541425729e-01,1.387767112244488177e-01,1.432168094403200864e-01
1.582804103566194387e+00,1.195987405064118936e-01,1.400043703004992812e-01,1.445529128562062782e-01
1.612115290669271950e+00,1.206563408981819324e-01,1.412200648104508238e-01,1.458766223689534625e-01
1.641426477772349735e+00,1.217039849053883210e-01,1.424241257726069354e-01,1.471882752107941117e-01
1.670737664875427519e+00,1.227419415844099165e-01,1.436168693254874229e-01,1.484881936049000373e-01
1.700048851978505082e+00,1.237704681480202157e-01,1.447985976449294165e-01,1.497766856839462812e-01
1.729360039081582645e+00,1.247898106811238389e-01,1.459695997898880770e-01,1.510540463376493503e-01
1.758671226184660430e+00,1.258002048018866670e-01,1.471301524835909036e-01,1.523205579958778477e-01
1.787982413287738215e+00,1.268018762732648907e-01,1.482805208359772031e-01,1.535764913532220721e-01
1.817293600390815778e+00,1.277950415694019126e-01,1.494209590127234533e-01,1.548221060402829585e-01
1.846604787493893340e+00,1.287799084008971473e-01,1.505517108555977090e-01,1.560576512463920373e-01
1.875915974596971125e+00,1.297566762025348930e-01,1.516730104583981220e-01,1.572833662979884473e-01
1.905227161700048910e+00,1.307255365866996921e-01,1.527850827022967928e-01,1.584994811964524630e-01
1.934538348803126473e+00,1.316866737653812625e-01,1.538881437540295105e-01,1.597062171188151081e-01
1.963849535906204036e+00,1.326402649433855996e-01,1.549824015300309277e-01,1.609037868844282737e-01
1.993160723009281821e+00,1.335864806851166098e-01,1.560680561293157909e-01,1.620923953903815606e-01
2.022471910112359605e+00,1.345254852570658133e-01,1.571453002376369812e-01,1.632722400181859657e-01
2.051783097215436946e+00,1.354574369479461249e-01,1.582143195052146956e-01,1.644435110140083089e-01
2.081094284318514731e+00,1.363824883682276112e-01,1.592752929001153284e-01,1.656063918445286887e-01
2.110405471421592516e+00,1.373007867306692276e-01,1.603283930391707079e-01,1.667610595303040677e-01
2.139716658524670301e+00,1.382124741133008150e-01,1.613737864981554804e-01,1.679076849583514275e-01
2.169027845627748086e+00,1.391176877061758577e-01,1.624116341027889154e-01,1.690464331755122118e-01
2.198339032730825426e+00,1.400165600431035606e-01,1.634420912019878547e-01,1.701774636640223104e-01
2.227650219833903211e+00,1.409092192194601467e-01,1.644653079246759242e-01,1.713009306005894572e-01
2.256961406936980996e+00,1.417957890970887591e-01,1.654814294213406423e-01,1.724169831001682862e-01
2.286272594040058337e+00,1.426763894972098712e-01,1.664905960914299654e-01,1.735257654455232279e-01
2.315583781143136122e+00,1.435511363821884712e-01,1.674929437975892499e-01,1.746274173035794741e-01
2.344894968246213907e+00,1.444201420269333458e-01,1.684886040676557284e-01,1.757220739294783618e-01
2.374206155349291691e+00,1.452835151806427250e-01,1.694777042852550764e-01,1.768098663591820552e-01
2.403517342452369476e+00,1.461413612195515688e-01,1.704603678697746150e-01,1.778909215914017128e-01
2.432828529555446817e+00,1.469937822912844028e-01,1.714367144464278014e-01,1.789653627595644281e-01
2.462139716658524602e+00,1.478408774513704504e-01,1.724068600070677859e-01,1.800333092944773339e-01
2.491450903761602387e+00,1.486827427924346523e-01,1.733709170623570772e-01,1.810948770782962458e-01
2.520762090864679728e+00,1.495194715665389695e-01,1.743289947858540634e-01,1.821501785903607007e-01
2.550073277967757512e+00,1.503511543011116502e-01,1.752811991505344169e-01,1.831993230454143085e-01
2.579384465070835297e+00,1.511778789088710495e-01,1.762276330582264738e-01,1.842424165246901446e-01
2.608695652173913082e+00,1.519997307921192031e-01,1.771683964624048979e-01,1.852795621003072435e-01
2.638006839276990867e+00,1.528167929417535431e-01,1.781035864847541061e-01,1.863108599533897791e-01
2.667318026380068208e+00,1.536291460313192470e-01,1.790332975258822623e-01,1.873364074862918505e-01
2.696629213483145993e+00,1.544368685064031743e-01,1.799576213705416095e-01,1.883562994292841131e-01
2.725940400586223777e+00,1.552400366696476963e-01,1.808766472876829901e-01,1.893706279420315219e-01
2.755251587689301118e+00,1.560387247616431827e-01,1.817904621256517250e-01,1.903794827101705778e-01
2.784562774792378903e+00,1.568330050379416751e-01,1.826991504028096514e-01,1.913829510372718756e-01
2.813873961895456688e+00,1.576229478424151786e-01,1.836027943938484952e-01,1.923811179324543541e-01
2.843185148998534473e+00,1.584086216771699307e-01,1.845014742120422435e-01,1.933740661939004346e-01
2.872496336101612258e+00,1.591900932692099091e-01,1.853952678876698013e-01,1.943618764885035322e-01
2.901807523204689598e+00,1.599674276340345147e-01,1.862842514428224849e-01,1.953446274278647088e-01
2.931118710307767383e+00,1.607406881363391271e-01,1.871684989627987739e-01,1.963223956408412796e-01
2.960429897410845168e+00,1.615099365479794602e-01,1.880480826642736136e-01,1.972952558428360814e-01
2.989741084513922509e+00,1.622752331033475992e-01,1.889230729604191861e-01,1.982632809020048736e-01
3.019052271617000294e+00,1.630366365523005789e-01,1.897935385231412364e-01,1.992265419025480988e-01
3.048363458720078079e+00,1.637942042107715657e-01,1.906595463425859449e-01,2.001851082052414077e-01
3.077674645823155863e+00,1.645479920091869608e-01,1.915211617840619773e-01,2.011390475053520532e-01
3.106985832926233648e+00,1.652980545388037237e-01,1.923784486425131335e-01,2.020884258880767115e-01
3.136297020029310989e+00,1.660444450960760487e-01,1.932314691946695473e-01,2.030333078816295989e-01
3.165608207132388774e+00,1.667872157251517051e-01,1.940802842489969260e-01,2.039737565081017057e-01
3.194919394235466559e+00,1.675264172585941291e-01,1.949249531935558499e-01,2.049098333322038612e-01
3.224230581338543900e+00,1.682620993564195311e-01,1.957655340418778811e-01,2.058415985080006561e-01
3.253541768441621684e+00,1.689943105435339210e-01,1.966020834769566794e-01,2.067691108237356135e-01
3.282852955544699469e+00,1.697230982456488513e-01,1.974346568934489121e-01,2.076924277448414236e-01
3.312164142647777254e+00,1.704485088237508161e-01,1.982633084381724697e-01,2.086116054552250854e-01
3.341475329750855039e+00,1.711705876071949184e-01,1.990880910489852551e-01,2.095266988969109734e-01
3.370786516853932380e+00,1.718893789254895832e-01,1.999090564921230939e-01,2.104377618081215151e-01
3.400097703957010165e+00,1.726049261388345746e-01,2.007262553980704023e-01,2.113448467598698921e-01
3.429408891060087949e+00,1.733172716674712122e-01,2.015397372960334721e-01,2.122480051911348753e-01
3.458720078163165290e+00,1.740264570199015204e-01,2.023495506470827099e-01,2.131472874426850184e-01
3.488031265266243075e+00,1.747325228200289071e-01,2.031557428760250306e-01,2.140427427896146317e-01
3.517342452369320860e+00,1.754355088332695822e-01,2.039583604020663576e-01,2.149344194726507951e-01
3.546653639472398645e+00,1.761354539916828998e-01,2.047574486683193251e-01,2.158223647282881685e-01
3.575964826575476430e+00,1.768323964181646168e-01,2.055530521702088609e-01,2.167066248178046717e-01
3.605276013678553770e+00,1.775263734497457280e-01,2.063452144828255563e-01,2.175872450552078785e-01
3.634587200781631555e+00,1.782174216600371230e-01,2.071339782872740065e-01,2.184642698341608125e-01
3.663898387884709340e+00,1.789055768808571756e-01,2.079193853960607519e-01,2.193377426539313557e-01
3.693209574987786681e+00,1.795908742230792332e-01,2.087014767775645929e-01,2.202077061444089323e-01
3.722520762090864466e+00,1.802733480967328439e-01,2.094802925796287740e-01,2.210742020902289606e-01
3.751831949193942251e+00,1.809530322303903871e-01,2.102558721523139218e-01,2.219372714540429614e-01
3.781143136297020035e+00,1.816299596898710844e-01,2.110282540698473486e-01,2.227969543989724299e-01
3.810454323400097820e+00,1.823041628962905614e-01,2.117974761518035265e-01,2.236532903102795289e-01
3.839765510503175161e+00,1.829756736434841324e-01,2.125635754835479563e-01,2.245063178162892137e-01
3.869076697606252946e+00,1.836445231148300938e-01,2.133265884359756837e-01,2.253560748085927934e-01
3.898387884709330731e+00,1.843107418994977820e-01,2.140865506845743005e-01,2.262025984615643470e-01
3.927699071812408071e+00,1.849743600081448780e-01,2.148434972278384369e-01,2.270459252512167514e-01
3.957010258915485856e+00,1.856354068880860242e-01,2.155974624050636668e-01,2.278860909734258811e-01
3.986321446018563641e+00,1.862939114379541516e-01,2.163484799135445003e-01,2.287231307615474052e-01
4.015632633121641426e+00,1.869499020218763075e-01,2.170965828252003071e-01,2.295570791034518554e-01
4.044943820224719211e+00,1.876034064831816617e-01,2.178418036026535942e-01,2.303879698580003632e-01
4.074255007327796996e+00,1.882544521576616781e-01,2.185841741147805939e-01,2.312158362709838544e-01
4.103566194430873892e+00,1.889030658864003787e-01,2.193237256517569234e-01,2.320407109905468779e-01
4.132877381533951677e+00,1.895492740281905508e-01,2.200604889396170494e-01,2.328626260821160809e-01
4.162188568637029462e+00,1.901931024715521890e-01,2.207944941543470430e-01,2.336816130428525096e-01
4.191499755740107247e+00,1.908345766463704352e-01,2.215257709355287763e-01,2.344977028156470245e-01
4.220810942843185032e+00,1.914737215351650923e-01,2.222543483995526592e-01,2.353109258026749862e-01
4.250122129946262817e+00,1.921105616840071972e-01,2.229802551524157073e-01,2.361213118785282228e-01
4.279433317049340602e+00,1.927451212130966152e-01,2.237035193021204571e-01,2.369288904029399623e-01
4.308744504152418386e+00,1.933774238270114521e-01,2.244241684706902440e-01,2.377336902331173840e-01
4.338055691255496171e+00,1.940074928246446340e-01,2.251422298058144977e-01,2.385357397356977494e-01
4.367366878358573068e+00,1.946353511088352306e-01,2.258577299921387393e-01,2.393350667983405455e-01
4.396678065461650853e+00,1.952610211957105102e-01,2.265706952622118242e-01,2.401316988409707420e-01
4.425989252564728638e+00,1.958845252237448598e-01,2.272811514071033379e-01,2.409256628266841782e-01
4.455300439667806423e+00,1.965058849625495874e-01,2.279891237867028297e-01,2.417169852723289603e-01
4.484611626770884207e+00,1.971251218214006284e-01,2.286946373397132359e-01,2.425056922587734420e-01
4.513922813873961992e+00,1.977422568575156192e-01,2.293977165933482332e-01,2.432918094408726695e-01
4.543234000977039777e+00,1.983573107840874705e-01,2.300983856727458476e-01,2.440753620571438631e-01
4.572545188080116674e+00,1.989703039780852944e-01,2.307966683101065619e-01,2.448563749391610977e-01
4.601856375183194459e+00,1.995812564878281514e-01,2.314925878535671888e-01,2.456348725206795036e-01
4.631167562286272243e+00,2.001901880403426925e-01,2.321861672758187001e-01,2.464108788464977051e-01
4.660478749389350028e+00,2.007971180485090545e-01,2.328774291824781961e-01,2.471844175810685440e-01
4.689789936492427813e+00,2.014020656180055269e-01,2.335663958202218449e-01,2.479555120168661919e-01
4.719101123595505598e+00,2.020050495540558488e-01,2.342530890846888370e-01,2.487241850825177014e-01
4.748412310698583383e+00,2.026060883679884905e-01,2.349375305281627413e-01,2.494904593507082380e-01
4.777723497801661168e+00,2.032052002836126914e-01,2.356197413670389762e-01,2.502543570458661271e-01
4.807034684904738953e+00,2.038024032434180566e-01,2.362997424890847520e-01,2.510159000516364314e-01
4.836345872007815849e+00,2.043977149146032346e-01,2.369775544604988682e-01,2.517751099181493868e-01
4.865657059110893634e+00,2.049911526949404483e-01,2.376531975327785262e-01,2.525320078690908576e-01
4.894968246213971419e+00,2.055827337184799042e-01,2.383266916493983478e-01,2.532866148085812785e-01
4.924279433317049204e+00,2.061724748611001301e-01,2.389980564523092599e-01,2.540389513278690781e-01
4.953590620420126989e+00,2.067603927459096547e-01,2.396673112882617696e-01,2.547890377118455785e-01
4.982901807523204774e+00,2.073465037485036355e-01,2.403344752149607633e-01,2.555368939453859789e-01
5.012212994626282558e+00,2.079308240020821541e-01,2.409995670070560481e-01,2.562825397195228061e-01
5.041524181729359455e+00,2.085133694024316198e-01,2.416626051619747695e-01,2.570259944374569949e-01
5.070835368832437240e+00,2.090941556127775824e-01,2.423236079056002856e-01,2.577672772204120388e-01
5.100146555935515025e+00,2.096731980685087871e-01,2.429825931978027986e-01,2.585064069133355957e-01
5.129457743038592810e+00,2.102505119817807133e-01,2.436395787378261568e-01,2.592434020904541003e-01
5.158768930141670594e+00,2.108261123459987119e-01,2.442945819695354903e-01,2.599782810606843242e-01
5.188080117244748379e+00,2.114000139401873146e-01,2.449476200865298159e-01,2.607110618729068241e-01
5.217391304347826164e+00,2.119722313332474406e-01,2.455987100371244958e-01,2.614417623211056640e-01
5.246702491450903949e+00,2.125427788881060487e-01,2.462478685292065483e-01,2.621703999493776860e-01
5.276013678553981734e+00,2.131116707657606246e-01,2.468951120349678063e-01,2.628969920568166030e-01
5.305324865657058631e+00,2.136789209292233038e-01,2.475404567955184487e-01,2.636215557022743572e-01
5.334636052760136415e+00,2.142445431473650741e-01,2.481839188253865125e-01,2.643441077090050717e-01
5.363947239863214200e+00,2.148085509986663588e-01,2.488255139169040231e-01,2.650646646691933728e-01
5.393258426966291985e+00,2.153709578748734532e-01,2.494652576444860159e-01,2.657832429483718562e-01
5.422569614069369770e+00,2.159317769845669199e-01,2.501031653688036704e-01,2.664998586897307509e-01
5.451880801172447555e+00,2.164910213566411112e-01,2.507392522408558033e-01,2.672145278183223338e-01
5.481191988275525340e+00,2.170487038437008687e-01,2.513735332059411354e-01,2.679272660451643140e-01
5.510503175378602236e+00,2.176048371253750668e-01,2.520060230075344965e-01,2.686380888712437409e-01
5.539814362481680021e+00,2.181594337115516091e-01,2.526367361910700771e-01,2.693470115914259333e-01
5.569125549584757806e+00,2.187125059455339582e-01,2.532656871076337524e-01,2.700540492982699270e-01
5.598436736687835591e+00,2.192640660071238645e-01,2.538928899175678100e-01,2.707592168857535508e-01
5.627747923790913376e+00,2.198141259156304872e-01,2.545183585939901350e-01,2.714625290529112389e-01
5.657059110893991161e+00,2.203626975328090154e-01,2.551421069262305719e-01,2.721640003073861891e-01
5.686370297997068946e+00,2.209097925657305395e-01,2.557641485231867962e-01,2.728636449688998655e-01
5.715681485100146730e+00,2.214554225695849476e-01,2.563844968166020255e-01,2.735614771726412320e-01
5.744992672203224515e+00,2.219995989504195688e-01,2.570031650642664034e-01,2.742575108725776034e-01
5.774303859306301412e+00,2.225423329678136164e-01,2.576201663531447750e-01,2.749517598446896693e-01
5.803615046409379197e+00,2.230836357374927637e-01,2.582355136024326869e-01,2.756442376901324098e-01
5.832926233512456982e+00,2.236235182338826288e-01,2.588492195665424433e-01,2.763349578383249017e-01
5.862237420615534766e+00,2.241619912926058611e-01,2.594612968380211049e-01,2.770239335499691258e-01
5.891548607718612551e+00,2.246990656129211894e-01,2.600717578504031513e-01,2.777111779200022168e-01
5.920859794821690336e+00,2.252347517601093474e-01,2.606806148809980850e-01,2.783967038804813221e-01
5.950170981924768121e+00,2.257690601678042919e-01,2.612878800536163615e-01,2.790805242034054556e-01
5.979482169027845018e+00,2.263020011402736564e-01,2.618935653412340914e-01,2.797626515034742356e-01
6.008793356130922803e+00,2.268335848546479128e-01,2.624976825685991222e-01,2.804430982407853379e-01
6.038104543234000587e+00,2.273638213631010707e-01,2.631002434147788893e-01,2.811218767234737737e-01
6.067415730337078372e+00,2.278927205949829171e-01,2.637012594156533107e-01,2.817989991102927694e-01
6.096726917440156157e+00,2.284202923589057910e-01,2.643007419663522262e-01,2.824744774131391356e-01
6.126038104543233942e+00,2.289465463447846183e-01,2.648987023236406557e-01,2.831483234995231246e-01
6.155349291646311727e+00,2.294714921258343698e-01,2.654951516082517671e-01,2.838205490949863852e-01
6.184660478749389512e+00,2.299951391605234152e-01,2.660901008071701601e-01,2.844911657854671816e-01
6.213971665852467297e+00,2.305174967944858822e-01,2.666835607758656912e-01,2.851601850196153198e-01
6.243282852955544193e+00,2.310385742623927430e-01,2.672755422404801129e-01,2.858276181110585012e-01
6.272594040058621978e+00,2.315583806897834052e-01,2.678660557999668623e-01,2.864934762406201041e-01
6.301905227161699763e+00,2.320769250948592488e-01,2.684551119281859410e-01,2.871577704584908908e-01
6.331216414264777548e+00,2.325942163902380566e-01,2.690427209759545524e-01,2.878205116863549184e-01
6.360527601367855333e+00,2.331102633846736105e-01,2.696288931730547178e-01,2.884817107194715402e-01
6.389838788470933117e+00,2.336250747847377351e-01,2.702136386301994819e-01,2.891413782287138301e-01
6.419149975574010902e+00,2.341386591964692010e-01,2.707969673409574840e-01,2.897995247625653192e-01
6.448461162677087799e+00,2.346510251269870173e-01,2.713788891836389494e-01,2.904561607490755426e-01
6.477772349780165584e+00,2.351621809860720558e-01,2.719594139231414909e-01,2.911112964977755069e-01
6.507083536883243369e+00,2.356721350877150067e-01,2.725385512127595500e-01,2.917649422015543559e-01
6.536394723986321154e+00,2.361808956516343316e-01,2.731163105959559245e-01,2.924171079384980665e-01
6.565705911089398938e+00,2.366884708047618247e-01,2.736927015080978243e-01,2.930678036736907854e-01
6.595017098192476723e+00,2.371948685826999192e-01,2.742677332781578992e-01,2.937170392609801950e-01
6.624328285295554508e+00,2.377000969311482415e-01,2.748414151303806841e-01,2.943648244447075180e-01
6.653639472398632293e+00,2.382041637073027962e-01,2.754137561859162919e-01,2.950111688614031058e-01
6.682950659501710078e+00,2.387070766812267042e-01,2.759847654644210224e-01,2.956560820414483870e-01
6.712261846604786975e+00,2.392088435371940158e-01,2.765544518856262179e-01,2.962995734107051748e-01
6.741573033707864759e+00,2.397094718750068243e-01,2.771228242708769218e-01,2.969416522921127788e-01
6.770884220810942544e+00,2.402089692112870933e-01,2.776898913446388395e-01,2.975823279072539740e-01
6.800195407914020329e+00,2.407073429807422837e-01,2.782556617359774331e-01,2.982216093778903288e-01
6.829506595017098114e+00,2.412046005374073043e-01,2.788201439800068182e-01,2.988595057274681666e-01
6.858817782120175899e+00,2.417007491558616217e-01,2.793833465193111820e-01,2.994960258825949406e-01
6.888128969223253684e+00,2.421957960324236103e-01,2.799452777053387798e-01,3.001311786744876864e-01
6.917440156326330580e+00,2.426897482863213107e-01,2.805059457997688410e-01,3.007649728403931633e-01
6.946751343429408365e+00,2.431826129608411213e-01,2.810653589758522197e-01,3.013974170249817952e-01
6.976062530532486150e+00,2.436743970244548141e-01,2.816235253197268418e-01,3.020285197817141332e-01
7.005373717635563935e+00,2.441651073719242893e-01,2.821804528317077287e-01,3.026582895741825041e-01
7.034684904738641720e+00,2.446547508253867909e-01,2.827361494275527631e-01,3.032867347774264033e-01
7.063996091841719505e+00,2.451433341354183337e-01,2.832906229397048614e-01,3.039138636792241832e-01
7.093307278944797289e+00,2.456308639820784234e-01,2.838438811185102773e-01,3.045396844813598736e-01
7.122618466047875074e+00,2.461173469759341814e-01,2.843959316334145893e-01,3.051642053008669642e-01
7.151929653150952859e+00,2.466027896590664847e-01,2.849467820741362067e-01,3.057874341712488175e-01
7.181240840254029756e+00,2.470871985060564546e-01,2.854964399518181706e-01,3.064093790436767106e-01
7.210552027357107541e+00,2.475705799249549033e-01,2.860449127001588043e-01,3.070300477881661716e-01
7.239863214460185326e+00,2.480529402582326848e-01,2.865922076765213822e-01,3.076494481947311121e-01
7.269174401563263110e+00,2.485342857837149477e-01,2.871383321630234797e-01,3.082675879745175873e-01
7.298485588666340895e+00,2.490146227154972913e-01,2.876832933676065074e-01,3.088844747609168495e-01
7.327796775769418680e+00,2.494939572048462673e-01,2.882270984250861479e-01,3.095001161106579746e-01
7.357107962872496465e+00,2.499722953410826731e-01,2.887697543981830317e-01,3.101145195048810588e-01
7.386419149975573362e+00,2.504496431524498301e-01,2.893112682785354273e-01,3.107276923501913202e-01
7.415730337078651146e+00,2.509260066069657902e-01,2.898516469876938340e-01,3.113396419796942705e-01
7.445041524181728931e+00,2.514013916132603055e-01,2.903908973780971459e-01,3.119503756540121242e-01
7.474352711284806716e+00,2.518758040213970317e-01,2.909290262340319955e-01,3.125599005622828885e-01
7.503663898387884501e+00,2.523492496236816041e-01,2.914660402725751109e-01,3.131682238231411897e-01
7.532975085490962286e+00,2.528217341554545028e-01,2.920019461445185205e-01,3.137753524856823351e-01
7.562286272594040071e+00,2.532932632958710406e-01,2.925367504352788250e-01,3.143812935304091671e-01
7.591597459697117856e+00,2.537638426686666948e-01,2.930704596657907057e-01,3.149860538701625412e-01
7.620908646800195640e+00,2.542334778429100606e-01,2.936030802933841666e-01,3.155896403510357051e-01
7.650219833903272537e+00,2.547021743337419819e-01,2.941346187126474554e-01,3.161920597532727473e-01
7.679531021006350322e+00,2.551699376031023037e-01,2.946650812562740529e-01,3.167933187921516680e-01
7.708842208109428107e+00,2.556367730604439670e-01,2.951944741958956731e-01,3.173934241188519634e-01
7.738153395212505892e+00,2.561026860634345592e-01,2.957228037429007195e-01,3.179923823213079981e-01
7.767464582315583677e+00,2.565676819186467061e-01,2.962500760492388641e-01,3.185901999250471128e-01
7.796775769418661461e+00,2.570317658822354745e-01,2.967762972082114703e-01,3.191868833940143535e-01
7.826086956521739246e+00,2.574949431606056716e-01,2.973014732552492490e-01,3.197824391313818793e-01
7.855398143624816143e+00,2.579572189110665437e-01,2.978256101686760915e-01,3.203768734803464913e-01
7.884709330727893928e+00,2.584185982424763717e-01,2.983487138704602470e-01,3.209701927249124509e-01
7.914020517830971713e+00,2.588790862158754646e-01,2.988707902269531202e-01,3.215624030906616415e-01
7.943331704934049498e+00,2.593386878451096056e-01,2.993918450496153572e-01,3.221535107455109070e-01
7.972642892037127282e+00,2.597974080974421174e-01,2.999118840957308296e-01,3.227435218004570672e-01
8.001954079140205067e+00,2.602552518941562698e-01,3.004309130691087959e-01,3.233324423103088319e-01
8.031265266243282852e+00,2.607122241111477501e-01,3.009489376207745703e-01,3.239202782744076137e-01
8.060576453346360637e+00,2.611683295795068638e-01,3.014659633496488689e-01,3.245070356373359055e-01
8.089887640449438422e+00,2.616235730860915210e-01,3.019819958032152751e-01,3.250927202896141677e-01
8.119198827552516207e+00,2.620779593740915625e-01,3.024970404781777145e-01,3.256773380683864461e-01
8.148510014655593992e+00,2.625314931435824839e-01,3.030111028211064927e-01,3.262608947580948882e-01
8.177821201758671776e+00,2.629841790520710543e-01,3.035241882290741766e-01,3.268433960911430458e-01
8.207132388861747785e+00,2.634360217150321093e-01,3.040363020502810931e-01,3.274248477485489639e-01
8.236443575964825570e+00,2.638870257064362956e-01,3.045474495846706153e-01,3.280052553605876109e-01
8.265754763067903355e+00,2.643371955592693778e-01,3.050576360845345114e-01,3.285846245074223182e-01
8.295065950170981139e+00,2.647865357660438290e-01,3.055668667551089679e-01,3.291629607197274487e-01
8.324377137274058924e+00,2.652350507793014844e-01,3.060751467551606209e-01,3.297402694793001299e-01
8.353688324377136709e+00,2.656827450121086454e-01,3.065824811975632613e-01,3.303165562196627159e-01
8.382999511480214494e+00,2.661296228385431339e-01,3.070888751498658809e-01,3.308918263266555360e-01
8.412310698583292279e+00,2.665756885941739096e-01,3.075943336348511137e-01,3.314660851390207608e-01
8.441621885686370064e+00,2.670209465765326917e-01,3.080988616310854633e-01,3.320393379489763874e-01
8.470933072789447849e+00,2.674654010455788100e-01,3.086024640734602587e-01,3.326115900027819539e-01
8.500244259892525633e+00,2.679090562241562279e-01,3.091051458537246166e-01,3.331828465012950935e-01
8.529555446995603418e+00,2.683519162984438489e-01,3.096069118210100224e-01,3.337531126005194304e-01
8.558866634098681203e+00,2.687939854183981625e-01,3.101077667823465278e-01,3.343223934121442031e-01
8.588177821201758988e+00,2.692352676981901727e-01,3.106077155031710668e-01,3.348906940040753955e-01
8.617489008304836773e+00,2.696757672166348874e-01,3.111067627078281661e-01,3.354580194009588734e-01
8.646800195407914558e+00,2.701154880176139250e-01,3.116049130800624400e-01,3.360243745846953067e-01
8.676111382510992343e+00,2.705544341104918482e-01,3.121021712635040357e-01,3.365897644949474299e-01
8.705422569614068351e+00,2.709926094705270572e-01,3.125985418621463063e-01,3.371541940296394202e-01
8.734733756717146136e+00,2.714300180392750228e-01,3.130940294408164348e-01,3.377176680454488933e-01
8.764044943820223921e+00,2.718666637249865237e-01,3.135886385256386744e-01,3.382801913582914044e-01
8.793356130923301706e+00,2.723025504029987776e-01,3.140823736044910941e-01,3.388417687437976222e-01
8.822667318026379490e+00,2.727376819161219657e-01,3.145752391274545534e-01,3.394024049377831198e-01
8.851978505129457275e+00,2.731720620750191508e-01,3.150672395072556808e-01,3.399621046367118926e-01
8.881289692232535060e+00,2.736056946585804783e-01,3.155583791197031363e-01,3.405208724981518276e-01
8.910600879335612845e+00,2.740385834142918808e-01,3.160486623041169341e-01,3.410787131412247319e-01
8.939912066438690630e+00,2.744707320585990096e-01,3.165380933637517158e-01,3.416356311470483131e-01
8.969223253541768415e+00,2.749021442772645041e-01,3.170266765662137498e-01,3.421916310591728294e-01
8.998534440644846200e+00,2.753328237257213207e-01,3.175144161438715473e-01,3.427467173840106907e-01
9.027845627747923984e+00,2.757627740294192886e-01,3.180013162942607052e-01,3.433008945912598420e-01
9.057156814851001769e+00,2.761919987841686686e-01,3.184873811804824206e-01,3.438541671143210410e-01
9.086468001954079554e+00,2.766205015564766612e-01,3.189726149315967874e-01,3.444065393507090844e-01
9.115779189057157339e+00,2.770482858838802520e-01,3.194570216430095422e-01,3.449580156624579286e-01
9.145090376160233347e+00,2.774753552752738384e-01,3.199406053768537594e-01,3.455086003765200364e-01
9.174401563263311132e+00,2.779017132112317490e-01,3.204233701623662167e-01,3.460582977851603403e-01
9.203712750366388917e+00,2.783273631443269891e-01,3.209053199962572656e-01,3.466071121463433213e-01
9.233023937469466702e+00,2.787523084994447675e-01,3.213864588430765390e-01,3.471550476841164246e-01
9.262335124572544487e+00,2.791765526740916936e-01,3.218667906355730524e-01,3.477021085889860363e-01
9.291646311675622272e+00,2.796000990386999785e-01,3.223463192750496420e-01,3.482482990182897420e-01
9.320957498778700057e+00,2.800229509369286385e-01,3.228250486317129075e-01,3.487936230965621998e-01
9.350268685881777841e+00,2.804451116859592585e-01,3.233029825450180472e-01,3.493380849158962964e-01
9.379579872984855626e+00,2.808665845767879254e-01,3.237801248240086416e-01,3.498816885362990847e-01
9.408891060087933411e+00,2.812873728745129975e-01,3.242564792476519409e-01,3.504244379860430025e-01
9.438202247191011196e+00,2.817074798186189888e-01,3.247320495651690453e-01,3.509663372620117627e-01
9.467513434294088981e+00,2.821269086232562340e-01,3.252068394963605336e-01,3.515073903300415248e-01
9.496824621397166766e+00,2.825456624775174452e-01,3.256808527319279833e-01,3.520476011252574589e-01
9.526135808500244551e+00,2.829637445457083844e-01,3.261540929337903849e-01,3.525869735524055915e-01
9.555446995603322335e+00,2.833811579676172587e-01,3.266265637353963913e-01,3.531255114861799882e-01
9.584758182706400120e+00,2.837979058587790648e-01,3.270982687420323498e-01,3.536632187715453290e-01
9.614069369809477905e+00,2.842139913107360472e-01,3.275692115311260033e-01,3.542000992240553203e-01
9.643380556912553914e+00,2.846294173912954362e-01,3.280393956525456955e-01,3.547361566301664992e-01
9.672691744015631699e+00,2.850441871447828568e-01,3.285088246288962455e-01,3.552713947475478751e-01
9.702002931118709483e+00,2.854583035922929057e-01,3.289775019558097702e-01,3.558058173053862405e-01
9.731314118221787268e+00,2.858717697319360096e-01,3.294454311022331772e-01,3.563394280046873752e-01
9.760625305324865053e+00,2.862845885390817302e-01,3.299126155107116043e-01,3.568722305185733634e-01
9.789936492427942838e+00,2.866967629665987949e-01,3.303790585976681404e-01,3.574042284925755264e-01
9.819247679531020623e+00,2.871082959450928507e-01,3.308447637536792163e-01,3.579354255449234690e-01
9.848558866634098408e+00,2.875191903831393891e-01,3.313097343437469977e-01,3.584658252668308509e-01
9.877870053737176192e+00,2.879294491675148948e-01,3.317739737075675044e-01,3.589954312227763844e-01
9.907181240840253977e+00,2.883390751634238858e-01,3.322374851597957313e-01,3.595242469507817229e-01
9.936492427943331762e+00,2.887480712147239004e-01,3.327002719903064398e-01,3.600522759626855196e-01
9.965803615046409547e+00,2.891564401441469867e-01,3.331623374644523961e-01,3.605795217444137113e-01
9.995114802149487332e+00,2.895641847535178615e-01,3.336236848233181118e-01,3.611059877562463605e-01
1.002442598925256512e+01,2.899713078239696817e-01,3.340843172839713660e-01,3.616316774330809447e-01
1.005373717635564290e+01,2.903778121161570969e-01,3.345442380397105619e-01,3.621565941846920933e-01
1.008304836345871891e+01,2.907837003704661916e-01,3.350034502603088660e-01,3.626807413959881043e-01
1.011235955056179669e+01,2.911889753072218201e-01,3.354619570922557914e-01,3.632041224272639646e-01
1.014167073766487448e+01,2.915936396268914987e-01,3.359197616589948976e-01,3.637267406144510384e-01
1.017098192476795226e+01,2.919976960102881880e-01,3.363768670611586020e-01,3.642485992693634267e-01
1.020029311187103005e+01,2.924011471187691336e-01,3.368332763768002724e-01,3.647697016799417158e-01
1.022960429897410783e+01,2.928039955944325978e-01,3.372889926616225442e-01,3.652900511104927861e-01
1.025891548607718562e+01,2.932062440603114273e-01,3.377440189492038058e-01,3.658096508019269555e-01
1.028822667318026340e+01,2.936078951205656762e-01,3.381983582512204101e-01,3.663285039719917924e-01
1.031753786028334119e+01,2.940089513606709559e-01,3.386520135576671087e-01,3.668466138155035972e-01
1.034684904738641897e+01,2.944094153476056186e-01,3.391049878370741566e-01,3.673639835045751090e-01
1.037616023448949676e+01,2.948092896300343324e-01,3.395572840367218626e-01,3.678806161888406034e-01
1.040547142159257454e+01,2.952085767384913240e-01,3.400089050828518089e-01,3.683965149956784368e-01
1.043478260869565233e+01,2.956072791855588466e-01,3.404598538808764063e-01,3.689116830304304817e-01
1.046409379579873011e+01,2.960053994660450938e-01,3.409101333155848956e-01,3.694261233766185648e-01
1.049340498290180790e+01,2.964029400571593920e-01,3.413597462513468517e-01,3.699398390961587402e-01
1.052271617000488568e+01,2.967999034186846741e-01,3.418086955323139664e-01,3.704528332295723980e-01
1.055202735710796347e+01,2.971962919931488423e-01,3.422569839826179461e-01,3.709651087961949867e-01
1.058133854421103948e+01,2.975921082059930223e-01,3.427046144065668543e-01,3.714766687943818479e-01
1.061064973131411726e+01,2.979873544657382078e-01,3.431515895888389567e-01,3.719875162017119430e-01
1.063996091841719505e+01,2.983820331641492407e-01,3.435979122946738462e-01,3.724976539751885252e-01
1.066927210552027283e+01,2.987761466763977913e-01,3.440435852700608477e-01,3.730070850514378145e-01
1.069858329262335062e+01,2.991696973612224530e-01,3.444886112419261459e-01,3.735158123469047853e-01
1.072789447972642840e+01,2.995626875610872819e-01,3.449329929183164722e-01,3.740238387580467339e-01
1.075720566682950619e+01,2.999551196023376165e-01,3.453767329885814030e-01,3.745311671615245697e-01
1.078651685393258397e+01,3.003469957953553426e-01,3.458198341235526607e-01,3.750378004143916644e-01
1.081582804103566176e+01,3.007383184347111604e-01,3.462622989757216385e-01,3.755437413542802028e-01
1.084513922813873954e+01,3.011290897993152971e-01,3.467041301794148711e-01,3.760489927995857018e-01
1.087445041524181732e+01,3.015193121525662767e-01,3.471453303509668964e-01,3.765535575496486986e-01
1.090376160234489511e+01,3.019089877424981916e-01,3.475859020888914519e-01,3.770574383849348288e-01
1.093307278944797289e+01,3.022981188019260301e-01,3.480258479740502287e-01,3.775606380672125173e-01
1.096238397655105068e+01,3.026867075485891734e-01,3.484651705698200153e-01,3.780631593397280055e-01
1.099169516365412846e+01,3.030747561852928373e-01,3.489038724222572885e-01,3.785650049273793227e-01
1.102100635075720447e+01,3.034622669000487383e-01,3.493419560602611940e-01,3.790661775368870945e-01
1.105031753786028226e+01,3.038492418662132044e-01,3.497794239957345841e-01,3.795666798569641287e-01
1.107962872496336004e+01,3.042356832426238444e-01,3.502162787237426689e-01,3.800665145584824489e-01
1.110893991206643783e+01,3.046215931737347726e-01,3.506525227226705010e-01,3.805656842946384955e-01
1.113825109916951561e+01,3.050069737897501687e-01,3.510881584543777967e-01,3.810641917011166613e-01
1.116756228627259340e+01,3.053918272067560613e-01,3.515231883643527566e-01,3.815620393962503298e-01
1.119687347337567118e+01,3.057761555268508347e-01,3.519576148818629457e-01,3.820592299811814141e-01
1.122618466047874897e+01,3.061599608382739590e-01,3.523914404201055617e-01,3.825557660400180637e-01
1.125549584758182675e+01,3.065432452155330556e-01,3.528246673763553165e-01,3.830516501399900964e-01
1.128480703468490454e+01,3.069260107195302956e-01,3.532572981321104311e-01,3.835468848316030965e-01
1.131411822178798232e+01,3.073082593976861343e-01,3.536893350532372970e-01,3.840414726487902941e-01
1.134342940889106011e+01,3.076899932840623797e-01,3.541207804901133627e-01,3.845354161090631662e-01
1.137274059599413789e+01,3.080712143994835395e-01,3.545516367777680755e-01,3.850287177136597072e-01
1.140205178309721568e+01,3.084519247516571139e-01,3.549819062360226041e-01,3.855213799476913672e-01
1.143136297020029346e+01,3.088321263352920010e-01,3.554115911696273944e-01,3.860134052802882687e-01
1.146067415730337125e+01,3.092118211322156807e-01,3.558406938683987275e-01,3.865047961647425923e-01
1.148998534440644903e+01,3.095910111114901775e-01,3.562692166073534450e-01,3.869955550386503518e-01
1.151929653150952504e+01,3.099696982295266912e-01,3.566971616468417317e-01,3.874856843240516158e-01
1.154860771861260282e+01,3.103478844301989503e-01,3.571245312326790100e-01,3.879751864275691187e-01
1.157791890571568061e+01,3.107255716449548455e-01,3.575513275962760584e-01,3.884640637405452068e-01
1.160723009281875839e+01,3.111027617929271738e-01,3.579775529547674640e-01,3.889523186391773968e-01
1.163654127992183618e+01,3.114794567810432735e-01,3.584032095111387983e-01,3.894399534846519906e-01
1.166585246702491396e+01,3.118556585041328266e-01,3.588282994543522397e-01,3.899269706232767474e-01
1.169516365412799175e+01,3.122313688450353841e-01,3.592528249594710288e-01,3.904133723866116679e-01
1.172447484123106953e+01,3.126065896747051154e-01,3.596767881877822037e-01,3.908991610915983350e-01
1.175378602833414732e+01,3.129813228523163349e-01,3.601001912869179478e-01,3.913843390406879230e-01
1.178309721543722510e+01,3.133555702253662534e-01,3.605230363909757152e-01,3.918689085219675405e-01
1.181240840254030289e+01,3.137293336297773405e-01,3.609453256206371363e-01,3.923528718092856304e-01
1.184171958964338067e+01,3.141026148899984660e-01,3.613670610832852015e-01,3.928362311623755931e-01
1.187103077674645846e+01,3.144754158191043758e-01,3.617882448731205014e-01,3.933189888269778556e-01
1.190034196384953624e+01,3.148477382188950568e-01,3.622088790712759132e-01,3.938011470349611631e-01
1.192965315095261403e+01,3.152195838799932148e-01,3.626289657459300653e-01,3.942827080044418731e-01
1.195896433805569004e+01,3.155909545819407525e-01,3.630485069524197472e-01,3.947636739399025263e-01
1.198827552515876782e+01,3.159618520932944152e-01,3.634675047333508768e-01,3.952440470323088650e-01
1.201758671226184561e+01,3.163322781717202714e-01,3.638859611187080234e-01,3.957238294592250738e-01
1.204689789936492339e+01,3.167022345640871928e-01,3.643038781259632652e-01,3.962030233849287986e-01
1.207620908646800117e+01,3.170717230065593362e-01,3.647212577601834371e-01,3.966816309605241120e-01
1.210552027357107896e+01,3.174407452246872374e-01,3.651381020141363232e-01,3.971596543240533128e-01
1.213483146067415674e+01,3.178093029334985720e-01,3.655544128683956839e-01,3.976370956006078372e-01
1.216414264777723453e+01,3.181773978375875833e-01,3.659701922914450067e-01,3.981139569024377267e-01
1.219345383488031231e+01,3.185450316312032348e-01,3.663854422397805344e-01,3.985902403290598750e-01
1.222276502198339010e+01,3.189122059983367508e-01,3.668001646580126285e-01,3.990659479673653864e-01
1.225207620908646788e+01,3.192789226128084357e-01,3.672143614789663002e-01,3.995410818917252693e-01
1.228138739618954567e+01,3.196451831383529951e-01,3.676280346237807972e-01,4.000156441640957405e-01
1.231069858329262345e+01,3.200109892287044677e-01,3.680411860020078585e-01,4.004896368341216428e-01
1.234000977039570124e+01,3.203763425276795473e-01,3.684538175117089143e-01,4.009630619392389739e-01
1.236932095749877902e+01,3.207412446692609609e-01,3.688659310395517310e-01,4.014359215047768603e-01
1.239863214460185681e+01,3.211056972776793472e-01,3.692775284609050024e-01,4.019082175440575888e-01
1.242794333170493459e+01,3.214697019674940259e-01,3.696886116399331068e-01,4.023799520584961376e-01
1.245725451880801060e+01,3.218332603436736550e-01,3.700991824296890331e-01,4.028511270376985420e-01
1.248656570591108839e+01,3.221963740016751676e-01,3.705092426722066401e-01,4.033217444595590395e-01
1.251587689301416617e+01,3.225590445275229312e-01,3.709187941985918613e-01,4.037918062903564920e-01
1.254518808011724396e+01,3.229212734978858523e-01,3.713278388291129106e-01,4.042613144848496431e-01
1.257449926722032174e+01,3.232830624801549813e-01,3.717363783732898219e-01,4.047302709863710435e-01
1.260381045432339953e+01,3.236444130325184521e-01,3.721444146299825451e-01,4.051986777269206974e-01
1.263312164142647731e+01,3.240053267040381990e-01,3.725519493874783206e-01,4.056665366272581008e-01
1.266243282852955510e+01,3.243658050347232313e-01,3.729589844235784990e-01,4.061338495969936124e-01
1.269174401563263288e+01,3.247258495556043512e-01,3.733655215056839172e-01,4.066006185346787705e-01
1.272105520273571067e+01,3.250854617888060405e-01,3.737715623908797191e-01,4.070668453278958321e-01
1.275036638983878845e+01,3.254446432476196804e-01,3.741771088260190115e-01,4.075325318533461472e-01
1.277967757694186623e+01,3.258033954365743834e-01,3.745821625478060746e-01,4.079976799769377549e-01
1.280898876404494402e+01,3.261617198515079363e-01,3.749867252828781305e-01,4.084622915538721477e-01
1.283829995114802180e+01,3.265196179796365228e-01,3.753907987478870001e-01,4.089263684287299250e-01
1.286761113825109959e+01,3.268770912996242783e-01,3.757943846495790940e-01,4.093899124355557806e-01
1.289692232535417560e+01,3.272341412816516248e-01,3.761974846848752385e-01,4.098529253979424358e-01
1.292623351245725338e+01,3.275907693874834381e-01,3.766001005409493341e-01,4.103154091291140171e-01
1.295554469956033117e+01,3.279469770705353837e-01,3.770022338953063490e-01,4.107773654320080459e-01
1.298485588666340895e+01,3.283027657759413631e-01,3.774038864158594242e-01,4.112387960993572622e-01
1.301416707376648674e+01,3.286581369406185171e-01,3.778050597610062566e-01,4.116997029137700048e-01
1.304347826086956452e+01,3.290130919933331177e-01,3.782057555797046500e-01,4.121600876478103692e-01
1.307278944797264231e+01,3.293676323547639617e-01,3.786059755115475101e-01,4.126199520640767560e-01
1.310210063507572009e+01,3.297217594375669303e-01,3.790057211868364528e-01,4.130792979152805855e-01
1.313141182217879788e+01,3.300754746464381051e-01,3.794049942266557451e-01,4.135381269443234586e-01
1.316072300928187566e+01,3.304287793781761073e-01,3.798037962429442471e-01,4.139964408843739840e-01
1.319003419638495345e+01,3.307816750217436041e-01,3.802021288385676323e-01,4.144542414589434398e-01
1.321934538348803123e+01,3.311341629583295365e-01,3.805999936073893863e-01,4.149115303819612133e-01
1.324865657059110902e+01,3.314862445614086273e-01,3.809973921343413061e-01,4.153683093578489638e-01
1.327796775769418680e+01,3.318379211968022768e-01,3.813943259954928888e-01,4.158245800815944526e-01
1.330727894479726459e+01,3.321891942227377381e-01,3.817907967581205542e-01,4.162803442388242070e-01
1.333659013190034237e+01,3.325400649899066807e-01,3.821868059807761453e-01,4.167356035058760177e-01
1.336590131900342016e+01,3.328905348415239773e-01,3.825823552133540972e-01,4.171903595498700490e-01
1.339521250610649616e+01,3.332406051133848801e-01,3.829774459971586609e-01,4.176446140287801145e-01
1.342452369320957395e+01,3.335902771339226414e-01,3.833720798649702943e-01,4.180983685915032888e-01
1.345383488031265173e+01,3.339395522242644132e-01,3.837662583411110551e-01,4.185516248779294624e-01
1.348314606741572952e+01,3.342884316982880910e-01,3.841599829415097145e-01,4.190043845190101202e-01
1.351245725451880730e+01,3.346369168626769919e-01,3.845532551737661509e-01,4.194566491368262873e-01
1.354176844162188509e+01,3.349850090169751993e-01,3.849460765372149651e-01,4.199084203446560304e-01
1.357107962872496287e+01,3.353327094536417974e-01,3.853384485229887080e-01,4.203596997470409047e-01
1.360039081582804066e+01,3.356800194581046060e-01,3.857303726140801636e-01,4.208104889398522896e-01
1.362970200293111844e+01,3.360269403088137485e-01,3.861218502854044665e-01,4.212607895103567257e-01
1.365901319003419623e+01,3.363734732772943326e-01,3.865128830038600527e-01,4.217106030372805847e-01
1.368832437713727401e+01,3.367196196281984077e-01,3.869034722283897221e-01,4.221599310908745184e-01
1.371763556424035180e+01,3.370653806193573687e-01,3.872936194100403129e-01,4.226087752329767411e-01
1.374694675134342958e+01,3.374107575018326921e-01,3.876833259920226538e-01,4.230571370170760348e-01
1.377625793844650737e+01,3.377557515199671179e-01,3.880725934097700169e-01,4.235050179883741439e-01
1.380556912554958515e+01,3.381003639114346093e-01,3.884614230909967936e-01,4.239524196838474479e-01
1.383488031265266116e+01,3.384445959072902577e-01,3.888498164557561143e-01,4.243993436323081347e-01
1.386419149975573895e+01,3.387884487320198534e-01,3.892377749164974698e-01,4.248457913544648745e-01
1.389350268685881673e+01,3.391319236035885143e-01,3.896252998781226662e-01,4.252917643629824940e-01
1.392281387396189452e+01,3.394750217334891462e-01,3.900123927380428346e-01,4.257372641625417620e-01
1.395212506106497230e+01,3.398177443267902942e-01,3.903990548862334986e-01,4.261822922498980093e-01
1.398143624816805008e+01,3.401600925821836596e-01,3.907852877052896967e-01,4.266268501139395264e-01
1.401074743527112787e+01,3.405020676920315070e-01,3.911710925704809938e-01,4.270709392357451839e-01
1.404005862237420565e+01,3.408436708424126271e-01,3.915564708498049384e-01,4.275145610886418313e-01
1.406936980947728344e+01,3.411849032131687443e-01,3.919414239040410197e-01,4.279577171382608625e-01
1.409868099658036122e+01,3.415257659779505905e-01,3.923259530868034584e-01,4.284004088425942824e-01
1.412799218368343901e+01,3.418662603042626480e-01,3.927100597445939978e-01,4.288426376520503847e-01
1.415730337078651679e+01,3.422063873535083900e-01,3.930937452168536961e-01,4.292844050095089847e-01
1.418661455788959458e+01,3.425461482810343017e-01,3.934770108360147178e-01,4.297257123503756548e-01
1.421592574499267236e+01,3.428855442361745109e-01,3.938598579275511269e-01,4.301665611026361802e-01
1.424523693209575015e+01,3.432245763622939760e-01,3.942422878100296235e-01,4.306069526869096831e-01
1.427454811919882793e+01,3.435632457968317843e-01,3.946243017951599485e-01,4.310468885165022468e-01
1.430385930630190572e+01,3.439015536713438959e-01,3.950059011878439552e-01,4.314863699974590960e-01
1.433317049340498173e+01,3.442395011115455539e-01,3.953870872862254027e-01,4.319253985286166109e-01
1.436248168050805951e+01,3.445770892373539174e-01,3.957678613817382507e-01,4.323639755016543962e-01
1.439179286761113730e+01,3.449143191629286398e-01,3.961482247591552874e-01,4.328021023011460744e-01
1.442110405471421508e+01,3.452511919967138354e-01,3.965281786966357025e-01,4.332397803046099116e-01
1.445041524181729287e+01,3.455877088414787690e-01,3.969077244657727155e-01,4.336770108825594439e-01
1.447972642892037065e+01,3.459238707943584346e-01,3.972868633316403719e-01,4.341137953985525488e-01
1.450903761602344844e+01,3.462596789468935232e-01,3.976655965528402836e-01,4.345501352092415170e-01
1.453834880312652622e+01,3.465951343850702249e-01,3.980439253815475920e-01,4.349860316644212910e-01
1.456765999022960401e+01,3.469302381893598630e-01,3.984218510635565980e-01,4.354214861070782594e-01
1.459697117733268179e+01,3.472649914347575306e-01,3.987993748383262815e-01,4.358564998734378859e-01
1.462628236443575958e+01,3.475993951908211699e-01,3.991764979390250989e-01,4.362910742930125596e-01
1.465559355153883736e+01,3.479334505217097639e-01,3.995532215925751696e-01,4.367252106886486684e-01
1.468490473864191515e+01,3.482671584862209735e-01,3.999295470196967961e-01,4.371589103765729512e-01
1.471421592574499293e+01,3.486005201378296059e-01,4.003054754349517075e-01,4.375921746664390710e-01
1.474352711284807071e+01,3.489335365247239196e-01,4.006810080467865798e-01,4.380250048613735236e-01
1.477283829995114672e+01,3.492662086898437046e-01,4.010561460575758352e-01,4.384574022580207675e-01
1.480214948705422451e+01,3.495985376709158099e-01,4.014308906636641083e-01,4.388893681465886321e-01
1.483146067415730229e+01,3.499305245004911691e-01,4.018052430554085452e-01,4.393209038108924491e-01
1.486077186126038008e+01,3.502621702059806608e-01,4.021792044172201597e-01,4.397520105283997949e-01
1.489008304836345786e+01,3.505934758096906911e-01,4.025527759276054662e-01,4.401826895702741216e-01
1.491939423546653565e+01,3.509244423288584991e-01,4.029259587592075031e-01,4.406129422014180008e-01
1.494870542256961343e+01,3.512550707756874058e-01,4.032987540788464664e-01,4.410427696805165887e-01
1.497801660967269122e+01,3.515853621573813426e-01,4.036711630475597334e-01,4.414721732600800919e-01
1.500732779677576900e+01,3.519144848985705787e-01,4.040460368837464067e-01,4.419034152340134414e-01
1.503663898387884679e+01,3.522407790433009778e-01,4.044290619418913768e-01,4.423410077259184447e-01
1.506595017098192457e+01,3.525667458157161760e-01,4.048116803049686685e-01,4.427781621600786477e-01
1.509526135808500236e+01,3.528923861738302303e-01,4.051938932188953180e-01,4.432148798438625414e-01
1.512457254518808014e+01,3.532177010710188525e-01,4.055757019232873462e-01,4.436511620781539156e-01
1.515388373229115793e+01,3.535426914560496070e-01,4.059571076515045562e-01,4.440870101573970996e-01
1.518319491939423571e+01,3.538673582731145517e-01,4.063381116306937213e-01,4.445224253696412053e-01
1.521250610649731350e+01,3.541917024618594922e-01,4.067187150818330488e-01,4.449574089965843138e-01
1.524181729360039128e+01,3.545157249574151792e-01,4.070989192197748130e-01,4.453919623136173844e-01
1.527112848070346729e+01,3.548394266904277838e-01,4.074787252532884874e-01,4.458260865898673875e-01
1.530043966780654507e+01,3.551628085870881524e-01,4.078581343851028218e-01,4.462597830882404359e-01
1.532975085490962286e+01,3.554858715691623927e-01,4.082371478119480868e-01,4.466930530654641962e-01
1.535906204201270064e+01,3.558086165540207402e-01,4.086157667245977620e-01,4.471258977721304095e-01
1.538837322911577843e+01,3.561310444546669229e-01,4.089939923079098927e-01,4.475583184527363034e-01
1.541768441621885621e+01,3.564531561797673609e-01,4.093718257408676120e-01,4.479903163457265025e-01
1.544699560332193400e+01,3.567749526336794763e-01,4.097492681966203310e-01,4.484218926835339958e-01
1.547630679042501178e+01,3.570964347164806152e-01,4.101263208425233175e-01,4.488530486926206042e-01
1.550561797752808957e+01,3.574176033239960804e-01,4.105029848401781645e-01,4.492837855935180036e-01
1.553492916463116735e+01,3.577384593478271646e-01,4.108792613454715359e-01,4.497141046008671927e-01
1.556424035173424514e+01,3.580590036753788508e-01,4.112551515086153020e-01,4.501440069234584063e-01
1.559355153883732292e+01,3.583792371898872342e-01,4.116306564741843976e-01,4.505734937642706939e-01
1.562286272594040071e+01,3.586991607704474450e-01,4.120057773811556801e-01,4.510025663205105007e-01
1.565217391304347849e+01,3.590187752920399600e-01,4.123805153629465092e-01,4.514312257836509135e-01
1.568148510014655628e+01,3.593380816255575816e-01,4.127548715474515517e-01,4.518594733394695750e-01
1.571079628724963229e+01,3.596570806378326934e-01,4.131288470570812499e-01,4.522873101680867092e-01
1.574010747435271007e+01,3.599757731916630177e-01,4.135024430087982372e-01,4.527147374440031458e-01
1.576941866145578786e+01,3.602941601458380938e-01,4.138756605141547529e-01,4.531417563361375134e-01
1.579872984855886564e+01,3.606122423551645362e-01,4.142485006793285574e-01,4.535683680078632651e-01
1.582804103566194343e+01,3.609300206704931790e-01,4.146209646051596254e-01,4.539945736170453716e-01
1.585735222276502121e+01,3.612474959387433349e-01,4.149930533871858396e-01,4.544203743160770137e-01
1.588666340986809900e+01,3.615646690029288290e-01,4.153647681156782956e-01,4.548457712519153873e-01
1.591597459697117678e+01,3.618815407021828690e-01,4.157361098756769402e-01,4.552707655661177299e-01
1.594528578407425456e+01,3.621981118717824688e-01,4.161070797470255989e-01,4.556953583948767927e-01
1.597459697117733235e+01,3.625143833431742624e-01,4.164776788044060596e-01,4.561195508690559786e-01
1.600390815828041013e+01,3.628303559439981507e-01,4.168479081173729894e-01,4.565433441142243698e-01
1.603321934538348614e+01,3.631460304981117826e-01,4.172177687503879073e-01,4.569667392506911452e-01
1.606253053248656570e+01,3.634614078256147573e-01,4.175872617628528238e-01,4.573897373935404409e-01
1.609184171958964171e+01,3.637764887428721616e-01,4.179563882091435478e-01,4.578123396526644906e-01
1.612115290669272127e+01,3.640912740625393273e-01,4.183251491386437704e-01,4.582345471327983755e-01
1.615046409379579728e+01,3.644057645935837031e-01,4.186935455957765395e-01,4.586563609335527203e-01
1.617977528089887684e+01,3.647199611413096121e-01,4.190615786200384552e-01,4.590777821494474997e-01
1.620908646800195285e+01,3.650338645073807897e-01,4.194292492460308663e-01,4.594988118699444013e-01
1.623839765510503241e+01,3.653474754898431431e-01,4.197965585034927893e-01,4.599194511794799656e-01
1.626770884220810842e+01,3.656607948831481769e-01,4.201635074173320494e-01,4.603397011574976161e-01
1.629702002931118798e+01,3.659738234781748645e-01,4.205300970076574774e-01,4.607595628784801889e-01
1.632633121641426399e+01,3.662865620622521301e-01,4.208963282898097735e-01,4.611790374119810187e-01
1.635564240351734355e+01,3.665990114191818305e-01,4.212622022743927053e-01,4.615981258226565243e-01
1.638495359062041956e+01,3.669111723292597382e-01,4.216277199673038600e-01,4.620168291702965724e-01
1.641426477772349557e+01,3.672230455692979123e-01,4.219928823697652320e-01,4.624351485098563974e-01
1.644357596482657513e+01,3.675346319126469030e-01,4.223576904783535868e-01,4.628530848914869100e-01
1.647288715192965114e+01,3.678459321292161244e-01,4.227221452850301042e-01,4.632706393605650064e-01
1.650219833903273070e+01,3.681569469854960031e-01,4.230862477771705210e-01,4.636878129577248764e-01
1.653150952613580671e+01,3.684676772445789061e-01,4.234499989375944407e-01,4.641046067188868141e-01
1.656082071323888627e+01,3.687781236661804574e-01,4.238133997445950318e-01,4.645210216752880261e-01
1.659013190034196228e+01,3.690882870066597432e-01,4.241764511719672281e-01,4.649370588535118309e-01
1.661944308744504184e+01,3.693981680190404626e-01,4.245391541890375375e-01,4.653527192755169128e-01
1.664875427454811785e+01,3.697077674530314662e-01,4.249015097606917979e-01,4.657680039586664655e-01
1.667806546165119741e+01,3.700170860550469620e-01,4.252635188474039873e-01,4.661829139157573354e-01
1.670737664875427342e+01,3.703261245682263336e-01,4.256251824052640353e-01,4.665974501550481102e-01
1.673668783585735298e+01,3.706348837324550671e-01,4.259865013860060223e-01,4.670116136802882623e-01
1.676599902296042899e+01,3.709433642843836254e-01,4.263474767370354912e-01,4.674254054907455713e-01
1.679531021006350855e+01,3.712515669574481536e-01,4.267081094014569809e-01,4.678388265812346569e-01
1.682462139716658456e+01,3.715594924818887423e-01,4.270684003181015043e-01,4.682518779421441790e-01
1.685393258426966412e+01,3.718671415847706330e-01,4.274283504215529161e-01,4.686645605594650932e-01
1.688324377137274013e+01,3.721745149900014260e-01,4.277879606421752801e-01,4.690768754148169073e-01
1.691255495847581614e+01,3.724816134183521754e-01,4.281472319061390697e-01,4.694888234854757147e-01
1.694186614557889570e+01,3.727884375874747080e-01,4.285061651354477030e-01,4.699004057444006177e-01
1.697117733268197171e+01,3.730949882119216077e-01,4.288647612479631888e-01,4.703116231602602060e-01
1.700048851978505127e+01,3.734012660031639230e-01,4.292230211574327714e-01,4.707224766974593688e-01
1.702979970688812728e+01,3.737072716696105412e-01,4.295809457735143000e-01,4.711329673161651632e-01
1.705911089399120684e+01,3.740130059166262844e-01,4.299385360018013191e-01,4.715430959723332371e-01
1.708842208109428285e+01,3.743184694465496176e-01,4.302957927438488817e-01,4.719528636177330871e-01
1.711773326819736241e+01,3.746236629587121891e-01,4.306527168971984731e-01,4.723622711999742041e-01
1.714704445530043841e+01,3.749285871494541511e-01,4.310093093554030474e-01,4.727713196625311642e-01
1.717635564240351798e+01,3.752332427121452540e-01,4.313655710080515071e-01,4.731800099447688313e-01
1.720566682950659398e+01,3.755376303371998903e-01,4.317215027407929062e-01,4.735883429819676138e-01
1.723497801660967355e+01,3.758417507120966894e-01,4.320771054353614860e-01,4.739963197053480015e-01
1.726428920371274955e+01,3.761456045213935617e-01,4.324323799696004333e-01,4.744039410420952674e-01
1.729360039081582912e+01,3.764491924467476269e-01,4.327873272174855845e-01,4.748112079153841147e-01
1.732291157791890512e+01,3.767525151669302574e-01,4.331419480491493501e-01,4.752181212444023806e-01
1.735222276502198469e+01,3.770555733578453972e-01,4.334962433309044738e-01,4.756246819443759044e-01
1.738153395212506069e+01,3.773583676925458263e-01,4.338502139252669032e-01,4.760308909265913990e-01
1.741084513922813670e+01,3.776608988412502033e-01,4.342038606909793819e-01,4.764367490984210418e-01
1.744015632633121626e+01,3.779631674713592737e-01,4.345571844830343755e-01,4.768422573633455119e-01
1.746946751343429227e+01,3.782651742474731349e-01,4.349101861526966095e-01,4.772474166209771940e-01
1.749877870053737183e+01,3.785669198314072781e-01,4.352628665475259950e-01,4.776522277670836591e-01
1.752808988764044784e+01,3.788684048822082984e-01,4.356152265114001665e-01,4.780566916936104249e-01
1.755740107474352740e+01,3.791696300561712696e-01,4.359672668845364085e-01,4.784608092887037145e-01
1.758671226184660341e+01,3.794705960068539552e-01,4.363189885035140270e-01,4.788645814367332165e-01
1.761602344894968297e+01,3.797713033850950159e-01,4.366703922012963313e-01,4.792680090183145114e-01
1.764533463605275898e+01,3.800717528390276101e-01,4.370214788072521728e-01,4.796710929103309429e-01
1.767464582315583854e+01,3.803719450140971570e-01,4.373722491471777607e-01,4.800738339859563775e-01
1.770395701025891455e+01,3.806718805530742711e-01,4.377227040433182004e-01,4.804762331146765764e-01
1.773326819736199411e+01,3.809715600960731363e-01,4.380728443143881989e-01,4.808782911623112333e-01
1.776257938446507012e+01,3.812709842805643290e-01,4.384226707755940478e-01,4.812800089910354573e-01
1.779189057156814968e+01,3.815701537413921929e-01,4.387721842386537729e-01,4.816813874594014222e-01
1.782120175867122569e+01,3.818690691107877733e-01,4.391213855118183962e-01,4.820824274223591277e-01
1.785051294577430170e+01,3.821677310183858589e-01,4.394702753998923628e-01,4.824831297312781597e-01
1.787982413287738126e+01,3.824661400912378606e-01,4.398188547042542473e-01,4.828834952339683961e-01
1.790913531998045727e+01,3.827642969538285200e-01,4.401671242228766823e-01,4.832835247747002683e-01
1.793844650708353683e+01,3.830622022280891215e-01,4.405150847503468969e-01,4.836832191942264658e-01
1.796775769418661284e+01,3.833598565334129793e-01,4.408627370778864241e-01,4.840825793298013102e-01
1.799706888128969240e+01,3.836572604866693159e-01,4.412100819933713058e-01,4.844816060152020154e-01
1.802638006839276841e+01,3.839544147022174725e-01,4.415571202813514118e-01,4.848803000807482833e-01
1.805569125549584797e+01,3.842513197919217305e-01,4.419038527230704227e-01,4.852786623533223986e-01
1.808500244259892398e+01,3.845479763651655225e-01,4.422502800964846492e-01,4.856766936563893799e-01
1.811431362970200354e+01,3.848443850288644219e-01,4.425964031762831818e-01,4.860743948100165746e-01
1.814362481680507955e+01,3.851405463874814084e-01,4.429422227339059881e-01,4.864717666308930877e-01
1.817293600390815911e+01,3.854364610430395799e-01,4.432877395375636742e-01,4.868688099323494889e-01
1.820224719101123512e+01,3.857321295951363638e-01,4.436329543522559704e-01,4.872655255243769079e-01
1.823155837811431468e+01,3.860275526409577274e-01,4.439778679397904937e-01,4.876619142136462970e-01
1.826086956521739069e+01,3.863227307752901685e-01,4.443224810588013995e-01,4.880579768035274157e-01
1.829018075232046669e+01,3.866176645905362030e-01,4.446667944647674786e-01,4.884537140941076494e-01
1.831949193942354626e+01,3.869123546767253563e-01,4.450108089100310305e-01,4.888491268822109936e-01
1.834880312652662226e+01,3.872068016215298725e-01,4.453545251438152386e-01,4.892442159614162622e-01
1.837811431362970183e+01,3.875010060102757059e-01,4.456979439122429887e-01,4.896389821220758498e-01
1.840742550073277783e+01,3.877949684259570651e-01,4.460410659583539661e-01,4.900334261513338285e-01
1.843673668783585740e+01,3.880886894492486250e-01,4.463838920221231965e-01,4.904275488331446553e-01
1.846604787493893340e+01,3.883821696585184058e-01,4.467264228404778659e-01,4.908213509482902692e-01
1.849535906204201297e+01,3.886754096298409844e-01,4.470686591473153615e-01,4.912148332743992429e-01
1.852467024914508897e+01,3.889684099370097625e-01,4.474106016735205360e-01,4.916079965859635470e-01
1.855398143624816854e+01,3.892611711515501782e-01,4.477522511469826383e-01,4.920008416543567020e-01
1.858329262335124454e+01,3.895536938427310303e-01,4.480936082926127995e-01,4.923933692478513202e-01
1.861260381045432410e+01,3.898459785775780784e-01,4.484346738323608528e-01,4.927855801316365358e-01
1.864191499755740011e+01,3.901380259208857004e-01,4.487754484852320425e-01,4.931774750678350472e-01
1.867122618466047967e+01,3.904298364352297712e-01,4.491159329673040101e-01,4.935690548155204915e-01
1.870053737176355568e+01,3.907214106809788201e-01,4.494561279917432262e-01,4.939603201307344871e-01
1.872984855886663524e+01,3.910127492163072982e-01,4.497960342688215318e-01,4.943512717665036749e-01
1.875915974596971125e+01,3.913038525972062365e-01,4.501356525059326263e-01,4.947419104728559835e-01
1.878847093307278726e+01,3.915947213774965685e-01,4.504749834076079429e-01,4.951322369968381709e-01
1.881778212017586682e+01,3.918853561088397885e-01,4.508140276755334130e-01,4.955222520825315335e-01
1.884709330727894283e+01,3.921757573407504971e-01,4.511527860085646768e-01,4.959119564710688377e-01
1.887640449438202239e+01,3.924659256206073921e-01,4.514912591027438471e-01,4.963013509006507507e-01
1.890571568148509840e+01,3.927558614936653703e-01,4.518294476513145530e-01,4.966904361065614393e-01
1.893502686858817796e+01,3.930455655030666851e-01,4.521673523447379273e-01,4.970792128211855010e-01
1.896433805569125397e+01,3.933350381898526593e-01,4.525049738707083713e-01,4.974676817740230073e-01
1.899364924279433353e+01,3.936242800929745655e-01,4.528423129141688763e-01,4.978558436917063235e-01
1.902296042989740954e+01,3.939132917493056163e-01,4.531793701573256783e-01,4.982436992980152635e-01
1.905227161700048910e+01,3.942020736936512892e-01,4.535161462796647447e-01,4.986312493138927993e-01
1.908158280410356511e+01,3.944906264587609290e-01,4.538526419579659299e-01,4.990184944574608261e-01
1.911089399120664467e+01,3.947789505753386829e-01,4.541888578663184628e-01,4.994054354440353172e-01
1.914020517830972068e+01,3.950670465720547142e-01,4.545247946761353242e-01,4.997920729861417555e-01
1.916951636541280024e+01,3.953549149755556380e-01,4.548604530561689008e-01,5.001784077935306216e-01
1.919882755251587625e+01,3.956425563104751242e-01,4.551958336725247523e-01,5.005644405731919377e-01
1.922813873961895581e+01,3.959299710994456101e-01,4.555309371886770986e-01,5.009501720293706439e-01
1.925744992672203182e+01,3.962171598631079594e-01,4.558657642654822539e-01,5.013356028635815864e-01
1.928676111382510783e+01,3.965041231201225647e-01,4.562003155611940031e-01,5.017207337746238949e-01
1.931607230092818739e+01,3.967908613871798940e-01,4.565345917314774793e-01,5.021055654585960815e-01
1.934538348803126340e+01,3.970773751790102057e-01,4.568685934294230977e-01,5.024900986089103627e-01
1.937469467513434296e+01,3.973636650083947064e-01,4.572023213055614321e-01,5.028743339163072035e-01
1.940400586223741897e+01,3.976497313861760419e-01,4.575357760078759273e-01,5.032582720688699718e-01
1.943331704934049853e+01,3.979355748212674571e-01,4.578689581818180532e-01,5.036419137520387057e-01
1.946262823644357454e+01,3.982211958206641200e-01,4.582018684703202394e-01,5.040252596486246572e-01
1.949193942354665410e+01,3.985065948894520038e-01,4.585345075138103632e-01,5.044083104388245031e-01
1.952125061064973011e+01,3.987917725308189887e-01,4.588668759502242955e-01,5.047910668002337786e-01
1.955056179775280967e+01,3.990767292460646876e-01,4.591989744150203889e-01,5.051735294078615324e-01
1.957987298485588568e+01,3.993614655346092723e-01,4.595308035411923009e-01,5.055556989341433161e-01
1.960918417195896524e+01,3.996459818940050757e-01,4.598623639592827050e-01,5.059375760489557283e-01
1.963849535906204125e+01,3.999302788199439740e-01,4.601936562973960587e-01,5.063191614196294044e-01
1.966780654616512081e+01,4.002143568062697665e-01,4.605246811812120922e-01,5.067004557109625607e-01
1.969711773326819682e+01,4.004982163449854471e-01,4.608554392339987982e-01,5.070814595852346507e-01
1.972642892037127282e+01,4.007818579262646952e-01,4.611859310766252551e-01,5.074621737022201318e-01
1.975574010747435238e+01,4.010652820384596473e-01,4.615161573275746720e-01,5.078425987192005664e-01
1.978505129457742839e+01,4.013484891681118882e-01,4.618461186029568788e-01,5.082227352909786111e-01
1.981436248168050795e+01,4.016314797999600561e-01,4.621758155165214266e-01,5.086025840698913392e-01
1.984367366878358396e+01,4.019142544169511111e-01,4.625052486796698004e-01,5.089821457058221199e-01
1.987298485588666352e+01,4.021968135002482736e-01,4.628344187014681865e-01,5.093614208462146076e-01
1.990229604298973953e+01,4.024791575292406831e-01,4.631633261886596853e-01,5.097404101360849538e-01
1.993160723009281909e+01,4.027612869815523355e-01,4.634919717456769117e-01,5.101191142180347970e-01
1.996091841719589510e+01,4.030432023330510205e-01,4.638203559746540972e-01,5.104975337322636975e-01
1.999022960429897466e+01,4.033249040578576472e-01,4.641484794754391907e-01,5.108756693165816820e-01
2.001954079140205067e+01,4.035976333937349447e-01,4.644552290532738548e-01,5.112854809652908061e-01
2.004885197850513023e+01,4.038657865768915389e-01,4.647512019390309668e-01,5.117109261249364049e-01
2.007816316560820624e+01,4.041337468676081124e-01,4.650469634315060330e-01,5.121360132865502290e-01
2.010747435271128580e+01,4.044015146708161978e-01,4.653425139666060306e-01,5.125607433485128706e-01
2.013678553981436181e+01,4.046690903900396763e-01,4.656378539787528470e-01,5.129851172054566977e-01
2.016609672691743782e+01,4.049364744274022154e-01,4.659329839008910512e-01,5.134091357482881701e-01
2.019540791402051738e+01,4.052036671836338755e-01,4.662279041644940558e-01,5.138327998642089334e-01
2.022471910112359339e+01,4.054706690580772710e-01,4.665226151995717219e-01,5.142561104367382452e-01
2.025403028822667295e+01,4.057374804486952313e-01,4.668171174346769092e-01,5.146790683457334037e-01
2.028334147532974896e+01,4.060041017520767959e-01,4.671114112969125265e-01,5.151016744674116188e-01
2.031265266243282852e+01,4.062705333634440974e-01,4.674054972119383033e-01,5.155239296743708843e-01
2.034196384953590453e+01,4.065367756766588569e-01,4.676993756039774519e-01,5.159458348356104063e-01
2.037127503663898409e+01,4.068028290842288230e-01,4.679930468958239387e-01,5.163673908165522519e-01
2.040058622374206010e+01,4.070686939773143220e-01,4.682865115088484798e-01,5.167885984790608900e-01
2.042989741084513966e+01,4.073343707457349749e-01,4.685797698630057573e-01,5.172094586814646178e-01
2.045920859794821567e+01,4.075998597779755817e-01,4.688728223768407477e-01,5.176299722785749902e-01
2.048851978505129523e+01,4.078651614611931153e-01,4.691656694674954386e-01,5.180501401217073587e-01
2.051783097215437124e+01,4.081302761812224955e-01,4.694583115507154902e-01,5.184699630587008556e-01
2.054714215925745080e+01,4.083952043225830275e-01,4.697507490408565634e-01,5.188894419339383779e-01
2.057645334636052681e+01,4.086599462684848971e-01,4.700429823508907590e-01,5.193085775883655719e-01
2.060576453346360637e+01,4.089245024008353879e-01,4.703350118924133350e-01,5.197273708595114838e-01
2.063507572056668238e+01,4.091888731002446544e-01,4.706268380756487013e-01,5.201458225815067671e-01
2.066438690766975839e+01,4.094530587460323834e-01,4.709184613094573590e-01,5.205639335851039995e-01
2.069369809477283795e+01,4.097170597162333450e-01,4.712098820013415623e-01,5.209817046976961130e-01
2.072300928187591396e+01,4.099808763876038320e-01,4.715011005574520353e-01,5.213991367433356006e-01
2.075232046897899352e+01,4.102445091356278772e-01,4.717921173825941339e-01,5.218162305427533898e-01
2.078163165608206953e+01,4.105079583345226379e-01,4.720829328802338409e-01,5.222329869133773839e-01
2.081094284318514909e+01,4.107712243572451682e-01,4.723735474525044276e-01,5.226494066693513352e-01
2.084025403028822510e+01,4.110343075754971376e-01,4.726639615002120598e-01,5.230654906215531641e-01
2.086956521739130466e+01,4.112972083597321582e-01,4.729541754228421824e-01,5.234812395776130556e-01
2.089887640449438067e+01,4.115599270791606701e-01,4.732441896185655139e-01,5.238966543419317778e-01
2.092818759159746023e+01,4.118224641017561027e-01,4.735340044842440976e-01,5.243117357156987790e-01
2.095749877870053623e+01,4.120848197942606483e-01,4.738236204154372411e-01,5.247264844969100617e-01
2.098680996580361580e+01,4.123469945221903687e-01,4.741130378064077888e-01,5.251409014803861686e-01
2.101612115290669180e+01,4.126089886498421899e-01,4.744022570501273961e-01,5.255549874577892799e-01
2.104543234000977137e+01,4.128708025402986759e-01,4.746912785382830235e-01,5.259687432176413102e-01
2.107474352711284737e+01,4.131324365554338574e-01,4.749801026612825439e-01,5.263821695453410054e-01
2.110405471421592694e+01,4.133938910559187274e-01,4.752687298082605705e-01,5.267952672231815958e-01
2.113336590131900294e+01,4.136551664012271812e-01,4.755571603670841752e-01,5.272080370303671160e-01
2.116267708842207895e+01,4.139162629496409562e-01,4.758453947243589943e-01,5.276204797430307236e-01
2.119198827552515851e+01,4.141771810582558500e-01,4.761334332654344470e-01,5.280325961342505758e-01
2.122129946262823452e+01,4.144379210829867710e-01,4.764212763744096746e-01,5.284443869740668154e-01
2.125061064973131408e+01,4.146984833785732349e-01,4.767089244341393695e-01,5.288558530294985571e-01
2.127992183683439009e+01,4.149588682985851373e-01,4.769963778262388820e-01,5.292669950645602084e-01
2.130923302393746965e+01,4.152190761954271392e-01,4.772836369310905491e-01,5.296778138402783442e-01
2.133854421104054566e+01,4.154791074203452728e-01,4.775707021278484676e-01,5.300883101147072507e-01
2.136785539814362522e+01,4.157389623234316045e-01,4.778575737944445456e-01,5.304984846429458001e-01
2.139716658524670123e+01,4.159986412536293421e-01,4.781442523075938311e-01,5.309083381771532162e-01
2.142647777234978079e+01,4.162581445587389406e-01,4.784307380427999523e-01,5.313178714665655056e-01
2.145578895945285680e+01,4.165174725854218774e-01,4.787170313743606131e-01,5.317270852575103346e-01
2.148510014655593636e+01,4.167766256792074797e-01,4.790031326753728669e-01,5.321359802934244598e-01
2.151441133365901237e+01,4.170356041844968109e-01,4.792890423177386672e-01,5.325445573148674949e-01
2.154372252076209193e+01,4.172944084445688318e-01,4.795747606721700307e-01,5.329528170595387859e-01
2.157303370786516794e+01,4.175530388015844530e-01,4.798602881081943106e-01,5.333607602622925103e-01
2.160234489496824395e+01,4.178114955965926969e-01,4.801456249941597476e-01,5.337683876551526652e-01
2.163165608207132351e+01,4.180697791695344723e-01,4.804307716972406328e-01,5.341756999673289430e-01
2.166096726917439952e+01,4.183278898592489026e-01,4.807157285834420812e-01,5.345826979252310540e-01
2.169027845627747908e+01,4.185858280034777668e-01,4.810004960176059718e-01,5.349893822524843801e-01
2.171958964338055509e+01,4.188435939388701068e-01,4.812850743634152217e-01,5.353957536699447406e-01
2.174890083048363465e+01,4.191011880009873902e-01,4.815694639833998369e-01,5.358018128957130477e-01
2.177821201758671066e+01,4.193586105243086726e-01,4.818536652389413533e-01,5.362075606451500720e-01
2.180752320468979022e+01,4.196158618422355380e-01,4.821376784902781654e-01,5.366129976308912086e-01
2.183683439179286623e+01,4.198729422870960959e-01,4.824215040965104673e-01,5.370181245628606881e-01
2.186614557889594579e+01,4.201298521901509209e-01,4.827051424156054149e-01,5.374229421482865643e-01
2.189545676599902180e+01,4.203865918815971048e-01,4.829885938044017890e-01,5.378274510917140372e-01
2.192476795310210136e+01,4.206431616905729753e-01,4.832718586186154908e-01,5.382316520950208849e-01
2.195407914020517737e+01,4.208995619451635362e-01,4.835549372128439272e-01,5.386355458574304533e-01
2.198339032730825693e+01,4.211557929724044635e-01,4.838378299405711735e-01,5.390391330755266441e-01
2.201270151441133294e+01,4.214118550982869915e-01,4.841205371541727476e-01,5.394424144432669044e-01
2.204201270151440895e+01,4.216677486477627967e-01,4.844030592049206052e-01,5.398453906519968815e-01
2.207132388861748851e+01,4.219234739447482729e-01,4.846853964429879702e-01,5.402480623904636348e-01
2.210063507572056452e+01,4.221790313121291938e-01,4.849675492174537195e-01,5.406504303448298465e-01
2.212994626282364408e+01,4.224344210717657644e-01,4.852495178763076566e-01,5.410524951986864783e-01
2.215925744992672008e+01,4.226896435444963962e-01,4.855313027664549530e-01,5.414542576330669821e-01
2.218856863702979965e+01,4.229446990501429249e-01,4.858129042337210879e-01,5.418557183264605115e-01
2.221787982413287565e+01,4.231995879075148292e-01,4.860943226228560676e-01,5.422568779548251339e-01
2.224719101123595522e+01,4.234543104344131725e-01,4.863755582775398101e-01,5.426577371916009307e-01
2.227650219833903122e+01,4.237088669476360980e-01,4.866566115403861414e-01,5.430582967077232093e-01
2.230581338544211079e+01,4.239632577629824928e-01,4.869374827529476812e-01,5.434585571716358254e-01
2.233512457254518679e+01,4.242174831952568170e-01,4.872181722557202277e-01,5.438585192493032849e-01
2.236443575964826636e+01,4.244715435582727125e-01,4.874986803881478648e-01,5.442581836042245103e-01
2.239374694675134236e+01,4.247254391648584426e-01,4.877790074886266258e-01,5.446575508974449420e-01
2.242305813385442192e+01,4.249791703268603893e-01,4.880591538945097119e-01,5.450566217875698616e-01
2.245236932095749793e+01,4.252327373551477163e-01,4.883391199421117101e-01,5.454553969307759376e-01
2.248168050806057749e+01,4.254861405596166990e-01,4.886189059667129797e-01,5.458538769808253255e-01
2.251099169516365350e+01,4.257393802491943879e-01,4.888985123025643698e-01,5.462520625890761039e-01
2.254030288226672951e+01,4.259924567318434940e-01,4.891779392828911610e-01,5.466499544044964853e-01
2.256961406936980907e+01,4.262453703145664408e-01,4.894571872398980616e-01,5.470475530736760295e-01
2.259892525647288508e+01,4.264981213034095275e-01,4.897362565047727601e-01,5.474448592408378556e-01
2.262823644357596464e+01,4.267507100034669265e-01,4.900151474076910318e-01,5.478418735478511881e-01
2.265754763067904065e+01,4.270031367188847904e-01,4.902938602778207366e-01,5.482385966342429029e-01
2.268685881778212021e+01,4.272554017528656933e-01,4.905723954433260370e-01,5.486350291372099619e-01
2.271617000488519622e+01,4.275075054076720726e-01,4.908507532313717836e-01,5.490311716916309592e-01
2.274548119198827578e+01,4.277594479846313358e-01,4.911289339681277344e-01,5.494270249300778897e-01
2.277479237909135179e+01,4.280112297841388025e-01,4.914069379787725511e-01,5.498225894828279170e-01
2.280410356619443135e+01,4.282628511056626452e-01,4.916847655874984624e-01,5.502178659778751424e-01
2.283341475329750736e+01,4.285143122477469979e-01,4.919624171175149274e-01,5.506128550409419287e-01
2.286272594040058692e+01,4.287656135080166186e-01,4.922398928910533544e-01,5.510075572954907797e-01
2.289203712750366293e+01,4.290167551831803872e-01,4.925171932293704868e-01,5.514019733627348874e-01
2.292134831460674249e+01,4.292677375690359676e-01,4.927943184527532883e-01,5.517961038616507885e-01
2.295065950170981850e+01,4.295185609604726396e-01,4.930712688805223287e-01,5.521899494089884675e-01
2.297997068881289806e+01,4.297692256514758502e-01,4.933480448310365585e-01,5.525835106192829027e-01
2.300928187591597407e+01,4.300197319351313774e-01,4.936246466216966944e-01,5.529767881048653910e-01
2.303859306301905008e+01,4.302700801036281608e-01,4.939010745689494941e-01,5.533697824758745387e-01
2.306790425012212964e+01,4.305202704482634091e-01,4.941773289882919196e-01,5.537624943402669198e-01
2.309721543722520565e+01,4.307703032594449866e-01,4.944534101942749116e-01,5.541549243038285111e-01
2.312652662432828521e+01,4.310201788266967982e-01,4.947293185005072758e-01,5.545470729701849066e-01
2.315583781143136122e+01,4.312698974386607320e-01,4.950050542196599568e-01,5.549389409408125307e-01
2.318514899853444078e+01,4.315194593831020442e-01,4.952806176634695912e-01,5.553305288150492958e-01
2.321446018563751679e+01,4.317688649469121343e-01,4.955560091427423930e-01,5.557218371901049281e-01
2.324377137274059635e+01,4.320181144161126530e-01,4.958312289673584283e-01,5.561128666610719584e-01
2.327308255984367236e+01,4.322672080758589441e-01,4.961062774462750014e-01,5.565036178209356033e-01
2.330239374694675192e+01,4.325161462104438193e-01,4.963811548875307622e-01,5.568940912605850890e-01
2.333170493404982793e+01,4.327649291033009993e-01,4.966558615982494262e-01,5.572842875688229780e-01
2.336101612115290749e+01,4.330135570370090004e-01,4.969303978846434933e-01,5.576742073323766036e-01
2.339032730825598350e+01,4.332620302932949086e-01,4.972047640520182443e-01,5.580638511359068410e-01
2.341963849535906306e+01,4.335103491530372666e-01,4.974789604047751279e-01,5.584532195620197648e-01
2.344894968246213907e+01,4.337585138962705145e-01,4.977529872464158123e-01,5.588423131912758635e-01
2.347826086956521507e+01,4.340065248021874877e-01,4.980268448795457381e-01,5.592311326022004758e-01
2.350757205666829464e+01,4.342543821491441358e-01,4.983005336058780599e-01,5.596196783712931166e-01
2.353688324377137064e+01,4.345020862146621310e-01,4.985740537262365879e-01,5.600079510730381349e-01
2.356619443087445021e+01,4.347496372754326432e-01,4.988474055405604513e-01,5.603959512799144838e-01
2.359550561797752621e+01,4.349970356073200595e-01,4.991205893479069289e-01,5.607836795624049353e-01
2.362481680508060577e+01,4.352442814853645925e-01,4.993936054464555019e-01,5.611711364890064058e-01
2.365412799218368178e+01,4.354913751837869995e-01,4.996664541335112397e-01,5.615583226262391703e-01
2.368343917928676134e+01,4.357383169759908581e-01,4.999391357055084639e-01,5.619452385386570770e-01
2.371275036638983735e+01,4.359851071345666185e-01,5.002116504580141898e-01,5.623318847888560956e-01
2.374206155349291691e+01,4.362317459312948786e-01,5.004839986857319012e-01,5.627182619374848649e-01
2.377137274059599292e+01,4.364782336371489380e-01,5.007561806825047146e-01,5.631043705432535740e-01
2.380068392769907248e+01,4.367245705222997376e-01,5.010281967413193760e-01,5.634902111629431776e-01
2.382999511480214849e+01,4.369707568561176370e-01,5.013000471543089809e-01,5.638757843514151658e-01
2.385930630190522805e+01,4.372167929071767434e-01,5.015717322127574151e-01,5.642610906616204458e-01
2.388861748900830406e+01,4.374626789432574658e-01,5.018432522071019086e-01,5.646461306446086681e-01
2.391792867611138007e+01,4.377084152313505117e-01,5.021146074269369208e-01,5.650309048495374409e-01
2.394723986321445963e+01,4.379540020376592180e-01,5.023857981610176937e-01,5.654154138236813232e-01
2.397655105031753564e+01,4.381994396276038262e-01,5.026568246972631382e-01,5.657996581124407065e-01
2.400586223742061520e+01,4.384447282658239797e-01,5.029276873227594979e-01,5.661836382593511408e-01
2.403517342452369121e+01,4.386898682161821661e-01,5.031983863237639021e-01,5.665673548060919940e-01
2.406448461162677077e+01,4.389348597417669362e-01,5.034689219857073628e-01,5.669508082924952230e-01
2.409379579872984678e+01,4.391797031048955691e-01,5.037392945931982169e-01,5.673339992565541445e-01
2.412310698583292634e+01,4.394243985671186792e-01,5.040095044300255678e-01,5.677169282344329826e-01
2.415241817293600235e+01,4.396689463892212157e-01,5.042795517791621718e-01,5.680995957604744184e-01
2.418172936003908191e+01,4.399133468312275141e-01,5.045494369227683240e-01,5.684820023672086942e-01
2.421104054714215792e+01,4.401576001524031279e-01,5.048191601421945229e-01,5.688641485853627167e-01
2.424035173424523748e+01,4.404017066112583256e-01,5.050887217179853561e-01,5.692460349438676070e-01
2.426966292134831349e+01,4.406456664655516442e-01,5.053581219298817206e-01,5.696276619698681376e-01
2.429897410845139305e+01,4.408894799722921642e-01,5.056273610568250421e-01,5.700090301887307254e-01
2.432828529555446906e+01,4.411331473877429521e-01,5.058964393769599388e-01,5.703901401240513147e-01
2.435759648265754862e+01,4.413766689674241128e-01,5.061653571676376639e-01,5.707709922976650363e-01
2.438690766976062463e+01,4.416200449661155103e-01,5.064341147054188808e-01,5.711515872296530905e-01
2.441621885686370064e+01,4.418632756378600424e-01,5.067027122660771044e-01,5.715319254383517400e-01
2.444553004396678020e+01,4.421063612359668049e-01,5.069711501246016994e-01,5.719120074403606369e-01
2.447484123106985621e+01,4.423493020130132014e-01,5.072394285552012105e-01,5.722918337505500386e-01
2.450415241817293577e+01,4.425920982208488841e-01,5.075075478313062494e-01,5.726714048820701342e-01
2.453346360527601178e+01,4.428347501105983630e-01,5.077755082255723806e-01,5.730507213463580385e-01
2.456277479237909134e+01,4.430772579326631710e-01,5.080433100098836752e-01,5.734297836531465631e-01
2.459208597948216735e+01,4.433196219367260271e-01,5.083109534553552633e-01,5.738085923104714325e-01
2.462139716658524691e+01,4.435618423717527792e-01,5.085784388323366656e-01,5.741871478246798333e-01
2.465070835368832292e+01,4.438039194859959014e-01,5.088457664104146794e-01,5.745654507004375189e-01
2.468001954079140248e+01,4.440458535269963813e-01,5.091129364584168204e-01,5.749435014407378031e-01
2.470933072789447849e+01,4.442876447415882168e-01,5.093799492444129884e-01,5.753213005469079988e-01
2.473864191499755805e+01,4.445292933758992482e-01,5.096468050357204627e-01,5.756988485186177451e-01
2.476795310210063406e+01,4.447707996753554882e-01,5.099135040989049017e-01,5.760761458538866675e-01
2.479726428920371362e+01,4.450121638846834538e-01,5.101800466997845618e-01,5.764531930490921496e-01
2.482657547630678962e+01,4.452533862479125526e-01,5.104464331034327396e-01,5.768299905989764387e-01
2.485588666340986919e+01,4.454944670083784142e-01,5.107126635741806586e-01,5.772065389966546389e-01
2.488519785051294519e+01,4.457354064087251655e-01,5.109787383756204671e-01,5.775828387336217062e-01
2.491450903761602120e+01,4.459762046909088173e-01,5.112446577706079021e-01,5.779588902997604416e-01
2.494382022471910076e+01,4.462168620961992627e-01,5.115104220212658426e-01,5.783346941833485966e-01
2.497313141182217677e+01,4.464573788651834962e-01,5.117760313889860857e-01,5.787102508710659787e-01
2.500244259892525633e+01,4.466979876069950284e-01,5.120439261044874568e-01,5.790830179249747411e-01
2.503175378602833234e+01,4.469410104825659591e-01,5.123384866774274293e-01,5.794275873918296460e-01
2.506106497313141190e+01,4.471838901766079233e-01,5.126328573043305026e-01,5.797719494262969508e-01
2.509037616023448791e+01,4.474266269353674441e-01,5.129270383388729870e-01,5.801161044009613965e-01
2.511968734733756747e+01,4.476692210043887732e-01,5.132210301336433966e-01,5.804600526872948363e-01
2.514899853444064348e+01,4.479116726285184980e-01,5.135148330401468897e-01,5.808037946556605657e-01
2.517830972154372304e+01,4.481539820519067630e-01,5.138084474088099318e-01,5.811473306753180967e-01
2.520762090864679905e+01,4.483961495180113777e-01,5.141018735889848479e-01,5.814906611144275983e-01
2.523693209574987861e+01,4.486381752695999259e-01,5.143951119289547069e-01,5.818337863400547816e-01
2.526624328285295462e+01,4.488800595487517642e-01,5.146881627759375410e-01,5.821767067181751187e-01
2.529555446995603418e+01,4.491218025968624072e-01,5.149810264760910083e-01,5.825194226136785058e-01
2.532486565705911019e+01,4.493634046546442495e-01,5.152737033745170558e-01,5.828619343903738148e-01
2.535417684416218620e+01,4.496048659621314503e-01,5.155661938152659163e-01,5.832042424109934453e-01
2.538348803126526576e+01,4.498461867586807106e-01,5.158584981413415482e-01,5.835463470371973216e-01
2.541279921836834177e+01,4.500873672829747707e-01,5.161506166947049667e-01,5.838882486295777774e-01
2.544211040547142133e+01,4.503284077730250745e-01,5.164425498162792394e-01,5.842299475476641080e-01
2.547142159257449734e+01,4.505693084661744896e-01,5.167342978459539271e-01,5.845714441499262337e-01
2.550073277967757690e+01,4.508100695990991946e-01,5.170258611225890810e-01,5.849127387937801403e-01
2.553004396678065291e+01,4.510506914078126206e-01,5.173172399840200164e-01,5.852538318355908764e-01
2.555935515388373247e+01,4.512911741276663391e-01,5.176084347670614205e-01,5.855947236306779935e-01
2.558866634098680848e+01,4.515315179933543366e-01,5.178994458075115714e-01,5.859354145333192099e-01
2.561797752808988804e+01,4.517717232389145132e-01,5.181902734401568900e-01,5.862759048967550735e-01
2.564728871519296405e+01,4.520117900977312364e-01,5.184809179987757144e-01,5.866161950731930697e-01
2.567659990229604361e+01,4.522517188025390045e-01,5.187713798161429635e-01,5.869562854138113961e-01
2.570591108939911962e+01,4.524915095854231128e-01,5.190616592240342442e-01,5.872961762687640697e-01
2.573522227650219918e+01,4.527311626778240394e-01,5.193517565532301816e-01,5.876358679871843682e-01
2.576453346360527519e+01,4.529706783105387768e-01,5.196416721335197497e-01,5.879753609171890494e-01
2.579384465070835120e+01,4.532100567137237745e-01,5.199314062937058223e-01,5.883146554058829025e-01
2.582315583781143076e+01,4.534492981168973258e-01,5.202209593616080596e-01,5.886537517993626345e-01
2.585246702491450677e+01,4.536884027489418436e-01,5.205103316640674604e-01,5.889926504427207554e-01
2.588177821201758633e+01,4.539273708381065808e-01,5.207995235269506917e-01,5.893313516800500196e-01
2.591108939912066234e+01,4.541662026120105167e-01,5.210885352751536415e-01,5.896698558544472002e-01
2.594040058622374190e+01,4.544048982976433559e-01,5.213773672326057484e-01,5.900081633080171972e-01
2.596971177332681791e+01,4.546434581213696369e-01,5.216660197222738882e-01,5.903462743818771452e-01
2.599902296042989747e+01,4.548818823089301744e-01,5.219544930661665916e-01,5.906841894161602990e-01
2.602833414753297347e+01,4.551201710854442251e-01,5.222427875853377088e-01,5.910219087500199198e-01
2.605764533463605304e+01,4.553583246754129288e-01,5.225309035998905172e-01,5.913594327216333824e-01
2.608695652173912904e+01,4.555963433027206966e-01,5.228188414289814956e-01,5.916967616682061726e-01
2.611626770884220861e+01,4.558342271906378196e-01,5.231066013908246548e-01,5.920338959259755507e-01
2.614557889594528461e+01,4.560719765618233557e-01,5.233941838026946458e-01,5.923708358302143262e-01
2.617489008304836418e+01,4.563095916383267947e-01,5.236815889809314228e-01,5.927075817152355208e-01
2.620420127015144018e+01,4.565470726415905012e-01,5.239688172409435740e-01,5.930441339143949220e-01
2.623351245725451975e+01,4.567844197924522121e-01,5.242558688972125402e-01,5.933804927600963008e-01
2.626282364435759575e+01,4.570216333111473683e-01,5.245427442632958348e-01,5.937166585837938548e-01
2.629213483146067176e+01,4.572587134173115575e-01,5.248294436518313733e-01,5.940526317159973146e-01
2.632144601856375132e+01,4.574956603299820124e-01,5.251159673745411371e-01,5.943884124862747198e-01
2.635075720566682733e+01,4.577324742676010527e-01,5.254023157422343937e-01,5.947240012232566375e-01
2.638006839276990689e+01,4.579691554480169735e-01,5.256884890648124697e-01,5.950593982546398264e-01
2.640937957987298290e+01,4.582057040884878196e-01,5.259744876512711942e-01,5.953946039071906782e-01
2.643869076697606246e+01,4.584421204056823296e-01,5.262603118097057830e-01,5.957296185067492145e-01
2.646800195407913847e+01,4.586784046156829331e-01,5.265459618473132819e-01,5.960644423782329726e-01
2.649731314118221803e+01,4.589145569339876940e-01,5.268314380703974509e-01,5.963990758456398922e-01
2.652662432828529404e+01,4.591505775755123087e-01,5.271167407843714292e-01,5.967335192320526449e-01
2.655593551538837360e+01,4.593864667545925484e-01,5.274018702937618430e-01,5.970677728596421874e-01
2.658524670249144961e+01,4.596222246849869797e-01,5.276868269022121360e-01,5.974018370496708696e-01
2.661455788959452917e+01,4.598578515798779076e-01,5.279716109124864554e-01,5.977357121224966541e-01
2.664386907669760518e+01,4.600933476518743181e-01,5.282562226264729821e-01,5.980693983975758909e-01
2.667318026380068474e+01,4.603287131130145426e-01,5.285406623451872621e-01,5.984028961934677593e-01
2.670249145090376075e+01,4.605639481747665909e-01,5.288249303687760916e-01,5.987362058278373755e-01
2.673180263800684031e+01,4.607990530480328695e-01,5.291090269965208481e-01,5.990693276174591242e-01
2.676111382510991632e+01,4.610340279431496269e-01,5.293929525268410430e-01,5.994022618782202105e-01
2.679042501221299233e+01,4.612688730698912276e-01,5.296767072572977630e-01,5.997350089251244354e-01
2.681973619931607189e+01,4.615035886374710405e-01,5.299602914845967794e-01,6.000675690722954148e-01
2.684904738641914790e+01,4.617381748545437148e-01,5.302437055045927661e-01,6.003999426329799105e-01
2.687835857352222746e+01,4.619726319292078442e-01,5.305269496122916317e-01,6.007321299195517161e-01
2.690766976062530347e+01,4.622069600690070224e-01,5.308100241018549603e-01,6.010641312435143213e-01
2.693698094772838303e+01,4.624411594809327286e-01,5.310929292666026758e-01,6.013959469155050197e-01
2.696629213483145904e+01,4.626752303714265491e-01,5.313756653990165946e-01,6.017275772452980176e-01
2.699560332193453860e+01,4.629091729463808980e-01,5.316582327907440897e-01,6.020590225418074315e-01
2.702491450903761461e+01,4.631429874111429035e-01,5.319406317326006439e-01,6.023902831130910629e-01
2.705422569614069417e+01,4.633766739705147408e-01,5.322228625145740688e-01,6.027213592663538400e-01
2.708353688324377018e+01,4.636102328287566299e-01,5.325049254258270581e-01,6.030522513079505931e-01
2.711284807034684974e+01,4.638436641895890000e-01,5.327868207547009627e-01,6.033829595433897186e-01
2.714215925744992575e+01,4.640769682561932119e-01,5.330685487887187879e-01,6.037134842773362875e-01
2.717147044455300531e+01,4.643101452312153876e-01,5.333501098145883024e-01,6.040438258136153760e-01
2.720078163165608132e+01,4.645431953167662997e-01,5.336315041182055907e-01,6.043739844552153961e-01
2.723009281875915732e+01,4.647761187144255346e-01,5.339127319846581621e-01,6.047039605042910937e-01
2.725940400586223689e+01,4.650089156252414924e-01,5.341937936982278368e-01,6.050337542621669895e-01
2.728871519296531289e+01,4.652415862497347177e-01,5.344746895423942989e-01,6.053633660293403773e-01
2.731802638006839246e+01,4.654741307878989542e-01,5.347554197998383163e-01,6.056927961054844323e-01
2.734733756717146846e+01,4.657065494392039762e-01,5.350359847524441825e-01,6.060220447894516527e-01
2.737664875427454803e+01,4.659388424025961428e-01,5.353163846813039362e-01,6.063511123792769686e-01
2.740595994137762403e+01,4.661710098765018406e-01,5.355966198667192479e-01,6.066799991721805174e-01
2.743527112848070360e+01,4.664030520588281492e-01,5.358766905882056397e-01,6.070087054645713076e-01
2.746458231558377960e+01,4.666349691469655614e-01,5.361565971244947049e-01,6.073372315520496612e-01
2.749389350268685916e+01,4.668667613377899261e-01,5.364363397535376610e-01,6.076655777294108773e-01
2.752320468978993517e+01,4.670984288276628926e-01,5.367159187525084585e-01,6.079937442906477862e-01
2.755251587689301473e+01,4.673299718124359625e-01,5.369953343978061122e-01,6.083217315289544125e-01
2.758182706399609074e+01,4.675613904874503235e-01,5.372745869650586981e-01,6.086495397367285287e-01
2.761113825109917030e+01,4.677926850475404019e-01,5.375536767291256846e-01,6.089771692055749863e-01
2.764044943820224631e+01,4.680238556870343070e-01,5.378326039641009304e-01,6.093046202263081579e-01
2.766976062530532232e+01,4.682549025997564951e-01,5.381113689433161262e-01,6.096318930889556009e-01
2.769907181240840188e+01,4.684858259790293800e-01,5.383899719393432370e-01,6.099589880827609445e-01
2.772838299951147789e+01,4.687166260176749977e-01,5.386684132239978329e-01,6.102859054961863317e-01
2.775769418661455745e+01,4.689473029080170607e-01,5.389466930683417534e-01,6.106126456169157501e-01
2.778700537371763346e+01,4.691778568418827344e-01,5.392248117426859944e-01,6.109392087318582520e-01
2.781631656082071302e+01,4.694082880106037470e-01,5.395027695165939274e-01,6.112655951271502852e-01
2.784562774792378903e+01,4.696385966050196648e-01,5.397805666588838536e-01,6.115918050881588020e-01
2.787493893502686859e+01,4.698687828154779478e-01,5.400582034376321117e-01,6.119178388994843676e-01
2.790425012212994460e+01,4.700988468318368918e-01,5.403356801201757431e-01,6.122436968449640471e-01
2.793356130923302416e+01,4.703287888434670716e-01,5.406129969731153784e-01,6.125693792076737365e-01
2.796287249633610017e+01,4.705586090392526177e-01,5.408901542623180125e-01,6.128948862699316047e-01
2.799218368343917973e+01,4.707883076075941586e-01,5.411671522529202250e-01,6.132202183133006468e-01
2.802149487054225574e+01,4.710178847364087096e-01,5.414439912093302887e-01,6.135453756185915708e-01
2.805080605764533530e+01,4.712473406131333920e-01,5.417206713952316122e-01,6.138703584658657952e-01
2.808011724474841131e+01,4.714766754247255443e-01,5.419971930735850707e-01,6.141951671344377806e-01
2.810942843185149087e+01,4.717058893576656087e-01,5.422735565066318930e-01,6.145198019028782488e-01
2.813873961895456688e+01,4.719349825979577417e-01,5.425497619558965479e-01,6.148442630490168481e-01
2.816805080605764289e+01,4.721639553311328674e-01,5.428258096821892975e-01,6.151685508499445953e-01
2.819736199316072245e+01,4.723928077422486216e-01,5.431016999456088623e-01,6.154926655820173176e-01
2.822667318026379846e+01,4.726215400158930158e-01,5.433774330055455293e-01,6.158166075208575396e-01
2.825598436736687802e+01,4.728501523361841041e-01,5.436530091206833726e-01,6.161403769413578146e-01
2.828529555446995403e+01,4.730786448867733140e-01,5.439284285490030291e-01,6.164639741176831667e-01
2.831460674157303359e+01,4.733070178508461678e-01,5.442036915477845849e-01,6.167873993232738661e-01
2.834391792867610960e+01,4.735352714111240591e-01,5.444787983736100179e-01,6.171106528308479833e-01
2.837322911577918916e+01,4.737634057498661955e-01,5.447537492823659733e-01,6.174337349124043861e-01
2.840254030288226517e+01,4.739914210488708202e-01,5.450285445292465392e-01,6.177566458392248494e-01
2.843185148998534473e+01,4.742193174894774876e-01,5.453031843687551339e-01,6.180793858818772746e-01
2.846116267708842074e+01,4.744470952525677854e-01,5.455776690547079477e-01,6.184019553102176880e-01
2.849047386419150030e+01,4.746747545185677208e-01,5.458519988402362744e-01,6.187243543933939049e-01
2.851978505129457631e+01,4.749022954674484986e-01,5.461261739777888424e-01,6.190465833998466394e-01
2.854909623839765587e+01,4.751297182787295181e-01,5.464001947191349240e-01,6.193686425973133902e-01
2.857840742550073188e+01,4.753570231314781513e-01,5.466740613153658890e-01,6.196905322528303284e-01
2.860771861260381144e+01,4.755842102043132957e-01,5.469477740168988689e-01,6.200122526327352945e-01
2.863702979970688745e+01,4.758112796754044305e-01,5.472213330734787551e-01,6.203338040026696865e-01
2.866634098680996345e+01,4.760382317224760018e-01,5.474947387341806415e-01,6.206551866275821228e-01
2.869565217391304301e+01,4.762650665228071456e-01,5.477679912474126001e-01,6.209764007717295531e-01
2.872496336101611902e+01,4.764917842532336856e-01,5.480410908609174570e-01,6.212974466986811439e-01
2.875427454811919858e+01,4.767183850901497988e-01,5.483140378217766786e-01,6.216183246713196109e-01
2.878358573522227459e+01,4.769448692095093478e-01,5.485868323764113708e-01,6.219390349518445493e-01
2.881289692232535415e+01,4.771712367868277127e-01,5.488594747705856092e-01,6.222595778017748769e-01
2.884220810942843016e+01,4.773974879971832341e-01,5.491319652494084380e-01,6.225799534819503878e-01
2.887151929653150972e+01,4.776236230152184348e-01,5.494043040573367565e-01,6.229001622525356385e-01
2.890083048363458573e+01,4.778496420151417956e-01,5.496764914381773171e-01,6.232202043730210583e-01
2.893014167073766529e+01,4.780755451707293102e-01,5.499485276350891683e-01,6.235400801022263906e-01
2.895945285784074130e+01,4.783013326553257616e-01,5.502204128905864300e-01,6.238597896983021363e-01
2.898876404494382086e+01,4.785270046418467205e-01,5.504921474465401809e-01,6.241793334187333286e-01
2.901807523204689687e+01,4.787525613027788784e-01,5.507637315441813453e-01,6.244987115203405326e-01
2.904738641914997643e+01,4.789780028101832676e-01,5.510351654241024688e-01,6.248179242592830640e-01
2.907669760625305244e+01,4.792033293356946499e-01,5.513064493262608279e-01,6.251369718910609885e-01
2.910600879335612845e+01,4.794285410505253475e-01,5.515775834899797614e-01,6.254558546705180078e-01
2.913531998045920801e+01,4.796536381254646320e-01,5.518485681539521126e-01,6.257745728518430139e-01
2.916463116756228402e+01,4.798786207308810559e-01,5.521194035562415614e-01,6.260931266885734203e-01
2.919394235466536358e+01,4.801034890367240626e-01,5.523900899342857329e-01,6.264115164335964936e-01
2.922325354176843959e+01,4.803282432125252077e-01,5.526606275248980849e-01,6.267297423391523514e-01
2.925256472887151915e+01,4.805528834273993244e-01,5.529310165642700170e-01,6.270478046568361830e-01
2.928187591597459516e+01,4.807774098500466331e-01,5.532012572879735357e-01,6.273657036376003582e-01
2.931118710307767472e+01,4.810018226487534632e-01,5.534713499309634743e-01,6.276834395317567594e-01
2.934049829018075073e+01,4.812261219913937516e-01,5.537412947275796027e-01,6.280010125889792238e-01
2.936980947728383029e+01,4.814503080454314854e-01,5.540110919115486254e-01,6.283184230583057639e-01
2.939912066438690630e+01,4.816743809779200913e-01,5.542807417159870687e-01,6.286356711881406767e-01
2.942843185148998586e+01,4.818983409555060993e-01,5.545502443734030562e-01,6.289527572262570976e-01
2.945774303859306187e+01,4.821221881444285318e-01,5.548196001156981971e-01,6.292696814197988875e-01
2.948705422569614143e+01,4.823459227105220126e-01,5.550888091741710273e-01,6.295864440152829644e-01
2.951636541279921744e+01,4.825695448192168779e-01,5.553578717795173425e-01,6.299030452586018569e-01
2.954567659990229345e+01,4.827930546355410080e-01,5.556267881618341953e-01,6.302194853950255915e-01
2.957498778700537301e+01,4.830164523241213259e-01,5.558955585506210051e-01,6.305357646692039131e-01
2.960429897410844902e+01,4.832397380491849637e-01,5.561641831747818898e-01,6.308518833251683944e-01
2.963361016121152858e+01,4.834629119745606496e-01,5.564326622626282193e-01,6.311678416063349895e-01
2.966292134831460459e+01,4.836859742636802628e-01,5.567009960418799475e-01,6.314836397555058101e-01
2.969223253541768415e+01,4.839089250795797215e-01,5.569691847396688322e-01,6.317992780148715681e-01
2.972154372252076016e+01,4.841317645849006479e-01,5.572372285825394345e-01,6.321147566260134631e-01
2.975085490962383972e+01,4.843544929418921452e-01,5.575051277964523377e-01,6.324300758299058467e-01
2.978016609672691573e+01,4.845771103124107415e-01,5.577728826067851475e-01,6.327452358669173327e-01
2.980947728382999529e+01,4.847996168579234988e-01,5.580404932383354888e-01,6.330602369768140170e-01
2.983878847093307130e+01,4.850220127395074576e-01,5.583079599153225603e-01,6.333750793987613648e-01
2.986809965803615086e+01,4.852442981178530790e-01,5.585752828613894660e-01,6.336897633713254319e-01
2.989741084513922686e+01,4.854664731532629673e-01,5.588424622996052138e-01,6.340042891324761953e-01
2.992672203224230643e+01,4.856885380056559787e-01,5.591094984524663802e-01,6.343186569195889968e-01
2.995603321934538243e+01,4.859104928345662211e-01,5.593763915419001087e-01,6.346328669694463187e-01
2.998534440644846200e+01,4.861323377991455530e-01,5.596431417892649973e-01,6.349469195182404491e-01
3.001465559355153800e+01,4.863683960325890787e-01,5.598949320390325113e-01,6.352704640717773410e-01
3.004396678065461401e+01,4.866186451056090934e-01,5.601317849246295610e-01,6.356034859462448283e-01
3.007327796775769357e+01,4.868687547304111352e-01,5.603685254586482367e-01,6.359363311711834221e-01
3.010258915486076958e+01,4.871187251338364721e-01,5.606051537950241803e-01,6.362690000262098966e-01
3.013190034196384914e+01,4.873685565421157495e-01,5.608416700873449789e-01,6.366014927902041709e-01
3.016121152906692515e+01,4.876182491808704889e-01,5.610780744888500537e-01,6.369338097413128619e-01
3.019052271617000471e+01,4.878678032751158078e-01,5.613143671524331024e-01,6.372659511569519486e-01
3.021983390327308072e+01,4.881172190492625296e-01,5.615505482306423213e-01,6.375979173138089928e-01
3.024914509037616028e+01,4.883664967271198476e-01,5.617866178756816264e-01,6.379297084878460256e-01
3.027845627747923629e+01,4.886156365318966577e-01,5.620225762394120972e-01,6.382613249543024336e-01
3.030776746458231585e+01,4.888646386862048887e-01,5.622584234733523090e-01,6.385927669876971802e-01
3.033707865168539186e+01,4.891135034120607794e-01,5.624941597286806649e-01,6.389240348618319132e-01
3.036638983878847142e+01,4.893622309308882645e-01,5.627297851562348407e-01,6.392551288497931861e-01
3.039570102589154743e+01,4.896108214635197520e-01,5.629652999065142271e-01,6.395860492239552331e-01
3.042501221299462699e+01,4.898592752301991760e-01,5.632007041296803740e-01,6.399167962559826339e-01
3.045432340009770300e+01,4.901075924505846060e-01,5.634359979755579895e-01,6.402473702168327563e-01
3.048363458720078256e+01,4.903557733437491351e-01,5.636711815936363834e-01,6.405777713767584203e-01
3.051294577430385857e+01,4.906038181281839883e-01,5.639062551330700224e-01,6.409080000053104520e-01
3.054225696140693458e+01,4.908517270218010209e-01,5.641412187426799729e-01,6.412380563713402370e-01
3.057156814851001414e+01,4.910995002419337174e-01,5.643760725709547899e-01,6.415679407430021630e-01
3.060087933561309015e+01,4.913471380053398008e-01,5.646108167660515154e-01,6.418976533877562840e-01
3.063019052271616971e+01,4.915946405282042297e-01,5.648454514757966782e-01,6.422271945723709852e-01
3.065950170981924572e+01,4.918420080261400873e-01,5.650799768476874041e-01,6.425565645629246481e-01
3.068881289692232528e+01,4.920892407141910785e-01,5.653143930288927477e-01,6.428857636248094254e-01
3.071812408402540129e+01,4.923363388068338065e-01,5.655487001662539148e-01,6.432147920227326843e-01
3.074743527112848085e+01,4.925833025179803260e-01,5.657828984062860389e-01,6.435436500207201149e-01
3.077674645823155686e+01,4.928301320609787539e-01,5.660169878951789579e-01,6.438723378821176180e-01
3.080605764533463642e+01,4.930768276486168777e-01,5.662509687787978807e-01,6.442008558695944132e-01
3.083536883243771243e+01,4.933233894931236541e-01,5.664848412026849411e-01,6.445292042451447045e-01
3.086468001954079199e+01,4.935698178061707631e-01,5.667186053120599754e-01,6.448573832700907893e-01
3.089399120664386800e+01,4.938161127988753285e-01,5.669522612518210769e-01,6.451853932050849449e-01
3.092330239374694756e+01,4.940622746818018607e-01,5.671858091665465951e-01,6.455132343101126491e-01
3.095261358085002357e+01,4.943083036649635886e-01,5.674192492004950239e-01,6.458409068444935786e-01
3.098192476795309958e+01,4.945541999578256798e-01,5.676525814976066675e-01,6.461684110668853842e-01
3.101123595505617914e+01,4.947999637693061281e-01,5.678858062015045283e-01,6.464957472352853562e-01
3.104054714215925515e+01,4.950455953077783078e-01,5.681189234554949730e-01,6.468229156070327557e-01
3.106985832926233471e+01,4.952910947810728048e-01,5.683519334025690650e-01,6.471499164388114789e-01
3.109916951636541071e+01,4.955364623964790827e-01,5.685848361854034527e-01,6.474767499866520559e-01
3.112848070346849028e+01,4.957816983607486461e-01,5.688176319463609243e-01,6.478034165059343152e-01
3.115779189057156628e+01,4.960268028800952078e-01,5.690503208274920732e-01,6.481299162513892709e-01
3.118710307767464585e+01,4.962717761601977418e-01,5.692829029705358534e-01,6.484562494771018981e-01
3.121641426477772185e+01,4.965166184062028698e-01,5.695153785169204674e-01,6.487824164365131319e-01
3.124572545188080142e+01,4.967613298227253615e-01,5.697477476077643654e-01,6.491084173824223091e-01
3.127503663898387742e+01,4.970059106138509097e-01,5.699800103838772447e-01,6.494342525669890565e-01
3.130434782608695699e+01,4.972503609831386839e-01,5.702121669857612707e-01,6.497599222417361764e-01
3.133365901319003299e+01,4.974946811336217189e-01,5.704442175536112991e-01,6.500854266575513130e-01
3.136297020029311255e+01,4.977388712678097460e-01,5.706761622273167633e-01,6.504107660646895051e-01
3.139228138739618856e+01,4.979829315876915796e-01,5.709080011464614524e-01,6.507359407127756290e-01
3.142159257449926457e+01,4.982268622947353398e-01,5.711397344503257312e-01,6.510609508508059529e-01
3.145090376160234413e+01,4.984706635898918936e-01,5.713713622778864298e-01,6.513857967271510230e-01
3.148021494870542014e+01,4.987143356735965205e-01,5.716028847678181757e-01,6.517104785895573293e-01
3.150952613580849970e+01,4.989578787457691900e-01,5.718343020584945036e-01,6.520349966851499701e-01
3.153883732291157571e+01,4.992012930058189468e-01,5.720656142879879669e-01,6.523593512604344280e-01
3.156814851001465527e+01,4.994445786526436337e-01,5.722968215940723580e-01,6.526835425612992347e-01
3.159745969711773128e+01,4.996877358846325556e-01,5.725279241142223752e-01,6.530075708330174145e-01
3.162677088422081084e+01,4.999307648996679232e-01,5.727589219856151770e-01,6.533314363202491482e-01
3.165608207132388685e+01,5.001736658951276837e-01,5.729898153451312703e-01,6.536551392670441052e-01
3.168539325842696641e+01,5.004164390678861318e-01,5.732206043293550657e-01,6.539786799168429976e-01
3.171470444553004242e+01,5.006590846143159634e-01,5.734512890745758762e-01,6.543020585124799116e-01
3.174401563263312198e+01,5.009016027302907181e-01,5.736818697167893610e-01,6.546252752961848609e-01
3.177332681973619799e+01,5.011439936111855564e-01,5.739123463916974144e-01,6.549483305095851193e-01
3.180263800683927755e+01,5.013862574518799242e-01,5.741427192347098307e-01,6.552712243937077741e-01
3.183194919394235356e+01,5.016283944467589961e-01,5.743729883809450820e-01,6.555939571889821682e-01
3.186126038104543312e+01,5.018704047897147857e-01,5.746031539652307618e-01,6.559165291352411220e-01
3.189057156814850913e+01,5.021122886741491431e-01,5.748332161221048064e-01,6.562389404717234864e-01
3.191988275525158514e+01,5.023540462929746431e-01,5.750631749858163833e-01,6.565611914370762525e-01
3.194919394235466470e+01,5.025956778386160284e-01,5.752930306903267788e-01,6.568832822693566609e-01
3.197850512945774071e+01,5.028371835030129855e-01,5.755227833693097317e-01,6.572052132060336449e-01
3.200781631656082027e+01,5.030785634776203663e-01,5.757524331561533204e-01,6.575269844839908284e-01
3.203712750366389628e+01,5.033198179534119632e-01,5.759819801839596298e-01,6.578485963395274139e-01
3.206643869076697229e+01,5.035609471208806198e-01,5.762114245855464167e-01,6.581700490083612909e-01
3.209574987787005540e+01,5.038019511700393416e-01,5.764407664934477760e-01,6.584913427256304796e-01
3.212506106497313141e+01,5.040428302904250701e-01,5.766700060399148065e-01,6.588124777258947962e-01
3.215437225207620742e+01,5.042835846710987946e-01,5.768991433569164995e-01,6.591334542431386279e-01
3.218368343917928343e+01,5.045242145006477719e-01,5.771281785761411820e-01,6.594542725107723768e-01
3.221299462628236654e+01,5.047647199671871920e-01,5.773571118289961834e-01,6.597749327616344583e-01
3.224230581338544255e+01,5.050051012583612886e-01,5.775859432466095011e-01,6.600954352279936321e-01
3.227161700048851856e+01,5.052453585613453368e-01,5.778146729598305775e-01,6.604157801415504458e-01
3.230092818759159456e+01,5.054854920628483184e-01,5.780433010992310772e-01,6.607359677334393444e-01
3.233023937469467768e+01,5.057255019491121439e-01,5.782718277951051089e-01,6.610559982342308905e-01
3.235955056179775369e+01,5.059653884059158724e-01,5.785002531774710022e-01,6.613758718739334297e-01
3.238886174890082970e+01,5.062051516185754885e-01,5.787285773760716401e-01,6.616955888819949783e-01
3.241817293600390570e+01,5.064447917719467895e-01,5.789568005203752366e-01,6.620151494873051101e-01
3.244748412310698171e+01,5.066843090504253855e-01,5.791849227395761135e-01,6.623345539181970665e-01
3.247679531021006483e+01,5.069237036379501404e-01,5.794129441625957000e-01,6.626538024024497542e-01
3.250610649731314084e+01,5.071629757180037279e-01,5.796408649180833095e-01,6.629728951672888559e-01
3.253541768441621684e+01,5.074021254736140740e-01,5.798686851344169169e-01,6.632918324393898279e-01
3.256472887151929285e+01,5.076411530873565781e-01,5.800964049397034916e-01,6.636106144448786770e-01
3.259404005862237597e+01,5.078800587413553336e-01,5.803240244617808852e-01,6.639292414093347361e-01
3.262335124572545197e+01,5.081188426172840167e-01,5.805515438282176088e-01,6.642477135577918856e-01
3.265266243282852798e+01,5.083575048963688836e-01,5.807789631663138330e-01,6.645660311147407739e-01
3.268197361993160399e+01,5.085960457593891038e-01,5.810062826031026084e-01,6.648841943041301494e-01
3.271128480703468711e+01,5.088344653866789802e-01,5.812335022653501992e-01,6.652022033493697473e-01
3.274059599413776311e+01,5.090727639581292818e-01,5.814606222795570822e-01,6.655200584733305114e-01
3.276990718124083912e+01,5.093109416531877987e-01,5.816876427719583909e-01,6.658377598983480361e-01
3.279921836834391513e+01,5.095489986508630054e-01,5.819145638685254696e-01,6.661553078462231214e-01
3.282852955544699114e+01,5.097869351297236173e-01,5.821413856949656518e-01,6.664727025382243264e-01
3.285784074255007425e+01,5.100247512679011441e-01,5.823681083767240363e-01,6.667899441950895234e-01
3.288715192965315026e+01,5.102624472430905556e-01,5.825947320389830431e-01,6.671070330370274526e-01
3.291646311675622627e+01,5.105000232325529463e-01,5.828212568066644117e-01,6.674239692837199422e-01
3.294577430385930228e+01,5.107374794131155360e-01,5.830476828044292015e-01,6.677407531543231300e-01
3.297508549096238539e+01,5.109748159611746665e-01,5.832740101566787905e-01,6.680573848674699056e-01
3.300439667806546140e+01,5.112120330526959133e-01,5.835002389875555417e-01,6.683738646412709095e-01
3.303370786516853741e+01,5.114491308632170830e-01,5.837263694209436915e-01,6.686901926933167539e-01
3.306301905227161342e+01,5.116861095678472138e-01,5.839524015804701262e-01,6.690063692406797990e-01
3.309233023937469653e+01,5.119229693412715720e-01,5.841783355895047158e-01,6.693223944999155961e-01
3.312164142647777254e+01,5.121597103577495425e-01,5.844041715711615348e-01,6.696382686870645529e-01
3.315095261358084855e+01,5.123963327911181809e-01,5.846299096482995283e-01,6.699539920176542651e-01
3.318026380068392456e+01,5.126328368147933245e-01,5.848555499435229565e-01,6.702695647067002938e-01
3.320957498778700767e+01,5.128692226017708133e-01,5.850810925791825046e-01,6.705849869687087184e-01
3.323888617489008368e+01,5.131054903246266008e-01,5.853065376773756157e-01,6.709002590176772474e-01
3.326819736199315969e+01,5.133416401555211950e-01,5.855318853599477125e-01,6.712153810670972165e-01
3.329750854909623570e+01,5.135776722661989924e-01,5.857571357484924190e-01,6.715303533299550320e-01
3.332681973619931171e+01,5.138135868279889440e-01,5.859822889643526711e-01,6.718451760187341693e-01
3.335613092330239482e+01,5.140493840118081081e-01,5.862073451286212711e-01,6.721598493454165046e-01
3.338544211040547083e+01,5.142850639881614283e-01,5.864323043621413323e-01,6.724743735214842033e-01
3.341475329750854684e+01,5.145206269271432875e-01,5.866571667855078331e-01,6.727887487579209402e-01
3.344406448461162285e+01,5.147560729984403949e-01,5.868819325190671732e-01,6.731029752652144538e-01
3.347337567171470596e+01,5.149914023713312305e-01,5.871066016829189493e-01,6.734170532533568787e-01
3.350268685881778197e+01,5.152266152146878220e-01,5.873311743969159560e-01,6.737309829318477439e-01
3.353199804592085798e+01,5.154617116969780755e-01,5.875556507806652951e-01,6.740447645096945273e-01
3.356130923302393398e+01,5.156966919862666643e-01,5.877800309535288203e-01,6.743583981954146545e-01
3.359062042012701710e+01,5.159315562502151398e-01,5.880043150346240255e-01,6.746718841970376079e-01
3.361993160723009311e+01,5.161663046560854839e-01,5.882285031428245992e-01,6.749852227221052603e-01
3.364924279433316912e+01,5.164009373707403316e-01,5.884525953967609802e-01,6.752984139776748718e-01
3.367855398143624512e+01,5.166354545606433035e-01,5.886765919148216897e-01,6.756114581703199784e-01
3.370786516853932824e+01,5.168698563918622257e-01,5.889004928151533313e-01,6.759243555061318354e-01
3.373717635564240425e+01,5.171041430300691299e-01,5.891242982156613683e-01,6.762371061907213043e-01
3.376648754274548025e+01,5.173383146405419186e-01,5.893480082340113446e-01,6.765497104292201858e-01
3.379579872984855626e+01,5.175723713881658083e-01,5.895716229876289960e-01,6.768621684262833282e-01
3.382510991695163227e+01,5.178063134374353282e-01,5.897951425937008052e-01,6.771744803860890727e-01
3.385442110405471539e+01,5.180401409524534317e-01,5.900185671691758893e-01,6.774866465123424719e-01
3.388373229115779139e+01,5.182738540969351604e-01,5.902418968307647784e-01,6.777986670082747356e-01
3.391304347826086740e+01,5.185074530342077548e-01,5.904651316949416362e-01,6.781105420766465608e-01
3.394235466536394341e+01,5.187409379272119869e-01,5.906882718779445929e-01,6.784222719197489093e-01
3.397166585246702653e+01,5.189743089385038255e-01,5.909113174957754122e-01,6.787338567394046729e-01
3.400097703957010253e+01,5.192075662302551020e-01,5.911342686642019340e-01,6.790452967369696724e-01
3.403028822667317854e+01,5.194407099642560643e-01,5.913571254987569636e-01,6.793565921133349894e-01
3.405959941377625455e+01,5.196737403019144885e-01,5.915798881147401600e-01,6.796677430689280763e-01
3.408891060087933766e+01,5.199066574042594535e-01,5.918025566272183680e-01,6.799787498037140887e-01
3.411822178798241367e+01,5.201394614319398979e-01,5.920251311510256187e-01,6.802896125171976616e-01
3.414753297508548968e+01,5.203721525452281726e-01,5.922476118007650170e-01,6.806003314084241307e-01
3.417684416218856569e+01,5.206047309040205961e-01,5.924699986908080751e-01,6.809109066759815310e-01
3.420615534929164880e+01,5.208371966678372322e-01,5.926922919352967112e-01,6.812213385180012626e-01
3.423546653639472481e+01,5.210695499958261090e-01,5.929144916481423611e-01,6.815316271321602004e-01
3.426477772349780082e+01,5.213017910467613314e-01,5.931365979430279767e-01,6.818417727156819153e-01
3.429408891060087683e+01,5.215339199790463010e-01,5.933586109334081371e-01,6.821517754653381171e-01
3.432340009770395284e+01,5.217659369507136047e-01,5.935805307325093816e-01,6.824616355774502097e-01
3.435271128480703595e+01,5.219978421194277907e-01,5.938023574533315418e-01,6.827713532478907332e-01
3.438202247191011196e+01,5.222296356424847019e-01,5.940240912086475200e-01,6.830809286720843643e-01
3.441133365901318797e+01,5.224613176768146960e-01,5.942457321110049540e-01,6.833903620450100247e-01
3.444064484611626398e+01,5.226928883789820901e-01,5.944672802727258842e-01,6.836996535612019921e-01
3.446995603321934709e+01,5.229243479051873811e-01,5.946887358059076423e-01,6.840088034147514540e-01
3.449926722032242310e+01,5.231556964112675789e-01,5.949100988224240716e-01,6.843178117993071741e-01
3.452857840742549911e+01,5.233869340526983160e-01,5.951313694339254168e-01,6.846266789080780457e-01
3.455788959452857512e+01,5.236180609845946243e-01,5.953525477518393227e-01,6.849354049338338690e-01
3.458720078163165823e+01,5.238490773617116014e-01,5.955736338873712787e-01,6.852439900689069052e-01
3.461651196873473424e+01,5.240799833384469641e-01,5.957946279515051735e-01,6.855524345051927648e-01
3.464582315583781025e+01,5.243107790688407155e-01,5.960155300550044055e-01,6.858607384341526281e-01
3.467513434294088626e+01,5.245414647065764768e-01,5.962363403084119939e-01,6.861689020468140221e-01
3.470444553004396937e+01,5.247720404049835974e-01,5.964570588220511338e-01,6.864769255337727083e-01
3.473375671714704538e+01,5.250025063170379314e-01,5.966776857060261952e-01,6.867848090851931264e-01
3.476306790425012139e+01,5.252328625953617269e-01,5.968982210702231672e-01,6.870925528908107260e-01
3.479237909135319740e+01,5.254631093922271790e-01,5.971186650243101024e-01,6.874001571399330768e-01
3.482169027845627340e+01,5.256932468595554298e-01,5.973390176777378935e-01,6.877076220214407565e-01
3.485100146555935652e+01,5.259232751489182345e-01,5.975592791397409398e-01,6.880149477237893496e-01
3.488031265266243253e+01,5.261531944115397375e-01,5.977794495193373692e-01,6.883221344350100024e-01
3.490962383976550854e+01,5.263830047982973603e-01,5.979995289253302593e-01,6.886291823427117542e-01
3.493893502686858454e+01,5.266127064597218022e-01,5.982195174663076376e-01,6.889360916340820928e-01
3.496824621397166766e+01,5.268422995459998148e-01,5.984394152506434805e-01,6.892428624958882866e-01
3.499755740107474367e+01,5.270717842069747583e-01,5.986592223864976026e-01,6.895494951144793827e-01
3.502686858817781967e+01,5.272538646911710813e-01,5.989092687133042991e-01,6.898444826905681948e-01
3.505617977528089568e+01,5.274315787821909352e-01,5.991619538020422908e-01,6.901382969022596958e-01
3.508549096238397880e+01,5.276092279772333082e-01,5.994145193468357613e-01,6.904319844637556436e-01
3.511480214948705481e+01,5.277868123455046190e-01,5.996669655110410391e-01,6.907255455379983644e-01
3.514411333659013081e+01,5.279643319560880510e-01,5.999192924576460806e-01,6.910189802875821297e-01
3.517342452369320682e+01,5.281417868779453295e-01,6.001715003492705813e-01,6.913122888747531558e-01
3.520273571079628283e+01,5.283191771799166103e-01,6.004235893481680852e-01,6.916054714614108256e-01
3.523204689789936594e+01,5.284965029307201467e-01,6.006755596162263178e-01,6.918985282091092426e-01
3.526135808500244195e+01,5.286737641989536218e-01,6.009274113149690733e-01,6.921914592790572307e-01
3.529066927210551796e+01,5.288509610530939264e-01,6.011791446055565480e-01,6.924842648321207772e-01
3.531998045920859397e+01,5.290280935614973812e-01,6.014307596487874497e-01,6.927769450288226993e-01
3.534929164631167708e+01,5.292051617923999585e-01,6.016822566050991083e-01,6.930695000293445318e-01
3.537860283341475309e+01,5.293821658139180597e-01,6.019336356345695860e-01,6.933619299935269709e-01
3.540791402051782910e+01,5.295591056940484043e-01,6.021848968969177873e-01,6.936542350808715396e-01
3.543722520762090511e+01,5.297359815006680295e-01,6.024360405515057915e-01,6.939464154505409210e-01
3.546653639472398822e+01,5.299127933015359559e-01,6.026870667573385187e-01,6.942384712613605124e-01
3.549584758182706423e+01,5.300895411642913002e-01,6.029379756730662843e-01,6.945304026718189805e-01
3.552515876893014024e+01,5.302662251564557172e-01,6.031887674569847979e-01,6.948222098400693714e-01
3.555446995603321625e+01,5.304428453454320680e-01,6.034394422670369407e-01,6.951138929239306652e-01
3.558378114313629936e+01,5.306194017985060851e-01,6.036900002608135418e-01,6.954054520808879980e-01
3.561309233023937537e+01,5.307958945828448183e-01,6.039404415955544891e-01,6.956968874680936610e-01
3.564240351734245138e+01,5.309723237654991879e-01,6.041907664281499502e-01,6.959881992423688768e-01
3.567171470444552739e+01,5.311486894134025416e-01,6.044409749151415934e-01,6.962793875602039106e-01
3.570102589154860340e+01,5.313249915933718759e-01,6.046910672127230324e-01,6.965704525777596245e-01
3.573033707865168651e+01,5.315012303721073916e-01,6.049410434767417133e-01,6.968613944508681435e-01
3.575964826575476252e+01,5.316774058161933825e-01,6.051909038626993587e-01,6.971522133350336325e-01
3.578895945285783853e+01,5.318535179920981237e-01,6.054406485257535220e-01,6.974429093854341843e-01
3.581827063996091454e+01,5.320295669661745386e-01,6.056902776207181427e-01,6.977334827569213749e-01
3.584758182706399765e+01,5.322055528046606421e-01,6.059397913020652116e-01,6.980239336040224840e-01
3.587689301416707366e+01,5.323814755736785420e-01,6.061891897239251037e-01,6.983142620809407175e-01
3.590620420127014967e+01,5.325573353392361042e-01,6.064384730400883550e-01,6.986044683415564283e-01
3.593551538837322568e+01,5.327331321672268416e-01,6.066876414040062171e-01,6.988945525394281155e-01
3.596482657547630879e+01,5.329088661234301361e-01,6.069366949687918789e-01,6.991845148277929800e-01
3.599413776257938480e+01,5.330845372735109056e-01,6.071856338872215764e-01,6.994743553595683672e-01
3.602344894968246081e+01,5.332601456830209363e-01,6.074344583117352592e-01,6.997640742873525443e-01
3.605276013678553682e+01,5.334356914173988828e-01,6.076831683944381446e-01,7.000536717634252559e-01
3.608207132388861993e+01,5.336111745419697128e-01,6.079317642871014948e-01,7.003431479397493886e-01
3.611138251099169594e+01,5.337865951219459282e-01,6.081802461411635052e-01,7.006325029679708605e-01
3.614069369809477195e+01,5.339619532224278986e-01,6.084286141077305254e-01,7.009217369994207303e-01
3.617000488519784795e+01,5.341372489084025288e-01,6.086768683375779476e-01,7.012108501851153086e-01
3.619931607230092396e+01,5.343124822447462563e-01,6.089250089811513167e-01,7.014998426757571570e-01
3.622862725940400708e+01,5.344876532962231641e-01,6.091730361885674405e-01,7.017887146217365313e-01
3.625793844650708309e+01,5.346627621274853137e-01,6.094209501096149451e-01,7.020774661731313815e-01
3.628724963361015909e+01,5.348378088030744104e-01,6.096687508937557176e-01,7.023660974797091283e-01
3.631656082071323510e+01,5.350127933874205821e-01,6.099164386901257950e-01,7.026546086909269961e-01
3.634587200781631822e+01,5.351877159448440446e-01,6.101640136475364740e-01,7.029429999559334563e-01
3.637518319491939423e+01,5.353625765395539915e-01,6.104114759144746438e-01,7.032312714235683382e-01
3.640449438202247023e+01,5.355373752356497041e-01,6.106588256391046743e-01,7.035194232423643834e-01
3.643380556912554624e+01,5.357121120971207739e-01,6.109060629692688593e-01,7.038074555605481342e-01
3.646311675622862936e+01,5.358867871878469913e-01,6.111531880524887494e-01,7.040953685260400441e-01
3.649242794333170536e+01,5.360614005715987895e-01,6.114002010359654848e-01,7.043831622864564768e-01
3.652173913043478137e+01,5.362359523120378002e-01,6.116471020665812386e-01,7.046708369891097057e-01
3.655105031753785738e+01,5.364104424727166309e-01,6.118938912909005490e-01,7.049583927810091355e-01
3.658036150464093339e+01,5.365848711170796426e-01,6.121405688551703195e-01,7.052458298088621902e-01
3.660967269174401650e+01,5.367592383084622831e-01,6.123871349053217061e-01,7.055331482190752013e-01
3.663898387884709251e+01,5.369335441100925310e-01,6.126335895869702286e-01,7.058203481577539629e-01
3.666829506595016852e+01,5.371077885850904510e-01,6.128799330454175465e-01,7.061074297707051750e-01
3.669760625305324453e+01,5.372819717964684161e-01,6.131261654256519034e-01,7.063943932034365547e-01
3.672691744015632764e+01,5.374560938071317739e-01,6.133722868723491262e-01,7.066812386011585012e-01
3.675622862725940365e+01,5.376301546798789577e-01,6.136182975298735132e-01,7.069679661087840961e-01
3.678553981436247966e+01,5.378041544774009308e-01,6.138641975422790553e-01,7.072545758709308794e-01
3.681485100146555567e+01,5.379780932622829637e-01,6.141099870533101024e-01,7.075410680319208501e-01
3.684416218856863878e+01,5.381519710970038561e-01,6.143556662064025842e-01,7.078274427357820198e-01
3.687347337567171479e+01,5.383257880439361598e-01,6.146012351446842326e-01,7.081137001262483022e-01
3.690278456277479080e+01,5.384995441653468440e-01,6.148466940109764689e-01,7.083998403467616223e-01
3.693209574987786681e+01,5.386732395233977400e-01,6.150920429477945151e-01,7.086858635404715834e-01
3.696140693698094992e+01,5.388468741801449857e-01,6.153372820973489477e-01,7.089717698502372434e-01
3.699071812408402593e+01,5.390204481975396922e-01,6.155824116015459202e-01,7.092575594186270038e-01
3.702002931118710194e+01,5.391939616374283872e-01,6.158274316019888284e-01,7.095432323879200531e-01
3.704934049829017795e+01,5.393674145615532378e-01,6.160723422399784210e-01,7.098287889001074769e-01
3.707865168539325396e+01,5.395408070315518279e-01,6.163171436565146877e-01,7.101142290968920356e-01
3.710796287249633707e+01,5.397141391089582685e-01,6.165618359922964142e-01,7.103995531196901636e-01
3.713727405959941308e+01,5.398874108552019768e-01,6.168064193877236256e-01,7.106847611096317463e-01
3.716658524670248909e+01,5.400606223316096743e-01,6.170508939828969197e-01,7.109698532075615640e-01
3.719589643380556510e+01,5.402337735994047208e-01,6.172952599176199096e-01,7.112548295540401799e-01
3.722520762090864821e+01,5.404068647197070030e-01,6.175395173313984465e-01,7.115396902893441622e-01
3.725451880801172422e+01,5.405798957535339344e-01,6.177836663634431735e-01,7.118244355534671941e-01
3.728382999511480023e+01,5.407528667618003437e-01,6.180277071526690813e-01,7.121090654861212954e-01
3.731314118221787623e+01,5.409257778053189192e-01,6.182716398376971734e-01,7.123935802267366002e-01
3.734245236932095935e+01,5.410986289448000974e-01,6.185154645568547993e-01,7.126779799144636884e-01
3.737176355642403536e+01,5.412714202408522857e-01,6.187591814481768759e-01,7.129622646881723647e-01
3.740107474352711137e+01,5.414441517539826387e-01,6.190027906494068866e-01,7.132464346864542115e-01
3.743038593063018737e+01,5.416168235445966150e-01,6.192462922979972140e-01,7.135304900476227008e-01
3.745969711773327049e+01,5.417894356729989758e-01,6.194896865311104728e-01,7.138144309097137485e-01
3.748900830483634650e+01,5.419619881993933408e-01,6.197329734856197314e-01,7.140982574104866032e-01
3.751831949193942251e+01,5.421344811838827438e-01,6.199761532981105105e-01,7.143819696874251779e-01
3.754763067904249851e+01,5.423069146864697432e-01,6.202192261048805610e-01,7.146655678777377174e-01
3.757694186614557452e+01,5.424792887670565333e-01,6.204621920419410852e-01,7.149490521183589076e-01
3.760625305324865764e+01,5.426516034854460546e-01,6.207050512450174029e-01,7.152324225459496532e-01
3.763556424035173364e+01,5.428238589013405502e-01,6.209478038495501728e-01,7.155156792968979662e-01
3.766487542745480965e+01,5.429960550743438974e-01,6.211904499906960586e-01,7.157988225073201871e-01
3.769418661455788566e+01,5.431681920639598316e-01,6.214329898033281729e-01,7.160818523130613178e-01
3.772349780166096878e+01,5.433402699295935001e-01,6.216754234220377429e-01,7.163647688496960209e-01
3.775280898876404478e+01,5.435122887305510186e-01,6.219177509811338878e-01,7.166475722525290637e-01
3.778212017586712079e+01,5.436842485260402480e-01,6.221599726146452847e-01,7.169302626565964287e-01
3.781143136297019680e+01,5.438561493751703502e-01,6.224020884563206124e-01,7.172128401966662015e-01
3.784074255007327992e+01,5.440279913369527875e-01,6.226440986396296617e-01,7.174953050072384597e-01
3.787005373717635592e+01,5.441997744703009898e-01,6.228860032977633354e-01,7.177776572225469387e-01
3.789936492427943193e+01,5.443714988340305760e-01,6.231278025636355355e-01,7.180598969765593642e-01
3.792867611138250794e+01,5.445431644868599097e-01,6.233694965698836077e-01,7.183420244029780077e-01
3.795798729848559105e+01,5.447147714874099877e-01,6.236110854488685629e-01,7.186240396352411297e-01
3.798729848558866706e+01,5.448863198942047736e-01,6.238525693326765209e-01,7.189059428065226465e-01
3.801660967269174307e+01,5.450578097656724186e-01,6.240939483531191545e-01,7.191877340497340176e-01
3.804592085979481908e+01,5.452292411601433741e-01,6.243352226417352435e-01,7.194694134975238020e-01
3.807523204689789509e+01,5.454006141358521687e-01,6.245763923297900089e-01,7.197509812822796560e-01
3.810454323400097820e+01,5.455719287509374071e-01,6.248174575482775550e-01,7.200324375361280005e-01
3.813385442110405421e+01,5.457431850634416604e-01,6.250584184279200928e-01,7.203137823909347981e-01
3.816316560820713022e+01,5.459143831313121309e-01,6.252992750991702708e-01,7.205950159783072184e-01
3.819247679531020623e+01,5.460855230124003201e-01,6.255400276922105096e-01,7.208761384295933050e-01
3.822178798241328934e+01,5.462566047644626943e-01,6.257806763369547776e-01,7.211571498758834187e-01
3.825109916951636535e+01,5.464276284451604626e-01,6.260212211630491463e-01,7.214380504480102374e-01
3.828041035661944136e+01,5.465985941120605762e-01,6.262616622998719018e-01,7.217188402765500888e-01
3.830972154372251737e+01,5.467695018226349513e-01,6.265019998765356535e-01,7.219995194918235049e-01
3.833903273082560048e+01,5.469403516342612459e-01,6.267422340218865573e-01,7.222800882238956666e-01
3.836834391792867649e+01,5.471111436042234155e-01,6.269823648645063141e-01,7.225605466025774026e-01
3.839765510503175250e+01,5.472818777897112685e-01,6.272223925327121696e-01,7.228408947574256338e-01
3.842696629213482851e+01,5.474525542478206885e-01,6.274623171545580247e-01,7.231211328177441500e-01
3.845627747923791162e+01,5.476231730355546334e-01,6.277021388578349903e-01,7.234012609125847204e-01
3.848558866634098763e+01,5.477937342098221363e-01,6.279418577700724979e-01,7.236812791707468717e-01
3.851489985344406364e+01,5.479642378274398595e-01,6.281814740185386325e-01,7.239611877207793311e-01
3.854421104054713965e+01,5.481346839451309849e-01,6.284209877302410208e-01,7.242409866909809146e-01
3.857352222765021565e+01,5.483050726195266567e-01,6.286603990319277191e-01,7.245206762093999719e-01
3.860283341475329877e+01,5.484754039071654264e-01,6.288997080500877690e-01,7.248002564038366069e-01
3.863214460185637478e+01,5.486456778644933641e-01,6.291389149109519741e-01,7.250797274018420113e-01
3.866145578895945079e+01,5.488158945478652795e-01,6.293780197404936771e-01,7.253590893307202414e-01
3.869076697606252679e+01,5.489860540135427236e-01,6.296170226644296486e-01,7.256383423175281067e-01
3.872007816316560991e+01,5.491561563176976524e-01,6.298559238082204192e-01,7.259174864890765022e-01
3.874938935026868592e+01,5.493262015164093182e-01,6.300947232970710576e-01,7.261965219719299647e-01
3.877870053737176192e+01,5.494961896656662681e-01,6.303334212559326133e-01,7.264754488924091147e-01
3.880801172447483793e+01,5.496661208213659000e-01,6.305720178095017836e-01,7.267542673765891026e-01
3.883732291157792105e+01,5.498359950393152396e-01,6.308105130822225792e-01,7.270329775503027170e-01
3.886663409868099706e+01,5.500058123752303851e-01,6.310489071982861020e-01,7.273115795391386085e-01
3.889594528578407306e+01,5.501755728847372851e-01,6.312872002816322103e-01,7.275900734684439541e-01
3.892525647288714907e+01,5.503452766233716265e-01,6.315253924559496301e-01,7.278684594633236804e-01
3.895456765999022508e+01,5.505149236465792795e-01,6.317634838446769541e-01,7.281467376486423504e-01
3.898387884709330820e+01,5.506845140097168523e-01,6.320014745710027526e-01,7.284249081490236088e-01
3.901319003419638420e+01,5.508540477680504699e-01,6.322393647578672393e-01,7.287029710888515144e-01
3.904250122129946021e+01,5.510235249767578836e-01,6.324771545279619378e-01,7.289809265922712056e-01
3.907181240840253622e+01,5.511929456909270275e-01,6.327148440037315691e-01,7.292587747831893452e-01
3.910112359550561933e+01,5.513623099655573512e-01,6.329524333073738296e-01,7.295365157852748972e-01
3.913043478260869534e+01,5.515316178555595972e-01,6.331899225608399462e-01,7.298141497219592377e-01
3.915974596971177135e+01,5.517008694157556903e-01,6.334273118858362306e-01,7.300916767164378207e-01
3.918905715681484736e+01,5.518700647008795146e-01,6.336646014038241903e-01,7.303690968916699555e-01
3.921836834391793047e+01,5.520392037655766915e-01,6.339017912360211948e-01,7.306464103703796953e-01
3.924767953102100648e+01,5.522082866644050236e-01,6.341388815034013637e-01,7.309236172750563920e-01
3.927699071812408249e+01,5.523773134518348282e-01,6.343758723266963440e-01,7.312007177279556958e-01
3.930630190522715850e+01,5.525462841822482707e-01,6.346127638263955317e-01,7.314777118510995546e-01
3.933561309233024161e+01,5.527151989099408080e-01,6.348495561227472939e-01,7.317545997662775470e-01
3.936492427943331762e+01,5.528840576891203007e-01,6.350862493357589678e-01,7.320313815950467706e-01
3.939423546653639363e+01,5.530528605739079007e-01,6.353228435851985267e-01,7.323080574587330638e-01
3.942354665363946964e+01,5.532216076183386066e-01,6.355593389905941359e-01,7.325846274784312273e-01
3.945285784074254565e+01,5.533902988763597097e-01,6.357957356712358177e-01,7.328610917750059128e-01
3.948216902784562876e+01,5.535589344018330138e-01,6.360320337461754514e-01,7.331374504690920668e-01
3.951148021494870477e+01,5.537275142485336143e-01,6.362682333342273289e-01,7.334137036810955967e-01
3.954079140205178078e+01,5.538960384701512307e-01,6.365043345539694863e-01,7.336898515311938151e-01
3.957010258915485679e+01,5.540645071202894290e-01,6.367403375237440377e-01,7.339658941393366609e-01
3.959941377625793990e+01,5.542329202524661769e-01,6.369762423616576186e-01,7.342418316252462551e-01
3.962872496336101591e+01,5.544012779201142882e-01,6.372120491855821633e-01,7.345176641084184554e-01
3.965803615046409192e+01,5.545695801765809785e-01,6.374477581131556825e-01,7.347933917081230781e-01
3.968734733756716793e+01,5.547378270751288643e-01,6.376833692617828175e-01,7.350690145434042311e-01
3.971665852467025104e+01,5.549060186689356300e-01,6.379188827486355073e-01,7.353445327330817571e-01
3.974596971177332705e+01,5.550741550110942502e-01,6.381542986906536541e-01,7.356199463957505680e-01
3.977528089887640306e+01,5.552422361546131002e-01,6.383896172045455675e-01,7.358952556497824204e-01
3.980459208597947907e+01,5.554102621524169558e-01,6.386248384067888528e-01,7.361704606133259166e-01
3.983390327308256218e+01,5.555782330573453276e-01,6.388599624136311883e-01,7.364455614043069476e-01
3.986321446018563819e+01,5.557461489221554585e-01,6.390949893410904359e-01,7.367205581404299153e-01
3.989252564728871420e+01,5.559140097995192153e-01,6.393299193049555296e-01,7.369954509391775099e-01
3.992183683439179021e+01,5.560818157420259755e-01,6.395647524207873635e-01,7.372702399178119315e-01
3.995114802149486621e+01,5.562495668021817385e-01,6.397994888039190142e-01,7.375449251933753336e-01
3.998045920859794933e+01,5.564172630324090152e-01,6.400341285694568505e-01,7.378195068826901570e-01
4.000977039570102534e+01,5.566044343307674502e-01,6.402616402325868039e-01,7.380974244256738315e-01
4.003908158280410134e+01,5.568305806498115018e-01,6.404750033433361800e-01,7.383821119864638627e-01
4.006839276990717735e+01,5.570566274366587356e-01,6.406882867111505231e-01,7.386666884073871397e-01
4.009770395701026047e+01,5.572825748192181683e-01,6.409014904221307374e-01,7.389511538179535100e-01
4.012701514411333648e+01,5.575084229251280332e-01,6.411146145622240722e-01,7.392355083474214661e-01
4.015632633121641248e+01,5.577341718817545591e-01,6.413276592172244550e-01,7.395197521247993677e-01
4.018563751831948849e+01,5.579598218161930800e-01,6.415406244727729357e-01,7.398038852788455522e-01
4.021494870542257161e+01,5.581853728552694793e-01,6.417535104143580194e-01,7.400879079380695558e-01
4.024425989252564762e+01,5.584108251255401889e-01,6.419663171273161106e-01,7.403718202307321139e-01
4.027357107962872362e+01,5.586361787532936329e-01,6.421790446968318467e-01,7.406556222848466042e-01
4.030288226673179963e+01,5.588614338645507829e-01,6.423916932079384301e-01,7.409393142281791578e-01
4.033219345383487564e+01,5.590865905850656015e-01,6.426042627455181844e-01,7.412228961882495470e-01
4.036150464093795875e+01,5.593116490403270413e-01,6.428167533943024425e-01,7.415063682923319632e-01
4.039081582804103476e+01,5.595366093555573794e-01,6.430291652388726575e-01,7.417897306674550162e-01
4.042012701514411077e+01,5.597614716557164360e-01,6.432414983636602912e-01,7.420729834404033998e-01
4.044943820224718678e+01,5.599862360654985771e-01,6.434537528529470363e-01,7.423561267377180029e-01
4.047874938935026989e+01,5.602109027093374882e-01,6.436659287908658156e-01,7.426391606856963534e-01
4.050806057645334590e+01,5.604354717114026219e-01,6.438780262614004490e-01,7.429220854103938398e-01
4.053737176355642191e+01,5.606599431956040824e-01,6.440900453483865418e-01,7.432049010376238218e-01
4.056668295065949792e+01,5.608843172855904058e-01,6.443019861355113731e-01,7.434876076929585187e-01
4.059599413776258103e+01,5.611085941047508907e-01,6.445138487063150068e-01,7.437702055017298974e-01
4.062530532486565704e+01,5.613327737762158209e-01,6.447256331441896249e-01,7.440526945890296728e-01
4.065461651196873305e+01,5.615568564228570203e-01,6.449373395323807490e-01,7.443350750797106397e-01
4.068392769907180906e+01,5.617808421672889629e-01,6.451489679539873512e-01,7.446173470983871168e-01
4.071323888617489217e+01,5.620047311318705496e-01,6.453605184919618543e-01,7.448995107694350581e-01
4.074255007327796818e+01,5.622285234387026653e-01,6.455719912291112417e-01,7.451815662169936072e-01
4.077186126038104419e+01,5.624522192096331752e-01,6.457833862480966136e-01,7.454635135649647637e-01
4.080117244748412020e+01,5.626758185662534828e-01,6.459947036314340751e-01,7.457453529370148271e-01
4.083048363458719621e+01,5.628993216299034152e-01,6.462059434614946252e-01,7.460270844565745074e-01
4.085979482169027932e+01,5.631227285216678924e-01,6.464171058205053777e-01,7.463087082468400357e-01
4.088910600879335533e+01,5.633460393623810347e-01,6.466281907905487847e-01,7.465902244307730529e-01
4.091841719589643134e+01,5.635692542726248311e-01,6.468391984535636352e-01,7.468716331311017198e-01
4.094772838299950735e+01,5.637923733727305819e-01,6.470501288913458326e-01,7.471529344703217168e-01
4.097703957010259046e+01,5.640153967827796766e-01,6.472609821855473955e-01,7.474341285706961324e-01
4.100635075720566647e+01,5.642383246226040372e-01,6.474717584176782337e-01,7.477152155542560186e-01
4.103566194430874248e+01,5.644611570117872290e-01,6.476824576691057045e-01,7.479961955428021669e-01
4.106497313141181849e+01,5.646838940696650155e-01,6.478930800210552787e-01,7.482770686579041097e-01
4.109428431851490160e+01,5.649065359153254695e-01,6.481036255546105407e-01,7.485578350209021181e-01
4.112359550561797761e+01,5.651290826676111934e-01,6.483140943507138543e-01,7.488384947529068691e-01
4.115290669272105362e+01,5.653515344451177649e-01,6.485244864901668072e-01,7.491190479748005560e-01
4.118221787982412962e+01,5.655738913661975120e-01,6.487348020536298776e-01,7.493994948072373319e-01
4.121152906692721274e+01,5.657961535489566263e-01,6.489450411216238779e-01,7.496798353706439766e-01
4.124084025403028875e+01,5.660183211112589374e-01,6.491552037745291770e-01,7.499600697852201181e-01
4.127015144113336476e+01,5.662403941707249144e-01,6.493652900925865890e-01,7.502401981709397871e-01
4.129946262823644076e+01,5.664623728447328865e-01,6.495753001558978168e-01,7.505202206475506399e-01
4.132877381533951677e+01,5.666842572504199316e-01,6.497852340444255637e-01,7.508001373345758456e-01
4.135808500244259989e+01,5.669060475046819869e-01,6.499950918379940878e-01,7.510799483513138641e-01
4.138739618954567590e+01,5.671277437241748487e-01,6.502048736162889808e-01,7.513596538168394456e-01
4.141670737664875190e+01,5.673493460253151710e-01,6.504145794588581664e-01,7.516392538500038523e-01
4.144601856375182791e+01,5.675708545242804659e-01,6.506242094451120117e-01,7.519187485694358575e-01
4.147532975085491103e+01,5.677922693370112128e-01,6.508337636543235494e-01,7.521981380935420791e-01
4.150464093795798703e+01,5.680135905792089712e-01,6.510432421656289215e-01,7.524774225405074235e-01
4.153395212506106304e+01,5.682348183663400443e-01,6.512526450580272686e-01,7.527566020282961956e-01
4.156326331216413905e+01,5.684559528136333695e-01,6.514619724103822840e-01,7.530356766746519881e-01
4.159257449926722217e+01,5.686769940360837383e-01,6.516712243014208816e-01,7.533146465970991246e-01
4.162188568637029817e+01,5.688979421484506860e-01,6.518804008097345282e-01,7.535935119129419935e-01
4.165119687347337418e+01,5.691187972652599347e-01,6.520895020137800202e-01,7.538722727392668244e-01
4.168050806057645019e+01,5.693395595008033938e-01,6.522985279918783741e-01,7.541509291929416881e-01
4.170981924767953331e+01,5.695602289691410469e-01,6.525074788222163802e-01,7.544294813906171626e-01
4.173913043478260931e+01,5.697808057841001750e-01,6.527163545828463809e-01,7.547079294487265555e-01
4.176844162188568532e+01,5.700012900592771325e-01,6.529251553516868256e-01,7.549862734834874578e-01
4.179775280898876133e+01,5.702216819080372368e-01,6.531338812065222710e-01,7.552645136109009671e-01
4.182706399609183734e+01,5.704419814435165437e-01,6.533425322250040468e-01,7.555426499467534640e-01
4.185637518319492045e+01,5.706621887786202940e-01,6.535511084846505891e-01,7.558206826066161677e-01
4.188568637029799646e+01,5.708823040260265769e-01,6.537596100628472184e-01,7.560986117058465794e-01
4.191499755740107247e+01,5.711023272981837762e-01,6.539680370368471385e-01,7.563764373595882606e-01
4.194430874450414848e+01,5.713222587073145675e-01,6.541763894837714366e-01,7.566541596827720539e-01
4.197361993160723159e+01,5.715420983654133646e-01,6.543846674806093056e-01,7.569317787901160832e-01
4.200293111871030760e+01,5.717618463842489840e-01,6.545928711042184878e-01,7.572092947961267528e-01
4.203224230581338361e+01,5.719815028753647557e-01,6.548010004313258303e-01,7.574867078150988586e-01
4.206155349291645962e+01,5.722010679500789676e-01,6.550090555385268409e-01,7.577640179611163651e-01
4.209086468001954273e+01,5.724205417194858647e-01,6.552170365022869092e-01,7.580412253480532936e-01
4.212017586712261874e+01,5.726399242944556489e-01,6.554249433989413065e-01,7.583183300895735002e-01
4.214948705422569475e+01,5.728592157856355893e-01,6.556327763046947421e-01,7.585953322991316750e-01
4.217879824132877076e+01,5.730784163034513545e-01,6.558405352956229173e-01,7.588722320899743412e-01
4.220810942843185387e+01,5.732975259581054583e-01,6.560482204476723034e-01,7.591490295751391892e-01
4.223742061553492988e+01,5.735165448595808124e-01,6.562558318366596977e-01,7.594257248674567418e-01
4.226673180263800589e+01,5.737354731176382838e-01,6.564633695382739997e-01,7.597023180795502428e-01
4.229604298974108190e+01,5.739543108418202477e-01,6.566708336280753233e-01,7.599788093238366571e-01
4.232535417684415791e+01,5.741730581414484780e-01,6.568782241814956624e-01,7.602551987125265587e-01
4.235466536394724102e+01,5.743917151256272557e-01,6.570855412738396684e-01,7.605314863576254636e-01
4.238397655105031703e+01,5.746102819032422593e-01,6.572927849802838729e-01,7.608076723709336076e-01
4.241328773815339304e+01,5.748287585829614521e-01,6.574999553758780202e-01,7.610837568640470563e-01
4.244259892525646904e+01,5.750471452732363042e-01,6.577070525355450670e-01,7.613597399483578165e-01
4.247191011235955216e+01,5.752654420823021253e-01,6.579140765340811825e-01,7.616356217350543911e-01
4.250122129946262817e+01,5.754836491181779534e-01,6.581210274461564147e-01,7.619114023351226672e-01
4.253053248656570418e+01,5.757017664886691088e-01,6.583279053463146901e-01,7.621870818593461383e-01
4.255984367366878018e+01,5.759197943013646404e-01,6.585347103089744802e-01,7.624626604183063483e-01
4.258915486077186330e+01,5.761377326636415441e-01,6.587414424084286901e-01,7.627381381223835577e-01
4.261846604787493931e+01,5.763555816826619882e-01,6.589481017188449918e-01,7.630135150817574097e-01
4.264777723497801531e+01,5.765733414653768651e-01,6.591546883142667124e-01,7.632887914064068191e-01
4.267708842208109132e+01,5.767910121185236827e-01,6.593612022686121676e-01,7.635639672061114158e-01
4.270639960918416733e+01,5.770085937486295613e-01,6.595676436556761058e-01,7.638390425904512115e-01
4.273571079628725045e+01,5.772260864620103460e-01,6.597740125491285967e-01,7.641140176688078212e-01
4.276502198339032645e+01,5.774434903647708284e-01,6.599803090225164759e-01,7.643888925503639076e-01
4.279433317049340246e+01,5.776608055628076333e-01,6.601865331492633437e-01,7.646636673441051801e-01
4.282364435759647847e+01,5.778780321618063320e-01,6.603926850026695661e-01,7.649383421588195064e-01
4.285295554469956159e+01,5.780951702672457726e-01,6.605987646559129400e-01,7.652129171030984667e-01
4.288226673180263759e+01,5.783122199843950817e-01,6.608047721820484721e-01,7.654873922853366874e-01
4.291157791890571360e+01,5.785291814183172177e-01,6.610107076540091553e-01,7.657617678137336181e-01
4.294088910600878961e+01,5.787460546738678602e-01,6.612165711446059690e-01,7.660360437962934199e-01
4.297020029311187272e+01,5.789628398556960764e-01,6.614223627265287675e-01,7.663102203408250768e-01
4.299951148021494873e+01,5.791795370682455424e-01,6.616280824723452803e-01,7.665842975549436167e-01
4.302882266731802474e+01,5.793961464157546537e-01,6.618337304545026667e-01,7.668582755460702227e-01
4.305813385442110075e+01,5.796126680022570810e-01,6.620393067453274050e-01,7.671321544214324550e-01
4.308744504152418386e+01,5.798291019315832129e-01,6.622448114170250699e-01,7.674059342880656942e-01
4.311675622862725987e+01,5.800454483073584910e-01,6.624502445416813323e-01,7.676796152528122530e-01
4.314606741573033588e+01,5.802617072330069625e-01,6.626556061912617368e-01,7.679531974223229307e-01
4.317537860283341189e+01,5.804778788117488375e-01,6.628608964376124790e-01,7.682266809030572352e-01
4.320468978993648790e+01,5.806939631466040419e-01,6.630661153524599616e-01,7.685000658012836050e-01
4.323400097703957101e+01,5.809099603403899970e-01,6.632712630074120153e-01,7.687733522230802974e-01
4.326331216414264702e+01,5.811258704957238397e-01,6.634763394739570108e-01,7.690465402743351664e-01
4.329262335124572303e+01,5.813416937150227559e-01,6.636813448234651913e-01,7.693196300607471061e-01
4.332193453834879904e+01,5.815574301005038693e-01,6.638862791271884500e-01,7.695926216878258286e-01
4.335124572545188215e+01,5.817730797541856846e-01,6.640911424562605525e-01,7.698655152608923080e-01
4.338055691255495816e+01,5.819886427778876437e-01,6.642959348816976917e-01,7.701383108850798909e-01
4.340986809965803417e+01,5.822041192732313464e-01,6.645006564743985988e-01,7.704110086653340739e-01
4.343917928676111018e+01,5.824195093416414393e-01,6.647053073051445438e-01,7.706836087064131702e-01
4.346849047386419329e+01,5.826348130843446160e-01,6.649098874446003338e-01,7.709561111128889754e-01
4.349780166096726930e+01,5.828500306023725042e-01,6.651143969633137587e-01,7.712285159891474340e-01
4.352711284807034531e+01,5.830651619965593335e-01,6.653188359317162570e-01,7.715008234393879727e-01
4.355642403517342132e+01,5.832802073675453780e-01,6.655232044201233599e-01,7.717730335676254994e-01
4.358573522227650443e+01,5.834951668157749571e-01,6.657275024987346912e-01,7.720451464776900696e-01
4.361504640937958044e+01,5.837100404414991006e-01,6.659317302376340786e-01,7.723171622732266650e-01
4.364435759648265645e+01,5.839248283447743271e-01,6.661358877067902196e-01,7.725890810576974133e-01
4.367366878358573246e+01,5.841395306254645314e-01,6.663399749760569035e-01,7.728609029343803671e-01
4.370297997068880846e+01,5.843541473832400968e-01,6.665439921151726788e-01,7.731326280063708367e-01
4.373229115779189158e+01,5.845686787175801147e-01,6.667479391937622957e-01,7.734042563765816114e-01
4.376160234489496759e+01,5.847831247277711642e-01,6.669518162813353745e-01,7.736757881477431820e-01
4.379091353199804360e+01,5.849974855129093099e-01,6.671556234472881819e-01,7.739472234224048508e-01
4.382022471910111960e+01,5.852117611718995471e-01,6.673593607609029643e-01,7.742185623029345098e-01
4.384953590620420272e+01,5.854259518034572451e-01,6.675630282913487257e-01,7.744898048915194178e-01
4.387884709330727873e+01,5.856400575061071478e-01,6.677666261076808940e-01,7.747609512901664219e-01
4.390815828041035473e+01,5.858540783781862604e-01,6.679701542788420987e-01,7.750320016007025137e-01
4.393746946751343074e+01,5.860680145178415179e-01,6.681736128736625036e-01,7.753029559247758273e-01
4.396678065461651386e+01,5.862818660230331158e-01,6.683770019608593627e-01,7.755738143638549742e-01
4.399609184171958987e+01,5.864956329915322897e-01,6.685803216090382417e-01,7.758445770192301527e-01
4.402540302882266587e+01,5.867093155209243127e-01,6.687835718866923518e-01,7.761152439920138146e-01
4.405471421592574188e+01,5.869229137086073855e-01,6.689867528622034376e-01,7.763858153831404429e-01
4.408402540302881789e+01,5.871364276517934133e-01,6.691898646038418885e-01,7.766562912933677731e-01
4.411333659013190100e+01,5.873498574475093381e-01,6.693929071797667385e-01,7.769266718232763491e-01
4.414264777723497701e+01,5.875632031925959176e-01,6.695958806580259992e-01,7.771969570732704113e-01
4.417195896433805302e+01,5.877764649837100563e-01,6.697987851065575482e-01,7.774671471435786740e-01
4.420127015144112903e+01,5.879896429173250283e-01,6.700016205931881297e-01,7.777372421342543252e-01
4.423058133854421214e+01,5.882027370897288110e-01,6.702043871856349089e-01,7.780072421451751374e-01
4.425989252564728815e+01,5.884157475970283047e-01,6.704070849515046948e-01,7.782771472760448006e-01
4.428920371275036416e+01,5.886286745351455574e-01,6.706097139582950506e-01,7.785469576263923663e-01
4.431851489985344017e+01,5.888415179998223170e-01,6.708122742733937383e-01,7.788166732955735805e-01
4.434782608695652328e+01,5.890542780866175887e-01,6.710147659640796070e-01,7.790862943827706610e-01
4.437713727405959929e+01,5.892669548909095223e-01,6.712171890975223709e-01,7.793558209869928532e-01
4.440644846116267530e+01,5.894795485078954123e-01,6.714195437407832756e-01,7.796252532070770958e-01
4.443575964826575131e+01,5.896920590325922529e-01,6.716218299608149866e-01,7.798945911416881316e-01
4.446507083536883442e+01,5.899044865598372933e-01,6.718240478244620340e-01,7.801638348893193964e-01
4.449438202247191043e+01,5.901168311842884817e-01,6.720261973984610337e-01,7.804329845482924632e-01
4.452369320957498644e+01,5.903290930004249093e-01,6.722282787494406886e-01,7.807020402167587081e-01
4.455300439667806245e+01,5.905412721025476985e-01,6.724302919439225645e-01,7.809710019926990876e-01
4.458231558378113846e+01,5.907533685847790039e-01,6.726322370483207580e-01,7.812398699739241392e-01
4.461162677088422157e+01,5.909653825410651207e-01,6.728341141289424510e-01,7.815086442580752024e-01
4.464093795798729758e+01,5.911773140651735980e-01,6.730359232519882440e-01,7.817773249426244186e-01
4.467024914509037359e+01,5.913891632506970142e-01,6.732376644835519341e-01,7.820459121248751755e-01
4.469956033219344960e+01,5.916009301910513107e-01,6.734393378896212923e-01,7.823144059019623286e-01
4.472887151929653271e+01,5.918126149794767921e-01,6.736409435360780629e-01,7.825828063708533122e-01
4.475818270639960872e+01,5.920242177090383473e-01,6.738424814886979641e-01,7.828511136283475835e-01
4.478749389350268473e+01,5.922357384726268936e-01,6.740439518131515761e-01,7.831193277710775114e-01
4.481680508060576074e+01,5.924471773629589322e-01,6.742453545750037858e-01,7.833874488955090420e-01
4.484611626770884385e+01,5.926585344725771032e-01,6.744466898397145638e-01,7.836554770979416995e-01
4.487542745481191986e+01,5.928698098938505190e-01,6.746479576726390759e-01,7.839234124745088073e-01
4.490473864191499587e+01,5.930810037189762074e-01,6.748491581390276828e-01,7.841912551211787097e-01
4.493404982901807188e+01,5.932921160399777794e-01,6.750502913040268282e-01,7.844590051337542169e-01
4.496336101612115499e+01,5.935031469487083156e-01,6.752513572326782620e-01,7.847266626078737151e-01
4.499267220322423100e+01,5.937140965368478129e-01,6.754523559899201501e-01,7.849942276390109441e-01
4.502198339032730701e+01,5.939117240327035363e-01,6.756596747403433856e-01,7.852580922269634112e-01
4.505129457743038301e+01,5.941048681562118849e-01,6.758690504059478021e-01,7.855206647405215126e-01
4.508060576453345902e+01,5.942979442269773482e-01,6.760783533007850288e-01,7.857831483795099103e-01
4.510991695163654214e+01,5.944909523150241348e-01,6.762875834979273915e-01,7.860455432337296600e-01
4.513922813873961815e+01,5.946838924902575485e-01,6.764967410703254247e-01,7.863078493928307156e-01
4.516853932584269415e+01,5.948767648224634330e-01,6.767058260908090928e-01,7.865700669463127070e-01
4.519785051294577016e+01,5.950695693813088383e-01,6.769148386320875677e-01,7.868321959835250512e-01
4.522716170004885328e+01,5.952623062363425754e-01,6.771237787667493402e-01,7.870942365936666185e-01
4.525647288715192929e+01,5.954549754569952169e-01,6.773326465672629970e-01,7.873561888657872876e-01
4.528578407425500529e+01,5.956475771125792074e-01,6.775414421059771097e-01,7.876180528887875010e-01
4.531509526135808130e+01,5.958401112722888637e-01,6.777501654551206789e-01,7.878798287514188203e-01
4.534440644846116442e+01,5.960325780052023736e-01,6.779588166868032451e-01,7.881415165422841484e-01
4.537371763556424042e+01,5.962249773802794639e-01,6.781673958730155549e-01,7.884031163498385064e-01
4.540302882266731643e+01,5.964173094663636210e-01,6.783759030856291172e-01,7.886646282623887005e-01
4.543234000977039244e+01,5.966095743321814249e-01,6.785843383963975350e-01,7.889260523680943216e-01
4.546165119687347556e+01,5.968017720463442144e-01,6.787927018769555065e-01,7.891873887549678557e-01
4.549096238397655156e+01,5.969939026773460888e-01,6.790009935988201573e-01,7.894486375108745735e-01
4.552027357107962757e+01,5.971859662935655733e-01,6.792092136333908181e-01,7.897097987235337513e-01
4.554958475818270358e+01,5.973779629632666177e-01,6.794173620519493584e-01,7.899708724805182269e-01
4.557889594528577959e+01,5.975698927545969319e-01,6.796254389256606299e-01,7.902318588692555101e-01
4.560820713238886270e+01,5.977617557355897615e-01,6.798334443255722448e-01,7.904927579770268942e-01
4.563751831949193871e+01,5.979535519741635552e-01,6.800413783226156861e-01,7.907535698909691213e-01
4.566682950659501472e+01,5.981452815381229637e-01,6.802492409876056412e-01,7.910142946980741607e-01
4.569614069369809073e+01,5.983369444951576188e-01,6.804570323912407792e-01,7.912749324851894306e-01
4.572545188080117384e+01,5.985285409128437983e-01,6.806647526041041951e-01,7.915354833390182421e-01
4.575476306790424985e+01,5.987200708586439823e-01,6.808724016966630765e-01,7.917959473461200215e-01
4.578407425500732586e+01,5.989115343999076302e-01,6.810799797392695920e-01,7.920563245929110874e-01
4.581338544211040187e+01,5.991029316038709585e-01,6.812874868021607799e-01,7.923166151656645395e-01
4.584269662921348498e+01,5.992942625376573851e-01,6.814949229554588817e-01,7.925768191505104809e-01
4.587200781631656099e+01,5.994855272682779734e-01,6.817022882691713415e-01,7.928369366334367951e-01
4.590131900341963700e+01,5.996767258626313213e-01,6.819095828131920278e-01,7.930969677002892571e-01
4.593063019052271301e+01,5.998678583875041159e-01,6.821168066573002342e-01,7.933569124367718661e-01
4.595994137762579612e+01,6.000589249095709121e-01,6.823239598711617893e-01,7.936167709284471794e-01
4.598925256472887213e+01,6.002499254953959085e-01,6.825310425243288348e-01,7.938765432607365335e-01
4.601856375183194814e+01,6.004408602114310600e-01,6.827380546862404920e-01,7.941362295189204890e-01
4.604787493893502415e+01,6.006317291240175216e-01,6.829449964262228612e-01,7.943958297881392738e-01
4.607718612603810016e+01,6.008225322993858697e-01,6.831518678134893552e-01,7.946553441533927842e-01
4.610649731314118327e+01,6.010132698036565468e-01,6.833586689171409212e-01,7.949147726995412500e-01
4.613580850024425928e+01,6.012039417028394173e-01,6.835653998061661518e-01,7.951741155113052351e-01
4.616511968734733529e+01,6.013945480628341000e-01,6.837720605494420623e-01,7.954333726732664145e-01
4.619443087445041130e+01,6.015850889494319675e-01,6.839786512157336462e-01,7.956925442698671302e-01
4.622374206155349441e+01,6.017755644283133698e-01,6.841851718736946530e-01,7.959516303854116126e-01
4.625305324865657042e+01,6.019659745650502991e-01,6.843916225918674767e-01,7.962106311040656470e-01
4.628236443575964643e+01,6.021563194251052797e-01,6.845980034386838220e-01,7.964695465098571292e-01
4.631167562286272243e+01,6.023465990738332554e-01,6.848043144824645934e-01,7.967283766866763983e-01
4.634098680996580555e+01,6.025368135764794797e-01,6.850105557914201171e-01,7.969871217182765699e-01
4.637029799706888156e+01,6.027269629981820698e-01,6.852167274336506964e-01,7.972457816882736470e-01
4.639960918417195757e+01,6.029170474039704519e-01,6.854228294771467223e-01,7.975043566801471862e-01
4.642892037127503357e+01,6.031070668587673600e-01,6.856288619897888958e-01,7.977628467772401866e-01
4.645823155837810958e+01,6.032970214273871701e-01,6.858348250393482282e-01,7.980212520627597561e-01
4.648754274548119270e+01,6.034869111745373438e-01,6.860407186934871504e-01,7.982795726197772224e-01
4.651685393258426870e+01,6.036767361648186503e-01,6.862465430197581817e-01,7.985378085312286878e-01
4.654616511968734471e+01,6.038664964627254994e-01,6.864522980856061496e-01,7.987959598799146965e-01
4.657547630679042072e+01,6.040561921326451644e-01,6.866579839583667466e-01,7.990540267485014558e-01
4.660478749389350384e+01,6.042458232388590034e-01,6.868636007052677517e-01,7.993120092195207249e-01
4.663409868099657984e+01,6.044353898455429031e-01,6.870691483934288080e-01,7.995699073753697039e-01
4.666340986809965585e+01,6.046248920167665020e-01,6.872746270898619780e-01,7.998277212983119222e-01
4.669272105520273186e+01,6.048143298164939674e-01,6.874800368614717438e-01,8.000854510704774603e-01
4.672203224230581498e+01,6.050037033085847726e-01,6.876853777750553398e-01,8.003430967738628388e-01
4.675134342940889098e+01,6.051930125567932528e-01,6.878906498973029748e-01,8.006006584903319068e-01
4.678065461651196699e+01,6.053822576247688270e-01,6.880958532947980544e-01,8.008581363016156196e-01
4.680996580361504300e+01,6.055714385760564422e-01,6.883009880340177356e-01,8.011155302893128161e-01
4.683927699071812611e+01,6.057605554740971288e-01,6.885060541813323720e-01,8.013728405348901074e-01
4.686858817782120212e+01,6.059496083822274448e-01,6.887110518030067352e-01,8.016300671196823213e-01
4.689789936492427813e+01,6.061385973636805868e-01,6.889159809651994593e-01,8.018872101248928352e-01
4.692721055202735414e+01,6.063275224815860565e-01,6.891208417339638181e-01,8.021442696315940202e-01
4.695652173913043015e+01,6.065163837989703266e-01,6.893256341752475036e-01,8.024012457207273519e-01
4.698583292623351326e+01,6.067051813787566195e-01,6.895303583548934023e-01,8.026581384731034108e-01
4.701514411333658927e+01,6.068939152837650175e-01,6.897350143386390409e-01,8.029149479694027702e-01
4.704445530043966528e+01,6.070825855767133516e-01,6.899396021921178068e-01,8.031716742901759964e-01
4.707376648754274129e+01,6.072711923202173123e-01,6.901441219808583938e-01,8.034283175158439816e-01
4.710307767464582440e+01,6.074597355767903384e-01,6.903485737702853564e-01,8.036848777266982768e-01
4.713238886174890041e+01,6.076482154088436172e-01,6.905529576257193325e-01,8.039413550029008704e-01
4.716170004885197642e+01,6.078366318786871947e-01,6.907572736123770429e-01,8.041977494244855196e-01
4.719101123595505243e+01,6.080249850485295315e-01,6.909615217953719579e-01,8.044540610713571960e-01
4.722032242305813554e+01,6.082132749804777250e-01,6.911657022397142969e-01,8.047102900232928624e-01
4.724963361016121155e+01,6.084015017365377309e-01,6.913698150103110285e-01,8.049664363599408068e-01
4.727894479726428756e+01,6.085896653786158073e-01,6.915738601719664258e-01,8.052225001608225297e-01
4.730825598436736357e+01,6.087777659685166265e-01,6.917778377893821773e-01,8.054784815053316338e-01
4.733756717147044668e+01,6.089658035679449410e-01,6.919817479271577199e-01,8.057343804727348235e-01
4.736687835857352269e+01,6.091537782385053612e-01,6.921855906497901278e-01,8.059901971421719047e-01
4.739618954567659870e+01,6.093416900417031323e-01,6.923893660216745571e-01,8.062459315926561176e-01
4.742550073277967471e+01,6.095295390389432466e-01,6.925930741071048002e-01,8.065015839030744704e-01
4.745481191988275071e+01,6.097173252915316644e-01,6.927967149702730643e-01,8.067571541521884049e-01
4.748412310698583383e+01,6.099050488606756470e-01,6.930002886752701929e-01,8.070126424186331304e-01
4.751343429408890984e+01,6.100927098074827581e-01,6.932037952860859997e-01,8.072680487809185124e-01
4.754274548119198585e+01,6.102803081929621953e-01,6.934072348666096008e-01,8.075233733174296269e-01
4.757205666829506185e+01,6.104678440780244575e-01,6.936106074806297483e-01,8.077786161064265391e-01
4.760136785539814497e+01,6.106553175234825659e-01,6.938139131918343860e-01,8.080337772260447471e-01
4.763067904250122098e+01,6.108427285900503989e-01,6.940171520638117597e-01,8.082888567542952929e-01
4.765999022960429699e+01,6.110300773383450235e-01,6.942203241600498620e-01,8.085438547690656508e-01
4.768930141670737299e+01,6.112173638288851407e-01,6.944234295439375426e-01,8.087987713481190610e-01
4.771861260381045611e+01,6.114045881220927514e-01,6.946264682787632871e-01,8.090536065690956402e-01
4.774792379091353212e+01,6.115917502782922677e-01,6.948294404277173264e-01,8.093083605095121591e-01
4.777723497801660812e+01,6.117788503577109571e-01,6.950323460538899711e-01,8.095630332467624868e-01
4.780654616511968413e+01,6.119658884204799421e-01,6.952351852202733884e-01,8.098176248581180348e-01
4.783585735222276014e+01,6.121528645266338664e-01,6.954379579897607133e-01,8.100721354207275349e-01
4.786516853932584326e+01,6.123397787361104516e-01,6.956406644251470484e-01,8.103265650116179275e-01
4.789447972642891926e+01,6.125266311087517179e-01,6.958433045891290192e-01,8.105809137076940285e-01
4.792379091353199527e+01,6.127134217043040953e-01,6.960458785443052188e-01,8.108351815857396394e-01
4.795310210063507128e+01,6.129001505824179796e-01,6.962483863531769845e-01,8.110893687224163262e-01
4.798241328773815439e+01,6.130868178026483983e-01,6.964508280781475102e-01,8.113434751942657508e-01
4.801172447484123040e+01,6.132734234244550109e-01,6.966532037815232892e-01,8.115975010777078946e-01
4.804103566194430641e+01,6.134599675072032188e-01,6.968555135255131150e-01,8.118514464490428351e-01
4.807034684904738242e+01,6.136464501101630553e-01,6.970577573722293030e-01,8.121053113844500793e-01
4.809965803615046553e+01,6.138328712925097408e-01,6.972599353836873570e-01,8.123590959599895633e-01
4.812896922325354154e+01,6.140192311133246816e-01,6.974620476218060805e-01,8.126128002516009863e-01
4.815828041035661755e+01,6.142055296315948043e-01,6.976640941484084646e-01,8.128664243351052532e-01
4.818759159745969356e+01,6.143917669062129994e-01,6.978660750252209111e-01,8.131199682862034761e-01
4.821690278456277667e+01,6.145779429959790097e-01,6.980679903138744535e-01,8.133734321804783063e-01
4.824621397166585268e+01,6.147640579595983201e-01,6.982698400759042023e-01,8.136268160933937121e-01
4.827552515876892869e+01,6.149501118556836010e-01,6.984716243727497886e-01,8.138801201002949792e-01
4.830483634587200470e+01,6.151361047427540418e-01,6.986733432657558085e-01,8.141333442764095985e-01
4.833414753297508071e+01,6.153220366792361284e-01,6.988749968161719339e-01,8.143864886968470440e-01
4.836345872007816382e+01,6.155079077234636431e-01,6.990765850851525798e-01,8.146395534365993285e-01
4.839276990718123983e+01,6.156937179336778865e-01,6.992781081337577920e-01,8.148925385705408919e-01
4.842208109428431584e+01,6.158794673680277887e-01,6.994795660229533585e-01,8.151454441734291567e-01
4.845139228138739185e+01,6.160651560845703534e-01,6.996809588136104763e-01,8.153982703199047499e-01
4.848070346849047496e+01,6.162507841412704357e-01,6.998822865665069726e-01,8.156510170844918362e-01
4.851001465559355097e+01,6.164363515960014084e-01,7.000835493423260836e-01,8.159036845415981176e-01
4.853932584269662698e+01,6.166218585065447177e-01,7.002847472016580088e-01,8.161562727655150562e-01
4.856863702979970299e+01,6.168073049305917710e-01,7.004858802049993560e-01,8.164087818304185395e-01
4.859794821690278610e+01,6.169926909257413827e-01,7.006869484127536962e-01,8.166612118103692142e-01
4.862725940400586211e+01,6.171780165495024395e-01,7.008879518852311197e-01,8.169135627793114862e-01
4.865657059110893812e+01,6.173632818592926785e-01,7.010888906826495681e-01,8.171658348110757419e-01
4.868588177821201413e+01,6.175484869124397980e-01,7.012897648651339466e-01,8.174180279793766823e-01
4.871519296531509724e+01,6.177336317661811238e-01,7.014905744927169007e-01,8.176701423578150996e-01
4.874450415241817325e+01,6.179187164776631658e-01,7.016913196253389273e-01,8.179221780198769887e-01
4.877381533952124926e+01,6.181037411039433938e-01,7.018920003228483750e-01,8.181741350389347689e-01
4.880312652662432527e+01,6.182887057019897936e-01,7.020926166450018879e-01,8.184260134882465065e-01
4.883243771372740127e+01,6.184736103286800901e-01,7.022931686514646277e-01,8.186778134409570251e-01
4.886174890083048439e+01,6.186584550408027461e-01,7.024936564018101626e-01,8.189295349700979054e-01
4.889106008793356040e+01,6.188432398950579616e-01,7.026940799555205786e-01,8.191811781485873745e-01
4.892037127503663640e+01,6.190279649480563418e-01,7.028944393719873673e-01,8.194327430492309716e-01
4.894968246213971241e+01,6.192126302563200069e-01,7.030947347105110934e-01,8.196842297447216596e-01
4.897899364924279553e+01,6.193972358762824815e-01,7.032949660303018380e-01,8.199356383076401578e-01
4.900830483634587154e+01,6.195817818642890273e-01,7.034951333904787552e-01,8.201869688104547196e-01
4.903761602344894754e+01,6.197662682765967546e-01,7.036952368500710708e-01,8.204382213255221323e-01
4.906692721055202355e+01,6.199506951693748436e-01,7.038952764680180829e-01,8.206893959250872728e-01
4.909623839765510667e+01,6.201350625987044340e-01,7.040952523031691612e-01,8.209404926812838843e-01
4.912554958475818268e+01,6.203193706205800684e-01,7.042951644142834144e-01,8.211915116661345770e-01
4.915486077186125868e+01,6.205036192909081372e-01,7.044950128600312445e-01,8.214424529515507167e-01
4.918417195896433469e+01,6.206878086655077675e-01,7.046947976989933471e-01,8.216933166093333130e-01
4.921348314606741781e+01,6.208719388001116002e-01,7.048945189896617114e-01,8.219441027111730191e-01
4.924279433317049381e+01,6.210560097503651233e-01,7.050941767904387314e-01,8.221948113286501325e-01
4.927210552027356982e+01,6.212400215718272278e-01,7.052937711596387604e-01,8.224454425332348162e-01
4.930141670737664583e+01,6.214239743199706512e-01,7.054933021554871120e-01,8.226959963962878764e-01
4.933072789447972184e+01,6.216078680501820886e-01,7.056927698361210588e-01,8.229464729890606511e-01
4.936003908158280495e+01,6.217917028177615268e-01,7.058921742595896109e-01,8.231968723826950107e-01
4.938935026868588096e+01,6.219754786779234657e-01,7.060915154838537378e-01,8.234471946482239124e-01
4.941866145578895697e+01,6.221591956857971395e-01,7.062907935667864789e-01,8.236974398565714006e-01
4.944797264289203298e+01,6.223428538964252965e-01,7.064900085661737217e-01,8.239476080785532730e-01
4.947728382999511609e+01,6.225264533647666410e-01,7.066891605397135345e-01,8.241976993848769695e-01
4.950659501709819210e+01,6.227099941456936127e-01,7.068882495450170556e-01,8.244477138461414611e-01
4.953590620420126811e+01,6.228934762939946079e-01,7.070872756396077152e-01,8.246976515328383606e-01
4.956521739130434412e+01,6.230768998643727574e-01,7.072862388809229017e-01,8.249475125153514776e-01
4.959452857840742723e+01,6.232602649114469262e-01,7.074851393263129617e-01,8.251972968639571526e-01
4.962383976551050324e+01,6.234435714897511582e-01,7.076839770330416446e-01,8.254470046488245893e-01
4.965315095261357925e+01,6.236268196537357866e-01,7.078827520582863242e-01,8.256966359400162991e-01
4.968246213971665526e+01,6.238100094577671006e-01,7.080814644591385543e-01,8.259461908074878789e-01
4.971177332681973837e+01,6.239931409561273457e-01,7.082801142926036242e-01,8.261956693210883440e-01
4.974108451392281438e+01,6.241762142030150562e-01,7.084787016156012251e-01,8.264450715505607947e-01
4.977039570102589039e+01,6.243592292525457221e-01,7.086772264849653391e-01,8.266943975655419719e-01
4.979970688812896640e+01,6.245421861587510115e-01,7.088756889574445719e-01,8.269436474355631450e-01
4.982901807523204241e+01,6.247250849755794366e-01,7.090740890897022641e-01,8.271928212300498906e-01
4.985832926233512552e+01,6.249079257568975754e-01,7.092724269383166025e-01,8.274419190183222028e-01
4.988764044943820153e+01,6.250907085564881838e-01,7.094707025597811745e-01,8.276909408695951598e-01
4.991695163654127754e+01,6.252734334280517503e-01,7.096689160105046357e-01,8.279398868529791455e-01
4.994626282364435355e+01,6.254561004252061629e-01,7.098670673468110426e-01,8.281887570374795171e-01
4.997557401074743666e+01,6.256387096014878191e-01,7.100651566249402968e-01,8.284375514919973815e-01
5.000488519785051267e+01,6.258212610103501827e-01,7.102631839010480341e-01,8.286862702853294849e-01
5.003419638495358868e+01,6.260037547051654494e-01,7.104611492312057353e-01,8.289349134861687673e-01
5.006350757205666469e+01,6.261861907392236581e-01,7.106590526714015033e-01,8.291834811631040303e-01
5.009281875915974780e+01,6.263685691657339127e-01,7.108568942775391752e-01,8.294319733846209353e-01
5.012212994626282381e+01,6.265508900378234936e-01,7.110546741054395437e-01,8.296803902191013380e-01
5.015144113336589982e+01,6.267331534085384126e-01,7.112523922108400232e-01,8.299287317348245097e-01
5.018075232046897582e+01,6.269153593308438577e-01,7.114500486493948728e-01,8.301769979999661375e-01
5.021006350757205183e+01,6.270975078576246364e-01,7.116476434766750847e-01,8.304251890825997684e-01
5.023937469467513495e+01,6.272795990416842882e-01,7.118451767481696058e-01,8.306733050506961424e-01
5.026868588177821096e+01,6.274616329357458611e-01,7.120426485192840049e-01,8.309213459721239703e-01
5.029799706888128696e+01,6.276436095924525782e-01,7.122400588453416947e-01,8.311693119146496000e-01
5.032730825598436297e+01,6.278255290643670605e-01,7.124374077815840423e-01,8.314172029459377944e-01
5.035661944308744609e+01,6.280073914039722149e-01,7.126346953831700359e-01,8.316650191335517306e-01
5.038593063019052209e+01,6.281891966636706792e-01,7.128319217051767298e-01,8.319127605449528895e-01
5.041524181729359810e+01,6.283709448957864874e-01,7.130290868025995765e-01,8.321604272475016106e-01
5.044455300439667411e+01,6.285526361525632932e-01,7.132261907303522053e-01,8.324080193084576473e-01
5.047386419149975723e+01,6.287342704861653697e-01,7.134232335432673100e-01,8.326555367949795006e-01
5.050317537860283323e+01,6.289158479486786080e-01,7.136202152960956502e-01,8.329029797741253072e-01
5.053248656570590924e+01,6.290973685921094072e-01,7.138171360435073831e-01,8.331503483128530618e-01
5.056179775280898525e+01,6.292788324683852297e-01,7.140139958400916198e-01,8.333976424780199510e-01
5.059110893991206837e+01,6.294602396293554891e-01,7.142107947403568691e-01,8.336448623363841293e-01
5.062042012701514437e+01,6.296415901267908843e-01,7.144075327987304824e-01,8.338920079546031650e-01
5.064973131411822038e+01,6.298228840123835104e-01,7.146042100695602084e-01,8.341390793992358166e-01
5.067904250122129639e+01,6.300041213377476357e-01,7.148008266071129713e-01,8.343860767367410336e-01
5.070835368832437240e+01,6.301853021544195910e-01,7.149973824655757593e-01,8.346330000334789556e-01
5.073766487542745551e+01,6.303664265138578804e-01,7.151938776990556246e-01,8.348798493557108014e-01
5.076697606253053152e+01,6.305474944674429594e-01,7.153903123615800164e-01,8.351266247695987577e-01
5.079628724963360753e+01,6.307285060664783449e-01,7.155866865070965588e-01,8.353733263412070897e-01
5.082559843673668354e+01,6.309094613621902825e-01,7.157830001894737171e-01,8.356199541365013639e-01
5.085490962383976665e+01,6.310903604057275240e-01,7.159792534625002425e-01,8.358665082213492248e-01
5.088422081094284266e+01,6.312712032481617719e-01,7.161754463798862824e-01,8.361129886615205065e-01
5.091353199804591867e+01,6.314519899404880121e-01,7.163715789952627144e-01,8.363593955226871213e-01
5.094284318514899468e+01,6.316327205336248474e-01,7.165676513621818122e-01,8.366057288704238371e-01
5.097215437225207779e+01,6.318133950784143860e-01,7.167636635341171347e-01,8.368519887702080551e-01
5.100146555935515380e+01,6.319940136256217977e-01,7.169596155644636370e-01,8.370981752874199211e-01
5.103077674645822981e+01,6.321745762259365353e-01,7.171555075065384477e-01,8.373442884873429914e-01
5.106008793356130582e+01,6.323550829299721121e-01,7.173513394135799803e-01,8.375903284351641220e-01
5.108939912066438893e+01,6.325355337882658802e-01,7.175471113387491551e-01,8.378362951959734684e-01
5.111871030776746494e+01,6.327159288512792523e-01,7.177428233351287323e-01,8.380821888347653736e-01
5.114802149487054095e+01,6.328962681693992565e-01,7.179384754557238679e-01,8.383280094164375917e-01
5.117733268197361696e+01,6.330765517929362041e-01,7.181340677534624461e-01,8.385737570057923973e-01
5.120664386907669297e+01,6.332567797721259106e-01,7.183296002811946357e-01,8.388194316675362527e-01
5.123595505617977608e+01,6.334369521571285855e-01,7.185250730916939998e-01,8.390650334662803633e-01
5.126526624328285209e+01,6.336170689980303861e-01,7.187204862376563863e-01,8.393105624665402331e-01
5.129457743038592810e+01,6.337971303448416416e-01,7.189158397717011484e-01,8.395560187327367752e-01
5.132388861748900410e+01,6.339771362474989624e-01,7.191111337463709230e-01,8.398014023291957564e-01
5.135319980459208722e+01,6.341570867558639080e-01,7.193063682141317416e-01,8.400467133201482417e-01
5.138251099169516323e+01,6.343369819197243187e-01,7.195015432273730305e-01,8.402919517697309271e-01
5.141182217879823924e+01,6.345168217887933171e-01,7.196966588384083874e-01,8.405371177419862505e-01
5.144113336590131524e+01,6.346966064127101959e-01,7.198917150994750269e-01,8.407822113008622811e-01
5.147044455300439836e+01,6.348763358410407509e-01,7.200867120627342244e-01,8.410272325102138291e-01
5.149975574010747437e+01,6.350560101232766153e-01,7.202816497802715379e-01,8.412721814338011139e-01
5.152906692721055038e+01,6.352356293088364803e-01,7.204765283040968082e-01,8.415170581352913182e-01
5.155837811431362638e+01,6.354151934470649854e-01,7.206713476861446033e-01,8.417618626782584768e-01
5.158768930141670239e+01,6.355947025872340506e-01,7.208661079782739955e-01,8.420065951261833659e-01
5.161700048851978551e+01,6.357741567785424319e-01,7.210608092322688956e-01,8.422512555424533920e-01
5.164631167562286151e+01,6.359535560701156109e-01,7.212554514998381627e-01,8.424958439903635909e-01
5.167562286272593752e+01,6.361329005110067936e-01,7.214500348326158274e-01,8.427403605331166281e-01
5.170493404982901353e+01,6.363121901501963551e-01,7.216445592821614241e-01,8.429848052338224651e-01
5.173424523693209665e+01,6.364914250365921733e-01,7.218390248999594361e-01,8.432291781554989152e-01
5.176355642403517265e+01,6.366706052190298504e-01,7.220334317374201838e-01,8.434734793610717540e-01
5.179286761113824866e+01,6.368497307462728241e-01,7.222277798458800468e-01,8.437177089133750529e-01
5.182217879824132467e+01,6.370288016670123676e-01,7.224220692766005758e-01,8.439618668751515118e-01
5.185148998534440778e+01,6.372078180298681449e-01,7.226163000807701575e-01,8.442059533090519041e-01
5.188080117244748379e+01,6.373867798833878773e-01,7.228104723095025719e-01,8.444499682776359650e-01
5.191011235955055980e+01,6.375656872760480098e-01,7.230045860138384350e-01,8.446939118433725024e-01
5.193942354665363581e+01,6.377445402562532673e-01,7.231986412447447554e-01,8.449377840686393970e-01
5.196873473375671892e+01,6.379233388723370979e-01,7.233926380531151556e-01,8.451815850157236021e-01
5.199804592085979493e+01,6.381020831725616738e-01,7.235865764897699837e-01,8.454253147468218099e-01
5.202735710796287094e+01,6.382807732051186678e-01,7.237804566054563127e-01,8.456689733240403406e-01
5.205666829506594695e+01,6.384594090181286985e-01,7.239742784508487183e-01,8.459125608093952531e-01
5.208597948216902296e+01,6.386379906596415523e-01,7.241680420765487236e-01,8.461560772648127893e-01
5.211529066927210607e+01,6.388165181776366275e-01,7.243617475330850208e-01,8.463995227521294851e-01
5.214460185637518208e+01,6.389949916200227120e-01,7.245553948709142489e-01,8.466428973330918373e-01
5.217391304347825809e+01,6.391734110346384279e-01,7.247489841404203270e-01,8.468862010693577469e-01
5.220322423058133410e+01,6.393517764692521199e-01,7.249425153919152320e-01,8.471294340224949648e-01
5.223253541768441721e+01,6.395300879715628550e-01,7.251359886756386652e-01,8.473725962539828682e-01
5.226184660478749322e+01,6.397083455891990900e-01,7.253294040417583854e-01,8.476156878252116833e-01
5.229115779189056923e+01,6.398865493697196705e-01,7.255227615403706531e-01,8.478587087974829295e-01
5.232046897899364524e+01,6.400646993606140533e-01,7.257160612214997863e-01,8.481016592320097525e-01
5.234978016609672835e+01,6.402427956093027506e-01,7.259093031350990488e-01,8.483445391899168131e-01
5.237909135319980436e+01,6.404208381631362190e-01,7.261024873310496508e-01,8.485873487322407316e-01
5.240840254030288037e+01,6.405988270693957487e-01,7.262956138591621924e-01,8.488300879199300875e-01
5.243771372740595638e+01,6.407767623752949060e-01,7.264886827691759974e-01,8.490727568138456416e-01
5.246702491450903949e+01,6.409546441279772022e-01,7.266816941107594463e-01,8.493153554747607803e-01
5.249633610161211550e+01,6.411324723745176479e-01,7.268746479335104205e-01,8.495578839633610713e-01
5.252564728871519151e+01,6.413102471619227529e-01,7.270675442869556360e-01,8.498003423402450407e-01
5.255495847581826752e+01,6.414879685371309703e-01,7.272603832205516428e-01,8.500427306659239512e-01
5.258426966292134352e+01,6.416656365470120305e-01,7.274531647836846027e-01,8.502850490008224682e-01
5.261358085002442664e+01,6.418432512383677180e-01,7.276458890256706225e-01,8.505272974052782153e-01
5.264289203712750265e+01,6.420208126579317609e-01,7.278385559957553097e-01,8.507694759395423301e-01
5.267220322423057866e+01,6.421983208523701636e-01,7.280311657431146610e-01,8.510115846637794634e-01
5.270151441133365466e+01,6.423757758682809849e-01,7.282237183168546180e-01,8.512536236380682242e-01
5.273082559843673778e+01,6.425531777521946708e-01,7.284162137660119551e-01,8.514955929224012898e-01
5.276013678553981379e+01,6.427305265505739440e-01,7.286086521395532811e-01,8.517374925766850735e-01
5.278944797264288979e+01,6.429078223098154687e-01,7.288010334863760376e-01,8.519793226607403902e-01
5.281875915974596580e+01,6.430850650762472975e-01,7.289933578553087212e-01,8.522210832343026787e-01
5.284807034684904892e+01,6.432622548961308695e-01,7.291856252951104400e-01,8.524627743570220018e-01
5.287738153395212493e+01,6.434393918156611214e-01,7.293778358544712459e-01,8.527043960884632678e-01
5.290669272105520093e+01,6.436164758809657105e-01,7.295699895820124681e-01,8.529459484881058984e-01
5.293600390815827694e+01,6.437935071381059027e-01,7.297620865262866019e-01,8.531874316153450488e-01
5.296531509526136006e+01,6.439704856330761285e-01,7.299541267357779750e-01,8.534288455294911646e-01
5.299462628236443607e+01,6.441474114118050931e-01,7.301461102589019703e-01,8.536701902897697591e-01
5.302393746946751207e+01,6.443242845201547775e-01,7.303380371440060248e-01,8.539114659553220799e-01
5.305324865657058808e+01,6.445011050039209932e-01,7.305299074393689640e-01,8.541526725852056634e-01
5.308255984367366409e+01,6.446778729088339377e-01,7.307217211932022227e-01,8.543938102383935584e-01
5.311187103077674720e+01,6.448545882805577500e-01,7.309134784536487350e-01,8.546348789737751028e-01
5.314118221787982321e+01,6.450312511646905111e-01,7.311051792687841555e-01,8.548758788501559236e-01
5.317049340498289922e+01,6.452078616067655759e-01,7.312968236866159710e-01,8.551168099262583810e-01
5.319980459208597523e+01,6.453844196522502408e-01,7.314884117550846110e-01,8.553576722607211247e-01
5.322911577918905834e+01,6.455609253465465214e-01,7.316799435220632253e-01,8.555984659121000924e-01
5.325842696629213435e+01,6.457373787349913741e-01,7.318714190353571292e-01,8.558391909388675112e-01
5.328773815339521036e+01,6.459137798628564742e-01,7.320628383427050245e-01,8.560798473994133406e-01
5.331704934049828637e+01,6.460901287753489930e-01,7.322542014917785558e-01,8.563204353520448286e-01
5.334636052760136948e+01,6.462664255176112649e-01,7.324455085301824209e-01,8.565609548549865115e-01
5.337567171470444549e+01,6.464426701347206761e-01,7.326367595054547044e-01,8.568014059663803250e-01
5.340498290180752150e+01,6.466188626716897758e-01,7.328279544650668775e-01,8.570417887442867144e-01
5.343429408891059751e+01,6.467950031734677196e-01,7.330190934564237981e-01,8.572821032466834135e-01
5.346360527601368062e+01,6.469710916849383819e-01,7.332101765268643767e-01,8.575223495314667765e-01
5.349291646311675663e+01,6.471471282509221323e-01,7.334012037236610215e-01,8.577625276564510015e-01
5.352222765021983264e+01,6.473231129161747255e-01,7.335921750940199715e-01,8.580026376793689069e-01
5.355153883732290865e+01,6.474990457253888554e-01,7.337830906850819623e-01,8.582426796578721540e-01
5.358085002442598466e+01,6.476749267231928231e-01,7.339739505439214495e-01,8.584826536495311355e-01
5.361016121152906777e+01,6.478507559541512029e-01,7.341647547175478294e-01,8.587225597118347542e-01
5.363947239863214378e+01,6.480265334627656193e-01,7.343555032529041071e-01,8.589623979021914213e-01
5.366878358573521979e+01,6.482022592934739702e-01,7.345461961968685616e-01,8.592021682779287239e-01
5.369809477283829580e+01,6.483779334906505376e-01,7.347368335962538577e-01,8.594418708962935360e-01
5.372740595994137891e+01,6.485535560986073200e-01,7.349274154978077123e-01,8.596815058144524624e-01
5.375671714704445492e+01,6.487291271615928112e-01,7.351179419482123389e-01,8.599210730894917276e-01
5.378602833414753093e+01,6.489046467237924443e-01,7.353084129940855584e-01,8.601605727784173983e-01
5.381533952125060694e+01,6.490801148293291467e-01,7.354988286819801324e-01,8.604000049381557158e-01
5.384465070835369005e+01,6.492555315222631185e-01,7.356891890583844296e-01,8.606393696255532078e-01
5.387396189545676606e+01,6.494308968465921650e-01,7.358794941697216485e-01,8.608786668973763545e-01
5.390327308255984207e+01,6.496062108462516971e-01,7.360697440623512611e-01,8.611178968103125886e-01
5.393258426966291808e+01,6.497814735651148421e-01,7.362599387825682351e-01,8.613570594209698505e-01
5.396189545676599408e+01,6.499566850469926660e-01,7.364500783766030345e-01,8.615961547858767000e-01
5.399120664386907720e+01,6.501318453356338400e-01,7.366401628906225074e-01,8.618351829614830928e-01
5.402051783097215321e+01,6.503069544747254183e-01,7.368301923707295531e-01,8.620741440041597148e-01
5.404982901807522921e+01,6.504820125078927262e-01,7.370201668629630110e-01,8.623130379701987591e-01
5.407914020517830522e+01,6.506570194786995831e-01,7.372100864132982156e-01,8.625518649158138151e-01
5.410845139228138834e+01,6.508319754306480798e-01,7.373999510676468860e-01,8.627906248971403125e-01
5.413776257938446435e+01,6.510068804071785786e-01,7.375897608718575693e-01,8.630293179702347439e-01
5.416707376648754035e+01,6.511817344516709349e-01,7.377795158717149748e-01,8.632679441910761087e-01
5.419638495359061636e+01,6.513565376074430535e-01,7.379692161129411954e-01,8.635065036155655793e-01
5.422569614069369948e+01,6.515312899177523320e-01,7.381588616411950410e-01,8.637449962995258357e-01
5.425500732779677548e+01,6.517059914257946618e-01,7.383484525020722611e-01,8.639834222987023971e-01
5.428431851489985149e+01,6.518806421747060931e-01,7.385379887411058775e-01,8.642217816687635112e-01
5.431362970200292750e+01,6.520552422075611698e-01,7.387274704037662953e-01,8.644600744652993773e-01
5.434294088910601062e+01,6.522297915673741509e-01,7.389168975354613034e-01,8.646983007438237001e-01
5.437225207620908662e+01,6.524042902970985658e-01,7.391062701815360736e-01,8.649364605597728017e-01
5.440156326331216263e+01,6.525787384396282143e-01,7.392955883872736056e-01,8.651745539685059549e-01
5.443087445041523864e+01,6.527531360377960556e-01,7.394848521978947264e-01,8.654125810253061601e-01
5.446018563751831465e+01,6.529274831343753194e-01,7.396740616585582018e-01,8.656505417853794793e-01
5.448949682462139776e+01,6.531017797720795048e-01,7.398632168143604027e-01,8.658884363038554799e-01
5.451880801172447377e+01,6.532760259935614933e-01,7.400523177103364159e-01,8.661262646357876793e-01
5.454811919882754978e+01,6.534502218414151020e-01,7.402413643914590446e-01,8.663640268361533225e-01
5.457743038593062579e+01,6.536243673581740854e-01,7.404303569026399190e-01,8.666017229598536042e-01
5.460674157303370890e+01,6.537984625863130228e-01,7.406192952887290515e-01,8.668393530617138909e-01
5.463605276013678491e+01,6.539725075682470967e-01,7.408081795945147263e-01,8.670769171964840538e-01
5.466536394723986092e+01,6.541465023463319817e-01,7.409970098647243875e-01,8.673144154188378030e-01
5.469467513434293693e+01,6.543204469628641773e-01,7.411857861440241946e-01,8.675518477833741304e-01
5.472398632144602004e+01,6.544943414600814524e-01,7.413745084770191340e-01,8.677892143446164219e-01
5.475329750854909605e+01,6.546681858801625120e-01,7.415631769082533520e-01,8.680265151570129012e-01
5.478260869565217206e+01,6.548419802652269972e-01,7.417517914822102654e-01,8.682637502749369629e-01
5.481191988275524807e+01,6.550157246573359293e-01,7.419403522433125620e-01,8.685009197526869507e-01
5.484123106985833118e+01,6.551894190984923760e-01,7.421288592359223113e-01,8.687380236444868231e-01
5.487054225696140719e+01,6.553630636306398971e-01,7.423173125043410758e-01,8.689750620044855989e-01
5.489985344406448320e+01,6.555366582956646537e-01,7.425057120928101329e-01,8.692120348867583557e-01
5.492916463116755921e+01,6.557102031353939653e-01,7.426940580455106966e-01,8.694489423453053423e-01
5.495847581827063522e+01,6.558836981915973086e-01,7.428823504065634742e-01,8.696857844340530885e-01
5.498778700537371833e+01,6.560571435059853185e-01,7.430705892200295537e-01,8.699225612068544056e-01
5.501709819247679434e+01,6.562305391202123417e-01,7.432587745299100712e-01,8.701592727174874975e-01
5.504640937957987035e+01,6.564038850758737720e-01,7.434469063801459887e-01,8.703959190196572937e-01
5.507572056668294636e+01,6.565771814145074936e-01,7.436349848146192043e-01,8.706325001669954489e-01
5.510503175378602947e+01,6.567504281775937702e-01,7.438230098771517751e-01,8.708690162130596768e-01
5.513434294088910548e+01,6.569236254065555780e-01,7.440109816115062502e-01,8.711054672113348607e-01
5.516365412799218149e+01,6.570967731427586056e-01,7.441989000613857819e-01,8.713418532152323870e-01
5.519296531509525749e+01,6.572698714275112541e-01,7.443867652704347915e-01,8.715781742780908115e-01
5.522227650219834061e+01,6.574429203020644152e-01,7.445745772822380815e-01,8.718144304531759703e-01
5.525158768930141662e+01,6.576159198076128032e-01,7.447623361403217235e-01,8.720506217936808691e-01
5.528089887640449263e+01,6.577888699852935117e-01,7.449500418881527253e-01,8.722867483527257937e-01
5.531021006350756863e+01,6.579617708761867911e-01,7.451376945691395859e-01,8.725228101833586436e-01
5.533952125061064464e+01,6.581346225213166035e-01,7.453252942266319625e-01,8.727588073385554868e-01
5.536883243771372776e+01,6.583074249616506224e-01,7.455128409039208925e-01,8.729947398712195605e-01
5.539814362481680377e+01,6.584801782380991231e-01,7.457003346442394598e-01,8.732306078341822708e-01
5.542745481191987977e+01,6.586528823915165365e-01,7.458877754907619062e-01,8.734664112802035252e-01
5.545676599902295578e+01,6.588255374627013383e-01,7.460751634866042981e-01,8.737021502619709556e-01
5.548607718612603890e+01,6.589981434923953829e-01,7.462624986748248590e-01,8.739378248321010290e-01
5.551538837322911490e+01,6.591707005212845694e-01,7.464497810984238590e-01,8.741734350431382694e-01
5.554469956033219091e+01,6.593432085899988415e-01,7.466370108003431705e-01,8.744089809475562580e-01
5.557401074743526692e+01,6.595156677391128541e-01,7.468241878234673781e-01,8.746444625977572995e-01
5.560332193453835004e+01,6.596880780091450847e-01,7.470113122106234460e-01,8.748798800460724223e-01
5.563263312164142604e+01,6.598604394405581663e-01,7.471983840045802738e-01,8.751152333447619336e-01
5.566194430874450205e+01,6.600327520737595544e-01,7.473854032480498066e-01,8.753505225460150863e-01
5.569125549584757806e+01,6.602050159491015258e-01,7.475723699836863689e-01,8.755857477019510782e-01
5.572056668295066117e+01,6.603772311068804024e-01,7.477592842540873308e-01,8.758209088646176088e-01
5.574987787005373718e+01,6.605493975873383272e-01,7.479461461017924417e-01,8.760560060859927667e-01
5.577918905715681319e+01,6.607215154306612659e-01,7.481329555692849409e-01,8.762910394179841411e-01
5.580850024425988920e+01,6.608935846769811162e-01,7.483197126989907799e-01,8.765260089124291554e-01
5.583781143136296521e+01,6.610656053663743759e-01,7.485064175332792891e-01,8.767609146210951776e-01
5.586712261846604832e+01,6.612375775388629195e-01,7.486930701144630662e-01,8.769957565956798540e-01
5.589643380556912433e+01,6.614095012344138880e-01,7.488796704847981989e-01,8.772305348878107756e-01
5.592574499267220034e+01,6.615813764929400209e-01,7.490662186864841532e-01,8.774652495490464776e-01
5.595505617977527635e+01,6.617532033542997683e-01,7.492527147616638850e-01,8.776999006308754403e-01
5.598436736687835946e+01,6.619249818582965128e-01,7.494391587524245057e-01,8.779344881847173099e-01
5.601367855398143547e+01,6.620967120446804577e-01,7.496255507007962837e-01,8.781690122619220107e-01
5.604298974108451148e+01,6.622683939531468500e-01,7.498118906487540869e-01,8.784034729137709663e-01
5.607230092818758749e+01,6.624400276233368690e-01,7.499981786382163840e-01,8.786378701914761002e-01
5.610161211529067060e+01,6.626116130948386251e-01,7.501844147110459105e-01,8.788722041461808354e-01
5.613092330239374661e+01,6.627831504071856061e-01,7.503705989090497797e-01,8.791064748289597608e-01
5.616023448949682262e+01,6.629546395998575647e-01,7.505567312739791497e-01,8.793406822908190756e-01
5.618954567659989863e+01,6.631260807122811851e-01,7.507428118475298895e-01,8.795748265826962564e-01
5.621885686370298174e+01,6.632974737838288615e-01,7.509288406713424679e-01,8.798089077554608339e-01
5.624816805080605775e+01,6.634688188538204745e-01,7.511148177870015097e-01,8.800429258599137272e-01
5.627747923790913376e+01,6.636401159615215040e-01,7.513007432360367943e-01,8.802768809467883537e-01
5.630679042501220977e+01,6.638113651461455822e-01,7.514866170599230344e-01,8.805107730667495192e-01
5.633610161211528577e+01,6.639825664468521627e-01,7.516724393000798754e-01,8.807446022703949717e-01
5.636541279921836889e+01,6.641537199027479632e-01,7.518582099978714517e-01,8.809783686082542919e-01
5.639472398632144490e+01,6.643248255528864110e-01,7.520439291946081628e-01,8.812120721307896698e-01
5.642403517342452091e+01,6.644958834362689748e-01,7.522295969315445641e-01,8.814457128883957937e-01
5.645334636052759691e+01,6.646668935918436105e-01,7.524152132498811429e-01,8.816792909314001836e-01
5.648265754763068003e+01,6.648378560585062047e-01,7.526007781907640970e-01,8.819128063100634130e-01
5.651196873473375604e+01,6.650087708750995752e-01,7.527862917952843347e-01,8.821462590745783316e-01
5.654127992183683205e+01,6.651796380804148034e-01,7.529717541044791407e-01,8.823796492750715093e-01
5.657059110893990805e+01,6.653504577131901243e-01,7.531571651593313987e-01,8.826129769616024578e-01
5.659990229604299117e+01,6.655212298121118142e-01,7.533425250007698137e-01,8.828462421841640761e-01
5.662921348314606718e+01,6.656919544158130808e-01,7.535278336696690227e-01,8.830794449926828715e-01
5.665852467024914318e+01,6.658626315628770609e-01,7.537130912068500388e-01,8.833125854370186270e-01
5.668783585735221919e+01,6.660332612918333783e-01,7.538982976530794744e-01,8.835456635669649561e-01
5.671714704445530231e+01,6.662038436411601428e-01,7.540834530490706511e-01,8.837786794322496364e-01
5.674645823155837832e+01,6.663743786492837273e-01,7.542685574354830447e-01,8.840116330825338320e-01
5.677576941866145432e+01,6.665448663545794350e-01,7.544536108529227292e-01,8.842445245674129817e-01
5.680508060576453033e+01,6.667153067953703882e-01,7.546386133419422659e-01,8.844773539364170212e-01
5.683439179286760634e+01,6.668857000099280841e-01,7.548235649430409255e-01,8.847101212390099390e-01
5.686370297997068946e+01,6.670560460364738375e-01,7.550084656966644658e-01,8.849428265245902203e-01
5.689301416707376546e+01,6.672263449131763391e-01,7.551933156432060201e-01,8.851754698424907364e-01
5.692232535417684147e+01,6.673965966781537640e-01,7.553781148230053200e-01,8.854080512419795213e-01
5.695163654127991748e+01,6.675668013694732172e-01,7.555628632763490282e-01,8.856405707722586618e-01
5.698094772838300059e+01,6.677369590251509557e-01,7.557475610434715163e-01,8.858730284824661849e-01
5.701025891548607660e+01,6.679070696831518328e-01,7.559322081645534208e-01,8.861054244216740594e-01
5.703957010258915261e+01,6.680771333813908530e-01,7.561168046797237530e-01,8.863377586388901941e-01
5.706888128969222862e+01,6.682471501577312845e-01,7.563013506290584553e-01,8.865700311830574387e-01
5.709819247679531173e+01,6.684171200499865462e-01,7.564858460525808459e-01,8.868022421030544722e-01
5.712750366389838774e+01,6.685870430959193200e-01,7.566702909902623952e-01,8.870343914476949143e-01
5.715681485100146375e+01,6.687569193332418838e-01,7.568546854820217273e-01,8.872664792657282140e-01
5.718612603810453976e+01,6.689267487996158890e-01,7.570390295677255077e-01,8.874985056058398714e-01
5.721543722520762287e+01,6.690965315326536933e-01,7.572233232871885544e-01,8.877304705166509935e-01
5.724474841231069888e+01,6.692662675699164732e-01,7.574075666801733941e-01,8.879623740467186277e-01
5.727405959941377489e+01,6.694359569489163331e-01,7.575917597863908171e-01,8.881942162445364275e-01
5.730337078651685090e+01,6.696055997071147514e-01,7.577759026454995439e-01,8.884259971585335425e-01
5.733268197361992691e+01,6.697751958819235796e-01,7.579599952971068921e-01,8.886577168370760615e-01
5.736199316072301002e+01,6.699447455107047089e-01,7.581440377807684428e-01,8.888893753284663468e-01
5.739130434782608603e+01,6.701142486307710699e-01,7.583280301359882625e-01,8.891209726809432556e-01
5.742061553492916204e+01,6.702837052793853001e-01,7.585119724022191257e-01,8.893525089426824737e-01
5.744992672203223805e+01,6.704531154937608539e-01,7.586958646188622923e-01,8.895839841617964039e-01
5.747923790913532116e+01,6.706224793110620030e-01,7.588797068252677303e-01,8.898153983863346106e-01
5.750854909623839717e+01,6.707917967684033922e-01,7.590634990607344479e-01,8.900467516642833754e-01
5.753786028334147318e+01,6.709610679028507052e-01,7.592472413645100504e-01,8.902780440435662523e-01
5.756717147044454919e+01,6.711302927514202210e-01,7.594309337757917389e-01,8.905092755720442899e-01
5.759648265754763230e+01,6.712994713510794798e-01,7.596145763337256440e-01,8.907404462975158088e-01
5.762579384465070831e+01,6.714686037387472828e-01,7.597981690774066044e-01,8.909715562677165135e-01
5.765510503175378432e+01,6.716376899512932486e-01,7.599817120458794983e-01,8.912026055303198246e-01
5.768441621885686033e+01,6.718067300255380347e-01,7.601652052781382451e-01,8.914335941329368795e-01
5.771372740595993633e+01,6.719757239982545594e-01,7.603486488131262488e-01,8.916645221231168650e-01
5.774303859306301945e+01,6.721446719061660025e-01,7.605320426897366204e-01,8.918953895483465732e-01
5.777234978016609546e+01,6.723135737859482486e-01,7.607153869468120666e-01,8.921261964560511792e-01
5.780166096726917146e+01,6.724824296742276664e-01,7.608986816231450012e-01,8.923569428935937964e-01
5.783097215437224747e+01,6.726512396075833289e-01,7.610819267574781000e-01,8.925876289082762538e-01
5.786028334147533059e+01,6.728200036225455705e-01,7.612651223885031904e-01,8.928182545473383191e-01
5.788959452857840660e+01,6.729887217555964307e-01,7.614482685548630281e-01,8.930488198579583647e-01
5.791890571568148260e+01,6.731573940431700986e-01,7.616313652951500757e-01,8.932793248872538117e-01
5.794821690278455861e+01,6.733260205216534677e-01,7.618144126479068357e-01,8.935097696822804636e-01
5.797752808988764173e+01,6.734946012273848037e-01,7.619974106516266277e-01,8.937401542900330620e-01
5.800683927699071774e+01,6.736631361966547438e-01,7.621803593447524783e-01,8.939704787574452860e-01
5.803615046409379374e+01,6.738316254657062965e-01,7.623632587656784532e-01,8.942007431313899746e-01
5.806546165119686975e+01,6.740000690707349529e-01,7.625461089527491021e-01,8.944309474586793485e-01
5.809477283829995287e+01,6.741684670478889085e-01,7.627289099442596809e-01,8.946610917860645662e-01
5.812408402540302887e+01,6.743368194332683974e-01,7.629116617784557075e-01,8.948911761602362791e-01
5.815339521250610488e+01,6.745051262629266908e-01,7.630943644935344050e-01,8.951212006278248534e-01
5.818270639960918089e+01,6.746733875728699870e-01,7.632770181276430366e-01,8.953511652354002592e-01
5.821201758671225690e+01,6.748416033990570773e-01,7.634596227188805706e-01,8.955810700294720705e-01
5.824132877381534001e+01,6.750097737773994577e-01,7.636421783052966816e-01,8.958109150564897982e-01
5.827063996091841602e+01,6.751778987437623281e-01,7.638246849248924164e-01,8.960407003628428901e-01
5.829995114802149203e+01,6.753459783339630373e-01,7.640071426156199719e-01,8.962704259948610641e-01
5.832926233512456804e+01,6.755140125837731935e-01,7.641895514153831392e-01,8.965000919988136419e-01
5.835857352222765115e+01,6.756820015289167758e-01,7.643719113620370820e-01,8.967296984209111033e-01
5.838788470933072716e+01,6.758499452050718004e-01,7.645542224933881137e-01,8.969592453073035321e-01
5.841719589643380317e+01,6.760178436478693209e-01,7.647364848471948084e-01,8.971887327040819482e-01
5.844650708353687918e+01,6.761856968928938727e-01,7.649186984611670015e-01,8.974181606572778636e-01
5.847581827063996229e+01,6.763535049756835837e-01,7.651008633729666775e-01,8.976475292128636152e-01
5.850512945774303830e+01,6.765212679317310629e-01,7.652829796202071932e-01,8.978768384167521432e-01
5.853444064484611431e+01,6.766889857964817345e-01,7.654650472404543882e-01,8.981060883147974350e-01
5.856375183194919032e+01,6.768566586053351708e-01,7.656470662712261399e-01,8.983352789527945248e-01
5.859306301905227343e+01,6.770242863936450917e-01,7.658290367499921425e-01,8.985644103764797164e-01
5.862237420615534944e+01,6.771918691967192538e-01,7.660109587141743503e-01,8.987934826315302494e-01
5.865168539325842545e+01,6.773594070498188957e-01,7.661928322011473114e-01,8.990224957635650771e-01
5.868099658036150146e+01,6.775268999881608467e-01,7.663746572482377228e-01,8.992514498181441995e-01
5.871030776746457747e+01,6.776943480469147518e-01,7.665564338927249866e-01,8.994803448407696633e-01
5.873961895456766058e+01,6.778617512612055140e-01,7.667381621718410978e-01,8.997091808768850063e-01
5.876893014167073659e+01,6.780291096661116290e-01,7.669198421227700901e-01,8.999379579718752575e-01
5.879824132877381260e+01,6.781964232966674055e-01,7.671014737826495899e-01,9.001666761710674924e-01
5.882755251587688861e+01,6.783636921878607451e-01,7.672830571885693729e-01,9.003953355197310549e-01
5.885686370297997172e+01,6.785309163746344741e-01,7.674645923775726963e-01,9.006239360630771129e-01
5.888617489008304773e+01,6.786980958918862328e-01,7.676460793866553001e-01,9.008524778462588811e-01
5.891548607718612374e+01,6.788652307744689196e-01,7.678275182527661835e-01,9.010809609143722865e-01
5.894479726428919975e+01,6.790323210571898027e-01,7.680089090128077167e-01,9.013093853124550803e-01
5.897410845139228286e+01,6.791993667748115193e-01,7.681902517036350853e-01,9.015377510854881704e-01
5.900341963849535887e+01,6.793663679620511875e-01,7.683715463620570674e-01,9.017660582783947332e-01
5.903273082559843488e+01,6.795333246535820715e-01,7.685527930248359230e-01,9.019943069360404353e-01
5.906204201270151088e+01,6.797002368840323605e-01,7.687339917286870605e-01,9.022224971032339891e-01
5.909135319980458689e+01,6.798671046879850577e-01,7.689151425102797033e-01,9.024506288247272634e-01
5.912066438690767001e+01,6.800339280999794234e-01,7.690962454062366671e-01,9.026787021452147286e-01
5.914997557401074602e+01,6.802007071545095318e-01,7.692773004531344716e-01,9.029067171093339006e-01
5.917928676111382202e+01,6.803674418860254924e-01,7.694583076875036731e-01,9.031346737616661180e-01
5.920859794821689803e+01,6.805341323289324507e-01,7.696392671458283097e-01,9.033625721467354319e-01
5.923790913531998115e+01,6.807007785175924752e-01,7.698201788645466781e-01,9.035904123090096052e-01
5.926722032242305715e+01,6.808673804863224488e-01,7.700010428800510009e-01,9.038181942928995571e-01
5.929653150952613316e+01,6.810339382693952892e-01,7.701818592286876486e-01,9.040459181427604740e-01
5.932584269662920917e+01,6.812004519010400605e-01,7.703626279467573612e-01,9.042735839028905875e-01
5.935515388373229229e+01,6.813669214154421949e-01,7.705433490705150268e-01,9.045011916175326183e-01
5.938446507083536829e+01,6.815333468467428268e-01,7.707240226361700142e-01,9.047287413308724435e-01
5.941377625793844430e+01,6.816997282290392368e-01,7.709046486798857289e-01,9.049562330870404292e-01
5.944308744504152031e+01,6.818660655963854067e-01,7.710852272377809458e-01,9.051836669301112082e-01
5.947239863214460343e+01,6.820323589827916866e-01,7.712657583459282540e-01,9.054110429041031249e-01
5.950170981924767943e+01,6.821986084222245728e-01,7.714462420403552789e-01,9.056383610529791239e-01
5.953102100635075544e+01,6.823648139486069297e-01,7.716266783570444598e-01,9.058656214206467494e-01
5.956033219345383145e+01,6.825309755958189895e-01,7.718070673319330499e-01,9.060928240509575904e-01
5.958964338055690746e+01,6.826970933976969080e-01,7.719874090009131162e-01,9.063199689877081688e-01
5.961895456765999057e+01,6.828631673880339870e-01,7.721677033998319839e-01,9.065470562746398286e-01
5.964826575476306658e+01,6.830291976005805621e-01,7.723479505644916809e-01,9.067740859554381805e-01
5.967757694186614259e+01,6.831951840690433375e-01,7.725281505306498264e-01,9.070010580737343231e-01
5.970688812896921860e+01,6.833611268270863848e-01,7.727083033340190754e-01,9.072279726731041771e-01
5.973619931607230171e+01,6.835270259083306987e-01,7.728884090102674520e-01,9.074548297970684851e-01
5.976551050317537772e+01,6.836928813463544197e-01,7.730684675950181273e-01,9.076816294890935888e-01
5.979482169027845373e+01,6.838586931746933884e-01,7.732484791238500854e-01,9.079083717925907626e-01
5.982413287738152974e+01,6.840244614268398138e-01,7.734284436322980127e-01,9.081350567509168803e-01
5.985344406448461285e+01,6.841901861362442716e-01,7.736083611558518536e-01,9.083616844073744145e-01
5.988275525158768886e+01,6.843558673363141498e-01,7.737882317299572543e-01,9.085882548052109930e-01
5.991206643869076487e+01,6.845215050604145368e-01,7.739680553900158966e-01,9.088147679876201757e-01
5.994137762579384088e+01,6.846870993418676665e-01,7.741478321713852750e-01,9.090412239977414544e-01
5.997068881289692399e+01,6.848526502139549166e-01,7.743275621093788086e-01,9.092676228786599202e-01
6.000000000000000000e+01,6.850181577099138108e-01,7.745072452392658402e-01,9.094939646734067074e-01
