path,mean_relative_luminance,luminance_class,laplacian_features,foreground_texture_label,foreground_texture_class,distance_to_texture_center,foreground_candidate,background_candidate
C:\Users\Hamada.MSI\Desktop\Hamada\lab\data\raw\images\Describable Textures Dataset\images\banded\banded_0013.jpg,0.7199434366129915,3,"[2.343775510787964, 3.513646364212036, 4.520253658294678, 7.040216445922852]",,,,False,True
C:\Users\Hamada.MSI\Desktop\Hamada\lab\data\raw\images\Describable Textures Dataset\images\banded\banded_0016.jpg,0.5891775140771229,3,"[4.864923477172852, 6.796624183654785, 9.503570556640625, 20.799524307250977]",,,,False,True
C:\Users\Hamada.MSI\Desktop\Hamada\lab\data\raw\images\Describable Textures Dataset\images\banded\banded_0019.jpg,0.23112915096907033,2,"[8.870174407958984, 12.327534675598145, 17.613536834716797, 22.874271392822266]",,,,False,True
C:\Users\Hamada.MSI\Desktop\Hamada\lab\data\raw\images\Describable Textures Dataset\images\banded\banded_0041.jpg,0.1715556168965368,1,"[9.46075439453125, 12.67184829711914, 13.113360404968262, 38.2613410949707]",2,9,4.227267650411644,True,False
C:\Users\Hamada.MSI\Desktop\Hamada\lab\data\raw\images\Describable Textures Dataset\images\banded\banded_0075.jpg,0.10627992567307619,1,"[8.597593307495117, 10.63606071472168, 17.706090927124023, 12.105162620544434]",6,6,8.90485454851041,True,False
C:\Users\Hamada.MSI\Desktop\Hamada\lab\data\raw\images\Describable Textures Dataset\images\banded\banded_0076.jpg,0.22575056523662254,2,"[2.8712158203125, 4.858315944671631, 7.508723735809326, 36.47929000854492]",,,,False,True
C:\Users\Hamada.MSI\Desktop\Hamada\lab\data\raw\images\Describable Textures Dataset\images\banded\banded_0103.jpg,0.34134260328066346,3,"[3.3558239936828613, 5.689518928527832, 11.620378494262695, 19.882238388061523]",,,,False,True
C:\Users\Hamada.MSI\Desktop\Hamada\lab\data\raw\images\Describable Textures Dataset\images\banded\banded_0112.jpg,0.7476619597296282,3,"[6.971706390380859, 2.5772666931152344, 1.9562791585922241, 9.639935493469238]",,,,False,True
C:\Users\Hamada.MSI\Desktop\Hamada\lab\data\raw\images\Describable Textures Dataset\images\banded\banded_0116.jpg,0.07930200115511644,1,"[1.3749903440475464, 1.546162486076355, 2.2431323528289795, 19.115062713623047]",1,2,6.43448745777447,True,False
C:\Users\Hamada.MSI\Desktop\Hamada\lab\data\raw\images\Describable Textures Dataset\images\banded\banded_0131.jpg,0.4545004064792109,3,"[4.542523384094238, 6.132602214813232, 10.519754409790039, 50.050689697265625]",,,,False,True
C:\Users\Hamada.MSI\Desktop\Hamada\lab\data\raw\images\Describable Textures Dataset\images\blotchy\blotchy_0037.jpg,0.08706733228825968,1,"[2.5231077671051025, 2.7754364013671875, 4.139510154724121, 23.433080673217773]",1,2,5.616769503536913,True,False
C:\Users\Hamada.MSI\Desktop\Hamada\lab\data\raw\images\Describable Textures Dataset\images\blotchy\blotchy_0060.jpg,0.17409146348726334,1,"[3.762521982192993, 4.29274320602417, 5.538585186004639, 47.235740661621094]",4,7,3.806394452953227,True,False
C:\Users\Hamada.MSI\Desktop\Hamada\lab\data\raw\images\Describable Textures Dataset\images\blotchy\blotchy_0066.jpg,0.14363132069933984,1,"[6.00038480758667, 3.4045019149780273, 3.2470269203186035, 14.837413787841797]",1,2,5.890942621531368,True,False
C:\Users\Hamada.MSI\Desktop\Hamada\lab\data\raw\images\Describable Textures Dataset\images\blotchy\blotchy_0068.jpg,0.7937627117314056,3,"[3.290583610534668, 3.3204009532928467, 4.212904453277588, 14.409174919128418]",,,,False,True
C:\Users\Hamada.MSI\Desktop\Hamada\lab\data\raw\images\Describable Textures Dataset\images\blotchy\blotchy_0075.jpg,0.026502901060099154,1,"[2.0678093433380127, 1.3938219547271729, 1.4366415739059448, 12.1973237991333]",3,1,5.288756734642045,True,False
C:\Users\Hamada.MSI\Desktop\Hamada\lab\data\raw\images\Describable Textures Dataset\images\blotchy\blotchy_0086.jpg,0.2682650842744705,2,"[5.4731764793396, 5.628346920013428, 5.462124824523926, 14.539566993713379]",,,,False,True
C:\Users\Hamada.MSI\Desktop\Hamada\lab\data\raw\images\Describable Textures Dataset\images\blotchy\blotchy_0097.jpg,0.2004554428641894,1,"[5.697751522064209, 4.284041404724121, 4.280416488647461, 17.730497360229492]",1,2,2.9129209032974464,True,False
C:\Users\Hamada.MSI\Desktop\Hamada\lab\data\raw\images\Describable Textures Dataset\images\blotchy\blotchy_0112.jpg,0.19561389312552827,1,"[6.241275310516357, 6.897082805633545, 7.8994669914245605, 21.97774887084961]",1,2,3.7787936736912107,True,False
C:\Users\Hamada.MSI\Desktop\Hamada\lab\data\raw\images\Describable Textures Dataset\images\blotchy\blotchy_0119.jpg,0.1367083553274292,1,"[3.73960542678833, 5.536090850830078, 9.211577415466309, 37.10065841674805]",5,4,6.089701935921132,True,False
C:\Users\Hamada.MSI\Desktop\Hamada\lab\data\raw\images\Describable Textures Dataset\images\blotchy\blotchy_0128.jpg,0.838991214134832,3,"[13.152064323425293, 13.938203811645508, 17.496469497680664, 29.26185417175293]",,,,False,True
C:\Users\Hamada.MSI\Desktop\Hamada\lab\data\raw\images\Describable Textures Dataset\images\braided\braided_0027.jpg,0.5949866344549148,3,"[11.990602493286133, 13.554489135742188, 9.82374095916748, 17.526538848876953]",,,,False,True
C:\Users\Hamada.MSI\Desktop\Hamada\lab\data\raw\images\Describable Textures Dataset\images\braided\braided_0077.jpg,0.20993945701342226,1,"[17.324649810791016, 19.915021896362305, 18.77479362487793, 15.697993278503418]",6,6,8.525987462261874,True,False
C:\Users\Hamada.MSI\Desktop\Hamada\lab\data\raw\images\Describable Textures Dataset\images\braided\braided_0108.jpg,0.43461351649284147,3,"[4.5464935302734375, 4.465293884277344, 6.152034282684326, 32.14103317260742]",,,,False,True
C:\Users\Hamada.MSI\Desktop\Hamada\lab\data\raw\images\Describable Textures Dataset\images\braided\braided_0119.jpg,0.1854632955864859,1,"[7.378219127655029, 7.932885646820068, 9.946389198303223, 43.23030090332031]",4,7,4.136322631632911,True,False
C:\Users\Hamada.MSI\Desktop\Hamada\lab\data\raw\images\Describable Textures Dataset\images\braided\braided_0131.jpg,0.06813250168104115,1,"[8.105459213256836, 8.505891799926758, 11.287707328796387, 25.02642822265625]",0,5,4.544747783174889,True,False
C:\Users\Hamada.MSI\Desktop\Hamada\lab\data\raw\images\Describable Textures Dataset\images\braided\braided_0148.jpg,0.31718755056019515,3,"[8.011366844177246, 10.060688972473145, 13.796162605285645, 24.533666610717773]",,,,False,True
C:\Users\Hamada.MSI\Desktop\Hamada\lab\data\raw\images\Describable Textures Dataset\images\braided\braided_0158.jpg,0.1945893085045037,1,"[8.952618598937988, 11.590250968933105, 15.609787940979004, 46.64627456665039]",2,9,6.385408328495148,True,False
C:\Users\Hamada.MSI\Desktop\Hamada\lab\data\raw\images\Describable Textures Dataset\images\braided\braided_0164.jpg,0.2554060466280924,2,"[5.709681510925293, 6.448567867279053, 8.630703926086426, 23.408620834350586]",,,,False,True
C:\Users\Hamada.MSI\Desktop\Hamada\lab\data\raw\images\Describable Textures Dataset\images\braided\braided_0185.jpg,0.15965527664229548,1,"[9.420167922973633, 8.373540878295898, 7.104920864105225, 24.972139358520508]",0,5,3.514305491259196,True,False
C:\Users\Hamada.MSI\Desktop\Hamada\lab\data\raw\images\Describable Textures Dataset\images\braided\braided_0192.jpg,0.3314331496028012,3,"[2.041300058364868, 2.8244729042053223, 4.564881324768066, 24.933530807495117]",,,,False,True
C:\Users\Hamada.MSI\Desktop\Hamada\lab\data\raw\images\Describable Textures Dataset\images\bubbly\bubbly_0061.jpg,0.5561269486050088,3,"[14.40097427368164, 14.012469291687012, 11.62290096282959, 14.850163459777832]",,,,False,True
C:\Users\Hamada.MSI\Desktop\Hamada\lab\data\raw\images\Describable Textures Dataset\images\bubbly\bubbly_0089.jpg,0.5942110838651311,3,"[10.414690971374512, 12.069950103759766, 12.72220516204834, 16.411863327026367]",,,,False,True
C:\Users\Hamada.MSI\Desktop\Hamada\lab\data\raw\images\Describable Textures Dataset\images\bubbly\bubbly_0093.jpg,0.3242846292012645,3,"[3.1580300331115723, 4.01419734954834, 5.528415679931641, 91.42140197753906]",,,,False,True
C:\Users\Hamada.MSI\Desktop\Hamada\lab\data\raw\images\Describable Textures Dataset\images\bubbly\bubbly_0102.jpg,0.19956010817929606,1,"[12.601479530334473, 11.048930168151855, 10.715445518493652, 21.63168716430664]",0,5,3.2014817228779355,True,False
C:\Users\Hamada.MSI\Desktop\Hamada\lab\data\raw\images\Describable Textures Dataset\images\bubbly\bubbly_0131.jpg,0.21015803764130936,1,"[25.899507522583008, 16.615232467651367, 11.951417922973633, 21.204769134521484]",9,10,5.4078418503115016,True,False
C:\Users\Hamada.MSI\Desktop\Hamada\lab\data\raw\images\Describable Textures Dataset\images\bubbly\bubbly_0137.jpg,0.17369207689125274,1,"[4.112113952636719, 4.6892595291137695, 5.244946479797363, 58.79023742675781]",8,8,2.62355159293726,True,False
C:\Users\Hamada.MSI\Desktop\Hamada\lab\data\raw\images\Describable Textures Dataset\images\bubbly\bubbly_0139.jpg,0.4000936600611996,3,"[23.634302139282227, 8.13656997680664, 6.276065826416016, 21.715984344482422]",,,,False,True
C:\Users\Hamada.MSI\Desktop\Hamada\lab\data\raw\images\Describable Textures Dataset\images\bubbly\bubbly_0159.jpg,0.5192719809684709,3,"[0.8928020000457764, 1.357365608215332, 2.4001781940460205, 21.190664291381836]",,,,False,True
C:\Users\Hamada.MSI\Desktop\Hamada\lab\data\raw\images\Describable Textures Dataset\images\bubbly\bubbly_0162.jpg,0.15851509706787534,1,"[13.985820770263672, 11.499638557434082, 11.45816707611084, 50.53807067871094]",2,9,10.049898694608773,True,False
C:\Users\Hamada.MSI\Desktop\Hamada\lab\data\raw\images\Describable Textures Dataset\images\bubbly\bubbly_0167.jpg,0.3500026563836493,3,"[16.23331069946289, 13.218814849853516, 8.73997974395752, 15.651484489440918]",,,,False,True
C:\Users\Hamada.MSI\Desktop\Hamada\lab\data\raw\images\Describable Textures Dataset\images\bumpy\bumpy_0102.jpg,0.2776593208878501,2,"[2.9429666996002197, 4.98782205581665, 7.707698822021484, 26.900920867919922]",,,,False,True
C:\Users\Hamada.MSI\Desktop\Hamada\lab\data\raw\images\Describable Textures Dataset\images\bumpy\bumpy_0109.jpg,0.37881417932510525,3,"[10.383970260620117, 10.324251174926758, 13.908635139465332, 25.980222702026367]",,,,False,True
C:\Users\Hamada.MSI\Desktop\Hamada\lab\data\raw\images\Describable Textures Dataset\images\bumpy\bumpy_0120.jpg,0.2849215076282594,2,"[5.2102532386779785, 7.408123970031738, 8.73204517364502, 18.24738883972168]",,,,False,True
C:\Users\Hamada.MSI\Desktop\Hamada\lab\data\raw\images\Describable Textures Dataset\images\bumpy\bumpy_0134.jpg,0.18250277825059638,1,"[6.083011150360107, 6.143559455871582, 8.576869010925293, 40.31670379638672]",4,7,4.766141085927002,True,False
C:\Users\Hamada.MSI\Desktop\Hamada\lab\data\raw\images\Describable Textures Dataset\images\bumpy\bumpy_0147.jpg,0.2438180759170055,2,"[9.646767616271973, 12.174386978149414, 15.422796249389648, 30.32291603088379]",,,,False,True
C:\Users\Hamada.MSI\Desktop\Hamada\lab\data\raw\images\Describable Textures Dataset\images\bumpy\bumpy_0158.jpg,0.3136205408387791,2,"[3.964822292327881, 4.401670932769775, 5.202822685241699, 20.298540115356445]",,,,False,True
C:\Users\Hamada.MSI\Desktop\Hamada\lab\data\raw\images\Describable Textures Dataset\images\bumpy\bumpy_0160.jpg,0.5691509381789265,3,"[8.507232666015625, 1.9879498481750488, 1.6556288003921509, 11.028785705566406]",,,,False,True
C:\Users\Hamada.MSI\Desktop\Hamada\lab\data\raw\images\Describable Textures Dataset\images\bumpy\bumpy_0168.jpg,0.17069991180724658,1,"[4.203401565551758, 5.430675029754639, 6.713160514831543, 26.69222068786621]",5,4,5.259944746113366,True,False
C:\Users\Hamada.MSI\Desktop\Hamada\lab\data\raw\images\Describable Textures Dataset\images\bumpy\bumpy_0182.jpg,0.22934128074119361,2,"[29.848329544067383, 19.3197021484375, 19.909698486328125, 36.75505065917969]",,,,False,True
C:\Users\Hamada.MSI\Desktop\Hamada\lab\data\raw\images\Describable Textures Dataset\images\bumpy\bumpy_0192.jpg,0.6727356198529195,3,"[2.5155577659606934, 3.7186214923858643, 5.733262538909912, 21.9875545501709]",,,,False,True
C:\Users\Hamada.MSI\Desktop\Hamada\lab\data\raw\images\Describable Textures Dataset\images\chequered\chequered_0017.jpg,0.314789356264789,3,"[23.52873992919922, 27.77105712890625, 40.24419021606445, 45.030181884765625]",,,,False,True
C:\Users\Hamada.MSI\Desktop\Hamada\lab\data\raw\images\Describable Textures Dataset\images\chequered\chequered_0064.jpg,0.21124290756937508,1,"[4.957973003387451, 5.728167533874512, 8.32918930053711, 8.159363746643066]",3,1,5.021927134265708,True,False
C:\Users\Hamada.MSI\Desktop\Hamada\lab\data\raw\images\Describable Textures Dataset\images\chequered\chequered_0088.jpg,0.5147782372288316,3,"[21.414718627929688, 30.918733596801758, 42.980403900146484, 35.967262268066406]",,,,False,True
C:\Users\Hamada.MSI\Desktop\Hamada\lab\data\raw\images\Describable Textures Dataset\images\chequered\chequered_0095.jpg,0.5793574098461758,3,"[5.252109050750732, 7.757781505584717, 13.938420295715332, 63.796165466308594]",,,,False,True
C:\Users\Hamada.MSI\Desktop\Hamada\lab\data\raw\images\Describable Textures Dataset\images\chequered\chequered_0103.jpg,0.2863241918868938,2,"[7.035246849060059, 8.840058326721191, 10.32570743560791, 67.6050033569336]",,,,False,True
C:\Users\Hamada.MSI\Desktop\Hamada\lab\data\raw\images\Describable Textures Dataset\images\chequered\chequered_0165.jpg,0.42255806204191465,3,"[15.278559684753418, 7.436624526977539, 10.277862548828125, 50.052547454833984]",,,,False,True
C:\Users\Hamada.MSI\Desktop\Hamada\lab\data\raw\images\Describable Textures Dataset\images\chequered\chequered_0173.jpg,0.11789375079979046,1,"[7.531716346740723, 3.7786452770233154, 4.072771072387695, 9.36471939086914]",3,1,3.3665571478531544,True,False
C:\Users\Hamada.MSI\Desktop\Hamada\lab\data\raw\images\Describable Textures Dataset\images\chequered\chequered_0190.jpg,0.2353350454505813,2,"[5.896137237548828, 9.960068702697754, 15.07206916809082, 33.702022552490234]",,,,False,True
C:\Users\Hamada.MSI\Desktop\Hamada\lab\data\raw\images\Describable Textures Dataset\images\chequered\chequered_0191.jpg,0.1586405290061113,1,"[2.046459674835205, 2.4476680755615234, 3.2897679805755615, 14.5474271774292]",3,1,6.401328894295737,True,False
C:\Users\Hamada.MSI\Desktop\Hamada\lab\data\raw\images\Describable Textures Dataset\images\chequered\chequered_0192.jpg,0.4672934069424749,3,"[7.9736762046813965, 9.971606254577637, 16.9022159576416, 94.00464630126953]",,,,False,True
C:\Users\Hamada.MSI\Desktop\Hamada\lab\data\raw\images\Describable Textures Dataset\images\cobwebbed\cobwebbed_0045.jpg,0.012019972197606298,1,"[5.882310390472412, 4.893089771270752, 4.825829029083252, 8.679664611816406]",3,1,2.279305392906864,True,False
C:\Users\Hamada.MSI\Desktop\Hamada\lab\data\raw\images\Describable Textures Dataset\images\cobwebbed\cobwebbed_0054.jpg,0.1335147204823456,1,"[9.159390449523926, 10.929692268371582, 12.114121437072754, 29.98865509033203]",0,5,7.5384259299258956,True,False
C:\Users\Hamada.MSI\Desktop\Hamada\lab\data\raw\images\Describable Textures Dataset\images\cobwebbed\cobwebbed_0056.jpg,0.301130235235909,2,"[8.700335502624512, 8.809478759765625, 9.716327667236328, 27.369993209838867]",,,,False,True
C:\Users\Hamada.MSI\Desktop\Hamada\lab\data\raw\images\Describable Textures Dataset\images\cobwebbed\cobwebbed_0070.jpg,0.02920969100356538,1,"[11.120702743530273, 8.228659629821777, 6.837011814117432, 11.443709373474121]",7,3,3.4053576236213035,True,False
C:\Users\Hamada.MSI\Desktop\Hamada\lab\data\raw\images\Describable Textures Dataset\images\cobwebbed\cobwebbed_0093.jpg,0.15983376532381888,1,"[19.666086196899414, 20.496458053588867, 16.57950782775879, 28.182632446289062]",9,10,7.616850949291003,True,False
C:\Users\Hamada.MSI\Desktop\Hamada\lab\data\raw\images\Describable Textures Dataset\images\cobwebbed\cobwebbed_0098.jpg,0.03877964266572761,1,"[17.84762954711914, 12.36202621459961, 7.558407306671143, 13.017264366149902]",7,3,6.772593064490574,True,False
C:\Users\Hamada.MSI\Desktop\Hamada\lab\data\raw\images\Describable Textures Dataset\images\cobwebbed\cobwebbed_0105.jpg,0.16417849852307378,1,"[4.133571147918701, 7.0708513259887695, 9.651416778564453, 26.153745651245117]",5,4,6.518458032112196,True,False
C:\Users\Hamada.MSI\Desktop\Hamada\lab\data\raw\images\Describable Textures Dataset\images\cobwebbed\cobwebbed_0119.jpg,0.26387771863501325,2,"[12.0128173828125, 10.539616584777832, 6.059309005737305, 35.282958984375]",,,,False,True
C:\Users\Hamada.MSI\Desktop\Hamada\lab\data\raw\images\Describable Textures Dataset\images\cobwebbed\cobwebbed_0120.jpg,0.4248920689040201,3,"[7.617922306060791, 7.175186634063721, 10.657668113708496, 24.55674934387207]",,,,False,True
C:\Users\Hamada.MSI\Desktop\Hamada\lab\data\raw\images\Describable Textures Dataset\images\cobwebbed\cobwebbed_0161.jpg,0.25898037816020975,2,"[9.372710227966309, 7.342848777770996, 6.353701591491699, 35.16909408569336]",,,,False,True
C:\Users\Hamada.MSI\Desktop\Hamada\lab\data\raw\images\Describable Textures Dataset\images\cracked\cracked_0048.jpg,0.23192121961493425,2,"[25.322885513305664, 10.453974723815918, 7.5870361328125, 14.351958274841309]",,,,False,True
C:\Users\Hamada.MSI\Desktop\Hamada\lab\data\raw\images\Describable Textures Dataset\images\cracked\cracked_0071.jpg,0.20952201067139378,1,"[7.443150043487549, 8.787786483764648, 10.78735637664795, 22.420045852661133]",0,5,4.87723251317303,True,False
C:\Users\Hamada.MSI\Desktop\Hamada\lab\data\raw\images\Describable Textures Dataset\images\cracked\cracked_0079.jpg,0.34602914394964557,3,"[19.529306411743164, 18.077184677124023, 16.034788131713867, 21.417808532714844]",,,,False,True
C:\Users\Hamada.MSI\Desktop\Hamada\lab\data\raw\images\Describable Textures Dataset\images\cracked\cracked_0080.jpg,0.23021163771916672,2,"[15.571220397949219, 14.024100303649902, 13.446858406066895, 13.442663192749023]",,,,False,True
C:\Users\Hamada.MSI\Desktop\Hamada\lab\data\raw\images\Describable Textures Dataset\images\cracked\cracked_0087.jpg,0.19298059935667447,1,"[23.245067596435547, 15.92725944519043, 12.389890670776367, 23.052406311035156]",9,10,5.605489982891778,True,False
C:\Users\Hamada.MSI\Desktop\Hamada\lab\data\raw\images\Describable Textures Dataset\images\cracked\cracked_0099.jpg,0.3631949004259737,3,"[13.709832191467285, 12.368103981018066, 13.249466896057129, 23.491819381713867]",,,,False,True
C:\Users\Hamada.MSI\Desktop\Hamada\lab\data\raw\images\Describable Textures Dataset\images\cracked\cracked_0110.jpg,0.30667312877432684,2,"[13.428411483764648, 8.984223365783691, 7.648801803588867, 20.017423629760742]",,,,False,True
C:\Users\Hamada.MSI\Desktop\Hamada\lab\data\raw\images\Describable Textures Dataset\images\cracked\cracked_0116.jpg,0.24272638019165213,2,"[9.580825805664062, 9.011932373046875, 8.984373092651367, 13.495340347290039]",,,,False,True
C:\Users\Hamada.MSI\Desktop\Hamada\lab\data\raw\images\Describable Textures Dataset\images\cracked\cracked_0137.jpg,0.43187523927148247,3,"[21.137042999267578, 13.913768768310547, 13.487504959106445, 24.696889877319336]",,,,False,True
C:\Users\Hamada.MSI\Desktop\Hamada\lab\data\raw\images\Describable Textures Dataset\images\cracked\cracked_0163.jpg,0.14958505501928968,1,"[15.833539962768555, 10.598244667053223, 10.689428329467773, 30.950082778930664]",0,5,8.479153253088688,True,False
C:\Users\Hamada.MSI\Desktop\Hamada\lab\data\raw\images\Describable Textures Dataset\images\crosshatched\crosshatched_0052.jpg,0.4975016278930555,3,"[12.27062702178955, 4.362146377563477, 3.0812292098999023, 33.636619567871094]",,,,False,True
C:\Users\Hamada.MSI\Desktop\Hamada\lab\data\raw\images\Describable Textures Dataset\images\crosshatched\crosshatched_0080.jpg,0.2064534874371122,1,"[9.903700828552246, 6.484812259674072, 6.792431354522705, 47.429290771484375]",4,7,5.099775599726597,True,False
C:\Users\Hamada.MSI\Desktop\Hamada\lab\data\raw\images\Describable Textures Dataset\images\crosshatched\crosshatched_0102.jpg,0.046834388623181386,1,"[5.705911636352539, 3.529604434967041, 3.548703670501709, 12.095907211303711]",3,1,3.726277677971235,True,False
C:\Users\Hamada.MSI\Desktop\Hamada\lab\data\raw\images\Describable Textures Dataset\images\crosshatched\crosshatched_0112.jpg,0.5222432686483947,3,"[16.787599563598633, 16.808263778686523, 16.140954971313477, 55.97007751464844]",,,,False,True
C:\Users\Hamada.MSI\Desktop\Hamada\lab\data\raw\images\Describable Textures Dataset\images\crosshatched\crosshatched_0117.jpg,0.3767531973135688,3,"[37.063961029052734, 18.4432315826416, 11.319231986999512, 55.252315521240234]",,,,False,True
C:\Users\Hamada.MSI\Desktop\Hamada\lab\data\raw\images\Describable Textures Dataset\images\crosshatched\crosshatched_0128.jpg,0.16222173444276505,1,"[13.50864315032959, 14.119986534118652, 13.726081848144531, 22.334056854248047]",6,6,4.255560156447339,True,False
C:\Users\Hamada.MSI\Desktop\Hamada\lab\data\raw\images\Describable Textures Dataset\images\crosshatched\crosshatched_0132.jpg,0.5996192673711993,3,"[10.836968421936035, 7.907362937927246, 8.120899200439453, 31.601985931396484]",,,,False,True
C:\Users\Hamada.MSI\Desktop\Hamada\lab\data\raw\images\Describable Textures Dataset\images\crosshatched\crosshatched_0145.jpg,0.4175727004691765,3,"[13.35634994506836, 9.84643268585205, 8.456119537353516, 30.380369186401367]",,,,False,True
C:\Users\Hamada.MSI\Desktop\Hamada\lab\data\raw\images\Describable Textures Dataset\images\crosshatched\crosshatched_0154.jpg,0.489808329176022,3,"[26.658740997314453, 11.591443061828613, 9.31984806060791, 36.482749938964844]",,,,False,True
C:\Users\Hamada.MSI\Desktop\Hamada\lab\data\raw\images\Describable Textures Dataset\images\crosshatched\crosshatched_0171.jpg,0.4967857978441718,3,"[38.373172760009766, 21.92411994934082, 13.922205924987793, 38.81114959716797]",,,,False,True
C:\Users\Hamada.MSI\Desktop\Hamada\lab\data\raw\images\Describable Textures Dataset\images\crystalline\crystalline_0110.jpg,0.3501712716902434,3,"[1.1976057291030884, 1.6452646255493164, 2.243018388748169, 10.040470123291016]",,,,False,True
C:\Users\Hamada.MSI\Desktop\Hamada\lab\data\raw\images\Describable Textures Dataset\images\crystalline\crystalline_0119.jpg,0.3054323518647945,2,"[4.6331706047058105, 4.174365043640137, 4.566615104675293, 54.6757926940918]",,,,False,True
C:\Users\Hamada.MSI\Desktop\Hamada\lab\data\raw\images\Describable Textures Dataset\images\crystalline\crystalline_0154.jpg,0.08066035862974742,1,"[1.6877418756484985, 2.445129156112671, 4.08881139755249, 31.546483993530273]",5,4,5.852694385958231,True,False
C:\Users\Hamada.MSI\Desktop\Hamada\lab\data\raw\images\Describable Textures Dataset\images\crystalline\crystalline_0160.jpg,0.29102751458204407,2,"[1.4969019889831543, 2.232553005218506, 3.0255091190338135, 22.359756469726562]",,,,False,True
C:\Users\Hamada.MSI\Desktop\Hamada\lab\data\raw\images\Describable Textures Dataset\images\crystalline\crystalline_0180.jpg,0.24238238933047676,2,"[7.9772539138793945, 6.977847576141357, 8.41543197631836, 45.38800811767578]",,,,False,True
C:\Users\Hamada.MSI\Desktop\Hamada\lab\data\raw\images\Describable Textures Dataset\images\crystalline\crystalline_0182.jpg,0.3595617450853969,3,"[4.24778413772583, 4.179967880249023, 5.28920316696167, 41.00624084472656]",,,,False,True
C:\Users\Hamada.MSI\Desktop\Hamada\lab\data\raw\images\Describable Textures Dataset\images\crystalline\crystalline_0184.jpg,0.6564758948802408,3,"[7.775949001312256, 7.181162357330322, 7.940363883972168, 25.270864486694336]",,,,False,True
C:\Users\Hamada.MSI\Desktop\Hamada\lab\data\raw\images\Describable Textures Dataset\images\crystalline\crystalline_0187.jpg,0.1337286322898401,1,"[6.337726593017578, 6.323220252990723, 6.62290096282959, 34.106231689453125]",5,4,2.5895001452731865,True,False
C:\Users\Hamada.MSI\Desktop\Hamada\lab\data\raw\images\Describable Textures Dataset\images\crystalline\crystalline_0207.jpg,0.18061722518988516,1,"[3.8688039779663086, 3.9147751331329346, 5.2878899574279785, 47.933956146240234]",4,7,4.482995567998336,True,False
C:\Users\Hamada.MSI\Desktop\Hamada\lab\data\raw\images\Describable Textures Dataset\images\crystalline\crystalline_0213.jpg,0.25769566599113786,2,"[2.153174638748169, 3.1205146312713623, 4.537242412567139, 22.905824661254883]",,,,False,True
C:\Users\Hamada.MSI\Desktop\Hamada\lab\data\raw\images\Describable Textures Dataset\images\dotted\dotted_0073.jpg,0.36831657874491025,3,"[12.598594665527344, 13.315408706665039, 14.4356107711792, 20.124589920043945]",,,,False,True
C:\Users\Hamada.MSI\Desktop\Hamada\lab\data\raw\images\Describable Textures Dataset\images\dotted\dotted_0089.jpg,0.1797684063367362,1,"[7.358330249786377, 8.835129737854004, 6.538936138153076, 10.19494915008545]",7,3,6.249000293499086,True,False
C:\Users\Hamada.MSI\Desktop\Hamada\lab\data\raw\images\Describable Textures Dataset\images\dotted\dotted_0121.jpg,0.11775333008438493,1,"[3.7189815044403076, 2.0539135932922363, 1.5397021770477295, 3.749441385269165]",3,1,5.697808272466517,True,False
C:\Users\Hamada.MSI\Desktop\Hamada\lab\data\raw\images\Describable Textures Dataset\images\dotted\dotted_0122.jpg,0.08014063962210283,1,"[2.488002300262451, 3.7912731170654297, 7.22313928604126, 38.77081298828125]",4,7,7.140951386055371,True,False
C:\Users\Hamada.MSI\Desktop\Hamada\lab\data\raw\images\Describable Textures Dataset\images\dotted\dotted_0151.jpg,0.18743519866593278,1,"[3.7666642665863037, 4.424521446228027, 7.471279621124268, 47.48347854614258]",4,7,3.4132219550969296,True,False
C:\Users\Hamada.MSI\Desktop\Hamada\lab\data\raw\images\Describable Textures Dataset\images\dotted\dotted_0153.jpg,0.34408020494419983,3,"[2.028172254562378, 2.6908035278320312, 2.778857469558716, 30.298837661743164]",,,,False,True
C:\Users\Hamada.MSI\Desktop\Hamada\lab\data\raw\images\Describable Textures Dataset\images\dotted\dotted_0158.jpg,0.744244060302618,3,"[7.82623291015625, 9.983482360839844, 14.148355484008789, 14.604684829711914]",,,,False,True
C:\Users\Hamada.MSI\Desktop\Hamada\lab\data\raw\images\Describable Textures Dataset\images\dotted\dotted_0198.jpg,0.5710927599270134,3,"[10.185043334960938, 14.537981033325195, 12.027405738830566, 10.530735969543457]",,,,False,True
C:\Users\Hamada.MSI\Desktop\Hamada\lab\data\raw\images\Describable Textures Dataset\images\dotted\dotted_0204.jpg,0.6178444186217299,3,"[2.983783006668091, 4.055577754974365, 7.50610876083374, 51.02667236328125]",,,,False,True
C:\Users\Hamada.MSI\Desktop\Hamada\lab\data\raw\images\Describable Textures Dataset\images\dotted\dotted_0207.jpg,0.18212035061235146,1,"[15.888028144836426, 7.775598049163818, 7.541186809539795, 9.959797859191895]",7,3,2.9780548887500378,True,False
C:\Users\Hamada.MSI\Desktop\Hamada\lab\data\raw\images\Describable Textures Dataset\images\fibrous\fibrous_0105.jpg,0.2728330520748625,2,"[11.465642929077148, 9.753864288330078, 9.849845886230469, 37.14992904663086]",,,,False,True
C:\Users\Hamada.MSI\Desktop\Hamada\lab\data\raw\images\Describable Textures Dataset\images\fibrous\fibrous_0108.jpg,0.43864739189028673,3,"[22.39971160888672, 14.032444953918457, 11.301576614379883, 25.114036560058594]",,,,False,True
C:\Users\Hamada.MSI\Desktop\Hamada\lab\data\raw\images\Describable Textures Dataset\images\fibrous\fibrous_0126.jpg,0.15562850967370281,1,"[10.952688217163086, 8.528410911560059, 8.863045692443848, 22.050806045532227]",0,5,2.1228925942310077,True,False
C:\Users\Hamada.MSI\Desktop\Hamada\lab\data\raw\images\Describable Textures Dataset\images\fibrous\fibrous_0128.jpg,0.1575974707108936,1,"[15.333747863769531, 9.740347862243652, 6.597269058227539, 9.613931655883789]",7,3,2.006359756117469,True,False
C:\Users\Hamada.MSI\Desktop\Hamada\lab\data\raw\images\Describable Textures Dataset\images\fibrous\fibrous_0148.jpg,0.22180021408432876,2,"[11.1002197265625, 6.175168514251709, 4.59336519241333, 26.669273376464844]",,,,False,True
C:\Users\Hamada.MSI\Desktop\Hamada\lab\data\raw\images\Describable Textures Dataset\images\fibrous\fibrous_0150.jpg,0.15604130463111981,1,"[15.967188835144043, 13.892470359802246, 11.27396297454834, 17.379629135131836]",6,6,6.323734755148885,True,False
C:\Users\Hamada.MSI\Desktop\Hamada\lab\data\raw\images\Describable Textures Dataset\images\fibrous\fibrous_0178.jpg,0.1949228302460494,1,"[16.59228515625, 13.428841590881348, 11.947859764099121, 18.835498809814453]",6,6,6.057933693727475,True,False
C:\Users\Hamada.MSI\Desktop\Hamada\lab\data\raw\images\Describable Textures Dataset\images\fibrous\fibrous_0182.jpg,0.026783008317219293,1,"[5.305167198181152, 5.8599066734313965, 6.3429388999938965, 13.192438125610352]",3,1,5.709618025087959,True,False
C:\Users\Hamada.MSI\Desktop\Hamada\lab\data\raw\images\Describable Textures Dataset\images\fibrous\fibrous_0183.jpg,0.18631688363737547,1,"[11.50491714477539, 11.541215896606445, 8.133740425109863, 5.385011196136475]",7,3,5.27411793168063,True,False
C:\Users\Hamada.MSI\Desktop\Hamada\lab\data\raw\images\Describable Textures Dataset\images\fibrous\fibrous_0186.jpg,0.33357609170829466,3,"[17.1663875579834, 17.520357131958008, 17.507966995239258, 22.472097396850586]",,,,False,True
C:\Users\Hamada.MSI\Desktop\Hamada\lab\data\raw\images\Describable Textures Dataset\images\flecked\flecked_0042.jpg,0.2541503995636559,2,"[8.534811019897461, 8.589353561401367, 7.012815475463867, 6.273463726043701]",,,,False,True
C:\Users\Hamada.MSI\Desktop\Hamada\lab\data\raw\images\Describable Textures Dataset\images\flecked\flecked_0063.jpg,0.1526939166860708,1,"[7.679305553436279, 6.2808709144592285, 6.2096123695373535, 27.013994216918945]",5,4,5.259893218939957,True,False
C:\Users\Hamada.MSI\Desktop\Hamada\lab\data\raw\images\Describable Textures Dataset\images\flecked\flecked_0101.jpg,0.1982155123705416,1,"[6.495571613311768, 4.739884853363037, 4.693691730499268, 23.36762237548828]",1,2,4.589799009311725,True,False
C:\Users\Hamada.MSI\Desktop\Hamada\lab\data\raw\images\Describable Textures Dataset\images\flecked\flecked_0102.jpg,0.017098219811685914,1,"[5.239437103271484, 1.8600622415542603, 1.035096287727356, 5.115184307098389]",3,1,4.980227151080932,True,False
C:\Users\Hamada.MSI\Desktop\Hamada\lab\data\raw\images\Describable Textures Dataset\images\flecked\flecked_0107.jpg,0.026837418953009368,1,"[3.663421392440796, 3.2077999114990234, 3.5667502880096436, 7.875425815582275]",3,1,1.1225545163078927,True,False
C:\Users\Hamada.MSI\Desktop\Hamada\lab\data\raw\images\Describable Textures Dataset\images\flecked\flecked_0110.jpg,0.24445241948116916,2,"[13.834978103637695, 9.831589698791504, 7.792187213897705, 19.645177841186523]",,,,False,True
C:\Users\Hamada.MSI\Desktop\Hamada\lab\data\raw\images\Describable Textures Dataset\images\flecked\flecked_0128.jpg,0.029832813569267723,1,"[5.739628314971924, 5.033814907073975, 3.643134355545044, 4.597352981567383]",3,1,4.570393370082921,True,False
C:\Users\Hamada.MSI\Desktop\Hamada\lab\data\raw\images\Describable Textures Dataset\images\flecked\flecked_0134.jpg,0.09820527794898766,1,"[15.779621124267578, 7.885427951812744, 4.513657093048096, 15.834501266479492]",7,3,7.366367855489771,True,False
C:\Users\Hamada.MSI\Desktop\Hamada\lab\data\raw\images\Describable Textures Dataset\images\flecked\flecked_0137.jpg,0.12707138315960623,1,"[16.222503662109375, 4.781740665435791, 2.9877402782440186, 5.315706729888916]",7,3,7.219160654100053,True,False
C:\Users\Hamada.MSI\Desktop\Hamada\lab\data\raw\images\Describable Textures Dataset\images\flecked\flecked_0147.jpg,0.18584482208081524,1,"[2.4126474857330322, 1.9126068353652954, 1.6221644878387451, 23.799060821533203]",1,2,7.573553187032949,True,False
C:\Users\Hamada.MSI\Desktop\Hamada\lab\data\raw\images\Describable Textures Dataset\images\freckled\freckled_0050.jpg,0.25625118829681254,2,"[3.8664462566375732, 2.8251681327819824, 2.714245080947876, 43.24353790283203]",,,,False,True
C:\Users\Hamada.MSI\Desktop\Hamada\lab\data\raw\images\Describable Textures Dataset\images\freckled\freckled_0067.jpg,0.49217720581846003,3,"[7.069352626800537, 5.064423561096191, 6.073853492736816, 40.016571044921875]",,,,False,True
C:\Users\Hamada.MSI\Desktop\Hamada\lab\data\raw\images\Describable Textures Dataset\images\freckled\freckled_0072.jpg,0.3915226163891014,3,"[2.8556008338928223, 4.540927410125732, 6.671534538269043, 25.47834587097168]",,,,False,True
C:\Users\Hamada.MSI\Desktop\Hamada\lab\data\raw\images\Describable Textures Dataset\images\freckled\freckled_0075.jpg,0.1879925662199399,1,"[6.068295001983643, 4.666110515594482, 5.872581958770752, 57.831851959228516]",8,8,3.477395637067702,True,False
C:\Users\Hamada.MSI\Desktop\Hamada\lab\data\raw\images\Describable Textures Dataset\images\freckled\freckled_0096.jpg,0.27792697186368337,2,"[5.016068935394287, 4.593032360076904, 5.739287853240967, 37.16806411743164]",,,,False,True
C:\Users\Hamada.MSI\Desktop\Hamada\lab\data\raw\images\Describable Textures Dataset\images\freckled\freckled_0105.jpg,0.22771891543716102,2,"[12.36921215057373, 12.899896621704102, 15.260886192321777, 26.09173011779785]",,,,False,True
C:\Users\Hamada.MSI\Desktop\Hamada\lab\data\raw\images\Describable Textures Dataset\images\freckled\freckled_0115.jpg,0.3456503689947663,3,"[12.333345413208008, 15.708746910095215, 13.291826248168945, 25.35271453857422]",,,,False,True
C:\Users\Hamada.MSI\Desktop\Hamada\lab\data\raw\images\Describable Textures Dataset\images\freckled\freckled_0136.jpg,0.3346228275505574,3,"[10.188392639160156, 3.525460958480835, 3.64894437789917, 26.215309143066406]",,,,False,True
C:\Users\Hamada.MSI\Desktop\Hamada\lab\data\raw\images\Describable Textures Dataset\images\freckled\freckled_0140.jpg,0.26881040914873405,2,"[4.1791768074035645, 4.156139373779297, 4.199182987213135, 19.98719024658203]",,,,False,True
C:\Users\Hamada.MSI\Desktop\Hamada\lab\data\raw\images\Describable Textures Dataset\images\freckled\freckled_0147.jpg,0.3271776716771398,3,"[7.119053840637207, 7.814602851867676, 6.985202312469482, 35.7196044921875]",,,,False,True
C:\Users\Hamada.MSI\Desktop\Hamada\lab\data\raw\images\Describable Textures Dataset\images\frilly\frilly_0003.jpg,0.11720530800828528,1,"[9.903183937072754, 7.322907447814941, 7.050573825836182, 21.546846389770508]",0,5,4.1549655450770056,True,False
C:\Users\Hamada.MSI\Desktop\Hamada\lab\data\raw\images\Describable Textures Dataset\images\frilly\frilly_0018.jpg,0.20756520030441755,1,"[15.437726974487305, 14.01042652130127, 15.253026962280273, 41.90743637084961]",2,9,4.087071347402735,True,False
C:\Users\Hamada.MSI\Desktop\Hamada\lab\data\raw\images\Describable Textures Dataset\images\frilly\frilly_0035.jpg,0.2679107531660218,2,"[4.807249546051025, 6.598659515380859, 9.17212200164795, 38.87370300292969]",,,,False,True
C:\Users\Hamada.MSI\Desktop\Hamada\lab\data\raw\images\Describable Textures Dataset\images\frilly\frilly_0040.jpg,0.177490708257294,1,"[6.051797866821289, 8.09366226196289, 10.737300872802734, 36.99175262451172]",5,4,6.901179656338005,True,False
C:\Users\Hamada.MSI\Desktop\Hamada\lab\data\raw\images\Describable Textures Dataset\images\frilly\frilly_0051.jpg,0.19167122411042745,1,"[17.186513900756836, 13.238555908203125, 6.2119598388671875, 15.560495376586914]",7,3,8.48686622735945,True,False
C:\Users\Hamada.MSI\Desktop\Hamada\lab\data\raw\images\Describable Textures Dataset\images\frilly\frilly_0059.jpg,0.2993834585817974,2,"[4.31802225112915, 6.263166427612305, 7.7695465087890625, 33.815773010253906]",,,,False,True
C:\Users\Hamada.MSI\Desktop\Hamada\lab\data\raw\images\Describable Textures Dataset\images\frilly\frilly_0069.jpg,0.26413901547659396,2,"[4.709446430206299, 6.568935871124268, 9.158885955810547, 38.86455154418945]",,,,False,True
C:\Users\Hamada.MSI\Desktop\Hamada\lab\data\raw\images\Describable Textures Dataset\images\frilly\frilly_0071.jpg,0.364978009018949,3,"[9.139613151550293, 8.526247024536133, 10.399060249328613, 25.016637802124023]",,,,False,True
C:\Users\Hamada.MSI\Desktop\Hamada\lab\data\raw\images\Describable Textures Dataset\images\frilly\frilly_0120.jpg,0.36859936026173595,3,"[10.466537475585938, 5.8246541023254395, 7.10407018661499, 23.246492385864258]",,,,False,True
C:\Users\Hamada.MSI\Desktop\Hamada\lab\data\raw\images\Describable Textures Dataset\images\frilly\frilly_0125.jpg,0.218788359630794,2,"[3.760582447052002, 6.391656875610352, 9.845190048217773, 25.40074920654297]",,,,False,True
C:\Users\Hamada.MSI\Desktop\Hamada\lab\data\raw\images\Describable Textures Dataset\images\gauzy\gauzy_0102.jpg,0.5069233150117292,3,"[2.8281776905059814, 3.5865683555603027, 4.146176815032959, 40.47586441040039]",,,,False,True
C:\Users\Hamada.MSI\Desktop\Hamada\lab\data\raw\images\Describable Textures Dataset\images\gauzy\gauzy_0115.jpg,0.4076971427758177,3,"[10.435667037963867, 9.49817180633545, 6.914279937744141, 36.24724578857422]",,,,False,True
C:\Users\Hamada.MSI\Desktop\Hamada\lab\data\raw\images\Describable Textures Dataset\images\gauzy\gauzy_0123.jpg,0.4425639464609146,3,"[3.4199023246765137, 3.931731939315796, 5.297985076904297, 25.79031753540039]",,,,False,True
C:\Users\Hamada.MSI\Desktop\Hamada\lab\data\raw\images\Describable Textures Dataset\images\gauzy\gauzy_0138.jpg,0.6391923302652462,3,"[1.5190051794052124, 1.5083264112472534, 2.0366010665893555, 9.134130477905273]",,,,False,True
C:\Users\Hamada.MSI\Desktop\Hamada\lab\data\raw\images\Describable Textures Dataset\images\gauzy\gauzy_0145.jpg,0.38142966016780677,3,"[5.151604652404785, 5.823131561279297, 7.234492301940918, 52.94632339477539]",,,,False,True
C:\Users\Hamada.MSI\Desktop\Hamada\lab\data\raw\images\Describable Textures Dataset\images\gauzy\gauzy_0148.jpg,0.3204367841310597,3,"[0.865218997001648, 1.4051710367202759, 2.8099141120910645, 40.829673767089844]",,,,False,True
C:\Users\Hamada.MSI\Desktop\Hamada\lab\data\raw\images\Describable Textures Dataset\images\gauzy\gauzy_0149.jpg,0.04263003089755023,1,"[1.1033658981323242, 1.208131194114685, 1.7925066947937012, 6.402588844299316]",3,1,5.0229310311113355,True,False
C:\Users\Hamada.MSI\Desktop\Hamada\lab\data\raw\images\Describable Textures Dataset\images\gauzy\gauzy_0177.jpg,0.20988075320797606,1,"[3.138190507888794, 2.988818883895874, 3.260733127593994, 16.06570816040039]",1,2,5.30148093903333,True,False
C:\Users\Hamada.MSI\Desktop\Hamada\lab\data\raw\images\Describable Textures Dataset\images\gauzy\gauzy_0188.jpg,0.42503655839926907,3,"[3.636124849319458, 2.946211576461792, 3.236316680908203, 18.45946502685547]",,,,False,True
C:\Users\Hamada.MSI\Desktop\Hamada\lab\data\raw\images\Describable Textures Dataset\images\gauzy\gauzy_0196.jpg,0.4938190667037543,3,"[1.9767422676086426, 2.413785457611084, 2.9386708736419678, 8.454446792602539]",,,,False,True
C:\Users\Hamada.MSI\Desktop\Hamada\lab\data\raw\images\Describable Textures Dataset\images\grid\grid_0019.jpg,0.26882932821956196,2,"[21.846153259277344, 13.169713973999023, 9.182853698730469, 3.118398427963257]",,,,False,True
C:\Users\Hamada.MSI\Desktop\Hamada\lab\data\raw\images\Describable Textures Dataset\images\grid\grid_0021.jpg,0.9863732267047313,3,"[2.5390758514404297, 2.133634567260742, 1.8072947263717651, 1.4512994289398193]",,,,False,True
C:\Users\Hamada.MSI\Desktop\Hamada\lab\data\raw\images\Describable Textures Dataset\images\grid\grid_0022.jpg,0.14805261793236008,1,"[3.222956418991089, 5.767202854156494, 9.810457229614258, 22.109926223754883]",1,2,4.7187016496646,True,False
C:\Users\Hamada.MSI\Desktop\Hamada\lab\data\raw\images\Describable Textures Dataset\images\grid\grid_0045.jpg,0.8595836917835746,3,"[16.165849685668945, 7.948062896728516, 5.044431209564209, 10.860834121704102]",,,,False,True
C:\Users\Hamada.MSI\Desktop\Hamada\lab\data\raw\images\Describable Textures Dataset\images\grid\grid_0046.jpg,0.20591419039334283,1,"[16.5163631439209, 16.225313186645508, 14.390117645263672, 15.413189888000488]",6,6,6.06941598140638,True,False
C:\Users\Hamada.MSI\Desktop\Hamada\lab\data\raw\images\Describable Textures Dataset\images\grid\grid_0048.jpg,0.030654783196092442,1,"[10.528090476989746, 11.406396865844727, 10.929667472839355, 12.922213554382324]",7,3,6.9795078469970075,True,False
C:\Users\Hamada.MSI\Desktop\Hamada\lab\data\raw\images\Describable Textures Dataset\images\grid\grid_0073.jpg,0.530277329055466,3,"[6.18218469619751, 4.268695831298828, 4.440059185028076, 13.042712211608887]",,,,False,True
C:\Users\Hamada.MSI\Desktop\Hamada\lab\data\raw\images\Describable Textures Dataset\images\grid\grid_0078.jpg,0.07091609834567691,1,"[13.666084289550781, 11.789299964904785, 10.175915718078613, 16.84661865234375]",6,6,7.031124580956209,True,False
C:\Users\Hamada.MSI\Desktop\Hamada\lab\data\raw\images\Describable Textures Dataset\images\grid\grid_0092.jpg,0.1345401502702074,1,"[12.074706077575684, 15.432568550109863, 19.210803985595703, 23.04413604736328]",6,6,5.125341776026248,True,False
C:\Users\Hamada.MSI\Desktop\Hamada\lab\data\raw\images\Describable Textures Dataset\images\grid\grid_0094.jpg,0.29508531812774097,2,"[45.87810516357422, 20.510461807250977, 6.41898250579834, 8.85248851776123]",,,,False,True
C:\Users\Hamada.MSI\Desktop\Hamada\lab\data\raw\images\Describable Textures Dataset\images\grooved\grooved_0048.jpg,0.2346270879337728,2,"[6.054142475128174, 7.954687595367432, 12.656855583190918, 13.312524795532227]",,,,False,True
C:\Users\Hamada.MSI\Desktop\Hamada\lab\data\raw\images\Describable Textures Dataset\images\grooved\grooved_0061.jpg,0.4870130042420114,3,"[8.209202766418457, 6.086374282836914, 3.140679121017456, 2.633103609085083]",,,,False,True
C:\Users\Hamada.MSI\Desktop\Hamada\lab\data\raw\images\Describable Textures Dataset\images\grooved\grooved_0074.jpg,0.2239915419167976,2,"[16.889440536499023, 13.039929389953613, 13.213016510009766, 39.43942642211914]",,,,False,True
C:\Users\Hamada.MSI\Desktop\Hamada\lab\data\raw\images\Describable Textures Dataset\images\grooved\grooved_0087.jpg,0.19119929691016146,1,"[9.837512016296387, 5.117359161376953, 1.0500411987304688, 37.218345642089844]",5,4,9.139819662325536,True,False
C:\Users\Hamada.MSI\Desktop\Hamada\lab\data\raw\images\Describable Textures Dataset\images\grooved\grooved_0094.jpg,0.3365513636666942,3,"[8.685293197631836, 7.8920183181762695, 7.95188570022583, 34.19699478149414]",,,,False,True
C:\Users\Hamada.MSI\Desktop\Hamada\lab\data\raw\images\Describable Textures Dataset\images\grooved\grooved_0114.jpg,0.21432910737801691,2,"[7.773898124694824, 6.929285526275635, 6.066466808319092, 25.394739151000977]",,,,False,True
C:\Users\Hamada.MSI\Desktop\Hamada\lab\data\raw\images\Describable Textures Dataset\images\grooved\grooved_0151.jpg,0.4542835678271379,3,"[11.922977447509766, 7.368058204650879, 5.988339424133301, 8.16701889038086]",,,,False,True
C:\Users\Hamada.MSI\Desktop\Hamada\lab\data\raw\images\Describable Textures Dataset\images\grooved\grooved_0159.jpg,0.1939405786540082,1,"[7.747307777404785, 8.791837692260742, 7.3846259117126465, 60.924373626708984]",8,8,4.932034197955255,True,False
C:\Users\Hamada.MSI\Desktop\Hamada\lab\data\raw\images\Describable Textures Dataset\images\grooved\grooved_0163.jpg,0.10107667985726883,1,"[4.598020553588867, 5.846401691436768, 9.05109977722168, 37.709190368652344]",5,4,6.389915577299474,True,False
C:\Users\Hamada.MSI\Desktop\Hamada\lab\data\raw\images\Describable Textures Dataset\images\grooved\grooved_0167.jpg,0.19399806615945417,1,"[15.92001724243164, 6.92156982421875, 7.849433898925781, 12.953207015991211]",7,3,5.116810661657262,True,False
C:\Users\Hamada.MSI\Desktop\Hamada\lab\data\raw\images\Describable Textures Dataset\images\honeycombed\honeycombed_0045.jpg,0.2289266361510397,2,"[6.874408721923828, 9.192976951599121, 11.59191608428955, 37.685394287109375]",,,,False,True
C:\Users\Hamada.MSI\Desktop\Hamada\lab\data\raw\images\Describable Textures Dataset\images\honeycombed\honeycombed_0065.jpg,0.3402869863661337,3,"[14.183658599853516, 9.700943946838379, 7.707981586456299, 42.54902267456055]",,,,False,True
C:\Users\Hamada.MSI\Desktop\Hamada\lab\data\raw\images\Describable Textures Dataset\images\honeycombed\honeycombed_0067.jpg,0.63638806042746,3,"[13.410470008850098, 9.79596996307373, 8.521578788757324, 12.536826133728027]",,,,False,True
C:\Users\Hamada.MSI\Desktop\Hamada\lab\data\raw\images\Describable Textures Dataset\images\honeycombed\honeycombed_0080.jpg,0.12027148379955412,1,"[6.012053966522217, 5.004022598266602, 4.841409683227539, 28.189058303833008]",5,4,4.231194877601599,True,False
C:\Users\Hamada.MSI\Desktop\Hamada\lab\data\raw\images\Describable Textures Dataset\images\honeycombed\honeycombed_0113.jpg,0.32434828049993397,3,"[3.50136661529541, 5.509429454803467, 8.651862144470215, 34.2116584777832]",,,,False,True
C:\Users\Hamada.MSI\Desktop\Hamada\lab\data\raw\images\Describable Textures Dataset\images\honeycombed\honeycombed_0119.jpg,0.3775511664347322,3,"[4.176776885986328, 4.83111047744751, 4.908245086669922, 7.407548427581787]",,,,False,True
C:\Users\Hamada.MSI\Desktop\Hamada\lab\data\raw\images\Describable Textures Dataset\images\honeycombed\honeycombed_0125.jpg,0.3157139498749484,3,"[3.568009853363037, 4.954078674316406, 5.980377674102783, 12.978506088256836]",,,,False,True
C:\Users\Hamada.MSI\Desktop\Hamada\lab\data\raw\images\Describable Textures Dataset\images\honeycombed\honeycombed_0158.jpg,0.34477945596061693,3,"[4.111318588256836, 6.372419834136963, 9.324007034301758, 25.11746597290039]",,,,False,True
C:\Users\Hamada.MSI\Desktop\Hamada\lab\data\raw\images\Describable Textures Dataset\images\honeycombed\honeycombed_0164.jpg,0.22537118554060998,2,"[4.952238082885742, 6.404833793640137, 8.232215881347656, 26.423301696777344]",,,,False,True
C:\Users\Hamada.MSI\Desktop\Hamada\lab\data\raw\images\Describable Textures Dataset\images\honeycombed\honeycombed_0170.jpg,0.17805994499982133,1,"[5.401031017303467, 8.6482572555542, 13.115019798278809, 25.981719970703125]",0,5,7.884510180406734,True,False
C:\Users\Hamada.MSI\Desktop\Hamada\lab\data\raw\images\Describable Textures Dataset\images\interlaced\interlaced_0045.jpg,0.6393131276501454,3,"[19.148208618164062, 19.179494857788086, 21.220434188842773, 31.68070411682129]",,,,False,True
C:\Users\Hamada.MSI\Desktop\Hamada\lab\data\raw\images\Describable Textures Dataset\images\interlaced\interlaced_0076.jpg,0.5017966513680145,3,"[21.71385955810547, 34.735172271728516, 42.494266510009766, 34.08695983886719]",,,,False,True
C:\Users\Hamada.MSI\Desktop\Hamada\lab\data\raw\images\Describable Textures Dataset\images\interlaced\interlaced_0106.jpg,0.24755575456788587,2,"[15.874677658081055, 8.420319557189941, 6.603785514831543, 11.943507194519043]",,,,False,True
C:\Users\Hamada.MSI\Desktop\Hamada\lab\data\raw\images\Describable Textures Dataset\images\interlaced\interlaced_0118.jpg,0.4019617918125184,3,"[10.69510269165039, 11.786494255065918, 17.748329162597656, 60.3922004699707]",,,,False,True
C:\Users\Hamada.MSI\Desktop\Hamada\lab\data\raw\images\Describable Textures Dataset\images\interlaced\interlaced_0122.jpg,0.2280115676196494,2,"[11.771300315856934, 13.56507396697998, 17.435523986816406, 21.437726974487305]",,,,False,True
C:\Users\Hamada.MSI\Desktop\Hamada\lab\data\raw\images\Describable Textures Dataset\images\interlaced\interlaced_0136.jpg,0.2529009075313893,2,"[10.410581588745117, 11.728758811950684, 14.981452941894531, 28.076902389526367]",,,,False,True
C:\Users\Hamada.MSI\Desktop\Hamada\lab\data\raw\images\Describable Textures Dataset\images\interlaced\interlaced_0141.jpg,0.6422621512584393,3,"[6.474124908447266, 8.22409725189209, 9.501516342163086, 13.840370178222656]",,,,False,True
C:\Users\Hamada.MSI\Desktop\Hamada\lab\data\raw\images\Describable Textures Dataset\images\interlaced\interlaced_0173.jpg,0.16387291339255378,1,"[13.780120849609375, 11.102922439575195, 10.036460876464844, 19.796571731567383]",0,5,4.818576227329623,True,False
C:\Users\Hamada.MSI\Desktop\Hamada\lab\data\raw\images\Describable Textures Dataset\images\interlaced\interlaced_0180.jpg,0.15965751558179606,1,"[16.80158042907715, 7.837769031524658, 7.135225296020508, 11.81382942199707]",7,3,4.410558632039191,True,False
C:\Users\Hamada.MSI\Desktop\Hamada\lab\data\raw\images\Describable Textures Dataset\images\interlaced\interlaced_0182.jpg,0.36281890286265817,3,"[11.115062713623047, 10.510199546813965, 9.560867309570312, 15.293191909790039]",,,,False,True
C:\Users\Hamada.MSI\Desktop\Hamada\lab\data\raw\images\Describable Textures Dataset\images\knitted\knitted_0023.jpg,0.2746650613089496,2,"[9.095146179199219, 13.306659698486328, 18.693607330322266, 28.92469024658203]",,,,False,True
C:\Users\Hamada.MSI\Desktop\Hamada\lab\data\raw\images\Describable Textures Dataset\images\knitted\knitted_0075.jpg,0.21568959894748702,2,"[8.823509216308594, 10.615234375, 13.618772506713867, 25.647876739501953]",,,,False,True
C:\Users\Hamada.MSI\Desktop\Hamada\lab\data\raw\images\Describable Textures Dataset\images\knitted\knitted_0085.jpg,0.24842239209213812,2,"[9.407670974731445, 8.677847862243652, 9.18691635131836, 13.585403442382812]",,,,False,True
C:\Users\Hamada.MSI\Desktop\Hamada\lab\data\raw\images\Describable Textures Dataset\images\knitted\knitted_0097.jpg,0.2211200537227648,2,"[8.98801040649414, 9.806188583374023, 12.056943893432617, 19.920194625854492]",,,,False,True
C:\Users\Hamada.MSI\Desktop\Hamada\lab\data\raw\images\Describable Textures Dataset\images\knitted\knitted_0102.jpg,0.17715659585005103,1,"[19.1934757232666, 13.61645793914795, 6.414037704467773, 8.481522560119629]",7,3,7.34553700306184,True,False
C:\Users\Hamada.MSI\Desktop\Hamada\lab\data\raw\images\Describable Textures Dataset\images\knitted\knitted_0111.jpg,0.5332343123028481,3,"[12.235159873962402, 7.440927982330322, 5.602823257446289, 12.827086448669434]",,,,False,True
C:\Users\Hamada.MSI\Desktop\Hamada\lab\data\raw\images\Describable Textures Dataset\images\knitted\knitted_0183.jpg,0.36817387269886853,3,"[7.857232570648193, 12.237619400024414, 15.412601470947266, 42.34265899658203]",,,,False,True
C:\Users\Hamada.MSI\Desktop\Hamada\lab\data\raw\images\Describable Textures Dataset\images\knitted\knitted_0189.jpg,0.21453443821286647,2,"[7.508547306060791, 9.869902610778809, 12.181631088256836, 25.218881607055664]",,,,False,True
C:\Users\Hamada.MSI\Desktop\Hamada\lab\data\raw\images\Describable Textures Dataset\images\knitted\knitted_0191.jpg,0.3204358246373359,3,"[8.38025188446045, 12.18686580657959, 15.621020317077637, 22.265960693359375]",,,,False,True
C:\Users\Hamada.MSI\Desktop\Hamada\lab\data\raw\images\Describable Textures Dataset\images\knitted\knitted_0192.jpg,0.16970495795151358,1,"[3.338521718978882, 5.661003112792969, 8.907323837280273, 14.88167953491211]",1,2,5.462825940644854,True,False
C:\Users\Hamada.MSI\Desktop\Hamada\lab\data\raw\images\Describable Textures Dataset\images\lacelike\lacelike_0018.jpg,0.21289693014934233,2,"[21.222864151000977, 12.75959300994873, 15.165262222290039, 39.76408004760742]",,,,False,True
C:\Users\Hamada.MSI\Desktop\Hamada\lab\data\raw\images\Describable Textures Dataset\images\lacelike\lacelike_0035.jpg,0.3489383246906848,3,"[15.03288745880127, 15.871397972106934, 15.483223915100098, 27.636465072631836]",,,,False,True
C:\Users\Hamada.MSI\Desktop\Hamada\lab\data\raw\images\Describable Textures Dataset\images\lacelike\lacelike_0037.jpg,0.3533821319404082,3,"[16.714153289794922, 14.612046241760254, 8.120135307312012, 17.603994369506836]",,,,False,True
C:\Users\Hamada.MSI\Desktop\Hamada\lab\data\raw\images\Describable Textures Dataset\images\lacelike\lacelike_0052.jpg,0.7243161471136516,3,"[2.196488618850708, 4.036181449890137, 6.540073871612549, 18.703100204467773]",,,,False,True
C:\Users\Hamada.MSI\Desktop\Hamada\lab\data\raw\images\Describable Textures Dataset\images\lacelike\lacelike_0058.jpg,0.40408457733651476,3,"[10.975017547607422, 6.651183128356934, 4.66464900970459, 14.315805435180664]",,,,False,True
C:\Users\Hamada.MSI\Desktop\Hamada\lab\data\raw\images\Describable Textures Dataset\images\lacelike\lacelike_0059.jpg,0.32245679021900897,3,"[29.447513580322266, 30.657577514648438, 23.42231559753418, 30.039831161499023]",,,,False,True
C:\Users\Hamada.MSI\Desktop\Hamada\lab\data\raw\images\Describable Textures Dataset\images\lacelike\lacelike_0088.jpg,0.36622312081917385,3,"[20.803354263305664, 9.617645263671875, 7.350727558135986, 8.41466999053955]",,,,False,True
C:\Users\Hamada.MSI\Desktop\Hamada\lab\data\raw\images\Describable Textures Dataset\images\lacelike\lacelike_0113.jpg,0.2250879881758328,2,"[11.710969924926758, 8.06027889251709, 6.942253112792969, 16.654069900512695]",,,,False,True
C:\Users\Hamada.MSI\Desktop\Hamada\lab\data\raw\images\Describable Textures Dataset\images\lacelike\lacelike_0114.jpg,0.15889514738904792,1,"[19.709579467773438, 6.647282123565674, 7.22750997543335, 20.73670768737793]",0,5,9.129531910703452,True,False
C:\Users\Hamada.MSI\Desktop\Hamada\lab\data\raw\images\Describable Textures Dataset\images\lacelike\lacelike_0116.jpg,0.36321522081142665,3,"[65.5938491821289, 16.9378719329834, 14.491447448730469, 23.338191986083984]",,,,False,True
C:\Users\Hamada.MSI\Desktop\Hamada\lab\data\raw\images\Describable Textures Dataset\images\lined\lined_0059.jpg,0.8668437774859341,3,"[47.00428009033203, 25.067296981811523, 7.316431999206543, 11.058354377746582]",,,,False,True
C:\Users\Hamada.MSI\Desktop\Hamada\lab\data\raw\images\Describable Textures Dataset\images\lined\lined_0075.jpg,0.7722378506953107,3,"[12.593118667602539, 9.651379585266113, 8.658453941345215, 5.5069451332092285]",,,,False,True
C:\Users\Hamada.MSI\Desktop\Hamada\lab\data\raw\images\Describable Textures Dataset\images\lined\lined_0102.jpg,0.11922978002046476,1,"[9.410872459411621, 16.750789642333984, 16.678075790405273, 27.102069854736328]",6,6,8.896079288017841,True,False
C:\Users\Hamada.MSI\Desktop\Hamada\lab\data\raw\images\Describable Textures Dataset\images\lined\lined_0111.jpg,0.4004227785505291,3,"[8.336172103881836, 14.600728988647461, 27.128915786743164, 40.22397994995117]",,,,False,True
C:\Users\Hamada.MSI\Desktop\Hamada\lab\data\raw\images\Describable Textures Dataset\images\lined\lined_0122.jpg,0.31509207795450267,3,"[2.1272146701812744, 2.6372272968292236, 2.890152931213379, 5.437209129333496]",,,,False,True
C:\Users\Hamada.MSI\Desktop\Hamada\lab\data\raw\images\Describable Textures Dataset\images\lined\lined_0134.jpg,0.1822416103612441,1,"[11.17855167388916, 9.397680282592773, 6.109437465667725, 4.76812744140625]",7,3,5.031932773544914,True,False
C:\Users\Hamada.MSI\Desktop\Hamada\lab\data\raw\images\Describable Textures Dataset\images\lined\lined_0144.jpg,0.23137627215403528,2,"[4.109047889709473, 8.135811805725098, 10.340644836425781, 14.035501480102539]",,,,False,True
C:\Users\Hamada.MSI\Desktop\Hamada\lab\data\raw\images\Describable Textures Dataset\images\lined\lined_0154.jpg,0.19589099230629192,1,"[10.329882621765137, 14.926072120666504, 13.005337715148926, 15.77686595916748]",6,6,5.0133639783378845,True,False
C:\Users\Hamada.MSI\Desktop\Hamada\lab\data\raw\images\Describable Textures Dataset\images\lined\lined_0160.jpg,0.105799685991519,1,"[12.167458534240723, 8.592801094055176, 7.18698263168335, 8.379899024963379]",7,3,1.7876470600402046,True,False
C:\Users\Hamada.MSI\Desktop\Hamada\lab\data\raw\images\Describable Textures Dataset\images\lined\lined_0162.jpg,0.1377871336615065,1,"[13.774142265319824, 11.50314998626709, 20.062578201293945, 41.3799934387207]",2,9,5.795225185126095,True,False
C:\Users\Hamada.MSI\Desktop\Hamada\lab\data\raw\images\Describable Textures Dataset\images\marbled\marbled_0081.jpg,0.21089275271058092,1,"[14.956985473632812, 8.273109436035156, 5.655645847320557, 5.551065921783447]",7,3,4.057321166475782,True,False
C:\Users\Hamada.MSI\Desktop\Hamada\lab\data\raw\images\Describable Textures Dataset\images\marbled\marbled_0089.jpg,0.5852185389682133,3,"[17.27125358581543, 15.23066520690918, 14.157377243041992, 22.12120819091797]",,,,False,True
C:\Users\Hamada.MSI\Desktop\Hamada\lab\data\raw\images\Describable Textures Dataset\images\marbled\marbled_0108.jpg,0.1658446512036765,1,"[2.7556114196777344, 2.833754539489746, 3.536125659942627, 15.297819137573242]",1,2,5.859773670419427,True,False
C:\Users\Hamada.MSI\Desktop\Hamada\lab\data\raw\images\Describable Textures Dataset\images\marbled\marbled_0111.jpg,0.3261303931107231,3,"[13.9231595993042, 11.467216491699219, 10.1593656539917, 27.135496139526367]",,,,False,True
C:\Users\Hamada.MSI\Desktop\Hamada\lab\data\raw\images\Describable Textures Dataset\images\marbled\marbled_0118.jpg,0.1423183316636772,1,"[8.184500694274902, 5.86481237411499, 4.792913913726807, 15.695809364318848]",1,2,5.3062021828627,True,False
C:\Users\Hamada.MSI\Desktop\Hamada\lab\data\raw\images\Describable Textures Dataset\images\marbled\marbled_0132.jpg,0.2749581727655119,2,"[1.643534541130066, 2.0168423652648926, 2.227499485015869, 8.223623275756836]",,,,False,True
C:\Users\Hamada.MSI\Desktop\Hamada\lab\data\raw\images\Describable Textures Dataset\images\marbled\marbled_0134.jpg,0.15417889974881996,1,"[3.9641215801239014, 4.20974588394165, 3.7409002780914307, 6.016956329345703]",3,1,2.7410803885904644,True,False
C:\Users\Hamada.MSI\Desktop\Hamada\lab\data\raw\images\Describable Textures Dataset\images\marbled\marbled_0153.jpg,0.3884197065387518,3,"[5.936264991760254, 3.274592638015747, 2.8909037113189697, 13.777034759521484]",,,,False,True
C:\Users\Hamada.MSI\Desktop\Hamada\lab\data\raw\images\Describable Textures Dataset\images\marbled\marbled_0177.jpg,0.4294882147526001,3,"[5.541009426116943, 4.35420036315918, 5.026434421539307, 18.166318893432617]",,,,False,True
C:\Users\Hamada.MSI\Desktop\Hamada\lab\data\raw\images\Describable Textures Dataset\images\marbled\marbled_0185.jpg,0.1163857953208929,1,"[2.163849115371704, 3.1054847240448, 3.923445701599121, 14.2135648727417]",3,1,5.934910352450721,True,False
C:\Users\Hamada.MSI\Desktop\Hamada\lab\data\raw\images\Describable Textures Dataset\images\matted\matted_0005.jpg,0.28355398043530183,2,"[20.044849395751953, 7.2700276374816895, 5.515685081481934, 20.583768844604492]",,,,False,True
C:\Users\Hamada.MSI\Desktop\Hamada\lab\data\raw\images\Describable Textures Dataset\images\matted\matted_0040.jpg,0.24143965317400332,2,"[4.437741279602051, 5.60332727432251, 6.820773124694824, 24.676774978637695]",,,,False,True
C:\Users\Hamada.MSI\Desktop\Hamada\lab\data\raw\images\Describable Textures Dataset\images\matted\matted_0048.jpg,0.2415815884748968,2,"[22.979047775268555, 22.294069290161133, 21.0468692779541, 33.47972106933594]",,,,False,True
C:\Users\Hamada.MSI\Desktop\Hamada\lab\data\raw\images\Describable Textures Dataset\images\matted\matted_0091.jpg,0.07341308948702913,1,"[4.420253753662109, 3.8906595706939697, 4.5059332847595215, 31.573965072631836]",5,4,3.286920895871709,True,False
C:\Users\Hamada.MSI\Desktop\Hamada\lab\data\raw\images\Describable Textures Dataset\images\matted\matted_0118.jpg,0.14849589319114123,1,"[13.73355770111084, 6.902281761169434, 6.8981547355651855, 32.719642639160156]",5,4,8.268980115002945,True,False
C:\Users\Hamada.MSI\Desktop\Hamada\lab\data\raw\images\Describable Textures Dataset\images\matted\matted_0130.jpg,0.11942679731230392,1,"[4.077477931976318, 6.121893405914307, 9.106511116027832, 30.294261932373047]",5,4,3.0185921792203523,True,False
C:\Users\Hamada.MSI\Desktop\Hamada\lab\data\raw\images\Describable Textures Dataset\images\matted\matted_0134.jpg,0.335501474028237,3,"[11.83598518371582, 5.08619499206543, 4.400095462799072, 33.725852966308594]",,,,False,True
C:\Users\Hamada.MSI\Desktop\Hamada\lab\data\raw\images\Describable Textures Dataset\images\matted\matted_0142.jpg,0.2832403692594096,2,"[9.75084114074707, 8.155384063720703, 7.557809829711914, 27.45514678955078]",,,,False,True
C:\Users\Hamada.MSI\Desktop\Hamada\lab\data\raw\images\Describable Textures Dataset\images\matted\matted_0162.jpg,0.11182037768478682,1,"[15.294240951538086, 9.463757514953613, 8.069174766540527, 26.74201202392578]",0,5,4.730002218761906,True,False
C:\Users\Hamada.MSI\Desktop\Hamada\lab\data\raw\images\Describable Textures Dataset\images\matted\matted_0166.jpg,0.2989157515662375,2,"[21.157596588134766, 14.262789726257324, 9.666702270507812, 11.039139747619629]",,,,False,True
C:\Users\Hamada.MSI\Desktop\Hamada\lab\data\raw\images\Describable Textures Dataset\images\meshed\meshed_0024.jpg,0.19483997245079487,1,"[1.8878495693206787, 2.4780139923095703, 3.3139169216156006, 16.16396141052246]",1,2,5.945326394414028,True,False
C:\Users\Hamada.MSI\Desktop\Hamada\lab\data\raw\images\Describable Textures Dataset\images\meshed\meshed_0048.jpg,0.5773641577595562,3,"[10.470840454101562, 14.22921085357666, 18.36489486694336, 43.917579650878906]",,,,False,True
C:\Users\Hamada.MSI\Desktop\Hamada\lab\data\raw\images\Describable Textures Dataset\images\meshed\meshed_0100.jpg,0.2512262539693826,2,"[18.819169998168945, 14.333017349243164, 13.54651165008545, 14.039485931396484]",,,,False,True
C:\Users\Hamada.MSI\Desktop\Hamada\lab\data\raw\images\Describable Textures Dataset\images\meshed\meshed_0104.jpg,0.15224223018640887,1,"[9.160635948181152, 13.86781120300293, 17.39550018310547, 19.472503662109375]",6,6,3.50586501280737,True,False
C:\Users\Hamada.MSI\Desktop\Hamada\lab\data\raw\images\Describable Textures Dataset\images\meshed\meshed_0126.jpg,0.35047795836316376,3,"[29.34222984313965, 18.409517288208008, 10.539385795593262, 14.508733749389648]",,,,False,True
C:\Users\Hamada.MSI\Desktop\Hamada\lab\data\raw\images\Describable Textures Dataset\images\meshed\meshed_0146.jpg,0.32764391583358865,3,"[25.398225784301758, 23.070049285888672, 22.001523971557617, 35.33032989501953]",,,,False,True
C:\Users\Hamada.MSI\Desktop\Hamada\lab\data\raw\images\Describable Textures Dataset\images\meshed\meshed_0158.jpg,0.15710692165497323,1,"[15.658215522766113, 16.26711082458496, 19.36861801147461, 22.76789093017578]",6,6,6.183196445195915,True,False
C:\Users\Hamada.MSI\Desktop\Hamada\lab\data\raw\images\Describable Textures Dataset\images\meshed\meshed_0165.jpg,0.09615205036361087,1,"[11.854732513427734, 10.545719146728516, 6.812978267669678, 18.26551055908203]",0,5,6.063888627351686,True,False
C:\Users\Hamada.MSI\Desktop\Hamada\lab\data\raw\images\Describable Textures Dataset\images\meshed\meshed_0168.jpg,0.04724879057112096,1,"[3.7267491817474365, 6.451634883880615, 8.47179889678955, 22.816862106323242]",1,2,4.3920600104596845,True,False
C:\Users\Hamada.MSI\Desktop\Hamada\lab\data\raw\images\Describable Textures Dataset\images\meshed\meshed_0190.jpg,0.695032609398543,3,"[5.532727241516113, 10.774473190307617, 17.502338409423828, 51.788692474365234]",,,,False,True
C:\Users\Hamada.MSI\Desktop\Hamada\lab\data\raw\images\Describable Textures Dataset\images\paisley\paisley_0015.jpg,0.4691569199849885,3,"[27.217063903808594, 15.496681213378906, 12.854055404663086, 22.208940505981445]",,,,False,True
C:\Users\Hamada.MSI\Desktop\Hamada\lab\data\raw\images\Describable Textures Dataset\images\paisley\paisley_0036.jpg,0.29324310499522876,2,"[13.02552604675293, 9.216678619384766, 7.113998889923096, 16.660051345825195]",,,,False,True
C:\Users\Hamada.MSI\Desktop\Hamada\lab\data\raw\images\Describable Textures Dataset\images\paisley\paisley_0047.jpg,0.2157113396017829,2,"[12.389620780944824, 9.773167610168457, 8.407281875610352, 17.82321548461914]",,,,False,True
C:\Users\Hamada.MSI\Desktop\Hamada\lab\data\raw\images\Describable Textures Dataset\images\paisley\paisley_0051.jpg,0.4061065526272019,3,"[20.52812957763672, 11.05236530303955, 9.290695190429688, 12.08907699584961]",,,,False,True
C:\Users\Hamada.MSI\Desktop\Hamada\lab\data\raw\images\Describable Textures Dataset\images\paisley\paisley_0056.jpg,0.16837399681222437,1,"[10.496888160705566, 6.923592567443848, 5.663514137268066, 16.384502410888672]",1,2,6.714492717188305,True,False
C:\Users\Hamada.MSI\Desktop\Hamada\lab\data\raw\images\Describable Textures Dataset\images\paisley\paisley_0088.jpg,0.07035699784754736,1,"[11.386303901672363, 14.615738868713379, 15.53990650177002, 23.799745559692383]",6,6,4.8893832397709165,True,False
C:\Users\Hamada.MSI\Desktop\Hamada\lab\data\raw\images\Describable Textures Dataset\images\paisley\paisley_0116.jpg,0.3081878172489263,2,"[21.16171646118164, 20.574121475219727, 20.342622756958008, 40.9112548828125]",,,,False,True
C:\Users\Hamada.MSI\Desktop\Hamada\lab\data\raw\images\Describable Textures Dataset\images\paisley\paisley_0118.jpg,0.29315253478042197,2,"[18.319561004638672, 13.90015697479248, 11.673585891723633, 13.992925643920898]",,,,False,True
C:\Users\Hamada.MSI\Desktop\Hamada\lab\data\raw\images\Describable Textures Dataset\images\paisley\paisley_0126.jpg,0.24904590276786095,2,"[25.229537963867188, 15.28657341003418, 10.927054405212402, 14.546624183654785]",,,,False,True
C:\Users\Hamada.MSI\Desktop\Hamada\lab\data\raw\images\Describable Textures Dataset\images\paisley\paisley_0128.jpg,0.19879120982873122,1,"[36.66579818725586, 22.558652877807617, 15.531659126281738, 19.61933135986328]",9,10,11.982594680079663,True,False
C:\Users\Hamada.MSI\Desktop\Hamada\lab\data\raw\images\Describable Textures Dataset\images\perforated\perforated_0016.jpg,0.3145773635468833,3,"[6.160196781158447, 9.179213523864746, 16.054960250854492, 20.458755493164062]",,,,False,True
C:\Users\Hamada.MSI\Desktop\Hamada\lab\data\raw\images\Describable Textures Dataset\images\perforated\perforated_0026.jpg,0.5947046439150087,3,"[21.656513214111328, 29.91362190246582, 25.42319107055664, 5.76098108291626]",,,,False,True
C:\Users\Hamada.MSI\Desktop\Hamada\lab\data\raw\images\Describable Textures Dataset\images\perforated\perforated_0038.jpg,0.36406020387416077,3,"[27.317726135253906, 27.443471908569336, 8.008774757385254, 16.822460174560547]",,,,False,True
C:\Users\Hamada.MSI\Desktop\Hamada\lab\data\raw\images\Describable Textures Dataset\images\perforated\perforated_0044.jpg,0.33737966479199,3,"[10.3585786819458, 14.994401931762695, 22.947071075439453, 36.752933502197266]",,,,False,True
C:\Users\Hamada.MSI\Desktop\Hamada\lab\data\raw\images\Describable Textures Dataset\images\perforated\perforated_0085.jpg,0.35626387733756193,3,"[28.25482177734375, 20.597087860107422, 24.31138038635254, 29.162147521972656]",,,,False,True
C:\Users\Hamada.MSI\Desktop\Hamada\lab\data\raw\images\Describable Textures Dataset\images\perforated\perforated_0107.jpg,0.12738353957125745,1,"[10.339853286743164, 8.450604438781738, 7.8306684494018555, 17.658679962158203]",0,5,6.476760150094948,True,False
C:\Users\Hamada.MSI\Desktop\Hamada\lab\data\raw\images\Describable Textures Dataset\images\perforated\perforated_0122.jpg,0.6047641094290468,3,"[10.81101131439209, 7.822988986968994, 8.3466796875, 23.227968215942383]",,,,False,True
C:\Users\Hamada.MSI\Desktop\Hamada\lab\data\raw\images\Describable Textures Dataset\images\perforated\perforated_0143.jpg,0.20964159322348228,1,"[6.823190689086914, 8.166915893554688, 10.69715690612793, 19.4425048828125]",1,2,5.6966857968470475,True,False
C:\Users\Hamada.MSI\Desktop\Hamada\lab\data\raw\images\Describable Textures Dataset\images\perforated\perforated_0153.jpg,0.0680833178288738,1,"[8.264276504516602, 9.562807083129883, 12.154563903808594, 23.903345108032227]",0,5,4.6407522793061196,True,False
C:\Users\Hamada.MSI\Desktop\Hamada\lab\data\raw\images\Describable Textures Dataset\images\perforated\perforated_0160.jpg,0.3134985845444845,2,"[12.171538352966309, 14.502448081970215, 23.792646408081055, 54.41368103027344]",,,,False,True
C:\Users\Hamada.MSI\Desktop\Hamada\lab\data\raw\images\Describable Textures Dataset\images\pitted\pitted_0003.jpg,0.21729671037232162,2,"[22.71415138244629, 10.54410457611084, 4.714812278747559, 8.963011741638184]",,,,False,True
C:\Users\Hamada.MSI\Desktop\Hamada\lab\data\raw\images\Describable Textures Dataset\images\pitted\pitted_0007.jpg,0.17474765645834073,1,"[9.501935005187988, 3.892812490463257, 4.226478576660156, 16.639928817749023]",1,2,5.918802045866803,True,False
C:\Users\Hamada.MSI\Desktop\Hamada\lab\data\raw\images\Describable Textures Dataset\images\pitted\pitted_0026.jpg,0.25293858756624316,2,"[16.51979637145996, 12.424577713012695, 11.815016746520996, 27.462078094482422]",,,,False,True
C:\Users\Hamada.MSI\Desktop\Hamada\lab\data\raw\images\Describable Textures Dataset\images\pitted\pitted_0034.jpg,0.3139363598770296,3,"[5.394843578338623, 3.913968563079834, 4.675169467926025, 48.812931060791016]",,,,False,True
C:\Users\Hamada.MSI\Desktop\Hamada\lab\data\raw\images\Describable Textures Dataset\images\pitted\pitted_0058.jpg,0.36639610632568986,3,"[18.751863479614258, 15.206572532653809, 16.154254913330078, 33.96800231933594]",,,,False,True
C:\Users\Hamada.MSI\Desktop\Hamada\lab\data\raw\images\Describable Textures Dataset\images\pitted\pitted_0089.jpg,0.7321306288946243,3,"[29.179479598999023, 14.934197425842285, 9.034806251525879, 9.6923189163208]",,,,False,True
C:\Users\Hamada.MSI\Desktop\Hamada\lab\data\raw\images\Describable Textures Dataset\images\pitted\pitted_0106.jpg,0.23489251072982126,2,"[4.945248126983643, 6.025784492492676, 9.173458099365234, 73.18644714355469]",,,,False,True
C:\Users\Hamada.MSI\Desktop\Hamada\lab\data\raw\images\Describable Textures Dataset\images\pitted\pitted_0108.jpg,0.06561616052082349,1,"[9.922056198120117, 9.044757843017578, 10.931191444396973, 22.2102108001709]",0,5,3.038403432116003,True,False
C:\Users\Hamada.MSI\Desktop\Hamada\lab\data\raw\images\Describable Textures Dataset\images\pitted\pitted_0127.jpg,0.13806566405990103,1,"[3.896237850189209, 2.934316396713257, 2.413872480392456, 10.054232597351074]",3,1,2.135320186953899,True,False
C:\Users\Hamada.MSI\Desktop\Hamada\lab\data\raw\images\Describable Textures Dataset\images\pitted\pitted_0156.jpg,0.3419498377899608,3,"[18.211862564086914, 8.838770866394043, 5.724656105041504, 12.998686790466309]",,,,False,True
C:\Users\Hamada.MSI\Desktop\Hamada\lab\data\raw\images\Describable Textures Dataset\images\pleated\pleated_0086.jpg,0.5433597689344882,3,"[6.808958530426025, 5.986112594604492, 4.474885940551758, 13.051045417785645]",,,,False,True
C:\Users\Hamada.MSI\Desktop\Hamada\lab\data\raw\images\Describable Textures Dataset\images\pleated\pleated_0097.jpg,0.4302482322006346,3,"[4.09757137298584, 5.893514633178711, 7.43816614151001, 14.87149429321289]",,,,False,True
C:\Users\Hamada.MSI\Desktop\Hamada\lab\data\raw\images\Describable Textures Dataset\images\pleated\pleated_0112.jpg,0.27586774812787296,2,"[7.487980365753174, 5.0364603996276855, 5.157951354980469, 8.612774848937988]",,,,False,True
C:\Users\Hamada.MSI\Desktop\Hamada\lab\data\raw\images\Describable Textures Dataset\images\pleated\pleated_0118.jpg,0.05165649681927787,1,"[3.3150594234466553, 3.964287042617798, 6.428287029266357, 27.955913543701172]",5,4,4.777106787246641,True,False
C:\Users\Hamada.MSI\Desktop\Hamada\lab\data\raw\images\Describable Textures Dataset\images\pleated\pleated_0139.jpg,0.4559318116095767,3,"[9.156744956970215, 7.269949436187744, 11.624330520629883, 27.704530715942383]",,,,False,True
C:\Users\Hamada.MSI\Desktop\Hamada\lab\data\raw\images\Describable Textures Dataset\images\pleated\pleated_0146.jpg,0.18322520050707566,1,"[3.627696990966797, 3.949810266494751, 4.670245170593262, 45.78398895263672]",4,7,3.9388816873131107,True,False
C:\Users\Hamada.MSI\Desktop\Hamada\lab\data\raw\images\Describable Textures Dataset\images\pleated\pleated_0147.jpg,0.370677200962269,3,"[9.422243118286133, 13.490509986877441, 18.301027297973633, 11.693663597106934]",,,,False,True
C:\Users\Hamada.MSI\Desktop\Hamada\lab\data\raw\images\Describable Textures Dataset\images\pleated\pleated_0155.jpg,0.43849521281705467,3,"[1.5342103242874146, 2.1968231201171875, 3.1775572299957275, 38.09248733520508]",,,,False,True
C:\Users\Hamada.MSI\Desktop\Hamada\lab\data\raw\images\Describable Textures Dataset\images\pleated\pleated_0156.jpg,0.20579121007642315,1,"[1.954436182975769, 3.820528507232666, 7.473626136779785, 61.20344161987305]",8,8,2.9266216086670287,True,False
C:\Users\Hamada.MSI\Desktop\Hamada\lab\data\raw\images\Describable Textures Dataset\images\pleated\pleated_0166.jpg,0.5075537709736039,3,"[3.2293930053710938, 3.5750157833099365, 5.446063041687012, 15.821080207824707]",,,,False,True
C:\Users\Hamada.MSI\Desktop\Hamada\lab\data\raw\images\Describable Textures Dataset\images\polka-dotted\polka-dotted_0032.jpg,0.596838917943338,3,"[3.417973041534424, 2.486818552017212, 3.8577589988708496, 13.053147315979004]",,,,False,True
C:\Users\Hamada.MSI\Desktop\Hamada\lab\data\raw\images\Describable Textures Dataset\images\polka-dotted\polka-dotted_0091.jpg,0.5600800571315736,3,"[11.028604507446289, 17.139080047607422, 25.288049697875977, 27.487577438354492]",,,,False,True
C:\Users\Hamada.MSI\Desktop\Hamada\lab\data\raw\images\Describable Textures Dataset\images\polka-dotted\polka-dotted_0101.jpg,0.24129305220617184,2,"[32.02594757080078, 42.537235260009766, 18.41370964050293, 1.5710811614990234]",,,,False,True
C:\Users\Hamada.MSI\Desktop\Hamada\lab\data\raw\images\Describable Textures Dataset\images\polka-dotted\polka-dotted_0123.jpg,0.7809559895855629,3,"[2.468881845474243, 3.95511794090271, 7.42971658706665, 24.015178680419922]",,,,False,True
C:\Users\Hamada.MSI\Desktop\Hamada\lab\data\raw\images\Describable Textures Dataset\images\polka-dotted\polka-dotted_0135.jpg,0.06675000268385105,1,"[6.32071590423584, 3.208404541015625, 4.828964710235596, 32.35486602783203]",5,4,3.3969534795737637,True,False
C:\Users\Hamada.MSI\Desktop\Hamada\lab\data\raw\images\Describable Textures Dataset\images\polka-dotted\polka-dotted_0138.jpg,0.27082676522378873,2,"[4.72568941116333, 7.039377689361572, 13.147051811218262, 52.91785430908203]",,,,False,True
C:\Users\Hamada.MSI\Desktop\Hamada\lab\data\raw\images\Describable Textures Dataset\images\polka-dotted\polka-dotted_0158.jpg,0.02958784506113024,1,"[4.682352066040039, 3.406163454055786, 3.1926329135894775, 5.162818431854248]",3,1,3.614347791757277,True,False
C:\Users\Hamada.MSI\Desktop\Hamada\lab\data\raw\images\Describable Textures Dataset\images\polka-dotted\polka-dotted_0215.jpg,0.47632267606454903,3,"[5.388272762298584, 4.645702838897705, 7.3554368019104, 90.9347152709961]",,,,False,True
C:\Users\Hamada.MSI\Desktop\Hamada\lab\data\raw\images\Describable Textures Dataset\images\polka-dotted\polka-dotted_0216.jpg,0.3136444596070892,2,"[27.00283432006836, 15.15074348449707, 14.311773300170898, 7.046620845794678]",,,,False,True
C:\Users\Hamada.MSI\Desktop\Hamada\lab\data\raw\images\Describable Textures Dataset\images\polka-dotted\polka-dotted_0218.jpg,0.28512258605999186,2,"[1.2389429807662964, 2.1631388664245605, 4.135076999664307, 19.78876304626465]",,,,False,True
C:\Users\Hamada.MSI\Desktop\Hamada\lab\data\raw\images\Describable Textures Dataset\images\porous\porous_0081.jpg,0.35333725980229147,3,"[12.017932891845703, 6.819342613220215, 6.215799808502197, 20.811573028564453]",,,,False,True
C:\Users\Hamada.MSI\Desktop\Hamada\lab\data\raw\images\Describable Textures Dataset\images\porous\porous_0093.jpg,0.23022052618835964,2,"[14.08682632446289, 11.908519744873047, 9.745172500610352, 10.098103523254395]",,,,False,True
C:\Users\Hamada.MSI\Desktop\Hamada\lab\data\raw\images\Describable Textures Dataset\images\porous\porous_0125.jpg,0.15621658773224475,1,"[6.514509677886963, 5.8458428382873535, 7.8219313621521, 17.458091735839844]",1,2,3.0581392654532826,True,False
C:\Users\Hamada.MSI\Desktop\Hamada\lab\data\raw\images\Describable Textures Dataset\images\porous\porous_0132.jpg,0.37435293221445276,3,"[11.16744327545166, 15.178325653076172, 18.758817672729492, 22.956363677978516]",,,,False,True
C:\Users\Hamada.MSI\Desktop\Hamada\lab\data\raw\images\Describable Textures Dataset\images\porous\porous_0146.jpg,0.43666756797085476,3,"[5.667819023132324, 4.820146560668945, 4.45686149597168, 11.58668327331543]",,,,False,True
C:\Users\Hamada.MSI\Desktop\Hamada\lab\data\raw\images\Describable Textures Dataset\images\porous\porous_0149.jpg,0.2517740974942767,2,"[13.983928680419922, 8.181601524353027, 5.279585361480713, 7.091315746307373]",,,,False,True
C:\Users\Hamada.MSI\Desktop\Hamada\lab\data\raw\images\Describable Textures Dataset\images\porous\porous_0150.jpg,0.431407025824543,3,"[3.8559794425964355, 3.909970283508301, 3.764380931854248, 19.07601547241211]",,,,False,True
C:\Users\Hamada.MSI\Desktop\Hamada\lab\data\raw\images\Describable Textures Dataset\images\porous\porous_0158.jpg,0.48278181784398994,3,"[11.939252853393555, 6.1166229248046875, 4.356441497802734, 44.70272445678711]",,,,False,True
C:\Users\Hamada.MSI\Desktop\Hamada\lab\data\raw\images\Describable Textures Dataset\images\porous\porous_0169.jpg,0.2009007734329803,1,"[12.79557991027832, 4.168694496154785, 2.369213581085205, 2.472337007522583]",7,3,9.2570225562873,True,False
C:\Users\Hamada.MSI\Desktop\Hamada\lab\data\raw\images\Describable Textures Dataset\images\porous\porous_0173.jpg,0.2403280533581396,2,"[8.555850982666016, 10.139387130737305, 10.440659523010254, 28.09782600402832]",,,,False,True
C:\Users\Hamada.MSI\Desktop\Hamada\lab\data\raw\images\Describable Textures Dataset\images\potholed\potholed_0075.jpg,0.27915655923513405,2,"[15.671018600463867, 8.414074897766113, 8.325430870056152, 47.68390655517578]",,,,False,True
C:\Users\Hamada.MSI\Desktop\Hamada\lab\data\raw\images\Describable Textures Dataset\images\potholed\potholed_0077.jpg,0.2559900218982015,2,"[31.20440101623535, 19.5853214263916, 12.835902214050293, 14.703374862670898]",,,,False,True
C:\Users\Hamada.MSI\Desktop\Hamada\lab\data\raw\images\Describable Textures Dataset\images\potholed\potholed_0096.jpg,0.3744708923078728,3,"[13.322266578674316, 8.44478702545166, 6.956240653991699, 46.6689567565918]",,,,False,True
C:\Users\Hamada.MSI\Desktop\Hamada\lab\data\raw\images\Describable Textures Dataset\images\potholed\potholed_0104.jpg,0.2813336605838229,2,"[9.501479148864746, 8.088234901428223, 7.377686500549316, 26.811132431030273]",,,,False,True
C:\Users\Hamada.MSI\Desktop\Hamada\lab\data\raw\images\Describable Textures Dataset\images\potholed\potholed_0127.jpg,0.19185483358296937,1,"[28.31440544128418, 24.61213493347168, 16.379642486572266, 28.797786712646484]",9,10,7.040882009399625,True,False
C:\Users\Hamada.MSI\Desktop\Hamada\lab\data\raw\images\Describable Textures Dataset\images\potholed\potholed_0132.jpg,0.21253744987712578,2,"[13.394542694091797, 5.143847942352295, 4.074390411376953, 10.453103065490723]",,,,False,True
C:\Users\Hamada.MSI\Desktop\Hamada\lab\data\raw\images\Describable Textures Dataset\images\potholed\potholed_0142.jpg,0.22778374877198565,2,"[6.112732887268066, 5.153043746948242, 3.91904878616333, 16.12938690185547]",,,,False,True
C:\Users\Hamada.MSI\Desktop\Hamada\lab\data\raw\images\Describable Textures Dataset\images\potholed\potholed_0146.jpg,0.3309450785323937,3,"[7.978714466094971, 6.540360450744629, 4.833043575286865, 27.314922332763672]",,,,False,True
C:\Users\Hamada.MSI\Desktop\Hamada\lab\data\raw\images\Describable Textures Dataset\images\potholed\potholed_0148.jpg,0.41621556472545035,3,"[17.0675048828125, 7.360776901245117, 4.7567667961120605, 17.126358032226562]",,,,False,True
C:\Users\Hamada.MSI\Desktop\Hamada\lab\data\raw\images\Describable Textures Dataset\images\potholed\potholed_0159.jpg,0.4524628150619649,3,"[6.829906463623047, 4.962743759155273, 5.20313835144043, 23.82269287109375]",,,,False,True
C:\Users\Hamada.MSI\Desktop\Hamada\lab\data\raw\images\Describable Textures Dataset\images\scaly\scaly_0126.jpg,0.0990120876337934,1,"[7.660470008850098, 9.164026260375977, 10.779282569885254, 30.09589195251465]",5,4,5.787700455652602,True,False
C:\Users\Hamada.MSI\Desktop\Hamada\lab\data\raw\images\Describable Textures Dataset\images\scaly\scaly_0133.jpg,0.08902401822719391,1,"[8.30046558380127, 8.379182815551758, 9.961074829101562, 27.10252571105957]",0,5,5.0155470207465855,True,False
C:\Users\Hamada.MSI\Desktop\Hamada\lab\data\raw\images\Describable Textures Dataset\images\scaly\scaly_0142.jpg,0.17178411623957318,1,"[15.951696395874023, 16.14018440246582, 17.815227508544922, 34.50691604614258]",2,9,9.379661888299685,True,False
C:\Users\Hamada.MSI\Desktop\Hamada\lab\data\raw\images\Describable Textures Dataset\images\scaly\scaly_0145.jpg,0.3585307070799648,3,"[9.683976173400879, 8.150995254516602, 10.10627555847168, 27.419042587280273]",,,,False,True
C:\Users\Hamada.MSI\Desktop\Hamada\lab\data\raw\images\Describable Textures Dataset\images\scaly\scaly_0146.jpg,0.4523709788968743,3,"[5.298283576965332, 5.6437249183654785, 5.639780044555664, 36.235504150390625]",,,,False,True
C:\Users\Hamada.MSI\Desktop\Hamada\lab\data\raw\images\Describable Textures Dataset\images\scaly\scaly_0149.jpg,0.1669187752540678,1,"[11.290017127990723, 9.70856761932373, 9.732972145080566, 17.466888427734375]",0,5,6.341500912700522,True,False
C:\Users\Hamada.MSI\Desktop\Hamada\lab\data\raw\images\Describable Textures Dataset\images\scaly\scaly_0155.jpg,0.2530550973074368,2,"[3.042412519454956, 4.107911586761475, 5.311038017272949, 23.15555191040039]",,,,False,True
C:\Users\Hamada.MSI\Desktop\Hamada\lab\data\raw\images\Describable Textures Dataset\images\scaly\scaly_0161.jpg,0.25371669584040296,2,"[4.572916030883789, 5.262559413909912, 7.6897969245910645, 25.28978729248047]",,,,False,True
C:\Users\Hamada.MSI\Desktop\Hamada\lab\data\raw\images\Describable Textures Dataset\images\scaly\scaly_0186.jpg,0.27024800399137533,2,"[2.3937172889709473, 4.4143900871276855, 6.970947742462158, 28.1404972076416]",,,,False,True
C:\Users\Hamada.MSI\Desktop\Hamada\lab\data\raw\images\Describable Textures Dataset\images\scaly\scaly_0189.jpg,0.13961184211242617,1,"[12.789627075195312, 9.510472297668457, 9.316293716430664, 38.738006591796875]",2,9,6.308213328317685,True,False
C:\Users\Hamada.MSI\Desktop\Hamada\lab\data\raw\images\Describable Textures Dataset\images\smeared\smeared_0043.jpg,0.08696755292431356,1,"[4.935189247131348, 4.569967269897461, 5.323444366455078, 16.33562660217285]",1,2,3.2969103902694212,True,False
C:\Users\Hamada.MSI\Desktop\Hamada\lab\data\raw\images\Describable Textures Dataset\images\smeared\smeared_0077.jpg,0.29110395622043,2,"[24.818742752075195, 15.432320594787598, 12.803767204284668, 35.040584564208984]",,,,False,True
C:\Users\Hamada.MSI\Desktop\Hamada\lab\data\raw\images\Describable Textures Dataset\images\smeared\smeared_0083.jpg,0.26588416277849414,2,"[1.9863953590393066, 2.55391001701355, 3.9168283939361572, 22.176311492919922]",,,,False,True
C:\Users\Hamada.MSI\Desktop\Hamada\lab\data\raw\images\Describable Textures Dataset\images\smeared\smeared_0087.jpg,0.08787007055859983,1,"[0.4582473635673523, 0.497245192527771, 0.9373754858970642, 33.52895736694336]",5,4,9.652391166079356,True,False
C:\Users\Hamada.MSI\Desktop\Hamada\lab\data\raw\images\Describable Textures Dataset\images\smeared\smeared_0092.jpg,0.14857516603970422,1,"[11.267350196838379, 10.586700439453125, 12.302184104919434, 41.878292083740234]",2,9,2.8282654292741873,True,False
C:\Users\Hamada.MSI\Desktop\Hamada\lab\data\raw\images\Describable Textures Dataset\images\smeared\smeared_0094.jpg,0.15601057854283973,1,"[13.116735458374023, 11.335835456848145, 10.48949146270752, 28.430086135864258]",0,5,5.389252440943246,True,False
C:\Users\Hamada.MSI\Desktop\Hamada\lab\data\raw\images\Describable Textures Dataset\images\smeared\smeared_0106.jpg,0.46243621201998636,3,"[6.221468925476074, 3.691964626312256, 4.020843505859375, 36.338829040527344]",,,,False,True
C:\Users\Hamada.MSI\Desktop\Hamada\lab\data\raw\images\Describable Textures Dataset\images\smeared\smeared_0125.jpg,0.4845759752634413,3,"[3.7646872997283936, 3.3194222450256348, 3.622128963470459, 26.828996658325195]",,,,False,True
C:\Users\Hamada.MSI\Desktop\Hamada\lab\data\raw\images\Describable Textures Dataset\images\smeared\smeared_0127.jpg,0.1535161503385814,1,"[2.763535261154175, 3.9217936992645264, 5.701234340667725, 36.46574020385742]",5,4,5.926239512196567,True,False
C:\Users\Hamada.MSI\Desktop\Hamada\lab\data\raw\images\Describable Textures Dataset\images\smeared\smeared_0139.jpg,0.2453438148363615,2,"[10.508550643920898, 6.044121742248535, 5.886735916137695, 56.65169143676758]",,,,False,True
C:\Users\Hamada.MSI\Desktop\Hamada\lab\data\raw\images\Describable Textures Dataset\images\spiralled\spiralled_0019.jpg,0.2809066987718611,2,"[40.466651916503906, 24.263469696044922, 20.537765502929688, 36.18162536621094]",,,,False,True
C:\Users\Hamada.MSI\Desktop\Hamada\lab\data\raw\images\Describable Textures Dataset\images\spiralled\spiralled_0027.jpg,0.180597102082896,1,"[12.375622749328613, 8.147968292236328, 9.07371711730957, 37.714054107666016]",2,9,7.51649637662786,True,False
C:\Users\Hamada.MSI\Desktop\Hamada\lab\data\raw\images\Describable Textures Dataset\images\spiralled\spiralled_0074.jpg,0.16620981482847913,1,"[5.195231914520264, 5.222275257110596, 6.345892906188965, 32.16556167602539]",5,4,0.9870732036357285,True,False
C:\Users\Hamada.MSI\Desktop\Hamada\lab\data\raw\images\Describable Textures Dataset\images\spiralled\spiralled_0091.jpg,0.3849927083392904,3,"[15.089585304260254, 7.595658302307129, 5.794173240661621, 67.75074005126953]",,,,False,True
C:\Users\Hamada.MSI\Desktop\Hamada\lab\data\raw\images\Describable Textures Dataset\images\spiralled\spiralled_0094.jpg,0.2338584843069117,2,"[6.058844566345215, 8.708702087402344, 12.8125581741333, 29.610145568847656]",,,,False,True
C:\Users\Hamada.MSI\Desktop\Hamada\lab\data\raw\images\Describable Textures Dataset\images\spiralled\spiralled_0096.jpg,0.6139330660389947,3,"[31.534809112548828, 38.5108642578125, 39.54359436035156, 52.69761657714844]",,,,False,True
C:\Users\Hamada.MSI\Desktop\Hamada\lab\data\raw\images\Describable Textures Dataset\images\spiralled\spiralled_0098.jpg,0.38690848659207844,3,"[10.765732765197754, 7.114325523376465, 8.18216609954834, 27.833763122558594]",,,,False,True
C:\Users\Hamada.MSI\Desktop\Hamada\lab\data\raw\images\Describable Textures Dataset\images\spiralled\spiralled_0118.jpg,0.8334921161154654,3,"[4.92094612121582, 3.835984945297241, 2.975985288619995, 5.1521806716918945]",,,,False,True
C:\Users\Hamada.MSI\Desktop\Hamada\lab\data\raw\images\Describable Textures Dataset\images\spiralled\spiralled_0125.jpg,0.6298278969777895,3,"[1.3122130632400513, 2.315176010131836, 4.768072128295898, 59.843875885009766]",,,,False,True
C:\Users\Hamada.MSI\Desktop\Hamada\lab\data\raw\images\Describable Textures Dataset\images\spiralled\spiralled_0131.jpg,0.21068659064682363,1,"[4.9673662185668945, 4.001590728759766, 4.639977931976318, 40.29240417480469]",4,7,5.7027676755723355,True,False
C:\Users\Hamada.MSI\Desktop\Hamada\lab\data\raw\images\Describable Textures Dataset\images\sprinkled\sprinkled_0037.jpg,0.34061460018956574,3,"[4.324821949005127, 4.7347331047058105, 6.013700008392334, 47.401580810546875]",,,,False,True
C:\Users\Hamada.MSI\Desktop\Hamada\lab\data\raw\images\Describable Textures Dataset\images\sprinkled\sprinkled_0065.jpg,0.20289823029856782,1,"[7.067978858947754, 5.657369136810303, 5.609116554260254, 7.95987606048584]",3,1,3.955290502762233,True,False
C:\Users\Hamada.MSI\Desktop\Hamada\lab\data\raw\images\Describable Textures Dataset\images\sprinkled\sprinkled_0071.jpg,0.1346377298070293,1,"[18.931886672973633, 9.539670944213867, 5.1268815994262695, 26.107601165771484]",0,5,8.52643928907502,True,False
C:\Users\Hamada.MSI\Desktop\Hamada\lab\data\raw\images\Describable Textures Dataset\images\sprinkled\sprinkled_0091.jpg,0.17311229999579072,1,"[14.38023853302002, 5.796864986419678, 3.501415729522705, 3.2139081954956055]",7,3,7.445180848961959,True,False
C:\Users\Hamada.MSI\Desktop\Hamada\lab\data\raw\images\Describable Textures Dataset\images\sprinkled\sprinkled_0114.jpg,0.2852629920555046,2,"[11.873071670532227, 18.257339477539062, 21.381040573120117, 22.9257755279541]",,,,False,True
C:\Users\Hamada.MSI\Desktop\Hamada\lab\data\raw\images\Describable Textures Dataset\images\sprinkled\sprinkled_0115.jpg,0.20661774876610686,1,"[7.662750720977783, 8.988235473632812, 8.765113830566406, 30.547225952148438]",5,4,4.459340537658551,True,False
C:\Users\Hamada.MSI\Desktop\Hamada\lab\data\raw\images\Describable Textures Dataset\images\sprinkled\sprinkled_0118.jpg,0.43085945513811413,3,"[3.280590295791626, 5.126873016357422, 8.012911796569824, 34.41637420654297]",,,,False,True
C:\Users\Hamada.MSI\Desktop\Hamada\lab\data\raw\images\Describable Textures Dataset\images\sprinkled\sprinkled_0135.jpg,0.3456505944724724,3,"[3.2889187335968018, 3.7754244804382324, 5.222331523895264, 35.45875549316406]",,,,False,True
C:\Users\Hamada.MSI\Desktop\Hamada\lab\data\raw\images\Describable Textures Dataset\images\sprinkled\sprinkled_0138.jpg,0.3217375902581029,3,"[23.009593963623047, 21.634674072265625, 17.897537231445312, 28.77850341796875]",,,,False,True
C:\Users\Hamada.MSI\Desktop\Hamada\lab\data\raw\images\Describable Textures Dataset\images\sprinkled\sprinkled_0141.jpg,0.2301819827725112,2,"[2.1954119205474854, 3.0280885696411133, 4.251842021942139, 25.80524253845215]",,,,False,True
C:\Users\Hamada.MSI\Desktop\Hamada\lab\data\raw\images\Describable Textures Dataset\images\stained\stained_0015.jpg,0.6612690522287001,3,"[2.7856624126434326, 1.7824431657791138, 1.9782241582870483, 33.833229064941406]",,,,False,True
C:\Users\Hamada.MSI\Desktop\Hamada\lab\data\raw\images\Describable Textures Dataset\images\stained\stained_0035.jpg,0.11410258801794587,1,"[4.104040622711182, 4.878701686859131, 6.277784824371338, 35.159114837646484]",5,4,3.8827357019870496,True,False
C:\Users\Hamada.MSI\Desktop\Hamada\lab\data\raw\images\Describable Textures Dataset\images\stained\stained_0040.jpg,0.1456844901576329,1,"[9.310341835021973, 8.529335021972656, 10.775604248046875, 40.99197769165039]",2,9,5.786684401504543,True,False
C:\Users\Hamada.MSI\Desktop\Hamada\lab\data\raw\images\Describable Textures Dataset\images\stained\stained_0075.jpg,0.28778672199071775,2,"[3.672473669052124, 2.594245672225952, 1.9344955682754517, 15.56623363494873]",,,,False,True
C:\Users\Hamada.MSI\Desktop\Hamada\lab\data\raw\images\Describable Textures Dataset\images\stained\stained_0076.jpg,0.6857186820109425,3,"[19.29991912841797, 8.727824211120605, 11.034423828125, 69.33216857910156]",,,,False,True
C:\Users\Hamada.MSI\Desktop\Hamada\lab\data\raw\images\Describable Textures Dataset\images\stained\stained_0083.jpg,0.33654966685085036,3,"[8.530213356018066, 5.066153049468994, 5.146270751953125, 25.078807830810547]",,,,False,True
C:\Users\Hamada.MSI\Desktop\Hamada\lab\data\raw\images\Describable Textures Dataset\images\stained\stained_0084.jpg,0.3881022237844315,3,"[3.903834819793701, 5.553362846374512, 8.70739459991455, 61.17216110229492]",,,,False,True
C:\Users\Hamada.MSI\Desktop\Hamada\lab\data\raw\images\Describable Textures Dataset\images\stained\stained_0086.jpg,0.44261277296291357,3,"[7.997440814971924, 8.902313232421875, 10.54741382598877, 43.63007736206055]",,,,False,True
C:\Users\Hamada.MSI\Desktop\Hamada\lab\data\raw\images\Describable Textures Dataset\images\stained\stained_0101.jpg,0.24526845317574333,2,"[3.8954195976257324, 4.542517185211182, 5.642848968505859, 39.74869918823242]",,,,False,True
C:\Users\Hamada.MSI\Desktop\Hamada\lab\data\raw\images\Describable Textures Dataset\images\stained\stained_0108.jpg,0.6528574088195361,3,"[5.000700950622559, 3.1901943683624268, 3.2241427898406982, 11.41451358795166]",,,,False,True
C:\Users\Hamada.MSI\Desktop\Hamada\lab\data\raw\images\Describable Textures Dataset\images\stratified\stratified_0053.jpg,0.1491780823651576,1,"[13.00362491607666, 7.8715314865112305, 6.1870880126953125, 19.926054000854492]",0,5,5.2264960926167685,True,False
C:\Users\Hamada.MSI\Desktop\Hamada\lab\data\raw\images\Describable Textures Dataset\images\stratified\stratified_0056.jpg,0.45785961095294403,3,"[31.29863166809082, 15.485918998718262, 12.796603202819824, 30.432697296142578]",,,,False,True
C:\Users\Hamada.MSI\Desktop\Hamada\lab\data\raw\images\Describable Textures Dataset\images\stratified\stratified_0105.jpg,0.0911523198399545,1,"[12.214980125427246, 8.567971229553223, 8.67137622833252, 26.555450439453125]",0,5,3.0007374282513073,True,False
C:\Users\Hamada.MSI\Desktop\Hamada\lab\data\raw\images\Describable Textures Dataset\images\stratified\stratified_0112.jpg,0.3453679834834603,3,"[9.026869773864746, 9.924736022949219, 10.24771785736084, 25.132844924926758]",,,,False,True
C:\Users\Hamada.MSI\Desktop\Hamada\lab\data\raw\images\Describable Textures Dataset\images\stratified\stratified_0132.jpg,0.2514491606063315,2,"[4.807104110717773, 3.505424737930298, 2.4350333213806152, 3.4341254234313965]",,,,False,True
C:\Users\Hamada.MSI\Desktop\Hamada\lab\data\raw\images\Describable Textures Dataset\images\stratified\stratified_0137.jpg,0.21066939193336343,1,"[17.793088912963867, 14.695308685302734, 11.673346519470215, 34.15049743652344]",2,9,9.906299005734278,True,False
C:\Users\Hamada.MSI\Desktop\Hamada\lab\data\raw\images\Describable Textures Dataset\images\stratified\stratified_0141.jpg,0.31064504438935947,2,"[11.168268203735352, 12.880831718444824, 14.323768615722656, 28.501998901367188]",,,,False,True
C:\Users\Hamada.MSI\Desktop\Hamada\lab\data\raw\images\Describable Textures Dataset\images\stratified\stratified_0143.jpg,0.20822782214364424,1,"[4.6893181800842285, 4.141353607177734, 4.540582656860352, 16.365169525146484]",1,2,3.6798351204432467,True,False
C:\Users\Hamada.MSI\Desktop\Hamada\lab\data\raw\images\Describable Textures Dataset\images\stratified\stratified_0148.jpg,0.21730899394290815,2,"[12.257271766662598, 10.306156158447266, 12.405562400817871, 54.1960563659668]",,,,False,True
C:\Users\Hamada.MSI\Desktop\Hamada\lab\data\raw\images\Describable Textures Dataset\images\stratified\stratified_0168.jpg,0.28268007433033604,2,"[8.676945686340332, 7.075423240661621, 7.085236549377441, 17.02269744873047]",,,,False,True
C:\Users\Hamada.MSI\Desktop\Hamada\lab\data\raw\images\Describable Textures Dataset\images\striped\striped_0022.jpg,0.32771148455784976,3,"[8.530130386352539, 17.243471145629883, 33.44063949584961, 68.22187805175781]",,,,False,True
C:\Users\Hamada.MSI\Desktop\Hamada\lab\data\raw\images\Describable Textures Dataset\images\striped\striped_0034.jpg,0.12358077106055788,1,"[6.172108173370361, 12.371136665344238, 18.60276222229004, 23.850135803222656]",6,6,8.459988915561018,True,False
C:\Users\Hamada.MSI\Desktop\Hamada\lab\data\raw\images\Describable Textures Dataset\images\striped\striped_0040.jpg,0.35493970777477307,3,"[3.7045578956604004, 6.94750452041626, 13.74556827545166, 38.402774810791016]",,,,False,True
C:\Users\Hamada.MSI\Desktop\Hamada\lab\data\raw\images\Describable Textures Dataset\images\striped\striped_0045.jpg,0.3391793800526372,3,"[11.904001235961914, 24.464078903198242, 40.76119613647461, 38.41816711425781]",,,,False,True
C:\Users\Hamada.MSI\Desktop\Hamada\lab\data\raw\images\Describable Textures Dataset\images\striped\striped_0067.jpg,0.23995094591716407,2,"[9.44251537322998, 14.014372825622559, 22.418413162231445, 51.28927230834961]",,,,False,True
C:\Users\Hamada.MSI\Desktop\Hamada\lab\data\raw\images\Describable Textures Dataset\images\striped\striped_0077.jpg,0.17719537976603555,1,"[6.366243839263916, 12.761561393737793, 21.605850219726562, 41.48747253417969]",2,9,9.110196312569476,True,False
C:\Users\Hamada.MSI\Desktop\Hamada\lab\data\raw\images\Describable Textures Dataset\images\striped\striped_0090.jpg,0.16830653681969723,1,"[2.880795478820801, 4.011216640472412, 6.208227157592773, 21.377517700195312]",1,2,2.963933961553216,True,False
C:\Users\Hamada.MSI\Desktop\Hamada\lab\data\raw\images\Describable Textures Dataset\images\striped\striped_0096.jpg,0.28123310268835144,2,"[15.686287879943848, 26.903778076171875, 28.197851181030273, 20.353918075561523]",,,,False,True
C:\Users\Hamada.MSI\Desktop\Hamada\lab\data\raw\images\Describable Textures Dataset\images\striped\striped_0121.jpg,0.11975870791816558,1,"[9.645268440246582, 12.96091079711914, 17.092933654785156, 35.69926071166992]",2,9,6.587543230505916,True,False
C:\Users\Hamada.MSI\Desktop\Hamada\lab\data\raw\images\Describable Textures Dataset\images\striped\striped_0123.jpg,0.44843236839480244,3,"[16.51344108581543, 15.892847061157227, 25.026073455810547, 40.01279067993164]",,,,False,True
C:\Users\Hamada.MSI\Desktop\Hamada\lab\data\raw\images\Describable Textures Dataset\images\studded\studded_0100.jpg,0.04257387625575211,1,"[12.687394142150879, 10.132490158081055, 3.932948112487793, 22.009737014770508]",0,5,5.606631274211157,True,False
C:\Users\Hamada.MSI\Desktop\Hamada\lab\data\raw\images\Describable Textures Dataset\images\studded\studded_0103.jpg,0.1028946697886207,1,"[8.822961807250977, 7.122427463531494, 9.037571907043457, 32.504268646240234]",5,4,4.139929330345855,True,False
C:\Users\Hamada.MSI\Desktop\Hamada\lab\data\raw\images\Describable Textures Dataset\images\studded\studded_0133.jpg,0.14685509189652096,1,"[6.866275787353516, 9.982043266296387, 14.370983123779297, 29.62090301513672]",5,4,8.893329139290408,True,False
C:\Users\Hamada.MSI\Desktop\Hamada\lab\data\raw\images\Describable Textures Dataset\images\studded\studded_0137.jpg,0.32466881620938076,3,"[8.847092628479004, 8.495553016662598, 9.93759536743164, 21.351531982421875]",,,,False,True
C:\Users\Hamada.MSI\Desktop\Hamada\lab\data\raw\images\Describable Textures Dataset\images\studded\studded_0152.jpg,0.2023831100538244,1,"[5.931758403778076, 6.650148868560791, 8.7645263671875, 16.99197006225586]",1,2,3.9308245482188187,True,False
C:\Users\Hamada.MSI\Desktop\Hamada\lab\data\raw\images\Describable Textures Dataset\images\studded\studded_0158.jpg,0.08959928262606401,1,"[5.420677661895752, 8.61198616027832, 13.034575462341309, 21.108165740966797]",1,2,7.773771286985664,True,False
C:\Users\Hamada.MSI\Desktop\Hamada\lab\data\raw\images\Describable Textures Dataset\images\studded\studded_0168.jpg,0.10490705147459223,1,"[12.149133682250977, 12.943443298339844, 17.16618537902832, 18.37820816040039]",6,6,1.929535803444723,True,False
C:\Users\Hamada.MSI\Desktop\Hamada\lab\data\raw\images\Describable Textures Dataset\images\studded\studded_0188.jpg,0.07316079711772552,1,"[6.558128356933594, 6.904424667358398, 9.110504150390625, 21.63126564025879]",1,2,4.331500504130372,True,False
C:\Users\Hamada.MSI\Desktop\Hamada\lab\data\raw\images\Describable Textures Dataset\images\studded\studded_0204.jpg,0.16929763773340914,1,"[7.741043567657471, 11.907687187194824, 19.751630783081055, 46.470069885253906]",2,9,8.585096475072827,True,False
C:\Users\Hamada.MSI\Desktop\Hamada\lab\data\raw\images\Describable Textures Dataset\images\studded\studded_0205.jpg,0.09213227852575516,1,"[5.562146186828613, 6.802376747131348, 9.381364822387695, 19.357624053955078]",1,2,3.5671899412062977,True,False
C:\Users\Hamada.MSI\Desktop\Hamada\lab\data\raw\images\Describable Textures Dataset\images\swirly\swirly_0058.jpg,0.3937165755522303,3,"[16.580202102661133, 20.855140686035156, 20.08853530883789, 22.246950149536133]",,,,False,True
C:\Users\Hamada.MSI\Desktop\Hamada\lab\data\raw\images\Describable Textures Dataset\images\swirly\swirly_0068.jpg,0.16190610913607423,1,"[4.643352508544922, 4.855860710144043, 5.17555570602417, 45.92317199707031]",4,7,2.8078562599543613,True,False
C:\Users\Hamada.MSI\Desktop\Hamada\lab\data\raw\images\Describable Textures Dataset\images\swirly\swirly_0069.jpg,0.25395784016091466,2,"[9.650171279907227, 5.707833766937256, 4.717008113861084, 37.82941436767578]",,,,False,True
C:\Users\Hamada.MSI\Desktop\Hamada\lab\data\raw\images\Describable Textures Dataset\images\swirly\swirly_0114.jpg,0.03902697907905905,1,"[4.628835201263428, 4.410611152648926, 5.535320281982422, 26.19525718688965]",5,4,5.955487484643771,True,False
C:\Users\Hamada.MSI\Desktop\Hamada\lab\data\raw\images\Describable Textures Dataset\images\swirly\swirly_0124.jpg,0.2091014587744522,1,"[7.443060874938965, 7.808474063873291, 10.125584602355957, 40.79623794555664]",4,7,5.6392936140069425,True,False
C:\Users\Hamada.MSI\Desktop\Hamada\lab\data\raw\images\Describable Textures Dataset\images\swirly\swirly_0127.jpg,0.24955572885660035,2,"[6.202693462371826, 6.1381683349609375, 10.918869972229004, 31.22112464904785]",,,,False,True
C:\Users\Hamada.MSI\Desktop\Hamada\lab\data\raw\images\Describable Textures Dataset\images\swirly\swirly_0130.jpg,0.29685106550027307,2,"[16.9659481048584, 6.143896579742432, 6.50184965133667, 20.74600601196289]",,,,False,True
C:\Users\Hamada.MSI\Desktop\Hamada\lab\data\raw\images\Describable Textures Dataset\images\swirly\swirly_0140.jpg,0.47144618025281965,3,"[3.6237590312957764, 6.041021823883057, 10.623495101928711, 50.85813903808594]",,,,False,True
C:\Users\Hamada.MSI\Desktop\Hamada\lab\data\raw\images\Describable Textures Dataset\images\swirly\swirly_0153.jpg,0.09354328659954536,1,"[7.284214019775391, 6.503622531890869, 8.061429977416992, 20.802228927612305]",1,2,3.5741094015159702,True,False
C:\Users\Hamada.MSI\Desktop\Hamada\lab\data\raw\images\Describable Textures Dataset\images\swirly\swirly_0157.jpg,0.02929296226435371,1,"[4.1614837646484375, 3.6676032543182373, 4.571328639984131, 19.721229553222656]",1,2,2.376119863275602,True,False
C:\Users\Hamada.MSI\Desktop\Hamada\lab\data\raw\images\Describable Textures Dataset\images\veined\veined_0064.jpg,0.3291291796759999,3,"[16.59636878967285, 9.134824752807617, 6.87795877456665, 15.581404685974121]",,,,False,True
C:\Users\Hamada.MSI\Desktop\Hamada\lab\data\raw\images\Describable Textures Dataset\images\veined\veined_0079.jpg,0.18092760379857714,1,"[14.444167137145996, 12.872566223144531, 12.659913063049316, 17.924049377441406]",6,6,4.5077721975843765,True,False
C:\Users\Hamada.MSI\Desktop\Hamada\lab\data\raw\images\Describable Textures Dataset\images\veined\veined_0104.jpg,0.09247397373673283,1,"[4.070062637329102, 6.999032020568848, 9.382320404052734, 23.27821922302246]",1,2,5.337012976356401,True,False
C:\Users\Hamada.MSI\Desktop\Hamada\lab\data\raw\images\Describable Textures Dataset\images\veined\veined_0105.jpg,0.10706969634634468,1,"[4.322854995727539, 4.410721778869629, 5.196130752563477, 12.386726379394531]",3,1,4.016887395641356,True,False
C:\Users\Hamada.MSI\Desktop\Hamada\lab\data\raw\images\Describable Textures Dataset\images\veined\veined_0119.jpg,0.2978469572883164,2,"[10.801360130310059, 13.262555122375488, 14.288901329040527, 38.9542350769043]",,,,False,True
C:\Users\Hamada.MSI\Desktop\Hamada\lab\data\raw\images\Describable Textures Dataset\images\veined\veined_0129.jpg,0.09463639224307016,1,"[30.160003662109375, 21.42989158630371, 11.983648300170898, 16.04180908203125]",9,10,9.781393624124687,True,False
C:\Users\Hamada.MSI\Desktop\Hamada\lab\data\raw\images\Describable Textures Dataset\images\veined\veined_0134.jpg,0.15611561779871716,1,"[20.993562698364258, 15.746301651000977, 9.054946899414062, 23.60681915283203]",9,10,8.743370316085374,True,False
C:\Users\Hamada.MSI\Desktop\Hamada\lab\data\raw\images\Describable Textures Dataset\images\veined\veined_0156.jpg,0.330340091526327,3,"[3.9484102725982666, 3.060940742492676, 2.460853338241577, 11.682050704956055]",,,,False,True
C:\Users\Hamada.MSI\Desktop\Hamada\lab\data\raw\images\Describable Textures Dataset\images\veined\veined_0162.jpg,0.24913055149318974,2,"[17.669374465942383, 10.983443260192871, 10.240583419799805, 35.797271728515625]",,,,False,True
C:\Users\Hamada.MSI\Desktop\Hamada\lab\data\raw\images\Describable Textures Dataset\images\veined\veined_0176.jpg,0.3399023328040058,3,"[4.498612880706787, 4.138885974884033, 4.511434078216553, 17.85980987548828]",,,,False,True
C:\Users\Hamada.MSI\Desktop\Hamada\lab\data\raw\images\Describable Textures Dataset\images\waffled\waffled_0053.jpg,0.3847279775102147,3,"[3.483083486557007, 3.663869857788086, 3.8401365280151367, 29.52707862854004]",,,,False,True
C:\Users\Hamada.MSI\Desktop\Hamada\lab\data\raw\images\Describable Textures Dataset\images\waffled\waffled_0063.jpg,0.23075453199237642,2,"[4.680628299713135, 8.401246070861816, 15.332441329956055, 38.55095672607422]",,,,False,True
C:\Users\Hamada.MSI\Desktop\Hamada\lab\data\raw\images\Describable Textures Dataset\images\waffled\waffled_0068.jpg,0.28210951555119174,2,"[2.809741258621216, 3.473525285720825, 4.405494213104248, 6.262294769287109]",,,,False,True
C:\Users\Hamada.MSI\Desktop\Hamada\lab\data\raw\images\Describable Textures Dataset\images\waffled\waffled_0077.jpg,0.2876879426087167,2,"[3.8289597034454346, 5.767490386962891, 9.287349700927734, 30.903812408447266]",,,,False,True
C:\Users\Hamada.MSI\Desktop\Hamada\lab\data\raw\images\Describable Textures Dataset\images\waffled\waffled_0153.jpg,0.1865459825123025,1,"[3.4420647621154785, 4.765963077545166, 8.673577308654785, 37.53647232055664]",5,4,6.467347341270535,True,False
C:\Users\Hamada.MSI\Desktop\Hamada\lab\data\raw\images\Describable Textures Dataset\images\waffled\waffled_0154.jpg,0.09211184948856546,1,"[3.0550174713134766, 5.228946685791016, 8.827024459838867, 18.25296401977539]",1,2,3.2743619780412336,True,False
C:\Users\Hamada.MSI\Desktop\Hamada\lab\data\raw\images\Describable Textures Dataset\images\waffled\waffled_0156.jpg,0.11998001138381521,1,"[5.2186360359191895, 7.298031806945801, 7.645343780517578, 6.440324306488037]",3,1,5.809500511818036,True,False
C:\Users\Hamada.MSI\Desktop\Hamada\lab\data\raw\images\Describable Textures Dataset\images\waffled\waffled_0161.jpg,0.4509883904032387,3,"[1.120435118675232, 1.7201765775680542, 3.531949758529663, 31.0417423248291]",,,,False,True
C:\Users\Hamada.MSI\Desktop\Hamada\lab\data\raw\images\Describable Textures Dataset\images\waffled\waffled_0192.jpg,0.41639894169051767,3,"[3.6649699211120605, 5.625126361846924, 10.84742259979248, 31.72073745727539]",,,,False,True
C:\Users\Hamada.MSI\Desktop\Hamada\lab\data\raw\images\Describable Textures Dataset\images\waffled\waffled_0198.jpg,0.3380542887590296,3,"[1.9541946649551392, 2.3885462284088135, 4.232565879821777, 31.061437606811523]",,,,False,True
C:\Users\Hamada.MSI\Desktop\Hamada\lab\data\raw\images\Describable Textures Dataset\images\woven\woven_0001.jpg,0.1284311002366009,1,"[9.646637916564941, 14.368708610534668, 25.670249938964844, 24.129837036132812]",6,6,11.112506210867284,True,False
C:\Users\Hamada.MSI\Desktop\Hamada\lab\data\raw\images\Describable Textures Dataset\images\woven\woven_0002.jpg,0.12017176331395868,1,"[3.4020447731018066, 3.73616886138916, 4.7303643226623535, 12.974832534790039]",3,1,4.463826288478431,True,False
C:\Users\Hamada.MSI\Desktop\Hamada\lab\data\raw\images\Describable Textures Dataset\images\woven\woven_0005.jpg,0.1645624594542316,1,"[10.017542839050293, 15.3690824508667, 17.7058162689209, 8.125359535217285]",6,6,11.323367567614842,True,False
C:\Users\Hamada.MSI\Desktop\Hamada\lab\data\raw\images\Describable Textures Dataset\images\woven\woven_0025.jpg,0.21528405636080003,2,"[4.9936370849609375, 7.67424201965332, 10.044805526733398, 12.942612648010254]",,,,False,True
C:\Users\Hamada.MSI\Desktop\Hamada\lab\data\raw\images\Describable Textures Dataset\images\woven\woven_0038.jpg,0.2750693103118589,2,"[9.573659896850586, 13.674369812011719, 18.341421127319336, 34.65718078613281]",,,,False,True
C:\Users\Hamada.MSI\Desktop\Hamada\lab\data\raw\images\Describable Textures Dataset\images\woven\woven_0084.jpg,0.20019754964743638,1,"[12.775299072265625, 12.832268714904785, 14.122516632080078, 29.125539779663086]",0,5,8.13429003090107,True,False
C:\Users\Hamada.MSI\Desktop\Hamada\lab\data\raw\images\Describable Textures Dataset\images\woven\woven_0101.jpg,0.04177184819768871,1,"[10.051709175109863, 12.58525562286377, 5.909063339233398, 6.6246795654296875]",7,3,5.6366052438848095,True,False
C:\Users\Hamada.MSI\Desktop\Hamada\lab\data\raw\images\Describable Textures Dataset\images\woven\woven_0115.jpg,0.01288851148301603,1,"[4.485776424407959, 5.610415935516357, 6.465517997741699, 8.134986877441406]",3,1,3.3287613980290507,True,False
C:\Users\Hamada.MSI\Desktop\Hamada\lab\data\raw\images\Describable Textures Dataset\images\woven\woven_0118.jpg,0.07314485406345209,1,"[3.851656198501587, 4.153122425079346, 4.9842119216918945, 21.992521286010742]",1,2,3.2090684669612197,True,False
C:\Users\Hamada.MSI\Desktop\Hamada\lab\data\raw\images\Describable Textures Dataset\images\woven\woven_0131.jpg,0.29378810267471833,2,"[13.322530746459961, 14.107366561889648, 17.89789390563965, 48.852020263671875]",,,,False,True
C:\Users\Hamada.MSI\Desktop\Hamada\lab\data\raw\images\Describable Textures Dataset\images\wrinkled\wrinkled_0020.jpg,0.24568887419737936,2,"[8.148710250854492, 8.309471130371094, 11.523425102233887, 43.42387771606445]",,,,False,True
C:\Users\Hamada.MSI\Desktop\Hamada\lab\data\raw\images\Describable Textures Dataset\images\wrinkled\wrinkled_0029.jpg,0.46169493761527386,3,"[14.216323852539062, 5.397074222564697, 3.844550371170044, 14.501008987426758]",,,,False,True
C:\Users\Hamada.MSI\Desktop\Hamada\lab\data\raw\images\Describable Textures Dataset\images\wrinkled\wrinkled_0044.jpg,0.1876143901713479,1,"[3.941026449203491, 3.0199947357177734, 3.6105024814605713, 31.61735725402832]",5,4,4.611247201161668,True,False
C:\Users\Hamada.MSI\Desktop\Hamada\lab\data\raw\images\Describable Textures Dataset\images\wrinkled\wrinkled_0102.jpg,0.11183177474335958,1,"[2.7466485500335693, 3.949497699737549, 5.7483391761779785, 23.029705047607422]",1,2,4.360029268045945,True,False
C:\Users\Hamada.MSI\Desktop\Hamada\lab\data\raw\images\Describable Textures Dataset\images\wrinkled\wrinkled_0117.jpg,0.21295644332757643,2,"[8.208351135253906, 13.350137710571289, 14.826807022094727, 16.48490333557129]",,,,False,True
C:\Users\Hamada.MSI\Desktop\Hamada\lab\data\raw\images\Describable Textures Dataset\images\wrinkled\wrinkled_0118.jpg,0.2973453374810646,2,"[2.3484764099121094, 4.328378200531006, 8.449026107788086, 68.21197509765625]",,,,False,True
C:\Users\Hamada.MSI\Desktop\Hamada\lab\data\raw\images\Describable Textures Dataset\images\wrinkled\wrinkled_0120.jpg,0.6288523522603363,3,"[2.1933000087738037, 3.677067279815674, 5.609452247619629, 26.53106689453125]",,,,False,True
C:\Users\Hamada.MSI\Desktop\Hamada\lab\data\raw\images\Describable Textures Dataset\images\wrinkled\wrinkled_0127.jpg,0.21356532996841163,2,"[5.145692348480225, 7.187790393829346, 9.748557090759277, 49.56287384033203]",,,,False,True
C:\Users\Hamada.MSI\Desktop\Hamada\lab\data\raw\images\Describable Textures Dataset\images\wrinkled\wrinkled_0134.jpg,0.3453401543411404,3,"[2.8664774894714355, 3.40080189704895, 4.181225299835205, 9.914233207702637]",,,,False,True
C:\Users\Hamada.MSI\Desktop\Hamada\lab\data\raw\images\Describable Textures Dataset\images\wrinkled\wrinkled_0138.jpg,0.11779599629087588,1,"[13.206390380859375, 12.755358695983887, 12.259977340698242, 22.485383987426758]",0,5,4.936033171698791,True,False
C:\Users\Hamada.MSI\Desktop\Hamada\lab\data\raw\images\Describable Textures Dataset\images\zigzagged\zigzagged_0021.jpg,0.5136461994838076,3,"[12.192654609680176, 14.604578971862793, 15.814916610717773, 28.604145050048828]",,,,False,True
C:\Users\Hamada.MSI\Desktop\Hamada\lab\data\raw\images\Describable Textures Dataset\images\zigzagged\zigzagged_0031.jpg,0.3271064139585779,3,"[16.579275131225586, 16.78398895263672, 15.499177932739258, 9.638952255249023]",,,,False,True
C:\Users\Hamada.MSI\Desktop\Hamada\lab\data\raw\images\Describable Textures Dataset\images\zigzagged\zigzagged_0067.jpg,0.5047206081092604,3,"[2.2819018363952637, 4.021181106567383, 7.767083644866943, 37.65475082397461]",,,,False,True
C:\Users\Hamada.MSI\Desktop\Hamada\lab\data\raw\images\Describable Textures Dataset\images\zigzagged\zigzagged_0070.jpg,0.3435430028583915,3,"[2.3934478759765625, 3.1742191314697266, 5.711494445800781, 15.790823936462402]",,,,False,True
C:\Users\Hamada.MSI\Desktop\Hamada\lab\data\raw\images\Describable Textures Dataset\images\zigzagged\zigzagged_0075.jpg,0.2277637968452284,2,"[10.440057754516602, 19.45140838623047, 22.632936477661133, 8.892574310302734]",,,,False,True
C:\Users\Hamada.MSI\Desktop\Hamada\lab\data\raw\images\Describable Textures Dataset\images\zigzagged\zigzagged_0077.jpg,0.33561769995265883,3,"[20.84023666381836, 22.065256118774414, 20.786638259887695, 35.14668273925781]",,,,False,True
C:\Users\Hamada.MSI\Desktop\Hamada\lab\data\raw\images\Describable Textures Dataset\images\zigzagged\zigzagged_0087.jpg,0.4129751334244305,3,"[40.53245162963867, 34.02177810668945, 31.84030532836914, 53.018802642822266]",,,,False,True
C:\Users\Hamada.MSI\Desktop\Hamada\lab\data\raw\images\Describable Textures Dataset\images\zigzagged\zigzagged_0091.jpg,0.5033729240775378,3,"[8.059854507446289, 13.883543968200684, 27.06294059753418, 65.22044372558594]",,,,False,True
C:\Users\Hamada.MSI\Desktop\Hamada\lab\data\raw\images\Describable Textures Dataset\images\zigzagged\zigzagged_0098.jpg,0.29984437745832715,2,"[13.402275085449219, 9.697441101074219, 10.541415214538574, 33.0937614440918]",,,,False,True
C:\Users\Hamada.MSI\Desktop\Hamada\lab\data\raw\images\Describable Textures Dataset\images\zigzagged\zigzagged_0114.jpg,0.42939685512779385,3,"[4.217559337615967, 5.932895660400391, 8.306124687194824, 30.184432983398438]",,,,False,True
C:\Users\Hamada.MSI\Desktop\Hamada\lab\data\raw\images\McGill Calibrated Color Image Database\Textures\Textures\merry_flor0019.tif,0.21011348622476658,1,"[5.828911781311035, 7.229665279388428, 10.267433166503906, 21.613574981689453]",1,2,5.075313847991273,True,False
C:\Users\Hamada.MSI\Desktop\Hamada\lab\data\raw\images\McGill Calibrated Color Image Database\Textures\Textures\merry_italy0171.tif,0.29559859829654855,2,"[8.246822357177734, 3.419771432876587, 2.745516061782837, 36.6829833984375]",,,,False,True
C:\Users\Hamada.MSI\Desktop\Hamada\lab\data\raw\images\McGill Calibrated Color Image Database\Textures\Textures\merry_mexico0067.tif,0.27398185294628274,2,"[9.325175285339355, 6.298009395599365, 5.0400238037109375, 10.093144416809082]",,,,False,True
C:\Users\Hamada.MSI\Desktop\Hamada\lab\data\raw\images\McGill Calibrated Color Image Database\Textures\Textures\merry_mexico0118.tif,0.14599158682189572,1,"[12.01824951171875, 10.085105895996094, 8.617748260498047, 24.741487503051758]",0,5,1.3089751831311842,True,False
C:\Users\Hamada.MSI\Desktop\Hamada\lab\data\raw\images\McGill Calibrated Color Image Database\Textures\Textures\merry_mexico0121.tif,0.13611491028027256,1,"[7.545132160186768, 7.71260929107666, 7.906570911407471, 25.47071647644043]",0,5,5.042748737542532,True,False
C:\Users\Hamada.MSI\Desktop\Hamada\lab\data\raw\images\McGill Calibrated Color Image Database\Textures\Textures\merry_mexico0122.tif,0.2507637865199863,2,"[15.297112464904785, 12.375791549682617, 9.154848098754883, 10.945798873901367]",,,,False,True
C:\Users\Hamada.MSI\Desktop\Hamada\lab\data\raw\images\McGill Calibrated Color Image Database\Textures\Textures\merry_mexico0123.tif,0.26980293905407765,2,"[6.4520263671875, 5.3642144203186035, 5.712560653686523, 41.08025360107422]",,,,False,True
C:\Users\Hamada.MSI\Desktop\Hamada\lab\data\raw\images\McGill Calibrated Color Image Database\Textures\Textures\merry_mexico0140.tif,0.2043486029016551,1,"[13.924261093139648, 7.877543926239014, 6.057224750518799, 23.979015350341797]",0,5,4.069161186664789,True,False
C:\Users\Hamada.MSI\Desktop\Hamada\lab\data\raw\images\McGill Calibrated Color Image Database\Textures\Textures\merry_mexico0154.tif,0.16586383141068772,1,"[9.659346580505371, 8.27238941192627, 6.624996185302734, 51.48738479614258]",4,7,8.193541220746797,True,False
C:\Users\Hamada.MSI\Desktop\Hamada\lab\data\raw\images\McGill Calibrated Color Image Database\Textures\Textures\merry_mexico0219.tif,0.18242522937867167,1,"[2.666187047958374, 1.1071289777755737, 0.8540928959846497, 10.575807571411133]",3,1,4.633932297088781,True,False
C:\Users\Hamada.MSI\Desktop\Hamada\lab\data\raw\images\McGill Calibrated Color Image Database\Textures\Textures\merry_mtl07_001.tif,0.255431448234964,2,"[4.876453399658203, 3.169609308242798, 2.4857537746429443, 5.287338733673096]",,,,False,True
C:\Users\Hamada.MSI\Desktop\Hamada\lab\data\raw\images\McGill Calibrated Color Image Database\Textures\Textures\merry_mtl07_003.tif,0.22006388472179483,2,"[4.220631122589111, 4.514615535736084, 3.1852023601531982, 4.785824298858643]",,,,False,True
C:\Users\Hamada.MSI\Desktop\Hamada\lab\data\raw\images\McGill Calibrated Color Image Database\Textures\Textures\merry_mtl07_005.tif,0.00414150245979611,1,"[2.9572858810424805, 2.4964544773101807, 1.90511155128479, 1.778277039527893]",3,1,7.376717381767153,True,False
C:\Users\Hamada.MSI\Desktop\Hamada\lab\data\raw\images\McGill Calibrated Color Image Database\Textures\Textures\merry_mtl07_008.tif,0.12993952054127816,1,"[4.512421607971191, 4.94208288192749, 6.229568004608154, 28.578243255615234]",5,4,3.514468372929568,True,False
C:\Users\Hamada.MSI\Desktop\Hamada\lab\data\raw\images\McGill Calibrated Color Image Database\Textures\Textures\merry_mtl07_009.tif,0.2128940153401693,2,"[4.753865718841553, 6.414233684539795, 7.607662677764893, 11.361717224121094]",,,,False,True
C:\Users\Hamada.MSI\Desktop\Hamada\lab\data\raw\images\McGill Calibrated Color Image Database\Textures\Textures\merry_mtl07_012.tif,0.2788426073110781,2,"[10.219409942626953, 6.268075466156006, 5.285864353179932, 20.049270629882812]",,,,False,True
C:\Users\Hamada.MSI\Desktop\Hamada\lab\data\raw\images\McGill Calibrated Color Image Database\Textures\Textures\merry_mtl07_019.tif,0.23899506603251422,2,"[9.770270347595215, 6.600065231323242, 4.758328914642334, 5.428438663482666]",,,,False,True
C:\Users\Hamada.MSI\Desktop\Hamada\lab\data\raw\images\McGill Calibrated Color Image Database\Textures\Textures\merry_mtl07_021.tif,0.2024742946062624,1,"[10.38956069946289, 7.293914794921875, 5.656966209411621, 6.794509410858154]",7,3,4.370975740415335,True,False
C:\Users\Hamada.MSI\Desktop\Hamada\lab\data\raw\images\McGill Calibrated Color Image Database\Textures\Textures\merry_mtl07_022.tif,0.22296620518904967,2,"[4.989986896514893, 6.240170001983643, 6.228306293487549, 22.79066276550293]",,,,False,True
C:\Users\Hamada.MSI\Desktop\Hamada\lab\data\raw\images\McGill Calibrated Color Image Database\Textures\Textures\merry_mtl07_023.tif,0.2764514160919657,2,"[13.013450622558594, 13.880805015563965, 17.04889488220215, 40.61937713623047]",,,,False,True
C:\Users\Hamada.MSI\Desktop\Hamada\lab\data\raw\images\McGill Calibrated Color Image Database\Textures\Textures\merry_mtl07_025.tif,0.1834406588683434,1,"[16.04759979248047, 12.644346237182617, 13.313912391662598, 47.35086441040039]",2,9,7.4817964145339655,True,False
C:\Users\Hamada.MSI\Desktop\Hamada\lab\data\raw\images\McGill Calibrated Color Image Database\Textures\Textures\merry_mtl07_033.tif,0.25786329827431126,2,"[23.81107521057129, 17.193523406982422, 14.738808631896973, 11.79832649230957]",,,,False,True
C:\Users\Hamada.MSI\Desktop\Hamada\lab\data\raw\images\McGill Calibrated Color Image Database\Textures\Textures\merry_mtl07_034.tif,0.20070750366611687,1,"[3.9716761112213135, 3.870887517929077, 4.611186504364014, 25.55521583557129]",1,2,6.540132619867165,True,False
C:\Users\Hamada.MSI\Desktop\Hamada\lab\data\raw\images\McGill Calibrated Color Image Database\Textures\Textures\merry_mtl07_037.tif,0.23184594636049383,2,"[20.513029098510742, 17.96179962158203, 13.760857582092285, 10.444659233093262]",,,,False,True
C:\Users\Hamada.MSI\Desktop\Hamada\lab\data\raw\images\McGill Calibrated Color Image Database\Textures\Textures\merry_mtl07_041.tif,0.2068088493751377,1,"[12.512139320373535, 7.040738582611084, 5.951873779296875, 10.466191291809082]",7,3,2.597817776602767,True,False
C:\Users\Hamada.MSI\Desktop\Hamada\lab\data\raw\images\McGill Calibrated Color Image Database\Textures\Textures\merry_mtl07_053.tif,0.24361462929846772,2,"[20.120479583740234, 12.182978630065918, 9.057122230529785, 32.747013092041016]",,,,False,True
C:\Users\Hamada.MSI\Desktop\Hamada\lab\data\raw\images\McGill Calibrated Color Image Database\Textures\Textures\merry_win07_009.tif,0.22309000379606592,2,"[1.78140127658844, 0.9123574495315552, 1.1313797235488892, 11.345871925354004]",,,,False,True
C:\Users\Hamada.MSI\Desktop\Hamada\lab\data\raw\images\McGill Calibrated Color Image Database\Textures\Textures\merry_win07_012.tif,0.22633276755197945,2,"[8.242873191833496, 4.632543563842773, 3.260502338409424, 5.527364253997803]",,,,False,True
C:\Users\Hamada.MSI\Desktop\Hamada\lab\data\raw\images\McGill Calibrated Color Image Database\Textures\Textures\pippin0063.tif,0.2815798321168921,2,"[11.334492683410645, 8.720760345458984, 8.007387161254883, 15.73176383972168]",,,,False,True
C:\Users\Hamada.MSI\Desktop\Hamada\lab\data\raw\images\McGill Calibrated Color Image Database\Textures\Textures\pippin0178.tif,0.38926698784543834,3,"[4.856189727783203, 2.331902503967285, 1.6621500253677368, 18.484132766723633]",,,,False,True
C:\Users\Hamada.MSI\Desktop\Hamada\lab\data\raw\images\McGill Calibrated Color Image Database\Textures\Textures\pippin0223.tif,0.2464150217232054,2,"[7.803289413452148, 6.5335259437561035, 11.947077751159668, 19.75985336303711]",,,,False,True
C:\Users\Hamada.MSI\Desktop\Hamada\lab\data\raw\images\McGill Calibrated Color Image Database\Textures\Textures\pippin0224.tif,0.3256687332567499,3,"[8.334237098693848, 6.331523418426514, 11.440987586975098, 17.688377380371094]",,,,False,True
C:\Users\Hamada.MSI\Desktop\Hamada\lab\data\raw\images\McGill Calibrated Color Image Database\Textures\Textures\pippin0225.tif,0.2800591522959636,2,"[8.26210880279541, 5.772900581359863, 10.384035110473633, 18.23596954345703]",,,,False,True
C:\Users\Hamada.MSI\Desktop\Hamada\lab\data\raw\images\McGill Calibrated Color Image Database\Textures\Textures\pippin0226.tif,0.2668915012353872,2,"[8.334403038024902, 6.072298049926758, 11.290434837341309, 11.08731460571289]",,,,False,True
C:\Users\Hamada.MSI\Desktop\Hamada\lab\data\raw\images\McGill Calibrated Color Image Database\Textures\Textures\pippin0275.tif,0.20233568732532461,1,"[8.10771656036377, 5.86957311630249, 5.784395694732666, 28.391313552856445]",5,4,4.357126491278837,True,False
C:\Users\Hamada.MSI\Desktop\Hamada\lab\data\raw\images\McGill Calibrated Color Image Database\Textures\Textures\pippin_adirondacks0013.tif,0.23617425713312842,2,"[14.234814643859863, 10.778596878051758, 10.84445571899414, 44.78792190551758]",,,,False,True
C:\Users\Hamada.MSI\Desktop\Hamada\lab\data\raw\images\McGill Calibrated Color Image Database\Textures\Textures\pippin_adirondacks0025.tif,0.17764160954944053,1,"[8.676485061645508, 9.592784881591797, 11.281767845153809, 30.567781448364258]",5,4,6.677362675591753,True,False
C:\Users\Hamada.MSI\Desktop\Hamada\lab\data\raw\images\McGill Calibrated Color Image Database\Textures\Textures\pippin_Biodome030.tif,0.25259155876022166,2,"[7.258605003356934, 6.158584117889404, 4.065298080444336, 8.584474563598633]",,,,False,True
C:\Users\Hamada.MSI\Desktop\Hamada\lab\data\raw\images\McGill Calibrated Color Image Database\Textures\Textures\pippin_Biodome044.tif,0.23900799299270228,2,"[8.95392894744873, 8.117528915405273, 8.630437850952148, 14.911252975463867]",,,,False,True
C:\Users\Hamada.MSI\Desktop\Hamada\lab\data\raw\images\McGill Calibrated Color Image Database\Textures\Textures\pippin_jtalon0015.tif,0.3902098629696487,3,"[4.5198798179626465, 3.0118861198425293, 2.8332934379577637, 8.66977310180664]",,,,False,True
C:\Users\Hamada.MSI\Desktop\Hamada\lab\data\raw\images\McGill Calibrated Color Image Database\Textures\Textures\pippin_jtalon0016.tif,0.22320601805096033,2,"[6.5561065673828125, 6.123484134674072, 6.062435626983643, 14.186884880065918]",,,,False,True
C:\Users\Hamada.MSI\Desktop\Hamada\lab\data\raw\images\McGill Calibrated Color Image Database\Textures\Textures\pippin_jtalon0022.tif,0.22351050853638513,2,"[6.506952285766602, 6.10218620300293, 4.959624767303467, 6.351293087005615]",,,,False,True
C:\Users\Hamada.MSI\Desktop\Hamada\lab\data\raw\images\McGill Calibrated Color Image Database\Textures\Textures\pippin_jtalon0032.tif,0.30551047016646893,2,"[5.951572418212891, 4.478015422821045, 3.2771260738372803, 20.731910705566406]",,,,False,True
C:\Users\Hamada.MSI\Desktop\Hamada\lab\data\raw\images\McGill Calibrated Color Image Database\Textures\Textures\pippin_Mex07_011.tif,0.0486039752413009,1,"[4.530890941619873, 4.094970703125, 5.618281841278076, 15.909552574157715]",1,2,3.727329687789151,True,False
C:\Users\Hamada.MSI\Desktop\Hamada\lab\data\raw\images\McGill Calibrated Color Image Database\Textures\Textures\pippin_ParcSafari005.tif,0.22733339372177805,2,"[6.103071212768555, 3.4736807346343994, 4.320929527282715, 61.75269317626953]",,,,False,True
C:\Users\Hamada.MSI\Desktop\Hamada\lab\data\raw\images\McGill Calibrated Color Image Database\Textures\Textures\pippin_ParcSafari048.tif,0.23436931547940834,2,"[7.622961044311523, 5.126745223999023, 6.166263103485107, 20.994640350341797]",,,,False,True
C:\Users\Hamada.MSI\Desktop\Hamada\lab\data\raw\images\McGill Calibrated Color Image Database\Textures\Textures\pippin_ParcSafari050.tif,0.20165228711810632,1,"[14.930938720703125, 8.779367446899414, 6.3497538566589355, 23.202232360839844]",0,5,4.290684476337282,True,False
C:\Users\Hamada.MSI\Desktop\Hamada\lab\data\raw\images\McGill Calibrated Color Image Database\Textures\Textures\pippin_park0010.tif,0.24541723903410023,2,"[7.6305928230285645, 8.74840259552002, 10.086359977722168, 20.468961715698242]",,,,False,True
C:\Users\Hamada.MSI\Desktop\Hamada\lab\data\raw\images\McGill Calibrated Color Image Database\Textures\Textures\pippin_park0019.tif,0.22211861430096883,2,"[11.265448570251465, 11.887152671813965, 12.143807411193848, 13.000166893005371]",,,,False,True
C:\Users\Hamada.MSI\Desktop\Hamada\lab\data\raw\images\McGill Calibrated Color Image Database\Textures\Textures\pippin_park0035.tif,0.05820117361531873,1,"[8.39029312133789, 10.705921173095703, 10.417593955993652, 11.398408889770508]",7,3,7.059395807908516,True,False
C:\Users\Hamada.MSI\Desktop\Hamada\lab\data\raw\images\McGill Calibrated Color Image Database\Textures\Textures\pippin_park0037.tif,0.27345781902297733,2,"[11.670638084411621, 8.648795127868652, 8.768577575683594, 26.949478149414062]",,,,False,True
C:\Users\Hamada.MSI\Desktop\Hamada\lab\data\raw\images\McGill Calibrated Color Image Database\Textures\Textures\pippin_park0038.tif,0.2312246263180965,2,"[17.15193748474121, 18.934110641479492, 6.397512912750244, 5.8468194007873535]",,,,False,True
C:\Users\Hamada.MSI\Desktop\Hamada\lab\data\raw\images\McGill Calibrated Color Image Database\Textures\Textures\pippin_park0039.tif,0.2117926723527605,2,"[10.564416885375977, 9.857060432434082, 10.334254264831543, 13.2357177734375]",,,,False,True
C:\Users\Hamada.MSI\Desktop\Hamada\lab\data\raw\images\McGill Calibrated Color Image Database\Textures\Textures\pippin_park0040.tif,0.2666440720234017,2,"[6.735180854797363, 5.808978080749512, 5.99764347076416, 14.781622886657715]",,,,False,True
C:\Users\Hamada.MSI\Desktop\Hamada\lab\data\raw\images\McGill Calibrated Color Image Database\Textures\Textures\pippin_park0042.tif,0.296572258716867,2,"[5.392996311187744, 4.746099472045898, 4.563957214355469, 6.713236331939697]",,,,False,True
C:\Users\Hamada.MSI\Desktop\Hamada\lab\data\raw\images\McGill Calibrated Color Image Database\Textures\Textures\pippin_park0043.tif,0.23342342847389302,2,"[11.937556266784668, 8.263559341430664, 7.175159931182861, 9.656187057495117]",,,,False,True
C:\Users\Hamada.MSI\Desktop\Hamada\lab\data\raw\images\McGill Calibrated Color Image Database\Textures\Textures\pippin_park0044.tif,0.2100563008655652,1,"[2.427748680114746, 3.752833127975464, 8.945228576660156, 64.59371948242188]",8,8,5.032392027804133,True,False
C:\Users\Hamada.MSI\Desktop\Hamada\lab\data\raw\images\McGill Calibrated Color Image Database\Textures\Textures\pippin_park0047.tif,0.22585607715913592,2,"[4.851918697357178, 5.278987407684326, 6.280575275421143, 25.229415893554688]",,,,False,True
C:\Users\Hamada.MSI\Desktop\Hamada\lab\data\raw\images\McGill Calibrated Color Image Database\Textures\Textures\pippin_park0048.tif,0.24742193879779006,2,"[19.38526725769043, 17.659767150878906, 15.012548446655273, 21.613813400268555]",,,,False,True
C:\Users\Hamada.MSI\Desktop\Hamada\lab\data\raw\images\McGill Calibrated Color Image Database\Textures\Textures\pippin_park0049.tif,0.24998193533213425,2,"[12.288257598876953, 10.140494346618652, 9.70848274230957, 31.098493576049805]",,,,False,True
C:\Users\Hamada.MSI\Desktop\Hamada\lab\data\raw\images\McGill Calibrated Color Image Database\Textures\Textures\pippin_park0050.tif,0.2826636917256564,2,"[5.90443229675293, 3.750378370285034, 3.10976505279541, 11.082880973815918]",,,,False,True
C:\Users\Hamada.MSI\Desktop\Hamada\lab\data\raw\images\McGill Calibrated Color Image Database\Textures\Textures\pippin_park0051.tif,0.20818177438448712,1,"[12.810168266296387, 10.999835014343262, 11.116901397705078, 21.478382110595703]",0,5,3.546824561350707,True,False
C:\Users\Hamada.MSI\Desktop\Hamada\lab\data\raw\images\McGill Calibrated Color Image Database\Textures\Textures\pippin_park0052.tif,0.22656109798854177,2,"[16.32192611694336, 10.619696617126465, 8.257303237915039, 15.124195098876953]",,,,False,True
C:\Users\Hamada.MSI\Desktop\Hamada\lab\data\raw\images\McGill Calibrated Color Image Database\Textures\Textures\pippin_park0054.tif,0.26241809008595635,2,"[4.1202569007873535, 4.328867435455322, 5.739779949188232, 35.55408477783203]",,,,False,True
C:\Users\Hamada.MSI\Desktop\Hamada\lab\data\raw\images\McGill Calibrated Color Image Database\Textures\Textures\pippin_park0055.tif,0.24549415049201034,2,"[3.35990571975708, 4.371760845184326, 6.066267013549805, 14.786439895629883]",,,,False,True
C:\Users\Hamada.MSI\Desktop\Hamada\lab\data\raw\images\McGill Calibrated Color Image Database\Textures\Textures\pippin_park0058.tif,0.2881275726920891,2,"[7.319574356079102, 8.608874320983887, 15.846925735473633, 44.51492691040039]",,,,False,True
C:\Users\Hamada.MSI\Desktop\Hamada\lab\data\raw\images\McGill Calibrated Color Image Database\Textures\Textures\pippin_park0059.tif,0.29435380301587516,2,"[3.623366355895996, 5.317927837371826, 9.281517028808594, 56.56477737426758]",,,,False,True
C:\Users\Hamada.MSI\Desktop\Hamada\lab\data\raw\images\McGill Calibrated Color Image Database\Textures\Textures\pippin_park0060.tif,0.23138324316088135,2,"[14.919078826904297, 11.38226318359375, 9.32736873626709, 12.780305862426758]",,,,False,True
C:\Users\Hamada.MSI\Desktop\Hamada\lab\data\raw\images\McGill Calibrated Color Image Database\Textures\Textures\pippin_Peel013.tif,0.23342893618889007,2,"[10.618602752685547, 11.336517333984375, 11.552299499511719, 27.276439666748047]",,,,False,True
C:\Users\Hamada.MSI\Desktop\Hamada\lab\data\raw\images\McGill Calibrated Color Image Database\Textures\Textures\pippin_Peel018.tif,0.38214207547706247,3,"[5.460611820220947, 4.277266979217529, 4.075682640075684, 8.639158248901367]",,,,False,True
C:\Users\Hamada.MSI\Desktop\Hamada\lab\data\raw\images\McGill Calibrated Color Image Database\Textures\Textures\pippin_Peel037.tif,0.3845234533850886,3,"[19.913022994995117, 12.57985782623291, 11.173924446105957, 30.852479934692383]",,,,False,True
C:\Users\Hamada.MSI\Desktop\Hamada\lab\data\raw\images\McGill Calibrated Color Image Database\Textures\Textures\pippin_Peel043.tif,0.22357550353395955,2,"[7.470091819763184, 4.173360347747803, 4.613626480102539, 69.2586898803711]",,,,False,True
C:\Users\Hamada.MSI\Desktop\Hamada\lab\data\raw\images\McGill Calibrated Color Image Database\Textures\Textures\pippin_Peel065.tif,0.2514714299318407,2,"[10.300309181213379, 8.048263549804688, 9.34975814819336, 20.766393661499023]",,,,False,True
C:\Users\Hamada.MSI\Desktop\Hamada\lab\data\raw\images\McGill Calibrated Color Image Database\Textures\Textures\pippin_Peel069.tif,0.32321939523020604,3,"[7.0590691566467285, 4.792008399963379, 4.84791374206543, 16.189157485961914]",,,,False,True
C:\Users\Hamada.MSI\Desktop\Hamada\lab\data\raw\images\McGill Calibrated Color Image Database\Textures\Textures\pippin_Peel071.tif,0.2754197230827806,2,"[18.442049026489258, 17.676145553588867, 16.746156692504883, 15.339447975158691]",,,,False,True
C:\Users\Hamada.MSI\Desktop\Hamada\lab\data\raw\images\McGill Calibrated Color Image Database\Textures\Textures\pippin_Peel095.tif,0.28779521450800066,2,"[7.357009410858154, 6.916158199310303, 6.747852802276611, 11.626197814941406]",,,,False,True
C:\Users\Hamada.MSI\Desktop\Hamada\lab\data\raw\images\McGill Calibrated Color Image Database\Textures\Textures\pippin_Peel096.tif,0.28953923170119805,2,"[10.694230079650879, 7.006711006164551, 8.611262321472168, 21.392578125]",,,,False,True
C:\Users\Hamada.MSI\Desktop\Hamada\lab\data\raw\images\McGill Calibrated Color Image Database\Textures\Textures\pippin_Peel097.tif,0.2043216432626363,1,"[4.1025614738464355, 2.538544178009033, 3.193305015563965, 6.707101345062256]",3,1,2.3611415469427213,True,False
C:\Users\Hamada.MSI\Desktop\Hamada\lab\data\raw\images\McGill Calibrated Color Image Database\Textures\Textures\pippin_Peel109.tif,0.35710098147658614,3,"[9.437971115112305, 4.942295551300049, 4.4297308921813965, 36.29104995727539]",,,,False,True
C:\Users\Hamada.MSI\Desktop\Hamada\lab\data\raw\images\McGill Calibrated Color Image Database\Textures\Textures\pippin_RS_YachtClub006.tif,0.22433431819365057,2,"[10.786768913269043, 11.593993186950684, 12.034271240234375, 20.968809127807617]",,,,False,True
C:\Users\Hamada.MSI\Desktop\Hamada\lab\data\raw\images\McGill Calibrated Color Image Database\Textures\Textures\pippin_RS_YachtClub007.tif,0.3558654565397487,3,"[7.041131496429443, 5.965545654296875, 5.173788547515869, 14.785653114318848]",,,,False,True
C:\Users\Hamada.MSI\Desktop\Hamada\lab\data\raw\images\McGill Calibrated Color Image Database\Textures\Textures\pippin_RS_YachtClub016.tif,0.39059025307852613,3,"[10.870366096496582, 10.516674041748047, 10.379186630249023, 12.20744514465332]",,,,False,True
C:\Users\Hamada.MSI\Desktop\Hamada\lab\data\raw\images\McGill Calibrated Color Image Database\Textures\Textures\pippin_RS_YachtClub019.tif,0.2289674018735146,2,"[6.529521942138672, 7.865495681762695, 7.9512457847595215, 17.03602409362793]",,,,False,True
C:\Users\Hamada.MSI\Desktop\Hamada\lab\data\raw\images\McGill Calibrated Color Image Database\Textures\Textures\pippin_RS_YachtClub023.tif,0.23343361070230365,2,"[6.389786243438721, 6.164948463439941, 6.723809242248535, 12.94532585144043]",,,,False,True
C:\Users\Hamada.MSI\Desktop\Hamada\lab\data\raw\images\McGill Calibrated Color Image Database\Textures\Textures\pippin_RS_YachtClub026.tif,0.23051148156036738,2,"[7.505313396453857, 5.478422164916992, 5.7059502601623535, 16.286623001098633]",,,,False,True
C:\Users\Hamada.MSI\Desktop\Hamada\lab\data\raw\images\McGill Calibrated Color Image Database\Textures\Textures\pippin_RS_YachtClub030.tif,0.380399155222523,3,"[6.462124347686768, 6.035097599029541, 5.455888748168945, 15.670310974121094]",,,,False,True
C:\Users\Hamada.MSI\Desktop\Hamada\lab\data\raw\images\McGill Calibrated Color Image Database\Textures\Textures\pippin_RS_YachtClub047.tif,0.34209411632691994,3,"[6.375058174133301, 7.637042045593262, 8.631000518798828, 17.44890594482422]",,,,False,True
C:\Users\Hamada.MSI\Desktop\Hamada\lab\data\raw\images\McGill Calibrated Color Image Database\Textures\Textures\pippin_RS_YachtClub055.tif,0.24015830028916685,2,"[9.231311798095703, 8.633265495300293, 8.99930477142334, 15.186619758605957]",,,,False,True
C:\Users\Hamada.MSI\Desktop\Hamada\lab\data\raw\images\McGill Calibrated Color Image Database\Textures\Textures\pippin_RVHtexture001.tif,0.2174129415586173,2,"[19.169301986694336, 14.852396965026855, 16.140291213989258, 48.822845458984375]",,,,False,True
C:\Users\Hamada.MSI\Desktop\Hamada\lab\data\raw\images\McGill Calibrated Color Image Database\Textures\Textures\pippin_RVHtexture002.tif,0.29892649584971887,2,"[8.592414855957031, 4.527836799621582, 3.039388656616211, 8.499388694763184]",,,,False,True
C:\Users\Hamada.MSI\Desktop\Hamada\lab\data\raw\images\McGill Calibrated Color Image Database\Textures\Textures\pippin_RVHtexture003.tif,0.2242721474882172,2,"[14.938499450683594, 7.699361324310303, 4.588662147521973, 14.110444068908691]",,,,False,True
C:\Users\Hamada.MSI\Desktop\Hamada\lab\data\raw\images\McGill Calibrated Color Image Database\Textures\Textures\pippin_RVHtexture004.tif,0.21875019051263805,2,"[24.84185028076172, 20.527673721313477, 17.60367774963379, 26.54888153076172]",,,,False,True
C:\Users\Hamada.MSI\Desktop\Hamada\lab\data\raw\images\McGill Calibrated Color Image Database\Textures\Textures\pippin_RVHtexture005.tif,0.23949185347216317,2,"[13.29612922668457, 16.053550720214844, 17.10405731201172, 21.783327102661133]",,,,False,True
C:\Users\Hamada.MSI\Desktop\Hamada\lab\data\raw\images\McGill Calibrated Color Image Database\Textures\Textures\pippin_RVHtexture006.tif,0.2723411394414479,2,"[22.848953247070312, 13.37024974822998, 10.800063133239746, 16.07955551147461]",,,,False,True
C:\Users\Hamada.MSI\Desktop\Hamada\lab\data\raw\images\McGill Calibrated Color Image Database\Textures\Textures\pippin_RVHtexture007.tif,0.24730734159696338,2,"[18.04439926147461, 11.061150550842285, 7.727726459503174, 6.723227500915527]",,,,False,True
C:\Users\Hamada.MSI\Desktop\Hamada\lab\data\raw\images\McGill Calibrated Color Image Database\Textures\Textures\pippin_RVHtexture008.tif,0.23591903864924502,2,"[11.725133895874023, 6.396371364593506, 5.175839424133301, 12.943156242370605]",,,,False,True
C:\Users\Hamada.MSI\Desktop\Hamada\lab\data\raw\images\McGill Calibrated Color Image Database\Textures\Textures\pippin_RVHtexture009.tif,0.24162786181661342,2,"[13.945554733276367, 7.3297953605651855, 6.5467047691345215, 9.966346740722656]",,,,False,True
C:\Users\Hamada.MSI\Desktop\Hamada\lab\data\raw\images\McGill Calibrated Color Image Database\Textures\Textures\pippin_RVHtexture010.tif,0.2445257912956101,2,"[24.596729278564453, 11.861828804016113, 7.2988057136535645, 6.98350715637207]",,,,False,True
C:\Users\Hamada.MSI\Desktop\Hamada\lab\data\raw\images\McGill Calibrated Color Image Database\Textures\Textures\pippin_RVHtexture011.tif,0.38264906918592534,3,"[5.915326118469238, 3.7831268310546875, 3.284014940261841, 5.611676216125488]",,,,False,True
C:\Users\Hamada.MSI\Desktop\Hamada\lab\data\raw\images\McGill Calibrated Color Image Database\Textures\Textures\pippin_RVHtexture012.tif,0.2717496221524032,2,"[5.175610065460205, 4.374739646911621, 4.338147163391113, 13.047019004821777]",,,,False,True
C:\Users\Hamada.MSI\Desktop\Hamada\lab\data\raw\images\McGill Calibrated Color Image Database\Textures\Textures\pippin_RVHtexture013.tif,0.23906493430460826,2,"[6.923294544219971, 4.642722129821777, 3.714607000350952, 7.027425289154053]",,,,False,True
C:\Users\Hamada.MSI\Desktop\Hamada\lab\data\raw\images\McGill Calibrated Color Image Database\Textures\Textures\pippin_RVHtexture014.tif,0.3319534680975373,3,"[21.01074981689453, 18.94034194946289, 17.228425979614258, 29.654699325561523]",,,,False,True
C:\Users\Hamada.MSI\Desktop\Hamada\lab\data\raw\images\McGill Calibrated Color Image Database\Textures\Textures\pippin_RVHtexture015.tif,0.3939098134828115,3,"[8.541437149047852, 4.128299236297607, 3.394310235977173, 9.028057098388672]",,,,False,True
C:\Users\Hamada.MSI\Desktop\Hamada\lab\data\raw\images\McGill Calibrated Color Image Database\Textures\Textures\pippin_RVHtexture016.tif,0.22588311344916182,2,"[6.107921600341797, 7.033999919891357, 8.801085472106934, 38.79684829711914]",,,,False,True
C:\Users\Hamada.MSI\Desktop\Hamada\lab\data\raw\images\McGill Calibrated Color Image Database\Textures\Textures\pippin_RVHtexture017.tif,0.3594674957143996,3,"[13.917503356933594, 6.387258052825928, 4.559855937957764, 5.260630130767822]",,,,False,True
C:\Users\Hamada.MSI\Desktop\Hamada\lab\data\raw\images\McGill Calibrated Color Image Database\Textures\Textures\pippin_RVHtexture018.tif,0.34506355896558705,3,"[21.50616455078125, 11.038114547729492, 8.082528114318848, 8.263192176818848]",,,,False,True
C:\Users\Hamada.MSI\Desktop\Hamada\lab\data\raw\images\McGill Calibrated Color Image Database\Textures\Textures\pippin_RVHtexture019.tif,0.25129361176729265,2,"[28.033479690551758, 20.244869232177734, 17.330322265625, 18.499530792236328]",,,,False,True
C:\Users\Hamada.MSI\Desktop\Hamada\lab\data\raw\images\McGill Calibrated Color Image Database\Textures\Textures\pippin_RVHtexture020.tif,0.3087934378723572,2,"[19.008237838745117, 10.65950870513916, 6.712174415588379, 5.447552680969238]",,,,False,True
C:\Users\Hamada.MSI\Desktop\Hamada\lab\data\raw\images\McGill Calibrated Color Image Database\Textures\Textures\pippin_RVHtexture021.tif,0.2926551903796374,2,"[24.740535736083984, 12.340973854064941, 7.911586284637451, 7.225327014923096]",,,,False,True
C:\Users\Hamada.MSI\Desktop\Hamada\lab\data\raw\images\McGill Calibrated Color Image Database\Textures\Textures\pippin_RVHtexture022.tif,0.3369830355754605,3,"[8.709260940551758, 4.917158126831055, 3.380366325378418, 13.003693580627441]",,,,False,True
C:\Users\Hamada.MSI\Desktop\Hamada\lab\data\raw\images\McGill Calibrated Color Image Database\Textures\Textures\pippin_RVHtexture023.tif,0.18708788630866793,1,"[10.622612953186035, 8.511570930480957, 7.96504020690918, 24.449386596679688]",0,5,2.018487185371531,True,False
C:\Users\Hamada.MSI\Desktop\Hamada\lab\data\raw\images\McGill Calibrated Color Image Database\Textures\Textures\pippin_RVHtexture024.tif,0.21955879454685354,2,"[20.961801528930664, 17.625438690185547, 17.97184181213379, 25.280359268188477]",,,,False,True
C:\Users\Hamada.MSI\Desktop\Hamada\lab\data\raw\images\McGill Calibrated Color Image Database\Textures\Textures\pippin_RVHtexture025.tif,0.20874434294212313,1,"[22.641813278198242, 22.725698471069336, 24.684831619262695, 33.74544143676758]",9,10,14.324131390809304,True,False
C:\Users\Hamada.MSI\Desktop\Hamada\lab\data\raw\images\McGill Calibrated Color Image Database\Textures\Textures\pippin_RVHtexture026.tif,0.23523034219247563,2,"[8.860637664794922, 9.56856918334961, 10.112883567810059, 11.987471580505371]",,,,False,True
C:\Users\Hamada.MSI\Desktop\Hamada\lab\data\raw\images\McGill Calibrated Color Image Database\Textures\Textures\pippin_spring0003.tif,0.2610465058304958,2,"[8.383458137512207, 6.339812755584717, 5.50455904006958, 10.649864196777344]",,,,False,True
C:\Users\Hamada.MSI\Desktop\Hamada\lab\data\raw\images\McGill Calibrated Color Image Database\Textures\Textures\pippin_spring0006.tif,0.2394735162988291,2,"[11.614748001098633, 7.822690486907959, 6.802362442016602, 27.128114700317383]",,,,False,True
C:\Users\Hamada.MSI\Desktop\Hamada\lab\data\raw\images\McGill Calibrated Color Image Database\Textures\Textures\pippin_UniStrt005.tif,0.23355898021229318,2,"[6.7233805656433105, 7.800807476043701, 8.424660682678223, 16.189125061035156]",,,,False,True
C:\Users\Hamada.MSI\Desktop\Hamada\lab\data\raw\images\McGill Calibrated Color Image Database\Textures\Textures\pippin_UniStrt010.tif,0.23352937639666407,2,"[6.016496658325195, 8.543824195861816, 7.777060031890869, 6.67484712600708]",,,,False,True
C:\Users\Hamada.MSI\Desktop\Hamada\lab\data\raw\images\McGill Calibrated Color Image Database\Textures\Textures\pippin_UniStrt012.tif,0.31880225999432005,3,"[2.049604892730713, 1.3507546186447144, 1.7430860996246338, 68.3119125366211]",,,,False,True
C:\Users\Hamada.MSI\Desktop\Hamada\lab\data\raw\images\McGill Calibrated Color Image Database\Textures\Textures\pippin_UniStrt013.tif,0.2626554796057352,2,"[4.00105094909668, 3.65612530708313, 5.4424309730529785, 77.12339782714844]",,,,False,True
C:\Users\Hamada.MSI\Desktop\Hamada\lab\data\raw\images\McGill Calibrated Color Image Database\Textures\Textures\pippin_UniStrt020.tif,0.22276244646077928,2,"[6.550859451293945, 6.372239112854004, 9.241988182067871, 29.01499366760254]",,,,False,True
C:\Users\Hamada.MSI\Desktop\Hamada\lab\data\raw\images\McGill Calibrated Color Image Database\Textures\Textures\pippin_UniStrt021.tif,0.2557580199812196,2,"[12.459454536437988, 9.856429100036621, 9.8609619140625, 44.056396484375]",,,,False,True
C:\Users\Hamada.MSI\Desktop\Hamada\lab\data\raw\images\McGill Calibrated Color Image Database\Textures\Textures\pippin_UniStrt022.tif,0.4018388202806242,3,"[3.2221155166625977, 2.2962327003479004, 2.0259954929351807, 6.102956295013428]",,,,False,True
C:\Users\Hamada.MSI\Desktop\Hamada\lab\data\raw\images\McGill Calibrated Color Image Database\Textures\Textures\pippin_UniStrt024.tif,0.19748402683965785,1,"[5.106375694274902, 8.398589134216309, 14.879149436950684, 47.060672760009766]",4,7,8.196152482952076,True,False
C:\Users\Hamada.MSI\Desktop\Hamada\lab\data\raw\images\McGill Calibrated Color Image Database\Textures\Textures\pippin_UniStrt028.tif,0.2318611028945281,2,"[10.70853042602539, 8.282585144042969, 7.151273250579834, 10.083809852600098]",,,,False,True
C:\Users\Hamada.MSI\Desktop\Hamada\lab\data\raw\images\McGill Calibrated Color Image Database\Textures\Textures\pippin_UniStrt029.tif,0.33035847760591885,3,"[5.725283145904541, 3.8585195541381836, 2.2667222023010254, 4.686507225036621]",,,,False,True
